{
  "version": "0.1",
  "id": "usercenter_secondary_menu",
  "targetURL": "http://uc.sec.com.cn/lks/hub.index/lks_hublc_gp4.nsf",
  "jsFile": "index.js",
  "requires": {
    "usercenter_secondary_list": "../usercenter_secondary_list/index.json",
    "lks_usercenter_list": "../lks_usercenter_list/index.json"
  },
  "chineseName": "用户中心二级菜单",
  "description": "",
  "controls": {
    "control203_Try35g": {
      "location": {
        "data": {
          "tagName": "DIV"
        },
        "userData": {
          "data": [],
          "force": false
        },
        "locators": [
          {
            "id": "@id/word",
            "prob": 3,
            "value": "descendant::DIV[@id=\"treeDiv\"]"
          },
          {
            "id": "@class/word",
            "prob": 1,
            "ordinal": [
              0,
              3
            ],
            "value": "DIV.leftpagediv"
          },
          {
            "id": "path/ordinal",
            "prob": 1,
            "value": "/HTML[1]/BODY[1]/DIV[1]"
          }
        ]
      },
      "events": {
        "onGetData": "getData_control203_Try35g"
      },
      "intendedRole": "custom",
      "roles": "element,custom",
      "monitored": true,
      "frameXPath": "//frame[@name='bodyFrame']<<IFRAME>>//frame[@name='treeFrame']<<IFRAME>>",
      "componentType": "custom"
    },
    "control204_JZDGz4": {
      "location": {
        "data": {
          "tagName": "DIV"
        },
        "userData": {
          "data": [],
          "force": false
        },
        "locators": [
          {
            "id": "@id/word",
            "prob": 3,
            "value": "descendant::DIV[@id=\"treeDiv\"]"
          },
          {
            "id": "@class/word",
            "prob": 1,
            "ordinal": [
              0,
              3
            ],
            "value": "DIV.leftpagediv"
          },
          {
            "id": "path/ordinal",
            "prob": 1,
            "value": "/HTML[1]/BODY[1]/DIV[1]"
          }
        ]
      },
      "events": {
        "onGetData": "getData_control204_JZDGz4"
      },
      "intendedRole": "custom",
      "roles": "element,custom",
      "monitored": false,
      "frameXPath": "//frame[@name='bodyFrame']<<IFRAME>>//frame[@name='treeFrame']<<IFRAME>>",
      "componentType": "custom"
    }
  },
  "contexts": {
    "context30_5H3Vyz": {
      "controls": [
        "control203_Try35g",
        "control204_JZDGz4"
      ],
      "anchors": [],
      "urlAnchor": []
    }
  },
  "flows": {
    "flow129_WcUr7Q": {
      "toContexts": [
        {
          "toContextId": "context30_5H3Vyz"
        }
      ]
    },
    "flow130_XsDfVn": {
      "fromContextId": "context30_5H3Vyz",
      "fromAction": "doAction",
      "fromControlId": "control204_JZDGz4",
      "toContexts": [
        {
          "toContextId": "context30_5H3Vyz",
          "toModelId": "usercenter_secondary_menu"
        },
        {
          "toContextId": "context29_g4Fqq8",
          "toModelId": "lks_usercenter_list"
        },
        {
          "toContextId": "context30_5H3Vyz"
        }
      ]
    },
    "flow131_htWKeK": {
      "fromContextId": "context30_5H3Vyz",
      "fromAction": "section",
      "fromControlId": "control204_JZDGz4",
      "toContexts": [
        {
          "toContextId": "context31_IUGcbz",
          "toModelId": "usercenter_secondary_list"
        }
      ]
    }
  },
  "pages": {
    "page30_NU7T5c": {
      "contextId": "context30_5H3Vyz",
      "layout": [
        {
          "id": "uiControl220_WT6H6N",
          "controlId": "control203_Try35g",
          "display": {
            "adapterId": "custom",
            "type": "custom",
            "adapter": {
              "templateType": "react",
              "events": {
                "onDoAction": "doAction_uiControl220_WT6H6N",
                "onGetTemplate": "getTemplate_uiControl220_WT6H6N"
              }
            }
          }
        },
        {
          "id": "uiControl221_O2BquQ",
          "controlId": "control204_JZDGz4",
          "display": {
            "adapterId": "custom",
            "type": "custom",
            "adapter": {
              "templateType": "react",
              "events": {
                "onDoAction": "doAction_uiControl221_O2BquQ",
                "onGetTemplate": "getTemplate_uiControl221_O2BquQ"
              }
            }
          }
        }
      ]
    }
  },
  "matchers": {
    "page/title": {
      "contexts": {
        "context30_5H3Vyz": [
          ""
        ]
      }
    },
    "page/urls": {
      "contexts": {
        "context30_5H3Vyz": [
          ""
        ]
      }
    },
    "page/ids": {
      "contexts": {
        "context30_5H3Vyz": [
          [
            "TVN_"
          ]
        ]
      }
    },
    "page/classes": {
      "contexts": {
        "context30_5H3Vyz": [
          []
        ]
      }
    },
    "page/tagTriplets": {
      "contexts": {
        "context30_5H3Vyz": [
          [
            "-/-/TABLE",
            "-/TABLE/TBODY",
            "TABLE/TBODY/TR",
            "TBODY/TR/TD",
            "TD/A/IMG",
            "TR/TD/A",
            "TR/TD/IMG"
          ]
        ]
      }
    }
  }
}