{"version":"0.1","id":"tubulv","targetURL":"https://7.carpoly.com/ekp/tubulv.png","jsFile":"index.js","chineseName":"涂布参考表","description":"","controls":{"control61_1llkL6":{"location":{"data":{"tagName":"IMG"},"locators":[{"id":"img/@src","prob":2,"value":{"pathname":"/ekp/tubulv.png"}},{"id":"path/ordinal","prob":1,"value":"/HTML[1]/BODY[1]/IMG[1]"}]},"roles":"element,image,button","monitored":false,"frameXPath":""},"control62_3otBtI":{"location":{"data":{"tagName":"IMG"},"locators":[{"id":"img/@src","prob":2,"value":{"pathname":"/ekp/tubulv.png"}},{"id":"path/ordinal","prob":1,"value":"/HTML[1]/BODY[1]/IMG[1]"}]},"events":{"onGetData":"getData_control62_3otBtI"},"intendedRole":"custom","roles":"element,image,button,custom","monitored":true,"frameXPath":""}},"contexts":{"context8_HlOcev":{"controls":["control61_1llkL6","control62_3otBtI"],"anchors":[],"urlAnchor":[]}},"flows":{"flow50_m4rXq0":{"toContexts":[{"toContextId":"context8_HlOcev"}]}},"pages":{"page8_Ll06T6":{"contextId":"context8_HlOcev","layout":[{"id":"uiControl66_aQvWRs","controlId":"control62_3otBtI","display":{"adapterId":"custom","type":"custom","adapter":{"templateType":"react","events":{"onDoAction":"doAction_uiControl66_aQvWRs","onGetTemplate":"getTemplate_uiControl66_aQvWRs"}}}},{"id":"uiControl65_oNAUXC","controlId":"control61_1llkL6","display":{"adapterId":"image_link","type":"image","adapter":{"templateType":""}}}]}},"matchers":{"page/title":{"contexts":{"context8_HlOcev":["tubulv.png (392×777)"]}},"page/urls":{"contexts":{"context8_HlOcev":["7.carpoly.com/ekp/tubulv.png"]}},"page/ids":{"contexts":{"context8_HlOcev":[[]]}},"page/classes":{"contexts":{"context8_HlOcev":[[]]}},"page/tagTriplets":{"contexts":{"context8_HlOcev":[["-/-/IMG"]]}}}}