{
  "version": "0.1",
  "id": "unstructured-shangchuan",
  "targetURL": "http://218.203.103.203:8082/ngmarket/crm/commonOutSideWin.action?actionId=crm/accessoryInit&title=%C9%CF%B4%AB%B8%BD%BC%FE&needClose=false&objTypeId=nonStructuralInfo&objId=9512082380922&region=951&controlName=filename&accessoryIdName=accessoryIdName&filePath=crmperm&fileSize=20000&businessType=nonStructuralInfo&ngcrm_reserved1=1",
  "jsFile": "index.js",
  "requires": {
    "unstructued-false": "../unstructued-false/index.json",
    "unstructured-shangchuan-false": "../unstructured-shangchuan-false/index.json"
  },
  "chineseName": "非结构化信息-上传",
  "description": "非结构化信息-上传",
  "controls": {
    "control149_xThSbn": {
      "location": {
        "data": {
          "tagName": "TBODY"
        },
        "userData": {
          "data": [],
          "force": false
        },
        "locators": [
          {
            "id": "@id/nonWord",
            "prob": 1,
            "disabled": true,
            "fact": "mw_589900534387028",
            "value": "descendant::FORM[@id=\"mw_589900534387028\"]/TABLE[2]/TBODY[1]"
          },
          {
            "id": "@class/word",
            "prob": 1,
            "value": "BODY.ballistic_bg FORM.mw_form TABLE.table_noboder TBODY"
          },
          {
            "id": "path/ordinal",
            "prob": 1,
            "value": "/HTML[1]/BODY[1]/FORM[1]/TABLE[2]/TBODY[1]"
          }
        ]
      },
      "events": {
        "onGetData": "getData_control149_xThSbn"
      },
      "intendedRole": "custom",
      "roles": "element,custom",
      "monitored": true,
      "frameXPath": "//iframe[contains(@name,'initFrame')][contains(@id,'initFrame')]<<IFRAME>>",
      "componentType": "custom"
    },
    "control308_m7HTxV": {
      "location": {
        "data": {
          "tagName": "TD"
        },
        "userData": {
          "data": [],
          "force": false
        },
        "locators": [
          {
            "id": "@id/nonWord",
            "prob": 1,
            "disabled": true,
            "fact": "mw_20639849745974528",
            "value": "descendant::FORM[@id=\"mw_20639849745974528\"]/TABLE[2]/TBODY[1]/TR[7]/TD[1]"
          },
          {
            "id": "@class/word",
            "prob": 1,
            "ordinal": [
              9,
              11
            ],
            "value": "BODY.ballistic_bg FORM.mw_form TABLE.table_noboder TBODY TR TD"
          },
          {
            "id": "path/ordinal",
            "prob": 1,
            "value": "/HTML[1]/BODY[1]/FORM[1]/TABLE[2]/TBODY[1]/TR[7]/TD[1]"
          }
        ]
      },
      "events": {
        "onGetData": "getData_control308_m7HTxV"
      },
      "intendedRole": "custom",
      "roles": "element,custom",
      "monitored": true,
      "frameXPath": "//iframe[contains(@name,'initFrame')][contains(@id,'initFrame')]<<IFRAME>>",
      "componentType": "custom"
    },
    "control318_RW9baf": {
      "location": {
        "data": {
          "tagName": "INPUT"
        },
        "userData": {
          "data": [],
          "force": false
        },
        "locators": [
          {
            "id": "input/button/@value",
            "prob": 3,
            "value": {
              "text": [
                "提交附件"
              ]
            }
          },
          {
            "id": "@id/word",
            "prob": 3,
            "value": "descendant::INPUT[@id=\"btn_subMit\"]"
          },
          {
            "id": "@class/word",
            "prob": 1,
            "value": "FORM.mw_form TABLE.table_noboder INPUT.button_61px"
          },
          {
            "id": "path/ordinal",
            "prob": 1,
            "value": "/HTML[1]/BODY[1]/FORM[1]/TABLE[2]/TBODY[1]/TR[7]/TD[1]/INPUT[1]"
          },
          {
            "id": "input/type",
            "verifyEnabled": true,
            "value": "button"
          }
        ]
      },
      "roles": "element,button",
      "text": "提交附件",
      "frameXPath": "//iframe[contains(@name,'initFrame')][contains(@id,'initFrame')]<<IFRAME>>"
    }
  },
  "contexts": {
    "context20_VdHegJ": {
      "controls": [
        "control149_xThSbn",
        "control308_m7HTxV"
      ],
      "anchors": [
        "control318_RW9baf"
      ],
      "urlAnchor": []
    }
  },
  "flows": {
    "flow91_XTJZD3": {
      "toContexts": [
        {
          "toContextId": "context20_VdHegJ"
        },
        {
          "toContextId": "context38_OW9P6B",
          "toModelId": "unstructued-false"
        }
      ]
    },
    "flow92_EIFhE6": {
      "fromContextId": "context20_VdHegJ",
      "fromAction": "doAction",
      "fromControlId": "control149_xThSbn",
      "toContexts": [
        {
          "toContextId": "context20_VdHegJ"
        }
      ]
    },
    "flow193_SAgLQH": {
      "fromContextId": "context20_VdHegJ",
      "fromAction": "doAction",
      "fromControlId": "control308_m7HTxV",
      "toContexts": [
        {
          "toContextId": "context20_VdHegJ"
        },
        {
          "toContextId": "context38_OW9P6B",
          "toModelId": "unstructued-false"
        },
        {
          "toContextId": "context39_TSwpAw",
          "toModelId": "unstructured-shangchuan-false"
        }
      ]
    }
  },
  "pages": {
    "page20_nWKxx8": {
      "contextId": "context20_VdHegJ",
      "layout": [
        {
          "id": "uiControl163_01QEuJ",
          "controlId": "control149_xThSbn",
          "display": {
            "adapterId": "custom",
            "type": "custom",
            "adapter": {
              "templateType": "react",
              "events": {
                "onDoAction": "doAction_uiControl163_01QEuJ",
                "onGetTemplate": "getTemplate_uiControl163_01QEuJ"
              }
            }
          }
        },
        {
          "id": "uiControl168_ZktrIT",
          "controlId": "control308_m7HTxV",
          "display": {
            "adapterId": "custom",
            "type": "custom",
            "adapter": {
              "templateType": "react",
              "events": {
                "onDoAction": "doAction_uiControl168_ZktrIT",
                "onGetTemplate": "getTemplate_uiControl168_ZktrIT"
              }
            }
          }
        }
      ]
    }
  },
  "matchers": {
    "page/title": {
      "contexts": {
        "context20_VdHegJ": [
          "上传附件",
          "非结构化信息"
        ]
      }
    },
    "page/urls": {
      "contexts": {
        "context20_VdHegJ": [
          "218.203.103.203:8082/ngmarket/crm/commonOutSideWin.action?actionId=crm/accessoryInit&title=%C9%CF%B4%AB%B8%BD%BC%FE&needClose=false&objTypeId=nonStructuralInfo&objId=9512082380922&region=951&controlName=filename&accessoryIdName=accessoryIdName&filePath=crmperm&fileSize=20000&businessType=nonStructuralInfo&ngcrm_reserved1=1",
          "218.203.103.203:8082/ngmarket/custmgt/groupNonStructuralInfo/initInfo.action?nonStructuralInfoVO.region=951&nonStructuralInfoVO.custId=9512082503113&operFlag=&ngcrm_reserved1=1",
          "218.203.103.203:8082/ngmarket/crm/commonOutSideWin.action?actionId=crm/accessoryInit&title=%C9%CF%B4%AB%B8%BD%BC%FE&needClose=false&objTypeId=nonStructuralInfo&objId=9512082390467&region=951&controlName=filename&accessoryIdName=accessoryIdName&filePath=crmperm&fileSize=20000&businessType=nonStructuralInfo&ngcrm_reserved1=1",
          "218.203.103.203:8082/ngmarket/crm/commonOutSideWin.action?actionId=crm/accessoryInit&title=%C9%CF%B4%AB%B8%BD%BC%FE&needClose=false&objTypeId=nonStructuralInfo&objId=9512082503417&region=951&controlName=filename&accessoryIdName=accessoryIdName&filePath=crmperm&fileSize=20000&businessType=nonStructuralInfo&ngcrm_reserved1=1"
        ]
      }
    },
    "page/ids": {
      "contexts": {
        "context20_VdHegJ": [
          [
            "commonOutSideForm",
            "initFrame"
          ],
          [
            "accessoryId",
            "accessoryIdName",
            "cancelBtn",
            "columnDiv",
            "columnIcon",
            "custId",
            "fileName",
            "infoType",
            "metaweb_arch_css",
            "metaweb_css",
            "nonStructuralInfoForm",
            "notes",
            "operFlag",
            "operateType",
            "region",
            "saveBtn",
            "table_newcustgroup",
            "uploadBtn"
          ]
        ]
      }
    },
    "page/classes": {
      "contexts": {
        "context20_VdHegJ": [
          [],
          [
            "basic_arrow",
            "basicinfo_bg",
            "button_px",
            "mw_field_button",
            "mw_field_text",
            "mw_field_textarea",
            "mw_label",
            "new_button",
            "newmain",
            "table_noboder",
            "title_boldtext"
          ]
        ]
      }
    },
    "page/tagTriplets": {
      "contexts": {
        "context20_VdHegJ": [
          [
            "-/-/FORM",
            "-/-/SCRIPT",
            "-/FORM/TABLE",
            "FORM/TABLE/TBODY",
            "TABLE/TBODY/TR",
            "TBODY/TR/TD",
            "TR/TD/IFRAME"
          ],
          [
            "-/-/FORM",
            "-/-/SCRIPT",
            "-/FORM/DIV",
            "DIV/DIV/INPUT-hidden",
            "DIV/DIV/LINK",
            "DIV/DIV/TABLE",
            "DIV/TABLE/INPUT-hidden",
            "DIV/TABLE/TBODY",
            "FORM/DIV/DIV",
            "FORM/DIV/TABLE",
            "TABLE/TBODY/TR",
            "TBODY/TR/TD",
            "TD/FONT/BR",
            "TD/SELECT/OPTION",
            "TR/TD/FONT",
            "TR/TD/IMG",
            "TR/TD/INPUT-button",
            "TR/TD/INPUT-hidden",
            "TR/TD/INPUT-text",
            "TR/TD/LABEL",
            "TR/TD/SELECT",
            "TR/TD/TEXTAREA"
          ]
        ]
      }
    }
  }
}