{
  "version": "0.1",
  "id": "Group-customer-list",
  "targetURL": "http://218.203.103.203:8082/custcare/group/queryGroupCust.do",
  "jsFile": "index.js",
  "requires": {
    "customerFee": "../customerFee/index.json"
  },
  "chineseName": "集团客户列表",
  "description": "集团客户列表",
  "controls": {
    "control53_94DePn": {
      "location": {
        "data": {
          "tagName": "TD"
        },
        "userData": {
          "data": [],
          "force": false
        },
        "locators": [
          {
            "id": "@class/word",
            "prob": 1,
            "ordinal": [
              0,
              2
            ],
            "value": "TD.column_title"
          },
          {
            "id": "path/ordinal",
            "prob": 1,
            "value": "/HTML[1]/BODY[1]/FORM[1]/TABLE[1]/TBODY[1]/TR[1]/TD[2]"
          },
          {
            "id": "elderLevel",
            "value": {
              "level": 0
            }
          }
        ]
      },
      "events": {
        "onGetData": "getData_control53_94DePn"
      },
      "intendedRole": "custom",
      "roles": "element,custom",
      "monitored": false,
      "frameXPath": "",
      "componentType": "custom"
    },
    "control44_hFqCmM": {
      "location": {
        "data": {
          "tagName": "HTML"
        },
        "userData": {
          "data": [],
          "force": false
        },
        "locators": [
          {
            "id": "path/ordinal",
            "prob": 1,
            "value": "/HTML[1]"
          }
        ]
      },
      "events": {
        "onGetData": "getData_control44_hFqCmM"
      },
      "intendedRole": "custom",
      "roles": "element,custom",
      "monitored": true,
      "frameXPath": "",
      "componentType": "custom"
    }
  },
  "contexts": {
    "context8_oTUQnl": {
      "controls": [
        "control53_94DePn",
        "control44_hFqCmM"
      ],
      "anchors": [],
      "urlAnchor": []
    }
  },
  "flows": {
    "flow38_S7XmJ1": {
      "toContexts": [
        {
          "toContextId": "context8_oTUQnl"
        }
      ]
    },
    "flow40_M9hAMb": {
      "fromContextId": "context8_oTUQnl",
      "fromAction": "doAction",
      "fromControlId": "control44_hFqCmM",
      "toContexts": [
        {
          "toContextId": "context8_oTUQnl"
        },
        {
          "toContextId": "context3_fkk4RX",
          "toModelId": "customerFee"
        }
      ]
    }
  },
  "pages": {
    "page8_GlcD3n": {
      "contextId": "context8_oTUQnl",
      "layout": [
        {
          "id": "uiControl54_QuPIAg",
          "controlId": "control53_94DePn",
          "display": {
            "adapterId": "custom",
            "type": "custom",
            "adapter": {
              "templateType": "react",
              "events": {
                "onDoAction": "doAction_uiControl54_QuPIAg",
                "onGetTemplate": "getTemplate_uiControl54_QuPIAg"
              }
            }
          }
        },
        {
          "id": "uiControl42_Jb0iLz",
          "controlId": "control44_hFqCmM",
          "display": {
            "adapterId": "custom",
            "type": "custom",
            "adapter": {
              "templateType": "react",
              "events": {
                "onDoAction": "doAction_uiControl42_Jb0iLz",
                "onGetTemplate": "getTemplate_uiControl42_Jb0iLz"
              }
            }
          }
        }
      ]
    }
  },
  "matchers": {
    "page/title": {
      "contexts": {
        "context8_oTUQnl": [
          "集团客户"
        ]
      }
    },
    "page/urls": {
      "contexts": {
        "context8_oTUQnl": [
          "218.203.103.203:8082/custcare/group/queryGroupCust.do"
        ]
      }
    },
    "page/ids": {
      "contexts": {
        "context8_oTUQnl": [
          [
            "columnDiv",
            "columnIcon",
            "theTable"
          ]
        ]
      }
    },
    "page/classes": {
      "contexts": {
        "context8_oTUQnl": [
          [
            "INPUT_Border",
            "border_RightBottom",
            "button_fix",
            "column_title",
            "list_table",
            "list_title"
          ]
        ]
      }
    },
    "page/tagTriplets": {
      "contexts": {
        "context8_oTUQnl": [
          [
            "-/-/FORM",
            "-/-/SCRIPT",
            "-/FORM/DIV",
            "-/FORM/TABLE",
            "DIV/TABLE/TBODY",
            "FORM/DIV/TABLE",
            "FORM/TABLE/TBODY",
            "TABLE/TBODY/TR",
            "TBODY/TR/TD",
            "TD/TABLE/TBODY",
            "TR/TD/IMG",
            "TR/TD/INPUT-button",
            "TR/TD/INPUT-hidden",
            "TR/TD/INPUT-radio",
            "TR/TD/TABLE"
          ]
        ]
      }
    }
  }
}