{"version":"0.1","id":"cmSaleProdorderRevise","targetURL":"https://7.carpoly.com/ekp/cm/sale/cm_sale_prodorder_revise/cmSaleProdorderRevise.do?method=view&fdId=15b810a845d96ff7ba3c10c4b2dab0a3","jsFile":"index.js","requires":{"cmSaleProdorderRevise":"../cmSaleProdorderRevise/index.json","lbpm_usage":"../lbpm_usage/index.json","order_materiel_info":"../order_materiel_info/index.json","revise_list":"../revise_list/index.json","product_order-info":"../product_order-info/index.json","error_page":"../error_page/index.json","authorityMsg":"../authorityMsg/index.json"},"chineseName":"产品订单确认","description":"","controls":{"control8_lK3EwX":{"location":{"data":{"tagName":"DIV"},"userData":{"data":[],"force":false},"locators":[{"id":"@class/word","prob":1,"value":"DIV.lui_form_title_frame DIV.lui_form_subject"},{"id":"path/ordinal","prob":1,"value":"/HTML[1]/BODY[1]/FORM[1]/DIV[1]/DIV[1]"},{"id":"style/color","value":[62,158,206]},{"id":"elderLevel","value":{"level":0}}]},"events":{"onGetData":"getData_control8_lK3EwX"},"intendedRole":"custom","roles":"element,custom","monitored":true,"frameXPath":""},"control9_iFWVG7":{"location":{"data":{"tagName":"TABLE"},"userData":{"data":[],"force":false},"locators":[{"id":"@class/word","prob":1,"ordinal":[0,3],"value":"DIV.lui_form_content_frame TABLE.tb_normal"},{"id":"path/ordinal","prob":1,"value":"/HTML[1]/BODY[1]/FORM[1]/DIV[2]/TABLE[1]"}]},"events":{"onGetData":"getData_control9_iFWVG7"},"intendedRole":"custom","roles":"element,link,custom","monitored":true,"frameXPath":""},"control10_Vli3fZ":{"location":{"data":{"tagName":"TABLE"},"userData":{"data":[],"force":false},"locators":[{"id":"@id/word","prob":2,"value":["descendant::DIV[@id=\"process_review_tabcontent\"]/TABLE[1]","descendant::DIV[@id=\"process_review_tabcontent\"]//TABLE"]},{"id":"@class/word","prob":1,"value":"DIV.lui_panel_content_inside DIV.lui-component TABLE.tb_normal.process_review_panel"},{"id":"path/ordinal","prob":1,"value":"/HTML[1]/BODY[1]/FORM[1]/DIV[3]/DIV[1]/DIV[1]/DIV[1]/DIV[2]/DIV[1]/DIV[1]/DIV[1]/DIV[1]/DIV[1]/TABLE[1]"}]},"events":{"onGetData":"getData_control10_Vli3fZ"},"intendedRole":"custom","roles":"element,custom","monitored":true,"frameXPath":""},"control11_zUDvoK":{"location":{"data":{"tagName":"DIV"},"userData":{"data":[{"method":"customJS","value":"return doc.querySelector(\"#dialog_iframe iframe\").contentDocument.querySelector(\"#addressCtx\")"}],"force":true},"locators":[{"id":"@id/word","prob":3,"value":"descendant::DIV[@id=\"addressCtx\"]"},{"id":"path/ordinal","prob":1,"value":"/HTML[1]/BODY[1]/DIV[1]"},{"id":"shield","value":{"zIndex":"auto","width":730,"height":496}}]},"intendedRole":"dialog","roles":"element,dialog","ignoreVisibility":false,"monitored":true,"frameXPath":"//iframe[1]<<IFRAME>>"},"control12_cDOTRP":{"location":{"data":{"tagName":"DIV"},"userData":{"data":[],"force":false},"locators":[{"id":"@class/word","prob":1,"value":"DIV.lui_dialog_headL DIV.lui_dialog_headR DIV.lui_dialog_head"},{"id":"path/ordinal","prob":1,"ordinal":[0,2],"value":"/HTML[1]/BODY[1]/DIV[1]/DIV[1]/DIV[1]/DIV[1]/DIV[1]"}]},"events":{"onGetData":"getData_control12_cDOTRP"},"intendedRole":"custom","roles":"element,custom","monitored":true,"frameXPath":""},"control13_80ld8G":{"location":{"data":{"tagName":"UL"},"userData":{"data":[],"force":false},"locators":[{"id":"@class/word","prob":1,"ordinal":[0,9],"value":"DIV.lui_address_tabs DIV.lui-component UL.lui_address_tabs_ul"},{"id":"path/ordinal","prob":1,"value":"/HTML[1]/BODY[1]/DIV[1]/DIV[1]/DIV[1]/DIV[1]/DIV[1]/DIV[1]/DIV[1]/UL[1]"}]},"events":{"onGetData":"getData_control13_80ld8G"},"intendedRole":"custom","roles":"element,custom","monitored":true,"frameXPath":"//iframe[1]<<IFRAME>>"},"control14_einHp1":{"location":{"data":{"tagName":"DIV"},"userData":{"data":[],"force":false},"locators":[{"id":"@class/word","prob":1,"ordinal":[0,9],"value":"DIV.lui-component DIV.lui-address-search-panel DIV.lui-address-search-group"},{"id":"path/ordinal","prob":1,"value":"/HTML[1]/BODY[1]/DIV[1]/DIV[1]/DIV[1]/DIV[1]/DIV[1]/DIV[2]/DIV[1]/DIV[1]/DIV[4]/DIV[1]/DIV[1]/DIV[1]"}]},"events":{"onGetData":"getData_control14_einHp1"},"intendedRole":"custom","roles":"element,custom","monitored":true,"frameXPath":"//iframe[1]<<IFRAME>>"},"control15_5gdJBl":{"location":{"data":{"tagName":"DIV"},"userData":{"data":[],"force":false},"locators":[{"id":"@class/word","prob":1,"ordinal":[0,9],"value":"DIV.lui-address-selectearea DIV.lui-component DIV.lui_address_select_area"},{"id":"path/ordinal","prob":1,"value":"/HTML[1]/BODY[1]/DIV[1]/DIV[1]/DIV[1]/DIV[1]/DIV[1]/DIV[2]/DIV[1]/DIV[1]"}]},"events":{"onGetData":"getData_control15_5gdJBl"},"intendedRole":"custom","roles":"element,custom","monitored":true,"frameXPath":"//iframe[1]<<IFRAME>>"},"control16_UlhSii":{"location":{"data":{"tagName":"UL"},"userData":{"data":[],"force":false},"locators":[{"id":"@class/word","prob":1,"ordinal":[0,9],"value":"DIV.lui-address-selectedbox DIV.lui-component UL.lui-address-selectedbox-ul"},{"id":"path/ordinal","prob":1,"value":"/HTML[1]/BODY[1]/DIV[1]/DIV[1]/DIV[1]/DIV[1]/DIV[1]/DIV[3]/DIV[1]/UL[1]"},{"id":"elderLevel","value":{"level":0}}]},"events":{"onGetData":"getData_control16_UlhSii"},"intendedRole":"custom","roles":"element,custom","monitored":true,"frameXPath":"//iframe[1]<<IFRAME>>"},"control17_deH1aG":{"location":{"data":{"tagName":"DIV"},"userData":{"data":[],"force":false},"locators":[{"id":"button/text","prob":3,"ordinal":[3,5],"value":{"text":["确定"],"visText":["确定"]}},{"id":"@class/word","prob":1,"ordinal":[1,27],"value":"DIV.lui_toolbar_btn_l DIV.lui_toolbar_btn_r DIV.lui_toolbar_btn_c"},{"id":"path/ordinal","prob":1,"value":"/HTML[1]/BODY[1]/DIV[1]/DIV[1]/DIV[1]/DIV[1]/DIV[1]/DIV[4]/DIV[1]/DIV[1]/DIV[1]/DIV[1]/DIV[1]/DIV[1]"}]},"intendedRole":"button","roles":"element,button","monitored":true,"frameXPath":"//iframe[1]<<IFRAME>>"},"control18_UNKN0y":{"location":{"data":{"tagName":"DIV"},"userData":{"data":[],"force":false},"locators":[{"id":"button/text","prob":3,"ordinal":[3,5],"value":{"text":["取消"],"visText":["取消"]}},{"id":"@class/word","prob":1,"ordinal":[2,27],"value":"DIV.lui_toolbar_btn_l DIV.lui_toolbar_btn_r DIV.lui_toolbar_btn_c"},{"id":"path/ordinal","prob":1,"value":"/HTML[1]/BODY[1]/DIV[1]/DIV[1]/DIV[1]/DIV[1]/DIV[1]/DIV[4]/DIV[1]/DIV[1]/DIV[2]/DIV[1]/DIV[1]/DIV[1]"},{"id":"style/color","value":[71,181,230]}]},"intendedRole":"button","roles":"element,button","monitored":true,"frameXPath":"//iframe[1]<<IFRAME>>"},"control30_CTAiN2":{"location":{"data":{"tagName":"IFRAME"},"userData":{"data":[],"force":false},"locators":[{"id":"@id/word","prob":2,"value":["descendant::DIV[@id=\"dialog_iframe\"]/DIV[1]/DIV[1]/IFRAME[1]","descendant::DIV[@id=\"dialog_iframe\"]//IFRAME"]},{"id":"@class/word","prob":1,"value":"DIV.lui_dialog_container.clearfloat DIV.lui-component DIV.lui_dialog_content IFRAME"},{"id":"path/ordinal","prob":1,"value":"/HTML[1]/BODY[1]/DIV[1]/DIV[1]/DIV[2]/DIV[1]/DIV[1]/DIV[1]/DIV[1]/DIV[1]/DIV[1]/IFRAME[1]"},{"id":"elderLevel","value":{"level":0}}]},"intendedRole":"dialog","roles":"element,dialog","monitored":false,"frameXPath":""},"control31_xO0D0d":{"location":{"data":{"tagName":"DIV"},"userData":{"data":[],"force":false},"locators":[{"id":"@class/word","prob":1,"value":"DIV.lui_dialog_headL DIV.lui_dialog_headR DIV.lui_dialog_head"},{"id":"path/ordinal","prob":1,"value":"/HTML[1]/BODY[1]/DIV[1]/DIV[1]/DIV[1]/DIV[1]/DIV[1]"}]},"events":{"onGetData":"getData_control31_xO0D0d"},"intendedRole":"custom","roles":"element,custom","monitored":true,"frameXPath":""},"control36_baNwKU":{"location":{"data":{"tagName":"IFRAME"},"userData":{"data":[],"force":false},"locators":[{"id":"@id/word","prob":2,"value":["descendant::DIV[@id=\"dialog_iframe\"]/DIV[1]/DIV[1]/IFRAME[1]","descendant::DIV[@id=\"dialog_iframe\"]//IFRAME"]},{"id":"@class/word","prob":1,"value":"DIV.lui_dialog_container.clearfloat DIV.lui-component DIV.lui_dialog_content IFRAME"},{"id":"path/ordinal","prob":1,"value":"/HTML[1]/BODY[1]/DIV[1]/DIV[1]/DIV[2]/DIV[1]/DIV[1]/DIV[1]/DIV[1]/DIV[1]/DIV[1]/IFRAME[1]"},{"id":"elderLevel","value":{"level":0}}]},"events":{"onGetData":"getData_control36_baNwKU"},"intendedRole":"custom","roles":"element,custom","monitored":true,"frameXPath":""},"control41_3wJ9i1":{"location":{"data":{"tagName":"TABLE"},"userData":{"data":[],"force":false},"locators":[{"id":"@class/word","prob":1,"ordinal":[0,4],"value":"DIV.lui_form_content_frame TABLE.tb_normal"},{"id":"path/ordinal","prob":1,"value":"/HTML[1]/BODY[1]/FORM[1]/DIV[2]/TABLE[1]"}]},"events":{"onGetData":"getData_control41_3wJ9i1"},"intendedRole":"custom","roles":"element,custom","monitored":true,"frameXPath":""},"control43_y2dToD":{"location":{"data":{"tagName":"TR"},"userData":{"data":[],"force":false},"locators":[{"id":"@id/word","prob":3,"value":["descendant::DIV[@id=\"process_review_tabcontent\"]//TR[@id=\"showDetails\"]","descendant::TR[@id=\"showDetails\"]"]},{"id":"@class/word","prob":1,"ordinal":[23,27],"value":"DIV.lui_panel_content_inside DIV.lui-component TABLE.tb_normal.process_review_panel TBODY TR"},{"id":"path/ordinal","prob":1,"value":"/HTML[1]/BODY[1]/FORM[1]/DIV[3]/DIV[1]/DIV[1]/DIV[1]/DIV[2]/DIV[1]/DIV[1]/DIV[1]/DIV[1]/DIV[1]/TABLE[1]/TBODY[1]/TR[18]"}]},"events":{"onGetData":"getData_control43_y2dToD"},"intendedRole":"custom","roles":"element,custom","ignoreVisibility":true,"monitored":true,"frameXPath":""},"control58_W2vgJS":{"location":{"data":{"tagName":"DIV"},"locators":[{"id":"@id/word","prob":3,"value":"descendant::DIV[@id=\"top\"]"},{"id":"@class/word","prob":1,"value":"DIV.lui-component.com_goto"},{"id":"path/ordinal","prob":1,"value":"/HTML[1]/BODY[1]/DIV[2]"}]},"events":{"onGetData":"getData_control58_W2vgJS"},"intendedRole":"custom","roles":"element,custom","monitored":true,"frameXPath":""}},"contexts":{"context2_A7MKJB":{"controls":["control8_lK3EwX","control9_iFWVG7","control10_Vli3fZ","control11_zUDvoK","control12_cDOTRP","control13_80ld8G","control14_einHp1","control15_5gdJBl","control16_UlhSii","control17_deH1aG","control18_UNKN0y","control30_CTAiN2","control31_xO0D0d","control36_baNwKU","control41_3wJ9i1","control43_y2dToD","control58_W2vgJS"],"anchors":[],"urlAnchor":[]}},"flows":{"flow7_V0w8Un":{"toContexts":[{"toContextId":"context2_A7MKJB"},{"toContextId":"context1_VOE93d","toModelId":"revise_list"}]},"flow8_tpTaD6":{"fromContextId":"context2_A7MKJB","fromAction":"doAction","fromControlId":"control10_Vli3fZ","toContexts":[{"toContextId":"context2_A7MKJB"},{"toContextId":"context2_A7MKJB","toModelId":"cmSaleProdorderRevise"},{"toContextId":"context3_fbHeAS","toModelId":"lbpm_usage"}]},"flow9_7N2Gv2":{"fromContextId":"context2_A7MKJB","fromAction":"click","fromControlId":"control11_zUDvoK","toContexts":[{"toContextId":"context2_A7MKJB"}]},"flow10_JotTy5":{"fromContextId":"context2_A7MKJB","fromAction":"doAction","fromControlId":"control13_80ld8G","toContexts":[{"toContextId":"context2_A7MKJB"}]},"flow11_A9kPVy":{"fromContextId":"context2_A7MKJB","fromAction":"doAction","fromControlId":"control14_einHp1","toContexts":[{"toContextId":"context2_A7MKJB"}]},"flow12_xokrfJ":{"fromContextId":"context2_A7MKJB","fromAction":"doAction","fromControlId":"control15_5gdJBl","toContexts":[{"toContextId":"context2_A7MKJB"}]},"flow13_0P7Zm6":{"fromContextId":"context2_A7MKJB","fromAction":"click","fromControlId":"control18_UNKN0y","toContexts":[{"toContextId":"context2_A7MKJB"}]},"flow14_DRpZ92":{"fromContextId":"context2_A7MKJB","fromAction":"doAction","fromControlId":"control9_iFWVG7","toContexts":[{"toContextId":"context2_A7MKJB"},{"toContextId":"context4_NA59BG","toModelId":"order_materiel_info"},{"toContextId":"context2_A7MKJB","toModelId":"cmSaleProdorderRevise"},{"toContextId":"context1_VOE93d","toModelId":"revise_list"},{"toContextId":"context2_DfsXf4","toModelId":"product_order-info"},{"toContextId":"context5_lrU3P2","toModelId":"error_page"},{"toContextId":"context6_AJTm3d","toModelId":"authorityMsg"}]},"flow17_WIUwCR":{"fromContextId":"context2_A7MKJB","fromAction":"click","fromControlId":"control17_deH1aG","toContexts":[{"toContextId":"context2_A7MKJB"}]},"flow22_4VHrK0":{"fromContextId":"context2_A7MKJB","fromAction":"doAction","fromControlId":"control12_cDOTRP","toContexts":[{"toContextId":"context2_A7MKJB"}]},"flow27_nQCTsQ":{"fromContextId":"context2_A7MKJB","fromAction":"click","fromControlId":"control30_CTAiN2","toContexts":[{"toContextId":"context2_A7MKJB"}]},"flow29_shdFhN":{"fromContextId":"context2_A7MKJB","fromAction":"doAction","fromControlId":"control36_baNwKU","toContexts":[{"toContextId":"context2_A7MKJB"}]},"flow31_ZSFWc1":{"fromContextId":"context2_A7MKJB","fromAction":"doAction","fromControlId":"control31_xO0D0d","toContexts":[{"toContextId":"context2_A7MKJB"}]},"flow38_KD8Uul":{"fromContextId":"context2_A7MKJB","fromAction":"doAction","fromControlId":"control41_3wJ9i1","toContexts":[{"toContextId":"context2_A7MKJB"}]},"flow39_VpciWf":{"fromContextId":"context2_A7MKJB","fromAction":"doAction","fromControlId":"control43_y2dToD","toContexts":[{"toContextId":"context2_A7MKJB"}]}},"pages":{"page2_Rp7843":{"contextId":"context2_A7MKJB","layout":[{"id":"uiControl9_mF9Fvq","controlId":"control8_lK3EwX","display":{"adapterId":"custom","type":"custom","adapter":{"templateType":"react","events":{"onDoAction":"doAction_uiControl9_mF9Fvq","onGetTemplate":"getTemplate_uiControl9_mF9Fvq"}}}},{"id":"uiControl55_Xv3Pnz","controlId":"control58_W2vgJS","display":{"adapterId":"custom","type":"custom","adapter":{"templateType":"react","events":{"onDoAction":"doAction_uiControl55_Xv3Pnz","onGetTemplate":"getTemplate_uiControl55_Xv3Pnz"}}}},{"id":"uiControl10_lnmZwt","controlId":"control9_iFWVG7","display":{"adapterId":"custom","type":"custom","adapter":{"templateType":"react","events":{"onDoAction":"doAction_uiControl10_lnmZwt","onGetTemplate":"getTemplate_uiControl10_lnmZwt"}}}},{"id":"uiControl27_56CJnM","controlId":"control30_CTAiN2","display":{"adapterId":"dialog","type":"dialog","class":"ui-dialog","adapter":{"templateType":""}},"layout":[{"id":"uiControl27_56CJnMbody","display":{"type":"dialogBody","adapterId":"dialogBody","adapter":{"templateType":""}},"layout":[{"id":"uiControl28_gH9Ng1","controlId":"control31_xO0D0d","display":{"adapterId":"custom","type":"custom","adapter":{"templateType":"react","events":{"onDoAction":"doAction_uiControl28_gH9Ng1","onGetTemplate":"getTemplate_uiControl28_gH9Ng1"}}}}]},{"id":"uiControl27_56CJnMfooter","display":{"type":"dialogFooter","adapterId":"dialogFooter","adapter":{"templateType":""}},"layout":[{"id":"uiControl32_yr8TWU","controlId":"control36_baNwKU","display":{"adapterId":"custom","type":"custom","adapter":{"templateType":"react","events":{"onDoAction":"doAction_uiControl32_yr8TWU","onGetTemplate":"getTemplate_uiControl32_yr8TWU"}}}}]}]},{"id":"uiControl12_v3qTs3","controlId":"control11_zUDvoK","display":{"adapterId":"dialog","type":"dialog","class":"ui-dialog","adapter":{"templateType":""}},"layout":[{"id":"uiControl12_v3qTs3body","display":{"type":"dialogBody","adapterId":"dialogBody","adapter":{"templateType":""}},"layout":[{"id":"uiControl13_ehirfh","controlId":"control12_cDOTRP","display":{"adapterId":"custom","type":"custom","adapter":{"templateType":"react","events":{"onDoAction":"doAction_uiControl13_ehirfh","onGetTemplate":"getTemplate_uiControl13_ehirfh"}}}}]},{"id":"uiControl12_v3qTs3footer","display":{"type":"dialogFooter","adapterId":"dialogFooter","adapter":{"templateType":""}},"layout":[{"id":"uiControl14_4gQ95X","controlId":"control13_80ld8G","display":{"adapterId":"custom","type":"custom","adapter":{"templateType":"react","events":{"onDoAction":"doAction_uiControl14_4gQ95X","onGetTemplate":"getTemplate_uiControl14_4gQ95X"}}}},{"id":"uiControl15_l1wGmJ","controlId":"control14_einHp1","display":{"adapterId":"custom","type":"custom","adapter":{"templateType":"react","events":{"onDoAction":"doAction_uiControl15_l1wGmJ","onGetTemplate":"getTemplate_uiControl15_l1wGmJ"}}}},{"id":"uiControl16_rq1lSZ","controlId":"control15_5gdJBl","display":{"adapterId":"custom","type":"custom","adapter":{"templateType":"react","events":{"onDoAction":"doAction_uiControl16_rq1lSZ","onGetTemplate":"getTemplate_uiControl16_rq1lSZ"}}}},{"id":"uiControl17_IzMSUg","controlId":"control16_UlhSii","display":{"adapterId":"custom","type":"custom","adapter":{"templateType":"react","events":{"onDoAction":"doAction_uiControl17_IzMSUg","onGetTemplate":"getTemplate_uiControl17_IzMSUg"}}}},{"id":"uiControl18_HkEnC8","display":{"type":"grid","adapterId":"grid","adapter":{"templateType":""}},"layout":[{"id":"uiControl18_HkEnC8row0","display":{"cols":3,"type":"col","adapterId":"col","adapter":{"templateType":""}},"layout":[{"id":"uiControl19_06LH2u","controlId":"control17_deH1aG","display":{"adapterId":"clickable","type":"button","amStyle":"primary","adapter":{"templateType":""}}}]},{"id":"uiControl18_HkEnC8row1","display":{"cols":3,"type":"col","adapterId":"col","adapter":{"templateType":""}},"layout":[{"id":"uiControl20_IecHLv","controlId":"control18_UNKN0y","display":{"adapterId":"clickable","type":"button","adapter":{"templateType":""}}}]}]}]}]},{"id":"uiControl35_GKrHiH","controlId":"control41_3wJ9i1","display":{"adapterId":"custom","type":"custom","adapter":{"templateType":"react","events":{"onDoAction":"doAction_uiControl35_GKrHiH","onGetTemplate":"getTemplate_uiControl35_GKrHiH"}}}},{"id":"uiControl11_8fesJH","controlId":"control10_Vli3fZ","display":{"adapterId":"custom","type":"custom","adapter":{"templateType":"react","events":{"onDoAction":"doAction_uiControl11_8fesJH","onGetTemplate":"getTemplate_uiControl11_8fesJH"}}}},{"id":"uiControl37_MAdD4l","controlId":"control43_y2dToD","display":{"adapterId":"custom","type":"custom","adapter":{"templateType":"react","events":{"onDoAction":"doAction_uiControl37_MAdD4l","onGetTemplate":"getTemplate_uiControl37_MAdD4l"}}}}]}},"matchers":{"page/title":{"contexts":{"context2_A7MKJB":["销售管理",""]}},"page/urls":{"contexts":{"context2_A7MKJB":["7.carpoly.com/ekp/cm/sale/cm_sale_prodorder_revise/cmSaleProdorderRevise.do?method=view&fdId=15b810a845d96ff7ba3c10c4b2dab0a3","7.carpoly.com/ekp/cm/sale/cm_sale_prodorder_revise/cmSaleProdorderRevise.do?method=view&fdId=15b8109e618a6f763676cea4586aee5f","","7.carpoly.com/ekp/cm/sale/cm_sale_order_materiel/cmSaleOrderMateriel.do?method=view&fdId=15b80ee42cfef0fd39cc7f74eabbd7ec","7.carpoly.com/ekp/cm/sale/cm_sale_prodorder_revise/cmSaleProdorderRevise.do?method=view&fdId=15b810977c1c68c71f642e945aa8f352","7.carpoly.com/ekp/cm/sale/cm_sale_prodorder_revise/cmSaleProdorderRevise.do?method=view&fdId=16010e89ba6af5814e5565a4802b4803","7.carpoly.com/ekp/cm/sale/cm_sale_prodorder_revise/cmSaleProdorderRevise.do?method=view&fdId=160211a50f8a8bba76972e644afaad3d","7.carpoly.com/ekp/cm/sale/cm_sale_prodorder_revise/cmSaleProdorderRevise.do?method=view&fdId=15f2ec6b0f43879c4f9b7a94451a338a"],"context4_NA59BG":["7.carpoly.com/ekp/cm/sale/cm_sale_order_materiel/cmSaleOrderMateriel.do?method=view&fdId=15e1dfeff80a80c32c285104d9e8760a","7.carpoly.com/ekp/cm/sale/cm_sale_order_materiel/cmSaleOrderMateriel.do?method=view&fdId=15c4e6565954e11aabf726e4897a063b","7.carpoly.com/ekp/cm/sale/cm_sale_order_materiel/cmSaleOrderMateriel.do?method=view&fdId=15fc7a1b5d8d5ecfcb083134a7b87884","7.carpoly.com/ekp/cm/sale/cm_sale_order_materiel/cmSaleOrderMateriel.do?method=view&fdId=15fc80edabf7c38e81d7c0d46cb8df1b","7.carpoly.com/ekp/cm/sale/cm_sale_order_materiel/cmSaleOrderMateriel.do?method=view&fdId=15b80ee42cfef0fd39cc7f74eabbd7ec"],"context1_VOE93d":["7.carpoly.com/ekp/cm/sale/cm_sale_prodorder_revise/index.jsp?service=order","7.carpoly.com/ekp/cm/sale/cm_sale_prodorder_info/index.jsp?service=order","7.carpoly.com/ekp/cm/sale/cm_sale_prodorder_info/cmSaleProdorderInfo.do?method=view&fdId=15b80ea10296571c09ebdcb4f98bbd9e"]}},"page/ids":{"contexts":{"context2_A7MKJB":[["Label_Tabel_Workflow_Info","Label_Tabel_Workflow_Info_Label_Btn_","Label_Tabel_Workflow_Info_Label_Img__","SWFUpload_","TABLE_Revise","TABLE_Revise_Add","WF_IFrame","WF_TableIFrame","_List_fdaeaafbd_Attachment_Table","assignmentRow","att_xtable_fdaeaafbd","attachmentObject_fdaeaafbd_content_div","authorityOptButton","cmBaseCustomerInfoCode_id","currentHandlersLabel","currentHandlersRow","currentNodeDescription","descriptionRow","docStatus","drafterOptButton","extendRoleOptRow","fdFlowDescription","flowGraphic","flowGraphicShowCheckbox","flowLogTableTD","historyHandlersLabel","historyHandlersRow","historyInfoTableIframe","historyInfoTableTD","historyTableTR","history_handler_backButton","historyhandlerOpt","lui-id-","notifyLevelRow","notifyLevelTD","operationItemsRow","operationMethodsGroup","operationMethodsRow","operationsRow","operationsRow_Scope","operationsTDContent","operationsTDContent_Scope","operationsTDTitle","operationsTDTitle_Scope","optionButtons","processStatusLabel","processStatusRow","process_review_button","process_review_tabcontent","saveDraftButton","showDetails","sysWfBusinessForm.canStartProcess","sysWfBusinessForm.fdAdditionsParameterJson","sysWfBusinessForm.fdAuditNoteFdId","sysWfBusinessForm.fdCurHanderId","sysWfBusinessForm.fdCurNodeSavedXML","sysWfBusinessForm.fdCurNodeXML","sysWfBusinessForm.fdDraftorId","sysWfBusinessForm.fdDraftorName","sysWfBusinessForm.fdFlowContent","sysWfBusinessForm.fdHandlerRoleInfoIds","sysWfBusinessForm.fdHandlerRoleInfoNames","sysWfBusinessForm.fdIdentityId","sysWfBusinessForm.fdIsModify","sysWfBusinessForm.fdKey","sysWfBusinessForm.fdModelId","sysWfBusinessForm.fdModelName","sysWfBusinessForm.fdParameterJson","sysWfBusinessForm.fdProcessId","sysWfBusinessForm.fdProcessStatus","sysWfBusinessForm.fdTemplateKey","sysWfBusinessForm.fdTemplateModelName","sysWfBusinessForm.fdTranProcessXML","toolbar","workflowInfoTD","workflowTableTD"],["Label_Tabel_Workflow_Info","Label_Tabel_Workflow_Info_Label_Btn_","Label_Tabel_Workflow_Info_Label_Img__","SWFUpload_","TABLE_Revise","TABLE_Revise_Add","WF_IFrame","WF_TableIFrame","_List_fdaeaafbd_Attachment_Table","assignmentRow","att_xtable_fdaeaafbd","attachmentObject_fdaeaafbd_content_div","authorityOptButton","cmBaseCustomerInfoCode_id","currentHandlersLabel","currentHandlersRow","currentNodeDescription","descriptionRow","docStatus","drafterOptButton","extendRoleOptRow","fdFlowDescription","flowGraphic","flowGraphicShowCheckbox","flowLogTableTD","historyHandlersLabel","historyHandlersRow","historyInfoTableIframe","historyInfoTableTD","historyTableTR","history_handler_backButton","historyhandlerOpt","lui-id-","notifyLevelRow","notifyLevelTD","operationItemsRow","operationMethodsGroup","operationMethodsRow","operationsRow","operationsRow_Scope","operationsTDContent","operationsTDContent_Scope","operationsTDTitle","operationsTDTitle_Scope","optionButtons","processStatusLabel","processStatusRow","process_review_button","process_review_tabcontent","saveDraftButton","set_fans","showDetails","sysWfBusinessForm.canStartProcess","sysWfBusinessForm.fdAdditionsParameterJson","sysWfBusinessForm.fdAuditNoteFdId","sysWfBusinessForm.fdCurHanderId","sysWfBusinessForm.fdCurNodeSavedXML","sysWfBusinessForm.fdCurNodeXML","sysWfBusinessForm.fdDraftorId","sysWfBusinessForm.fdDraftorName","sysWfBusinessForm.fdFlowContent","sysWfBusinessForm.fdHandlerRoleInfoIds","sysWfBusinessForm.fdHandlerRoleInfoNames","sysWfBusinessForm.fdIdentityId","sysWfBusinessForm.fdIsModify","sysWfBusinessForm.fdKey","sysWfBusinessForm.fdModelId","sysWfBusinessForm.fdModelName","sysWfBusinessForm.fdParameterJson","sysWfBusinessForm.fdProcessId","sysWfBusinessForm.fdProcessStatus","sysWfBusinessForm.fdTemplateKey","sysWfBusinessForm.fdTemplateModelName","sysWfBusinessForm.fdTranProcessXML","toolbar","workflowInfoTD","workflowTableTD"],["Label_Tabel_Workflow_Info","Label_Tabel_Workflow_Info_Label_Btn_","Label_Tabel_Workflow_Info_Label_Img__","SWFUpload_","TABLE_Revise","TABLE_Revise_Add","WF_IFrame","WF_TableIFrame","_List_fafbcffeaae_Attachment_Table","__notify_type_ccdececa_sysWfBusinessForm.fdSystemNotifyType","assignmentRow","att_xtable_fafbcffeaae","attachmentObject_fafbcffeaae_content_div","authorityOptButton","changeProcessorDIV","checkChangeFlowTR","cmBaseCustomerInfoCode_id","currentHandlersLabel","currentHandlersRow","currentNodeDescription","descriptionRow","dialog_iframe","docStatus","drafterOptButton","extendRoleOptRow","fdFlowDescription","flowGraphic","flowGraphicShowCheckbox","flowLogTableTD","historyHandlersLabel","historyHandlersRow","historyInfoTableIframe","historyInfoTableTD","historyTableTR","historyhandlerOpt","lbpm_highLevelTab","lui-id-","modifyFlowDIV","nodeCanViewCurNodeTR","notifyLevelRow","notifyLevelTD","notifyOnFinish","notifyOptionTR","notifyTypeRow","operationItemsRow","operationMethodsGroup","operationMethodsRow","operationsRow","operationsRow_Scope","operationsTDContent","operationsTDContent_Scope","operationsTDTitle","operationsTDTitle_Scope","optionButtons","otherCanViewCurNodeTR","processStatusLabel","processStatusRow","process_review_button","process_review_tabcontent","saveDraftButton","showDetails","sysWfBusinessForm.canStartProcess","sysWfBusinessForm.fdAdditionsParameterJson","sysWfBusinessForm.fdAuditNoteFdId","sysWfBusinessForm.fdCurHanderId","sysWfBusinessForm.fdCurNodeSavedXML","sysWfBusinessForm.fdCurNodeXML","sysWfBusinessForm.fdDraftorId","sysWfBusinessForm.fdDraftorName","sysWfBusinessForm.fdFlowContent","sysWfBusinessForm.fdHandlerRoleInfoIds","sysWfBusinessForm.fdHandlerRoleInfoNames","sysWfBusinessForm.fdIdentityId","sysWfBusinessForm.fdIsModify","sysWfBusinessForm.fdKey","sysWfBusinessForm.fdModelId","sysWfBusinessForm.fdModelName","sysWfBusinessForm.fdParameterJson","sysWfBusinessForm.fdProcessId","sysWfBusinessForm.fdProcessStatus","sysWfBusinessForm.fdTemplateKey","sysWfBusinessForm.fdTemplateModelName","sysWfBusinessForm.fdTranProcessXML","systemNotifyTypeTD","toOtherHandlerIds","toOtherHandlerNames","toolbar","workflowInfoTD","workflowTableTD"],["lui-id-"],["Label_Tabel_Workflow_Info","Label_Tabel_Workflow_Info_Label_Btn_","Label_Tabel_Workflow_Info_Label_Img__","SWFUpload_","TABLE_Revise","TABLE_Revise_Add","WF_IFrame","WF_TableIFrame","_List_dbffddedaec_Attachment_Table","__notify_type_dbccbaccc_sysWfBusinessForm.fdSystemNotifyType","assignmentRow","att_xtable_dbffddedaec","attachmentObject_dbffddedaec_content_div","authorityOptButton","changeProcessorDIV","checkChangeFlowTR","cmBaseCustomerInfoCode_id","currentHandlersLabel","currentHandlersRow","currentNodeDescription","descriptionRow","dialog_iframe","docStatus","drafterOptButton","extendRoleOptRow","fdFlowDescription","flowGraphic","flowGraphicShowCheckbox","flowLogTableTD","historyHandlersLabel","historyHandlersRow","historyInfoTableIframe","historyInfoTableTD","historyTableTR","historyhandlerOpt","lbpm_highLevelTab","lui-id-","modifyFlowDIV","nodeCanViewCurNodeTR","notifyLevelRow","notifyLevelTD","notifyOnFinish","notifyOptionTR","notifyTypeRow","operationItemsRow","operationMethodsGroup","operationMethodsRow","operationsRow","operationsRow_Scope","operationsTDContent","operationsTDContent_Scope","operationsTDTitle","operationsTDTitle_Scope","optionButtons","otherCanViewCurNodeTR","processStatusLabel","processStatusRow","process_review_button","process_review_tabcontent","saveDraftButton","showDetails","sysWfBusinessForm.canStartProcess","sysWfBusinessForm.fdAdditionsParameterJson","sysWfBusinessForm.fdAuditNoteFdId","sysWfBusinessForm.fdCurHanderId","sysWfBusinessForm.fdCurNodeSavedXML","sysWfBusinessForm.fdCurNodeXML","sysWfBusinessForm.fdDraftorId","sysWfBusinessForm.fdDraftorName","sysWfBusinessForm.fdFlowContent","sysWfBusinessForm.fdHandlerRoleInfoIds","sysWfBusinessForm.fdHandlerRoleInfoNames","sysWfBusinessForm.fdIdentityId","sysWfBusinessForm.fdIsModify","sysWfBusinessForm.fdKey","sysWfBusinessForm.fdModelId","sysWfBusinessForm.fdModelName","sysWfBusinessForm.fdParameterJson","sysWfBusinessForm.fdProcessId","sysWfBusinessForm.fdProcessStatus","sysWfBusinessForm.fdTemplateKey","sysWfBusinessForm.fdTemplateModelName","sysWfBusinessForm.fdTranProcessXML","systemNotifyTypeTD","toOtherHandlerIds","toOtherHandlerNames","toolbar","workflowInfoTD","workflowTableTD"],["Label_Tabel_Workflow_Info","Label_Tabel_Workflow_Info_Label_Btn_","Label_Tabel_Workflow_Info_Label_Img__","TABLE_Materiel","WF_IFrame","WF_TableIFrame","addressNote","cmBaseCustomerInfoCode_id","docStatus","fdFlowDescription","flowGraphic","flowGraphicShowCheckbox","flowLogTableTD","historyInfoTableIframe","historyInfoTableTD","historyTableTR","lui-id-","moneyOfApprovalTotal","moneyTotal","process_review_tabcontent","showDetails","sysWfBusinessForm.canStartProcess","sysWfBusinessForm.fdAdditionsParameterJson","sysWfBusinessForm.fdAuditNoteFdId","sysWfBusinessForm.fdCurHanderId","sysWfBusinessForm.fdCurNodeSavedXML","sysWfBusinessForm.fdCurNodeXML","sysWfBusinessForm.fdDraftorId","sysWfBusinessForm.fdDraftorName","sysWfBusinessForm.fdFlowContent","sysWfBusinessForm.fdHandlerRoleInfoIds","sysWfBusinessForm.fdHandlerRoleInfoNames","sysWfBusinessForm.fdIdentityId","sysWfBusinessForm.fdIsModify","sysWfBusinessForm.fdKey","sysWfBusinessForm.fdModelId","sysWfBusinessForm.fdModelName","sysWfBusinessForm.fdParameterJson","sysWfBusinessForm.fdProcessId","sysWfBusinessForm.fdProcessStatus","sysWfBusinessForm.fdTemplateKey","sysWfBusinessForm.fdTemplateModelName","sysWfBusinessForm.fdTranProcessXML","toolbar","workflowInfoTD","workflowTableTD"],["Label_Tabel_Workflow_Info","Label_Tabel_Workflow_Info_Label_Btn_","Label_Tabel_Workflow_Info_Label_Img__","SWFUpload_","TABLE_Revise","TABLE_Revise_Add","WF_IFrame","WF_TableIFrame","_List_afcedbb_Attachment_Table","__notify_type_afdfafef_sysWfBusinessForm.fdSystemNotifyType","assignmentRow","att_xtable_afcedbb","attachmentObject_afcedbb_content_div","authorityOptButton","changeProcessorDIV","checkChangeFlowTR","cmBaseCustomerInfoCode_id","currentHandlersLabel","currentHandlersRow","currentNodeDescription","descriptionRow","docStatus","drafterOptButton","extendRoleOptRow","fdFlowDescription","flowGraphic","flowGraphicShowCheckbox","flowLogTableTD","handlerShowNames[]","historyHandlersLabel","historyHandlersRow","historyInfoTableIframe","historyInfoTableTD","historyTableTR","historyhandlerOpt","lbpm_highLevelTab","lui-id-","modifyFlowDIV","nextNodeName[]","nodeCanViewCurNodeTR","notifyLevelRow","notifyLevelTD","notifyOnFinish","notifyOptionTR","notifyTypeRow","operationItemsRow","operationMethodsGroup","operationMethodsRow","operationsRow","operationsRow_Scope","operationsTDContent","operationsTDContent_Scope","operationsTDTitle","operationsTDTitle_Scope","optionButtons","otherCanViewCurNodeTR","processStatusLabel","processStatusRow","process_review_button","process_review_tabcontent","saveDraftButton","showDetails","sysWfBusinessForm.canStartProcess","sysWfBusinessForm.fdAdditionsParameterJson","sysWfBusinessForm.fdAuditNoteFdId","sysWfBusinessForm.fdCurHanderId","sysWfBusinessForm.fdCurNodeSavedXML","sysWfBusinessForm.fdCurNodeXML","sysWfBusinessForm.fdDraftorId","sysWfBusinessForm.fdDraftorName","sysWfBusinessForm.fdFlowContent","sysWfBusinessForm.fdHandlerRoleInfoIds","sysWfBusinessForm.fdHandlerRoleInfoNames","sysWfBusinessForm.fdIdentityId","sysWfBusinessForm.fdIsModify","sysWfBusinessForm.fdKey","sysWfBusinessForm.fdModelId","sysWfBusinessForm.fdModelName","sysWfBusinessForm.fdParameterJson","sysWfBusinessForm.fdProcessId","sysWfBusinessForm.fdProcessStatus","sysWfBusinessForm.fdTemplateKey","sysWfBusinessForm.fdTemplateModelName","sysWfBusinessForm.fdTranProcessXML","systemNotifyTypeTD","toolbar","workflowInfoTD","workflowTableTD"],["Label_Tabel_Workflow_Info","Label_Tabel_Workflow_Info_Label_Btn_","Label_Tabel_Workflow_Info_Label_Img__","SWFUpload_","TABLE_Revise","TABLE_Revise_Add","WF_IFrame","WF_TableIFrame","_List_eeceabdfbbf_Attachment_Table","assignmentRow","att_xtable_eeceabdfbbf","attachmentObject_eeceabdfbbf_content_div","authorityOptButton","cmBaseCustomerInfoCode_id","currentHandlersLabel","currentHandlersRow","currentNodeDescription","descriptionRow","docStatus","drafterOptButton","extendRoleOptRow","fdFlowDescription","flowGraphic","flowGraphicShowCheckbox","flowLogTableTD","historyHandlersLabel","historyHandlersRow","historyInfoTableIframe","historyInfoTableTD","historyTableTR","history_handler_backButton","historyhandlerOpt","lui-id-","notifyLevelRow","notifyLevelTD","operationItemsRow","operationMethodsGroup","operationMethodsRow","operationsRow","operationsRow_Scope","operationsTDContent","operationsTDContent_Scope","operationsTDTitle","operationsTDTitle_Scope","optionButtons","processStatusLabel","processStatusRow","process_review_button","process_review_tabcontent","saveDraftButton","showDetails","sysWfBusinessForm.canStartProcess","sysWfBusinessForm.fdAdditionsParameterJson","sysWfBusinessForm.fdAuditNoteFdId","sysWfBusinessForm.fdCurHanderId","sysWfBusinessForm.fdCurNodeSavedXML","sysWfBusinessForm.fdCurNodeXML","sysWfBusinessForm.fdDraftorId","sysWfBusinessForm.fdDraftorName","sysWfBusinessForm.fdFlowContent","sysWfBusinessForm.fdHandlerRoleInfoIds","sysWfBusinessForm.fdHandlerRoleInfoNames","sysWfBusinessForm.fdIdentityId","sysWfBusinessForm.fdIsModify","sysWfBusinessForm.fdKey","sysWfBusinessForm.fdModelId","sysWfBusinessForm.fdModelName","sysWfBusinessForm.fdParameterJson","sysWfBusinessForm.fdProcessId","sysWfBusinessForm.fdProcessStatus","sysWfBusinessForm.fdTemplateKey","sysWfBusinessForm.fdTemplateModelName","sysWfBusinessForm.fdTranProcessXML","toolbar","workflowInfoTD","workflowTableTD"],["Label_Tabel_Workflow_Info","Label_Tabel_Workflow_Info_Label_Btn_","Label_Tabel_Workflow_Info_Label_Img__","SWFUpload_","TABLE_Revise","TABLE_Revise_Add","WF_IFrame","WF_TableIFrame","_List_bccbdfeb_Attachment_Table","__notify_type_bfdbcfccecaa_sysWfBusinessForm.fdSystemNotifyType","assignmentRow","att_xtable_bccbdfeb","attachmentObject_bccbdfeb_content_div","authorityOptButton","changeProcessorDIV","checkChangeFlowTR","cmBaseCustomerInfoCode_id","currentHandlersLabel","currentHandlersRow","currentNodeDescription","descriptionRow","dialog_iframe","docStatus","drafterOptButton","extendRoleOptRow","fdFlowDescription","flowGraphic","flowGraphicShowCheckbox","flowLogTableTD","handlerShowNames[]","historyHandlersLabel","historyHandlersRow","historyInfoTableIframe","historyInfoTableTD","historyTableTR","historyhandlerOpt","lbpm_highLevelTab","lui-id-","modifyFlowDIV","nextNodeName[]","nodeCanViewCurNodeTR","notifyLevelRow","notifyLevelTD","notifyOnFinish","notifyOptionTR","notifyTypeRow","operationItemsRow","operationMethodsGroup","operationMethodsRow","operationsRow","operationsRow_Scope","operationsTDContent","operationsTDContent_Scope","operationsTDTitle","operationsTDTitle_Scope","optionButtons","otherCanViewCurNodeTR","processStatusLabel","processStatusRow","process_review_button","process_review_tabcontent","saveDraftButton","showDetails","sysWfBusinessForm.canStartProcess","sysWfBusinessForm.fdAdditionsParameterJson","sysWfBusinessForm.fdAuditNoteFdId","sysWfBusinessForm.fdCurHanderId","sysWfBusinessForm.fdCurNodeSavedXML","sysWfBusinessForm.fdCurNodeXML","sysWfBusinessForm.fdDraftorId","sysWfBusinessForm.fdDraftorName","sysWfBusinessForm.fdFlowContent","sysWfBusinessForm.fdHandlerRoleInfoIds","sysWfBusinessForm.fdHandlerRoleInfoNames","sysWfBusinessForm.fdIdentityId","sysWfBusinessForm.fdIsModify","sysWfBusinessForm.fdKey","sysWfBusinessForm.fdModelId","sysWfBusinessForm.fdModelName","sysWfBusinessForm.fdParameterJson","sysWfBusinessForm.fdProcessId","sysWfBusinessForm.fdProcessStatus","sysWfBusinessForm.fdTemplateKey","sysWfBusinessForm.fdTemplateModelName","sysWfBusinessForm.fdTranProcessXML","systemNotifyTypeTD","toolbar","workflowInfoTD","workflowTableTD"],["Label_Tabel_Workflow_Info","Label_Tabel_Workflow_Info_Label_Btn_","Label_Tabel_Workflow_Info_Label_Img__","SWFUpload_","TABLE_Revise","TABLE_Revise_Add","WF_IFrame","WF_TableIFrame","_List_bedbacaddeb_Attachment_Table","__notify_type_bedeeecfdfadd_sysWfBusinessForm.fdSystemNotifyType","assignmentRow","att_xtable_bedbacaddeb","attachmentObject_bedbacaddeb_content_div","authorityOptButton","changeProcessorDIV","checkChangeFlowTR","cmBaseCustomerInfoCode_id","currentHandlersLabel","currentHandlersRow","currentNodeDescription","descriptionRow","docStatus","drafterOptButton","extendRoleOptRow","fdFlowDescription","flowGraphic","flowGraphicShowCheckbox","flowLogTableTD","handlerShowNames[]","historyHandlersLabel","historyHandlersRow","historyInfoTableIframe","historyInfoTableTD","historyTableTR","historyhandlerOpt","lbpm_highLevelTab","lui-id-","modifyFlowDIV","nextNodeName[]","nodeCanViewCurNodeTR","notifyLevelRow","notifyLevelTD","notifyOnFinish","notifyOptionTR","notifyTypeRow","operationItemsRow","operationMethodsGroup","operationMethodsRow","operationsRow","operationsRow_Scope","operationsTDContent","operationsTDContent_Scope","operationsTDTitle","operationsTDTitle_Scope","optionButtons","otherCanViewCurNodeTR","processStatusLabel","processStatusRow","process_review_button","process_review_tabcontent","saveDraftButton","showDetails","sysWfBusinessForm.canStartProcess","sysWfBusinessForm.fdAdditionsParameterJson","sysWfBusinessForm.fdAuditNoteFdId","sysWfBusinessForm.fdCurHanderId","sysWfBusinessForm.fdCurNodeSavedXML","sysWfBusinessForm.fdCurNodeXML","sysWfBusinessForm.fdDraftorId","sysWfBusinessForm.fdDraftorName","sysWfBusinessForm.fdFlowContent","sysWfBusinessForm.fdHandlerRoleInfoIds","sysWfBusinessForm.fdHandlerRoleInfoNames","sysWfBusinessForm.fdIdentityId","sysWfBusinessForm.fdIsModify","sysWfBusinessForm.fdKey","sysWfBusinessForm.fdModelId","sysWfBusinessForm.fdModelName","sysWfBusinessForm.fdParameterJson","sysWfBusinessForm.fdProcessId","sysWfBusinessForm.fdProcessStatus","sysWfBusinessForm.fdTemplateKey","sysWfBusinessForm.fdTemplateModelName","sysWfBusinessForm.fdTranProcessXML","systemNotifyTypeTD","toolbar","workflowInfoTD","workflowTableTD"],["Label_Tabel_Workflow_Info","Label_Tabel_Workflow_Info_Label_Btn_","Label_Tabel_Workflow_Info_Label_Img__","SWFUpload_","TABLE_Revise","TABLE_Revise_Add","WF_IFrame","WF_TableIFrame","_List_ebadadbe_Attachment_Table","assignmentRow","att_xtable_ebadadbe","attachmentObject_ebadadbe_content_div","authorityOptButton","cmBaseCustomerInfoCode_id","currentHandlersLabel","currentHandlersRow","currentNodeDescription","descriptionRow","docStatus","drafterOptButton","extendRoleOptRow","fdFlowDescription","flowGraphic","flowGraphicShowCheckbox","flowLogTableTD","historyHandlersLabel","historyHandlersRow","historyInfoTableIframe","historyInfoTableTD","historyTableTR","history_handler_backButton","historyhandlerOpt","lui-id-","notifyLevelRow","notifyLevelTD","operationItemsRow","operationMethodsGroup","operationMethodsRow","operationsRow","operationsRow_Scope","operationsTDContent","operationsTDContent_Scope","operationsTDTitle","operationsTDTitle_Scope","optionButtons","processStatusLabel","processStatusRow","process_review_button","process_review_tabcontent","saveDraftButton","showDetails","sysWfBusinessForm.canStartProcess","sysWfBusinessForm.fdAdditionsParameterJson","sysWfBusinessForm.fdAuditNoteFdId","sysWfBusinessForm.fdCurHanderId","sysWfBusinessForm.fdCurNodeSavedXML","sysWfBusinessForm.fdCurNodeXML","sysWfBusinessForm.fdDraftorId","sysWfBusinessForm.fdDraftorName","sysWfBusinessForm.fdFlowContent","sysWfBusinessForm.fdHandlerRoleInfoIds","sysWfBusinessForm.fdHandlerRoleInfoNames","sysWfBusinessForm.fdIdentityId","sysWfBusinessForm.fdIsModify","sysWfBusinessForm.fdKey","sysWfBusinessForm.fdModelId","sysWfBusinessForm.fdModelName","sysWfBusinessForm.fdParameterJson","sysWfBusinessForm.fdProcessId","sysWfBusinessForm.fdProcessStatus","sysWfBusinessForm.fdTemplateKey","sysWfBusinessForm.fdTemplateModelName","sysWfBusinessForm.fdTranProcessXML","toolbar","workflowInfoTD","workflowTableTD"],["Label_Tabel_Workflow_Info","Label_Tabel_Workflow_Info_Label_Btn_","Label_Tabel_Workflow_Info_Label_Img__","TABLE_Revise","TABLE_Revise_Add","WF_IFrame","WF_TableIFrame","cmBaseCustomerInfoCode_id","docStatus","fdFlowDescription","flowGraphic","flowGraphicShowCheckbox","flowLogTableTD","historyInfoTableIframe","historyInfoTableTD","historyTableTR","lui-id-","process_review_tabcontent","showDetails","sysWfBusinessForm.canStartProcess","sysWfBusinessForm.fdAdditionsParameterJson","sysWfBusinessForm.fdAuditNoteFdId","sysWfBusinessForm.fdCurHanderId","sysWfBusinessForm.fdCurNodeSavedXML","sysWfBusinessForm.fdCurNodeXML","sysWfBusinessForm.fdDraftorId","sysWfBusinessForm.fdDraftorName","sysWfBusinessForm.fdFlowContent","sysWfBusinessForm.fdHandlerRoleInfoIds","sysWfBusinessForm.fdHandlerRoleInfoNames","sysWfBusinessForm.fdIdentityId","sysWfBusinessForm.fdIsModify","sysWfBusinessForm.fdKey","sysWfBusinessForm.fdModelId","sysWfBusinessForm.fdModelName","sysWfBusinessForm.fdParameterJson","sysWfBusinessForm.fdProcessId","sysWfBusinessForm.fdProcessStatus","sysWfBusinessForm.fdTemplateKey","sysWfBusinessForm.fdTemplateModelName","sysWfBusinessForm.fdTranProcessXML","toolbar","top","workflowInfoTD","workflowTableTD"]],"context4_NA59BG":[["Label_Tabel_Workflow_Info","Label_Tabel_Workflow_Info_Label_Btn_","Label_Tabel_Workflow_Info_Label_Img__","TABLE_Materiel","WF_IFrame","WF_TableIFrame","addressNote","cmBaseCustomerInfoAreaLevel_id","cmBaseCustomerInfoCode_id","docStatus","fdFlowDescription","flowGraphic","flowGraphicShowCheckbox","flowLogTableTD","historyInfoTableIframe","historyInfoTableTD","historyTableTR","lui-id-","moneyOfApprovalTotal","moneyTotal","process_review_tabcontent","showDetails","sysWfBusinessForm.canStartProcess","sysWfBusinessForm.fdAdditionsParameterJson","sysWfBusinessForm.fdAuditNoteFdId","sysWfBusinessForm.fdCurHanderId","sysWfBusinessForm.fdCurNodeSavedXML","sysWfBusinessForm.fdCurNodeXML","sysWfBusinessForm.fdDraftorId","sysWfBusinessForm.fdDraftorName","sysWfBusinessForm.fdFlowContent","sysWfBusinessForm.fdHandlerRoleInfoIds","sysWfBusinessForm.fdHandlerRoleInfoNames","sysWfBusinessForm.fdIdentityId","sysWfBusinessForm.fdIsModify","sysWfBusinessForm.fdKey","sysWfBusinessForm.fdModelId","sysWfBusinessForm.fdModelName","sysWfBusinessForm.fdParameterJson","sysWfBusinessForm.fdProcessId","sysWfBusinessForm.fdProcessStatus","sysWfBusinessForm.fdTemplateKey","sysWfBusinessForm.fdTemplateModelName","sysWfBusinessForm.fdTranProcessXML","toolbar","workflowInfoTD","workflowTableTD"],["Label_Tabel_Workflow_Info","Label_Tabel_Workflow_Info_Label_Btn_","Label_Tabel_Workflow_Info_Label_Img__","SWFUpload_","TABLE_Materiel","WF_IFrame","WF_TableIFrame","_List_fcbcfaacddfafcaa_Attachment_Table","__notify_type_fcbcdedcbdca_sysWfBusinessForm.fdSystemNotifyType","addressNote","assignmentRow","att_xtable_fcbcfaacddfafcaa","attachmentObject_fcbcfaacddfafcaa_content_div","authorityOptButton","changeProcessorDIV","checkChangeFlowTR","cmBaseCustomerInfoAreaLevel_id","cmBaseCustomerInfoCode_id","currentHandlersLabel","currentHandlersRow","currentNodeDescription","descriptionRow","dialog_iframe","docStatus","drafterOptButton","extendRoleOptRow","fdFlowDescription","flowGraphic","flowGraphicShowCheckbox","flowLogTableTD","historyHandlersLabel","historyHandlersRow","historyInfoTableIframe","historyInfoTableTD","historyTableTR","historyhandlerOpt","lbpm_highLevelTab","lui-id-","modifyFlowDIV","moneyOfApprovalTotal","moneyTotal","nodeCanViewCurNodeTR","notifyLevelRow","notifyLevelTD","notifyOnFinish","notifyOptionTR","notifyTypeRow","operationItemsRow","operationMethodsGroup","operationMethodsRow","operationsRow","operationsRow_Scope","operationsTDContent","operationsTDContent_Scope","operationsTDTitle","operationsTDTitle_Scope","optionButtons","otherCanViewCurNodeTR","processStatusLabel","processStatusRow","process_review_button","process_review_tabcontent","saveDraftButton","showDetails","sysWfBusinessForm.canStartProcess","sysWfBusinessForm.fdAdditionsParameterJson","sysWfBusinessForm.fdAuditNoteFdId","sysWfBusinessForm.fdCurHanderId","sysWfBusinessForm.fdCurNodeSavedXML","sysWfBusinessForm.fdCurNodeXML","sysWfBusinessForm.fdDraftorId","sysWfBusinessForm.fdDraftorName","sysWfBusinessForm.fdFlowContent","sysWfBusinessForm.fdHandlerRoleInfoIds","sysWfBusinessForm.fdHandlerRoleInfoNames","sysWfBusinessForm.fdIdentityId","sysWfBusinessForm.fdIsModify","sysWfBusinessForm.fdKey","sysWfBusinessForm.fdModelId","sysWfBusinessForm.fdModelName","sysWfBusinessForm.fdParameterJson","sysWfBusinessForm.fdProcessId","sysWfBusinessForm.fdProcessStatus","sysWfBusinessForm.fdTemplateKey","sysWfBusinessForm.fdTemplateModelName","sysWfBusinessForm.fdTranProcessXML","systemNotifyTypeTD","toOtherHandlerIds","toOtherHandlerNames","toolbar","workflowInfoTD","workflowTableTD"],["Label_Tabel_Workflow_Info","Label_Tabel_Workflow_Info_Label_Btn_","Label_Tabel_Workflow_Info_Label_Img__","SWFUpload_","TABLE_Materiel","WF_IFrame","WF_TableIFrame","_List_fcffefcfcfdfeb_Attachment_Table","addressNote","assignmentRow","att_xtable_fcffefcfcfdfeb","attachmentObject_fcffefcfcfdfeb_content_div","authorityOptButton","cmBaseCustomerInfoAreaLevel_id","cmBaseCustomerInfoCode_id","currentHandlersLabel","currentHandlersRow","currentNodeDescription","descriptionRow","docStatus","drafterOptButton","extendRoleOptRow","fdFlowDescription","fdRealPayMoney_div","fdSupportApply_div","flowGraphic","flowGraphicShowCheckbox","flowLogTableTD","historyHandlersLabel","historyHandlersRow","historyInfoTableIframe","historyInfoTableTD","historyTableTR","historyhandlerOpt","lui-id-","moneyOfApprovalTotal","moneyTotal","notifyLevelRow","notifyLevelTD","operationItemsRow","operationMethodsGroup","operationMethodsRow","operationsRow","operationsRow_Scope","operationsTDContent","operationsTDContent_Scope","operationsTDTitle","operationsTDTitle_Scope","optionButtons","processStatusLabel","processStatusRow","process_review_button","process_review_tabcontent","saveDraftButton","showDetails","sysWfBusinessForm.canStartProcess","sysWfBusinessForm.fdAdditionsParameterJson","sysWfBusinessForm.fdAuditNoteFdId","sysWfBusinessForm.fdCurHanderId","sysWfBusinessForm.fdCurNodeSavedXML","sysWfBusinessForm.fdCurNodeXML","sysWfBusinessForm.fdDraftorId","sysWfBusinessForm.fdDraftorName","sysWfBusinessForm.fdFlowContent","sysWfBusinessForm.fdHandlerRoleInfoIds","sysWfBusinessForm.fdHandlerRoleInfoNames","sysWfBusinessForm.fdIdentityId","sysWfBusinessForm.fdIsModify","sysWfBusinessForm.fdKey","sysWfBusinessForm.fdModelId","sysWfBusinessForm.fdModelName","sysWfBusinessForm.fdParameterJson","sysWfBusinessForm.fdProcessId","sysWfBusinessForm.fdProcessStatus","sysWfBusinessForm.fdTemplateKey","sysWfBusinessForm.fdTemplateModelName","sysWfBusinessForm.fdTranProcessXML","toolbar","workflowInfoTD","workflowTableTD"],["Label_Tabel_Workflow_Info","Label_Tabel_Workflow_Info_Label_Btn_","Label_Tabel_Workflow_Info_Label_Img__","SWFUpload_","TABLE_Materiel","WF_IFrame","WF_TableIFrame","_List_fcbcecbafbacd_Attachment_Table","addressNote","assignmentRow","att_xtable_fcbcecbafbacd","attachmentObject_fcbcecbafbacd_content_div","authorityOptButton","cmBaseCustomerInfoAreaLevel_id","cmBaseCustomerInfoCode_id","currentHandlersLabel","currentHandlersRow","currentNodeDescription","descriptionRow","docStatus","drafterOptButton","extendRoleOptRow","fdFlowDescription","fdRealPayMoney_div","fdSupportApply_div","flowGraphic","flowGraphicShowCheckbox","flowLogTableTD","historyHandlersLabel","historyHandlersRow","historyInfoTableIframe","historyInfoTableTD","historyTableTR","historyhandlerOpt","lui-id-","moneyOfApprovalTotal","moneyTotal","notifyLevelRow","notifyLevelTD","operationItemsRow","operationMethodsGroup","operationMethodsRow","operationsRow","operationsRow_Scope","operationsTDContent","operationsTDContent_Scope","operationsTDTitle","operationsTDTitle_Scope","optionButtons","processStatusLabel","processStatusRow","process_review_button","process_review_tabcontent","saveDraftButton","showDetails","sysWfBusinessForm.canStartProcess","sysWfBusinessForm.fdAdditionsParameterJson","sysWfBusinessForm.fdAuditNoteFdId","sysWfBusinessForm.fdCurHanderId","sysWfBusinessForm.fdCurNodeSavedXML","sysWfBusinessForm.fdCurNodeXML","sysWfBusinessForm.fdDraftorId","sysWfBusinessForm.fdDraftorName","sysWfBusinessForm.fdFlowContent","sysWfBusinessForm.fdHandlerRoleInfoIds","sysWfBusinessForm.fdHandlerRoleInfoNames","sysWfBusinessForm.fdIdentityId","sysWfBusinessForm.fdIsModify","sysWfBusinessForm.fdKey","sysWfBusinessForm.fdModelId","sysWfBusinessForm.fdModelName","sysWfBusinessForm.fdParameterJson","sysWfBusinessForm.fdProcessId","sysWfBusinessForm.fdProcessStatus","sysWfBusinessForm.fdTemplateKey","sysWfBusinessForm.fdTemplateModelName","sysWfBusinessForm.fdTranProcessXML","toolbar","workflowInfoTD","workflowTableTD"],["Label_Tabel_Workflow_Info","Label_Tabel_Workflow_Info_Label_Btn_","Label_Tabel_Workflow_Info_Label_Img__","TABLE_Materiel","WF_IFrame","WF_TableIFrame","addressNote","cmBaseCustomerInfoCode_id","docStatus","fdFlowDescription","flowGraphic","flowGraphicShowCheckbox","flowLogTableTD","historyInfoTableIframe","historyInfoTableTD","historyTableTR","lui-id-","moneyOfApprovalTotal","moneyTotal","process_review_tabcontent","showDetails","sysWfBusinessForm.canStartProcess","sysWfBusinessForm.fdAdditionsParameterJson","sysWfBusinessForm.fdAuditNoteFdId","sysWfBusinessForm.fdCurHanderId","sysWfBusinessForm.fdCurNodeSavedXML","sysWfBusinessForm.fdCurNodeXML","sysWfBusinessForm.fdDraftorId","sysWfBusinessForm.fdDraftorName","sysWfBusinessForm.fdFlowContent","sysWfBusinessForm.fdHandlerRoleInfoIds","sysWfBusinessForm.fdHandlerRoleInfoNames","sysWfBusinessForm.fdIdentityId","sysWfBusinessForm.fdIsModify","sysWfBusinessForm.fdKey","sysWfBusinessForm.fdModelId","sysWfBusinessForm.fdModelName","sysWfBusinessForm.fdParameterJson","sysWfBusinessForm.fdProcessId","sysWfBusinessForm.fdProcessStatus","sysWfBusinessForm.fdTemplateKey","sysWfBusinessForm.fdTemplateModelName","sysWfBusinessForm.fdTranProcessXML","toolbar","workflowInfoTD","workflowTableTD"]],"context1_VOE93d":[["__user_info__img__","criteria","listview","lui-id-","mainContent","mainIframe","queryListView","top"],["Label_Tabel_Workflow_Info","Label_Tabel_Workflow_Info_Label_Btn_","Label_Tabel_Workflow_Info_Label_Img__","TABLE_Adjust_Color","TABLE_Prodorder","WF_IFrame","WF_TableIFrame","addressNote","cmBaseCompanyName_id","cmBaseCustomerInfoCode_id","docStatus","fdFlowDescription","flowGraphic","flowGraphicShowCheckbox","flowLogTableTD","historyInfoTableIframe","historyInfoTableTD","historyTableTR","lui-id-","process_review_tabcontent","showDetails","sysWfBusinessForm.canStartProcess","sysWfBusinessForm.fdAdditionsParameterJson","sysWfBusinessForm.fdAuditNoteFdId","sysWfBusinessForm.fdCurHanderId","sysWfBusinessForm.fdCurNodeSavedXML","sysWfBusinessForm.fdCurNodeXML","sysWfBusinessForm.fdDraftorId","sysWfBusinessForm.fdDraftorName","sysWfBusinessForm.fdFlowContent","sysWfBusinessForm.fdHandlerRoleInfoIds","sysWfBusinessForm.fdHandlerRoleInfoNames","sysWfBusinessForm.fdIdentityId","sysWfBusinessForm.fdIsModify","sysWfBusinessForm.fdKey","sysWfBusinessForm.fdModelId","sysWfBusinessForm.fdModelName","sysWfBusinessForm.fdParameterJson","sysWfBusinessForm.fdProcessId","sysWfBusinessForm.fdProcessStatus","sysWfBusinessForm.fdTemplateKey","sysWfBusinessForm.fdTemplateModelName","sysWfBusinessForm.fdTranProcessXML","toolbar","workflowInfoTD","workflowTableTD"]]}},"page/classes":{"contexts":{"context2_A7MKJB":[["btnlabel","clearfloat","cmBaseMaterielCode","cmBaseMaterielProdline","cmBaseMaterielSepc","cmBaseMaterielType","com_author","com_btn_link","fdConfirmNumber","fdConfirmNumberDiv","inputsgl","lui-component","lui_form_content_frame","lui_form_subject","lui_form_title_frame","lui_panel_content_inside","lui_portlet_operations","lui_tabpage_float_content","lui_tabpage_float_content_c","lui_tabpage_float_content_l","lui_tabpage_float_content_r","lui_tabpage_float_contents","lui_tabpage_float_footer_c","lui_tabpage_float_footer_l","lui_tabpage_float_footer_r","lui_tabpage_float_header_c","lui_tabpage_float_header_close","lui_tabpage_float_header_l","lui_tabpage_float_header_r","lui_tabpage_float_header_text","lui_tabpage_float_header_title","lui_tabpage_float_nav_item","lui_tabpage_float_nav_item_c","lui_tabpage_float_nav_item_l","lui_tabpage_float_nav_item_r","lui_tabpage_float_navs","lui_tabpage_float_navs_c","lui_tabpage_float_navs_l","lui_tabpage_float_navs_mark","lui_tabpage_float_navs_r","lui_tabpage_frame","lui_toolbar_btn","lui_toolbar_btn_c","lui_toolbar_btn_l","lui_toolbar_btn_r","lui_toolbar_content","lui_toolbar_frame_float","lui_toolbar_frame_float_mark","lui_toolbar_left","lui_toolbar_right","lui_widget_btn","lui_widget_btn_txt","nodeinfo_box","process_review_button","process_review_content","process_review_panel","selected","swfupload","swfuploadbutton","swfuploadtext","tb_label","tb_noborder","tb_normal","td_label","td_normal_title","tr_normal_title","uploadinfotext"],["arrow_t","btn","btnlabel","clearfloat","clrfix","cmBaseMaterielCode","cmBaseMaterielProdline","cmBaseMaterielSepc","cmBaseMaterielType","com_author","com_btn_link","cover","fdConfirmNumber","fdConfirmNumberDiv","gender_male","inputsgl","lui-component","lui_fans_btn_follow_c","lui_fans_btn_follow_l","lui_fans_btn_follow_r","lui_form_content_frame","lui_form_subject","lui_form_title_frame","lui_icon_s","lui_panel_content_inside","lui_portlet_operations","lui_tabpage_float_content","lui_tabpage_float_content_c","lui_tabpage_float_content_l","lui_tabpage_float_content_r","lui_tabpage_float_contents","lui_tabpage_float_footer_c","lui_tabpage_float_footer_l","lui_tabpage_float_footer_r","lui_tabpage_float_header_c","lui_tabpage_float_header_close","lui_tabpage_float_header_l","lui_tabpage_float_header_r","lui_tabpage_float_header_text","lui_tabpage_float_header_title","lui_tabpage_float_nav_item","lui_tabpage_float_nav_item_c","lui_tabpage_float_nav_item_l","lui_tabpage_float_nav_item_r","lui_tabpage_float_navs","lui_tabpage_float_navs_c","lui_tabpage_float_navs_l","lui_tabpage_float_navs_mark","lui_tabpage_float_navs_r","lui_tabpage_frame","lui_toolbar_btn","lui_toolbar_btn_c","lui_toolbar_btn_l","lui_toolbar_btn_r","lui_toolbar_content","lui_toolbar_frame_float","lui_toolbar_frame_float_mark","lui_toolbar_left","lui_toolbar_right","lui_widget_btn","lui_widget_btn_txt","lui_zone_info_arrow_block","lui_zone_info_arrow_border","lui_zone_info_arrow_box","lui_zone_info_arrow_cover","lui_zone_popup","lui_zone_popupW","lui_zone_popup_content","nodeinfo_box","p","person_basicInfo","person_brief","person_postInfo","photo","process_review_button","process_review_content","process_review_panel","selected","swfupload","swfuploadbutton","swfuploadtext","sys_fans_btn","tb_label","tb_noborder","tb_normal","td_label","td_normal_title","textEllipsis","tr_normal_title","uploadinfotext"],["btnlabel","clearfloat","clr","cmBaseMaterielCode","cmBaseMaterielPriceItem","cmBaseMaterielProdline","cmBaseMaterielSepc","cmBaseMaterielType","cmBaseUnitIdClass","com_ap_bar_bottom","com_ap_bar_centre","com_approval_bar","com_author","com_btn_link","com_help","fdConfirmNumber","fdConfirmNumberDiv","input","inputSgl","inputselectsgl","inputsgl","lui-component","lui_dialog_bottomC","lui_dialog_bottomL","lui_dialog_bottomR","lui_dialog_buttons","lui_dialog_centerC","lui_dialog_centerL","lui_dialog_centerR","lui_dialog_container","lui_dialog_content","lui_dialog_frame","lui_dialog_head","lui_dialog_headL","lui_dialog_headR","lui_dialog_head_left","lui_dialog_head_right","lui_form_content_frame","lui_form_subject","lui_form_title_frame","lui_panel_content_inside","lui_portlet_operations","lui_tabpage_float_content","lui_tabpage_float_content_c","lui_tabpage_float_content_l","lui_tabpage_float_content_r","lui_tabpage_float_contents","lui_tabpage_float_footer_c","lui_tabpage_float_footer_l","lui_tabpage_float_footer_r","lui_tabpage_float_header_c","lui_tabpage_float_header_close","lui_tabpage_float_header_l","lui_tabpage_float_header_r","lui_tabpage_float_header_text","lui_tabpage_float_header_title","lui_tabpage_float_nav_item","lui_tabpage_float_nav_item_c","lui_tabpage_float_nav_item_l","lui_tabpage_float_nav_item_r","lui_tabpage_float_navs","lui_tabpage_float_navs_c","lui_tabpage_float_navs_l","lui_tabpage_float_navs_mark","lui_tabpage_float_navs_r","lui_tabpage_frame","lui_toolbar_btn","lui_toolbar_btn_c","lui_toolbar_btn_def","lui_toolbar_btn_l","lui_toolbar_btn_r","lui_toolbar_content","lui_toolbar_frame_float","lui_toolbar_frame_float_mark","lui_toolbar_left","lui_toolbar_right","lui_widget_btn","lui_widget_btn_txt","nodeinfo_box","orgelement","process_review_button","process_review_content","process_review_panel","selected","selectitem","swfupload","swfuploadbutton","swfuploadtext","tb_label","tb_noborder","tb_normal","td_label","td_normal_title","tr_normal_title","txtstrong","uploadinfotext"],["active","icon-group","icon-org","icon-recently","icon-search","innerbar","lui-address-btn-updown","lui-address-buttons","lui-address-contentArea-dt","lui-address-nav-search","lui-address-nav-searchbar","lui-address-nav-searchcancel","lui-address-panel-container","lui-address-panel-contentArea","lui-address-panel-contentWrap","lui-address-panel-left","lui-address-panel-left-tmp","lui-address-panel-nav","lui-address-panel-nav-ul","lui-address-panel-selectlist","lui-address-select-panel","lui-address-selectearea","lui-address-selectedbox","lui-address-selectedbox-ul","lui-component","lui-form-control","lui_address_buttons_container","lui_address_centreC","lui_address_centreL","lui_address_centreR","lui_address_select_area","lui_address_tabs","lui_address_tabs_ul","lui_toolbar_btn_c","lui_toolbar_btn_def","lui_toolbar_btn_gray","lui_toolbar_btn_l","lui_toolbar_btn_r","lui_widget_btn","lui_widget_btn_txt","noData"],["btnlabel","clearfloat","cmBaseMaterielMoney","cmBaseMaterielName_div","cmBaseMaterielType_div","cmBaseMaterielUnitName_div","fdMoneyOfApproval","isBindSaleDiv","lui-component","lui_form_baseinfo","lui_form_content_frame","lui_form_subject","lui_form_title_frame","lui_panel_content_inside","lui_portlet_operations","lui_tabpage_float_content","lui_tabpage_float_content_c","lui_tabpage_float_content_l","lui_tabpage_float_content_r","lui_tabpage_float_contents","lui_tabpage_float_footer_c","lui_tabpage_float_footer_l","lui_tabpage_float_footer_r","lui_tabpage_float_header_c","lui_tabpage_float_header_close","lui_tabpage_float_header_l","lui_tabpage_float_header_r","lui_tabpage_float_header_text","lui_tabpage_float_header_title","lui_tabpage_float_nav_item","lui_tabpage_float_nav_item_c","lui_tabpage_float_nav_item_l","lui_tabpage_float_nav_item_r","lui_tabpage_float_navs","lui_tabpage_float_navs_c","lui_tabpage_float_navs_l","lui_tabpage_float_navs_mark","lui_tabpage_float_navs_r","lui_tabpage_frame","lui_toolbar_btn","lui_toolbar_btn_c","lui_toolbar_btn_l","lui_toolbar_btn_r","lui_toolbar_content","lui_toolbar_frame_float","lui_toolbar_frame_float_mark","lui_toolbar_left","lui_toolbar_right","lui_widget_btn","lui_widget_btn_txt","nodeinfo_box","process_review_panel","selected","tb_label","tb_normal","td_label","td_normal_title","tr_normal_title"],["btnlabel","clearfloat","cmBaseMaterielCode","cmBaseMaterielPriceItem","cmBaseMaterielProdline","cmBaseMaterielSepc","cmBaseMaterielType","cmBaseUnitSelect","com_ap_bar_bottom","com_ap_bar_centre","com_approval_bar","com_author","com_btn_link","com_help","fdConfirmNumber","fdConfirmNumberDiv","handlerNamesLabel","input","inputselectsgl","inputsgl","lbpmNextRouteInfoRow","lui-component","lui_form_content_frame","lui_form_subject","lui_form_title_frame","lui_panel_content_inside","lui_portlet_operations","lui_tabpage_float_content","lui_tabpage_float_content_c","lui_tabpage_float_content_l","lui_tabpage_float_content_r","lui_tabpage_float_contents","lui_tabpage_float_footer_c","lui_tabpage_float_footer_l","lui_tabpage_float_footer_r","lui_tabpage_float_header_c","lui_tabpage_float_header_close","lui_tabpage_float_header_l","lui_tabpage_float_header_r","lui_tabpage_float_header_text","lui_tabpage_float_header_title","lui_tabpage_float_nav_item","lui_tabpage_float_nav_item_c","lui_tabpage_float_nav_item_l","lui_tabpage_float_nav_item_r","lui_tabpage_float_navs","lui_tabpage_float_navs_c","lui_tabpage_float_navs_l","lui_tabpage_float_navs_mark","lui_tabpage_float_navs_r","lui_tabpage_frame","lui_toolbar_btn","lui_toolbar_btn_c","lui_toolbar_btn_def","lui_toolbar_btn_l","lui_toolbar_btn_r","lui_toolbar_content","lui_toolbar_frame_float","lui_toolbar_frame_float_mark","lui_toolbar_left","lui_toolbar_right","lui_widget_btn","lui_widget_btn_txt","nodeinfo_box","process_review_button","process_review_content","process_review_panel","selected","selectitem","swfupload","swfuploadbutton","swfuploadtext","tb_label","tb_noborder","tb_normal","td_label","td_normal_title","tr_normal_title","txtstrong","uploadinfotext"],["btnlabel","clearfloat","clr","cmBaseMaterielCode","cmBaseMaterielPriceItem","cmBaseMaterielProdline","cmBaseMaterielSepc","cmBaseMaterielType","cmBaseUnitIdClass","com_ap_bar_bottom","com_ap_bar_centre","com_approval_bar","com_author","com_btn_link","com_help","fdConfirmNumber","fdConfirmNumberDiv","handlerNamesLabel","input","inputselectsgl","inputsgl","lbpmNextRouteInfoRow","lui-component","lui_dialog_bottomC","lui_dialog_bottomL","lui_dialog_bottomR","lui_dialog_buttons","lui_dialog_centerC","lui_dialog_centerL","lui_dialog_centerR","lui_dialog_container","lui_dialog_content","lui_dialog_frame","lui_dialog_head","lui_dialog_headL","lui_dialog_headR","lui_dialog_head_left","lui_dialog_head_right","lui_form_content_frame","lui_form_subject","lui_form_title_frame","lui_panel_content_inside","lui_portlet_operations","lui_tabpage_float_content","lui_tabpage_float_content_c","lui_tabpage_float_content_l","lui_tabpage_float_content_r","lui_tabpage_float_contents","lui_tabpage_float_footer_c","lui_tabpage_float_footer_l","lui_tabpage_float_footer_r","lui_tabpage_float_header_c","lui_tabpage_float_header_close","lui_tabpage_float_header_l","lui_tabpage_float_header_r","lui_tabpage_float_header_text","lui_tabpage_float_header_title","lui_tabpage_float_nav_item","lui_tabpage_float_nav_item_c","lui_tabpage_float_nav_item_l","lui_tabpage_float_nav_item_r","lui_tabpage_float_navs","lui_tabpage_float_navs_c","lui_tabpage_float_navs_l","lui_tabpage_float_navs_mark","lui_tabpage_float_navs_r","lui_tabpage_frame","lui_toolbar_btn","lui_toolbar_btn_c","lui_toolbar_btn_def","lui_toolbar_btn_l","lui_toolbar_btn_r","lui_toolbar_content","lui_toolbar_frame_float","lui_toolbar_frame_float_mark","lui_toolbar_left","lui_toolbar_right","lui_widget_btn","lui_widget_btn_txt","nodeinfo_box","process_review_button","process_review_content","process_review_panel","selected","selectitem","swfupload","swfuploadbutton","swfuploadtext","tb_label","tb_noborder","tb_normal","td_label","td_normal_title","tr_normal_title","txtstrong","uploadinfotext"],["btnlabel","clearfloat","cmBaseMaterielCode","cmBaseMaterielSepc","cmBaseMaterielType","com_ap_bar_bottom","com_ap_bar_centre","com_approval_bar","com_author","com_btn_link","com_help","fdConfirmNumber","fdConfirmNumberDiv","handlerNamesLabel","inputsgl","lbpmNextRouteInfoRow","lui-component","lui_form_content_frame","lui_form_subject","lui_form_title_frame","lui_panel_content_inside","lui_portlet_operations","lui_tabpage_float_content","lui_tabpage_float_content_c","lui_tabpage_float_content_l","lui_tabpage_float_content_r","lui_tabpage_float_contents","lui_tabpage_float_footer_c","lui_tabpage_float_footer_l","lui_tabpage_float_footer_r","lui_tabpage_float_header_c","lui_tabpage_float_header_close","lui_tabpage_float_header_l","lui_tabpage_float_header_r","lui_tabpage_float_header_text","lui_tabpage_float_header_title","lui_tabpage_float_nav_item","lui_tabpage_float_nav_item_c","lui_tabpage_float_nav_item_l","lui_tabpage_float_nav_item_r","lui_tabpage_float_navs","lui_tabpage_float_navs_c","lui_tabpage_float_navs_l","lui_tabpage_float_navs_mark","lui_tabpage_float_navs_r","lui_tabpage_frame","lui_toolbar_btn","lui_toolbar_btn_c","lui_toolbar_btn_def","lui_toolbar_btn_l","lui_toolbar_btn_r","lui_toolbar_content","lui_toolbar_frame_float","lui_toolbar_frame_float_mark","lui_toolbar_left","lui_toolbar_right","lui_widget_btn","lui_widget_btn_txt","nodeinfo_box","process_review_button","process_review_content","process_review_panel","selected","swfupload","swfuploadbutton","swfuploadtext","tb_label","tb_noborder","tb_normal","td_label","td_normal_title","tr_normal_title","uploadinfotext"],["btnlabel","clearfloat","cmBaseMaterielCode","cmBaseMaterielSepc","cmBaseMaterielType","com_goto","com_gototop","fdConfirmNumber","fdConfirmNumberDiv","inputsgl","lui-component","lui_form_content_frame","lui_form_subject","lui_form_title_frame","lui_icon_s","lui_icon_s_more_float","lui_panel_content_inside","lui_popup_border_content","lui_portlet_operations","lui_tabpage_float_content","lui_tabpage_float_content_c","lui_tabpage_float_content_l","lui_tabpage_float_content_r","lui_tabpage_float_contents","lui_tabpage_float_footer_c","lui_tabpage_float_footer_l","lui_tabpage_float_footer_r","lui_tabpage_float_header_c","lui_tabpage_float_header_close","lui_tabpage_float_header_l","lui_tabpage_float_header_r","lui_tabpage_float_header_text","lui_tabpage_float_header_title","lui_tabpage_float_nav_item","lui_tabpage_float_nav_item_c","lui_tabpage_float_nav_item_l","lui_tabpage_float_nav_item_r","lui_tabpage_float_navs","lui_tabpage_float_navs_c","lui_tabpage_float_navs_l","lui_tabpage_float_navs_mark","lui_tabpage_float_navs_r","lui_tabpage_frame","lui_toolbar_btn","lui_toolbar_btn_c","lui_toolbar_btn_l","lui_toolbar_btn_r","lui_toolbar_content","lui_toolbar_frame_float","lui_toolbar_frame_float_mark","lui_toolbar_frame_ver_float","lui_toolbar_left","lui_toolbar_popup_float","lui_toolbar_right","lui_widget_btn","lui_widget_btn_icon","lui_widget_btn_txt","nodeinfo_box","process_review_panel","selected","tb_label","tb_normal","td_label","td_normal_title","tr_normal_title"]],"context4_NA59BG":[["btnlabel","clearfloat","cmBaseMaterielMoney","cmBaseMaterielName_div","cmBaseMaterielType_div","cmBaseMaterielUnitName_div","fdMaterielProperty_div","isBindSaleDiv","lui-component","lui_form_baseinfo","lui_form_content_frame","lui_form_subject","lui_form_title_frame","lui_panel_content_inside","lui_portlet_operations","lui_tabpage_float_content","lui_tabpage_float_content_c","lui_tabpage_float_content_l","lui_tabpage_float_content_r","lui_tabpage_float_contents","lui_tabpage_float_footer_c","lui_tabpage_float_footer_l","lui_tabpage_float_footer_r","lui_tabpage_float_header_c","lui_tabpage_float_header_close","lui_tabpage_float_header_l","lui_tabpage_float_header_r","lui_tabpage_float_header_text","lui_tabpage_float_header_title","lui_tabpage_float_nav_item","lui_tabpage_float_nav_item_c","lui_tabpage_float_nav_item_l","lui_tabpage_float_nav_item_r","lui_tabpage_float_navs","lui_tabpage_float_navs_c","lui_tabpage_float_navs_l","lui_tabpage_float_navs_mark","lui_tabpage_float_navs_r","lui_tabpage_frame","lui_toolbar_btn","lui_toolbar_btn_c","lui_toolbar_btn_l","lui_toolbar_btn_r","lui_toolbar_content","lui_toolbar_frame_float","lui_toolbar_frame_float_mark","lui_toolbar_left","lui_toolbar_right","lui_widget_btn","lui_widget_btn_txt","nodeinfo_box","process_review_panel","selected","tb_label","tb_normal","td_label","td_normal_title","tr_normal_title"],["btnlabel","clearfloat","clr","cmBaseMaterielMoney","cmBaseMaterielName_div","cmBaseMaterielType_div","cmBaseMaterielUnitName_div","com_ap_bar_bottom","com_ap_bar_centre","com_approval_bar","com_author","com_btn_link","com_help","fdMaterielProperty_div","fdMoneyOfApproval","input","inputSgl","inputselectsgl","inputsgl","isBindSaleDiv","lui-component","lui_dialog_bottomC","lui_dialog_bottomL","lui_dialog_bottomR","lui_dialog_buttons","lui_dialog_centerC","lui_dialog_centerL","lui_dialog_centerR","lui_dialog_container","lui_dialog_content","lui_dialog_frame","lui_dialog_head","lui_dialog_headL","lui_dialog_headR","lui_dialog_head_left","lui_dialog_head_right","lui_form_baseinfo","lui_form_content_frame","lui_form_subject","lui_form_title_frame","lui_panel_content_inside","lui_portlet_operations","lui_tabpage_float_content","lui_tabpage_float_content_c","lui_tabpage_float_content_l","lui_tabpage_float_content_r","lui_tabpage_float_contents","lui_tabpage_float_footer_c","lui_tabpage_float_footer_l","lui_tabpage_float_footer_r","lui_tabpage_float_header_c","lui_tabpage_float_header_close","lui_tabpage_float_header_l","lui_tabpage_float_header_r","lui_tabpage_float_header_text","lui_tabpage_float_header_title","lui_tabpage_float_nav_item","lui_tabpage_float_nav_item_c","lui_tabpage_float_nav_item_l","lui_tabpage_float_nav_item_r","lui_tabpage_float_navs","lui_tabpage_float_navs_c","lui_tabpage_float_navs_l","lui_tabpage_float_navs_mark","lui_tabpage_float_navs_r","lui_tabpage_frame","lui_toolbar_btn","lui_toolbar_btn_c","lui_toolbar_btn_l","lui_toolbar_btn_r","lui_toolbar_content","lui_toolbar_frame_float","lui_toolbar_frame_float_mark","lui_toolbar_left","lui_toolbar_right","lui_widget_btn","lui_widget_btn_txt","nodeinfo_box","orgelement","process_review_button","process_review_content","process_review_panel","selected","swfupload","swfuploadbutton","swfuploadtext","tb_label","tb_noborder","tb_normal","td_label","td_normal_title","tr_normal_title","txtstrong","uploadinfotext"],["btnlabel","clearfloat","com_author","com_btn_link","fdMaterielProperty_div","isBindSaleDiv","lui-component","lui_form_baseinfo","lui_form_content_frame","lui_form_subject","lui_form_title_frame","lui_panel_content_inside","lui_portlet_operations","lui_tabpage_float_content","lui_tabpage_float_content_c","lui_tabpage_float_content_l","lui_tabpage_float_content_r","lui_tabpage_float_contents","lui_tabpage_float_footer_c","lui_tabpage_float_footer_l","lui_tabpage_float_footer_r","lui_tabpage_float_header_c","lui_tabpage_float_header_close","lui_tabpage_float_header_l","lui_tabpage_float_header_r","lui_tabpage_float_header_text","lui_tabpage_float_header_title","lui_tabpage_float_nav_item","lui_tabpage_float_nav_item_c","lui_tabpage_float_nav_item_l","lui_tabpage_float_nav_item_r","lui_tabpage_float_navs","lui_tabpage_float_navs_c","lui_tabpage_float_navs_l","lui_tabpage_float_navs_mark","lui_tabpage_float_navs_r","lui_tabpage_frame","lui_toolbar_btn","lui_toolbar_btn_c","lui_toolbar_btn_l","lui_toolbar_btn_r","lui_toolbar_content","lui_toolbar_frame_float","lui_toolbar_frame_float_mark","lui_toolbar_left","lui_toolbar_right","lui_widget_btn","lui_widget_btn_txt","nodeinfo_box","process_review_button","process_review_content","process_review_panel","selected","swfupload","swfuploadbutton","swfuploadtext","tb_label","tb_noborder","tb_normal","td_label","td_normal_title","tr_normal_title","uploadinfotext"],["btnlabel","clearfloat","cmBaseMaterielMoney","cmBaseMaterielName_div","cmBaseMaterielType_div","cmBaseMaterielUnitName_div","com_author","com_btn_link","fdMaterielProperty_div","isBindSaleDiv","lui-component","lui_form_baseinfo","lui_form_content_frame","lui_form_subject","lui_form_title_frame","lui_panel_content_inside","lui_portlet_operations","lui_tabpage_float_content","lui_tabpage_float_content_c","lui_tabpage_float_content_l","lui_tabpage_float_content_r","lui_tabpage_float_contents","lui_tabpage_float_footer_c","lui_tabpage_float_footer_l","lui_tabpage_float_footer_r","lui_tabpage_float_header_c","lui_tabpage_float_header_close","lui_tabpage_float_header_l","lui_tabpage_float_header_r","lui_tabpage_float_header_text","lui_tabpage_float_header_title","lui_tabpage_float_nav_item","lui_tabpage_float_nav_item_c","lui_tabpage_float_nav_item_l","lui_tabpage_float_nav_item_r","lui_tabpage_float_navs","lui_tabpage_float_navs_c","lui_tabpage_float_navs_l","lui_tabpage_float_navs_mark","lui_tabpage_float_navs_r","lui_tabpage_frame","lui_toolbar_btn","lui_toolbar_btn_c","lui_toolbar_btn_l","lui_toolbar_btn_r","lui_toolbar_content","lui_toolbar_frame_float","lui_toolbar_frame_float_mark","lui_toolbar_left","lui_toolbar_right","lui_widget_btn","lui_widget_btn_txt","nodeinfo_box","process_review_button","process_review_content","process_review_panel","selected","swfupload","swfuploadbutton","swfuploadtext","tb_label","tb_noborder","tb_normal","td_label","td_normal_title","tr_normal_title","uploadinfotext"],["btnlabel","clearfloat","cmBaseMaterielMoney","cmBaseMaterielName_div","cmBaseMaterielType_div","cmBaseMaterielUnitName_div","fdMoneyOfApproval","isBindSaleDiv","lui-component","lui_form_baseinfo","lui_form_content_frame","lui_form_subject","lui_form_title_frame","lui_panel_content_inside","lui_portlet_operations","lui_tabpage_float_content","lui_tabpage_float_content_c","lui_tabpage_float_content_l","lui_tabpage_float_content_r","lui_tabpage_float_contents","lui_tabpage_float_footer_c","lui_tabpage_float_footer_l","lui_tabpage_float_footer_r","lui_tabpage_float_header_c","lui_tabpage_float_header_close","lui_tabpage_float_header_l","lui_tabpage_float_header_r","lui_tabpage_float_header_text","lui_tabpage_float_header_title","lui_tabpage_float_nav_item","lui_tabpage_float_nav_item_c","lui_tabpage_float_nav_item_l","lui_tabpage_float_nav_item_r","lui_tabpage_float_navs","lui_tabpage_float_navs_c","lui_tabpage_float_navs_l","lui_tabpage_float_navs_mark","lui_tabpage_float_navs_r","lui_tabpage_frame","lui_toolbar_btn","lui_toolbar_btn_c","lui_toolbar_btn_l","lui_toolbar_btn_r","lui_toolbar_content","lui_toolbar_frame_float","lui_toolbar_frame_float_mark","lui_toolbar_left","lui_toolbar_right","lui_widget_btn","lui_widget_btn_txt","nodeinfo_box","process_review_panel","selected","tb_label","tb_normal","td_label","td_normal_title","tr_normal_title"]],"context1_VOE93d":[["arrow","arrow-inner","bottom_bar","bottom_bar_inner","bottom_bar_item","bottom_bar_wrap","cancel","checkbox","clearfloat","clr","columnTable","com_btn_link","com_goto","com_gototop","commit-action","criteria","criteria-border","criteria-extra","criteria-extra-border","criteria-extra-more","criteria-input-cancel","criteria-input-ok","criteria-input-text","criteria-popup-wapper","criteria-selected","criteria-selected-wapper","criterion","criterion-all","criterion-box-selected","criterion-calendar","criterion-collapse","criterion-expand","criterion-more","criterion-more-down","criterion-normal","criterion-options","criterion-other","criterion-selected","criterion-title","criterion-value","criterions","criterions-wapper","footer","hidden","listview","lui-component","lui_accordionpanel_content_c","lui_accordionpanel_content_frame","lui_accordionpanel_content_l","lui_accordionpanel_content_r","lui_accordionpanel_footer_c","lui_accordionpanel_footer_l","lui_accordionpanel_footer_r","lui_accordionpanel_frame","lui_accordionpanel_header_c","lui_accordionpanel_header_l","lui_accordionpanel_header_r","lui_accordionpanel_nav_c","lui_accordionpanel_nav_l","lui_accordionpanel_nav_r","lui_accordionpanel_nav_text","lui_accordionpanel_toggle_down","lui_accordionpanel_toggle_up","lui_icon_s","lui_icon_s_home","lui_icon_s_on_filter","lui_item","lui_item_content","lui_item_left","lui_item_right","lui_item_txt","lui_list_body_frame","lui_list_create_center_c","lui_list_create_center_l","lui_list_create_center_r","lui_list_create_footer_c","lui_list_create_footer_l","lui_list_create_footer_r","lui_list_create_frame","lui_list_create_header_c","lui_list_create_header_l","lui_list_create_header_r","lui_list_create_header_trig","lui_list_create_wrapper","lui_list_create_wrapper_foot","lui_list_left_sidebar_frame","lui_list_mainContent","lui_list_mainContent_close","lui_list_nav_list","lui_list_operation","lui_menu_content","lui_menu_frame_nav","lui_menu_item","lui_menu_item_split","lui_menu_left","lui_menu_right","lui_panel_content_inside","lui_popup_border_content","lui_portal_footer","lui_portal_header","lui_portal_header_icon_arrow","lui_portal_header_logo_div","lui_portal_header_logo_img","lui_portal_header_menu_c","lui_portal_header_menu_content","lui_portal_header_menu_frame","lui_portal_header_menu_item_body","lui_portal_header_menu_item_c","lui_portal_header_menu_item_div","lui_portal_header_menu_item_frame","lui_portal_header_menu_item_l","lui_portal_header_menu_item_left","lui_portal_header_menu_item_line","lui_portal_header_menu_item_r","lui_portal_header_menu_item_right","lui_portal_header_menu_l","lui_portal_header_menu_logo","lui_portal_header_menu_menu","lui_portal_header_menu_person","lui_portal_header_menu_person_c_c","lui_portal_header_menu_person_c_l","lui_portal_header_menu_person_c_r","lui_portal_header_menu_person_f_c","lui_portal_header_menu_person_f_l","lui_portal_header_menu_person_f_r","lui_portal_header_menu_person_h_c","lui_portal_header_menu_person_h_l","lui_portal_header_menu_person_h_r","lui_portal_header_menu_r","lui_portal_header_menu_search","lui_portal_header_portal","lui_portal_header_portal_content","lui_portal_header_text","lui_portal_header_userinfo","lui_portal_header_username","lui_portal_header_welcome","lui_portlet_operations","lui_toolbar_btn","lui_toolbar_btn_c","lui_toolbar_btn_l","lui_toolbar_btn_r","lui_toolbar_content","lui_toolbar_frame","lui_toolbar_frame_sort","lui_toolbar_left","lui_toolbar_right","lui_widget_btn","lui_widget_btn_icon","lui_widget_btn_txt","msgtitle","multi-option","prompt_centerC","prompt_centerL","prompt_centerR","prompt_container","prompt_content_error","prompt_content_inside","prompt_content_right","prompt_content_timer","prompt_frame","radio","selected","text","title"],["arrow","arrow-inner","bottom_bar","bottom_bar_inner","bottom_bar_item","bottom_bar_wrap","cancel","checkbox","clearfloat","clr","columnTable","com_btn_link","com_goto","com_gototop","commit-action","criteria","criteria-border","criteria-extra","criteria-extra-border","criteria-extra-more","criteria-input-cancel","criteria-input-ok","criteria-input-text","criteria-popup-wapper","criteria-selected","criteria-selected-wapper","criterion","criterion-all","criterion-box-selected","criterion-calendar","criterion-collapse","criterion-expand","criterion-more","criterion-more-down","criterion-normal","criterion-options","criterion-other","criterion-selected","criterion-title","criterion-value","criterions","criterions-wapper","footer","hidden","listview","lui-component","lui_accordionpanel_content_c","lui_accordionpanel_content_frame","lui_accordionpanel_content_l","lui_accordionpanel_content_r","lui_accordionpanel_footer_c","lui_accordionpanel_footer_l","lui_accordionpanel_footer_r","lui_accordionpanel_frame","lui_accordionpanel_header_c","lui_accordionpanel_header_l","lui_accordionpanel_header_r","lui_accordionpanel_nav_c","lui_accordionpanel_nav_l","lui_accordionpanel_nav_r","lui_accordionpanel_nav_text","lui_accordionpanel_toggle_down","lui_accordionpanel_toggle_up","lui_icon_s","lui_icon_s_home","lui_icon_s_on_filter","lui_item","lui_item_content","lui_item_left","lui_item_right","lui_item_txt","lui_list_body_frame","lui_list_create_center_c","lui_list_create_center_l","lui_list_create_center_r","lui_list_create_footer_c","lui_list_create_footer_l","lui_list_create_footer_r","lui_list_create_frame","lui_list_create_header_c","lui_list_create_header_l","lui_list_create_header_r","lui_list_create_header_trig","lui_list_create_wrapper","lui_list_create_wrapper_foot","lui_list_left_sidebar_frame","lui_list_mainContent","lui_list_mainContent_close","lui_list_nav_list","lui_list_operation","lui_listview_body","lui_listview_centerC","lui_listview_centerL","lui_listview_centerR","lui_listview_columntable_table","lui_listview_footC","lui_listview_footL","lui_listview_footR","lui_menu_content","lui_menu_frame_nav","lui_menu_item","lui_menu_item_split","lui_menu_left","lui_menu_right","lui_paging_amount_center","lui_paging_amount_left","lui_paging_amount_right","lui_paging_box","lui_paging_btn","lui_paging_contentBox","lui_paging_content_centre","lui_paging_content_left","lui_paging_content_right","lui_paging_foot_centre","lui_paging_foot_left","lui_paging_foot_right","lui_paging_go_center","lui_paging_go_left","lui_paging_go_right","lui_paging_header_centre","lui_paging_header_left","lui_paging_header_right","lui_paging_jump_center","lui_paging_jump_left","lui_paging_jump_right","lui_paging_ml","lui_paging_mr","lui_paging_next","lui_paging_next_center","lui_paging_next_left","lui_paging_next_right","lui_paging_num_center","lui_paging_num_left","lui_paging_num_right","lui_paging_total_center","lui_paging_total_left","lui_paging_total_right","lui_panel_content_inside","lui_popup_border_content","lui_portal_footer","lui_portal_header","lui_portal_header_icon_arrow","lui_portal_header_logo_div","lui_portal_header_logo_img","lui_portal_header_menu_c","lui_portal_header_menu_content","lui_portal_header_menu_frame","lui_portal_header_menu_item_body","lui_portal_header_menu_item_c","lui_portal_header_menu_item_div","lui_portal_header_menu_item_frame","lui_portal_header_menu_item_l","lui_portal_header_menu_item_left","lui_portal_header_menu_item_line","lui_portal_header_menu_item_r","lui_portal_header_menu_item_right","lui_portal_header_menu_l","lui_portal_header_menu_logo","lui_portal_header_menu_menu","lui_portal_header_menu_person","lui_portal_header_menu_person_c_c","lui_portal_header_menu_person_c_l","lui_portal_header_menu_person_c_r","lui_portal_header_menu_person_f_c","lui_portal_header_menu_person_f_l","lui_portal_header_menu_person_f_r","lui_portal_header_menu_person_h_c","lui_portal_header_menu_person_h_l","lui_portal_header_menu_person_h_r","lui_portal_header_menu_r","lui_portal_header_menu_search","lui_portal_header_portal","lui_portal_header_portal_content","lui_portal_header_text","lui_portal_header_userinfo","lui_portal_header_username","lui_portal_header_welcome","lui_portlet_operations","lui_toolbar_btn","lui_toolbar_btn_c","lui_toolbar_btn_l","lui_toolbar_btn_r","lui_toolbar_content","lui_toolbar_frame","lui_toolbar_frame_sort","lui_toolbar_left","lui_toolbar_right","lui_widget_btn","lui_widget_btn_icon","lui_widget_btn_txt","multi-option","radio","selected","text","title","width"],["arrow","arrow-inner","bottom_bar","bottom_bar_inner","bottom_bar_item","bottom_bar_wrap","checkbox","clearfloat","clr","columnTable","com_btn_link","com_goto","com_gototop","commit-action","criteria","criteria-border","criteria-extra","criteria-extra-border","criteria-extra-more","criteria-input-cancel","criteria-input-ok","criteria-input-text","criteria-popup-wapper","criteria-selected","criteria-selected-wapper","criterion","criterion-all","criterion-box-selected","criterion-calendar","criterion-collapse","criterion-expand","criterion-more","criterion-more-down","criterion-normal","criterion-options","criterion-other","criterion-selected","criterion-title","criterion-value","criterions","criterions-wapper","footer","hidden","listview","lui-component","lui_accordionpanel_content_c","lui_accordionpanel_content_frame","lui_accordionpanel_content_l","lui_accordionpanel_content_r","lui_accordionpanel_footer_c","lui_accordionpanel_footer_l","lui_accordionpanel_footer_r","lui_accordionpanel_frame","lui_accordionpanel_header_c","lui_accordionpanel_header_l","lui_accordionpanel_header_r","lui_accordionpanel_nav_c","lui_accordionpanel_nav_l","lui_accordionpanel_nav_r","lui_accordionpanel_nav_text","lui_accordionpanel_toggle_down","lui_accordionpanel_toggle_up","lui_icon_s","lui_icon_s_home","lui_icon_s_on_filter","lui_item","lui_item_content","lui_item_left","lui_item_right","lui_item_txt","lui_list_body_frame","lui_list_create_center_c","lui_list_create_center_l","lui_list_create_center_r","lui_list_create_footer_c","lui_list_create_footer_l","lui_list_create_footer_r","lui_list_create_frame","lui_list_create_header_c","lui_list_create_header_l","lui_list_create_header_r","lui_list_create_header_trig","lui_list_create_wrapper","lui_list_create_wrapper_foot","lui_list_left_sidebar_frame","lui_list_mainContent","lui_list_mainContent_close","lui_list_nav_list","lui_list_operation","lui_menu_content","lui_menu_frame_nav","lui_menu_item","lui_menu_item_split","lui_menu_left","lui_menu_right","lui_panel_content_inside","lui_popup_border_content","lui_portal_footer","lui_portal_header","lui_portal_header_icon_arrow","lui_portal_header_logo_div","lui_portal_header_logo_img","lui_portal_header_menu_c","lui_portal_header_menu_content","lui_portal_header_menu_frame","lui_portal_header_menu_item_body","lui_portal_header_menu_item_c","lui_portal_header_menu_item_div","lui_portal_header_menu_item_frame","lui_portal_header_menu_item_l","lui_portal_header_menu_item_left","lui_portal_header_menu_item_line","lui_portal_header_menu_item_r","lui_portal_header_menu_item_right","lui_portal_header_menu_l","lui_portal_header_menu_logo","lui_portal_header_menu_menu","lui_portal_header_menu_person","lui_portal_header_menu_person_c_c","lui_portal_header_menu_person_c_l","lui_portal_header_menu_person_c_r","lui_portal_header_menu_person_f_c","lui_portal_header_menu_person_f_l","lui_portal_header_menu_person_f_r","lui_portal_header_menu_person_h_c","lui_portal_header_menu_person_h_l","lui_portal_header_menu_person_h_r","lui_portal_header_menu_r","lui_portal_header_menu_search","lui_portal_header_portal","lui_portal_header_portal_content","lui_portal_header_text","lui_portal_header_userinfo","lui_portal_header_username","lui_portal_header_welcome","lui_portlet_operations","lui_toolbar_btn","lui_toolbar_btn_c","lui_toolbar_btn_l","lui_toolbar_btn_r","lui_toolbar_content","lui_toolbar_frame","lui_toolbar_frame_sort","lui_toolbar_left","lui_toolbar_right","lui_widget_btn","lui_widget_btn_icon","lui_widget_btn_txt","msgtitle","multi-option","prompt_centerC","prompt_centerL","prompt_centerR","prompt_container","prompt_content_error","prompt_content_inside","prompt_content_right","prompt_content_timer","prompt_frame","radio","selected","text"],["btnlabel","clearfloat","cmBaseMaterielCode","cmBaseMaterielSepc","cmBaseMaterielType","lui-component","lui_form_baseinfo","lui_form_content_frame","lui_form_subject","lui_form_title_frame","lui_panel_content_inside","lui_portlet_operations","lui_tabpage_float_content","lui_tabpage_float_content_c","lui_tabpage_float_content_l","lui_tabpage_float_content_r","lui_tabpage_float_contents","lui_tabpage_float_footer_c","lui_tabpage_float_footer_l","lui_tabpage_float_footer_r","lui_tabpage_float_header_c","lui_tabpage_float_header_close","lui_tabpage_float_header_l","lui_tabpage_float_header_r","lui_tabpage_float_header_text","lui_tabpage_float_header_title","lui_tabpage_float_nav_item","lui_tabpage_float_nav_item_c","lui_tabpage_float_nav_item_l","lui_tabpage_float_nav_item_r","lui_tabpage_float_navs","lui_tabpage_float_navs_c","lui_tabpage_float_navs_l","lui_tabpage_float_navs_mark","lui_tabpage_float_navs_r","lui_tabpage_frame","lui_toolbar_btn","lui_toolbar_btn_c","lui_toolbar_btn_l","lui_toolbar_btn_r","lui_toolbar_content","lui_toolbar_frame_float","lui_toolbar_frame_float_mark","lui_toolbar_left","lui_toolbar_right","lui_widget_btn","lui_widget_btn_txt","nodeinfo_box","process_review_panel","selected","tb_label","tb_normal","td_label","td_normal_title","tr_normal_title"]]}},"page/tagTriplets":{"contexts":{"context2_A7MKJB":[["-/-/DIV","-/-/FORM","-/-/SCRIPT","-/DIV/DIV","-/FORM/DIV","DIV/DIV/DIV","DIV/DIV/IFRAME","DIV/DIV/INPUT-hidden","DIV/DIV/LINK","DIV/DIV/OBJECT","DIV/DIV/SCRIPT","DIV/DIV/TABLE","DIV/OBJECT/PARAM","DIV/TABLE/TBODY","FORM/DIV/DIV","FORM/DIV/TABLE","TABLE/TBODY/TR","TBODY/TR/TD","TD/DIV/DIV","TD/DIV/INPUT-hidden","TD/DIV/INPUT-text","TD/DIV/TABLE","TD/LABEL/A","TD/LABEL/INPUT-checkbox","TD/LABEL/INPUT-radio","TD/LABEL/SPAN","TD/NOBR/IMG","TD/NOBR/INPUT-button","TD/SELECT/OPTION","TD/SPAN/A","TD/TABLE/TBODY","TR/TD/A","TR/TD/DIV","TR/TD/IFRAME","TR/TD/INPUT-button","TR/TD/INPUT-hidden","TR/TD/LABEL","TR/TD/LINK","TR/TD/NOBR","TR/TD/SCRIPT","TR/TD/SELECT","TR/TD/SPAN","TR/TD/TABLE","TR/TD/TEXTAREA"],["-/-/DIV","-/-/FORM","-/-/SCRIPT","-/DIV/DIV","-/DIV/SCRIPT","-/FORM/DIV","A/SPAN/SPAN","DIV/A/IMG","DIV/A/SPAN","DIV/DIV/A","DIV/DIV/DIV","DIV/DIV/EM","DIV/DIV/I","DIV/DIV/IFRAME","DIV/DIV/INPUT-hidden","DIV/DIV/LINK","DIV/DIV/OBJECT","DIV/DIV/SCRIPT","DIV/DIV/TABLE","DIV/DIV/UL","DIV/OBJECT/PARAM","DIV/TABLE/TBODY","DIV/UL/LI","FORM/DIV/DIV","FORM/DIV/TABLE","SPAN/SPAN/EM","TABLE/TBODY/TR","TBODY/TR/TD","TD/DIV/DIV","TD/DIV/INPUT-hidden","TD/DIV/INPUT-text","TD/DIV/TABLE","TD/LABEL/A","TD/LABEL/INPUT-checkbox","TD/LABEL/INPUT-radio","TD/LABEL/SPAN","TD/NOBR/IMG","TD/NOBR/INPUT-button","TD/SELECT/OPTION","TD/SPAN/A","TD/TABLE/TBODY","TR/TD/A","TR/TD/DIV","TR/TD/IFRAME","TR/TD/INPUT-button","TR/TD/INPUT-hidden","TR/TD/LABEL","TR/TD/LINK","TR/TD/NOBR","TR/TD/SCRIPT","TR/TD/SELECT","TR/TD/SPAN","TR/TD/TABLE","TR/TD/TEXTAREA","UL/LI/EM"],["-/-/DIV","-/-/FORM","-/-/SCRIPT","-/DIV/DIV","-/DIV/IFRAME","-/FORM/DIV","DIV/DIV/DIV","DIV/DIV/IFRAME","DIV/DIV/INPUT-hidden","DIV/DIV/INPUT-text","DIV/DIV/LINK","DIV/DIV/OBJECT","DIV/DIV/SCRIPT","DIV/DIV/SPAN","DIV/DIV/TABLE","DIV/NOBR/LABEL","DIV/OBJECT/PARAM","DIV/TABLE/TBODY","FORM/DIV/DIV","FORM/DIV/TABLE","NOBR/LABEL/INPUT-radio","TABLE/TBODY/SCRIPT","TABLE/TBODY/TR","TBODY/TR/TD","TD/DIV/DIV","TD/DIV/INPUT-hidden","TD/DIV/INPUT-text","TD/DIV/NOBR","TD/DIV/TABLE","TD/LABEL/A","TD/LABEL/INPUT-checkbox","TD/LABEL/INPUT-radio","TD/LABEL/SPAN","TD/NOBR/IMG","TD/NOBR/INPUT-button","TD/SELECT/OPTION","TD/TABLE/TBODY","TR/TD/A","TR/TD/BR","TR/TD/DIV","TR/TD/IFRAME","TR/TD/IMG","TR/TD/INPUT-button","TR/TD/INPUT-hidden","TR/TD/INPUT-text","TR/TD/LABEL","TR/TD/LINK","TR/TD/NOBR","TR/TD/SCRIPT","TR/TD/SELECT","TR/TD/SPAN","TR/TD/TABLE","TR/TD/TEXTAREA"],["-/-/DIV","-/DIV/DIV","DIV/DIV/BUTTON","DIV/DIV/DIV","DIV/DIV/INPUT-text","DIV/DIV/SPAN","DIV/DIV/UL","DIV/UL/LI","UL/LI/SPAN"],["-/-/DIV","-/-/FORM","-/-/SCRIPT","-/DIV/DIV","-/FORM/DIV","DIV/DIV/DIV","DIV/DIV/IFRAME","DIV/DIV/INPUT-hidden","DIV/DIV/LINK","DIV/DIV/SCRIPT","DIV/DIV/TABLE","DIV/TABLE/TBODY","FORM/DIV/DIV","FORM/DIV/TABLE","TABLE/TBODY/TR","TBODY/TR/TD","TD/DIV/DIV","TD/LABEL/INPUT-checkbox","TD/NOBR/IMG","TD/NOBR/INPUT-button","TD/TABLE/TBODY","TR/TD/DIV","TR/TD/IFRAME","TR/TD/INPUT-hidden","TR/TD/LABEL","TR/TD/NOBR","TR/TD/SCRIPT","TR/TD/SPAN","TR/TD/TABLE"],["-/-/DIV","-/-/FORM","-/-/SCRIPT","-/DIV/DIV","-/FORM/DIV","DIV/DIV/DIV","DIV/DIV/IFRAME","DIV/DIV/INPUT-hidden","DIV/DIV/INPUT-text","DIV/DIV/LINK","DIV/DIV/OBJECT","DIV/DIV/SCRIPT","DIV/DIV/SPAN","DIV/DIV/TABLE","DIV/LABEL/B","DIV/NOBR/LABEL","DIV/OBJECT/PARAM","DIV/TABLE/TBODY","FORM/DIV/DIV","FORM/DIV/TABLE","NOBR/LABEL/INPUT-radio","TABLE/TBODY/SCRIPT","TABLE/TBODY/TR","TBODY/TR/TD","TD/DIV/DIV","TD/DIV/INPUT-hidden","TD/DIV/INPUT-text","TD/DIV/LABEL","TD/DIV/NOBR","TD/DIV/TABLE","TD/LABEL/A","TD/LABEL/INPUT-checkbox","TD/LABEL/INPUT-radio","TD/LABEL/SPAN","TD/NOBR/IMG","TD/NOBR/INPUT-button","TD/SELECT/OPTION","TD/TABLE/TBODY","TR/TD/A","TR/TD/BR","TR/TD/DIV","TR/TD/IFRAME","TR/TD/IMG","TR/TD/INPUT-button","TR/TD/INPUT-hidden","TR/TD/INPUT-text","TR/TD/LABEL","TR/TD/LINK","TR/TD/NOBR","TR/TD/SCRIPT","TR/TD/SELECT","TR/TD/SPAN","TR/TD/TABLE","TR/TD/TEXTAREA"],["-/-/DIV","-/-/FORM","-/-/SCRIPT","-/DIV/DIV","-/DIV/IFRAME","-/FORM/DIV","DIV/DIV/DIV","DIV/DIV/IFRAME","DIV/DIV/INPUT-hidden","DIV/DIV/INPUT-text","DIV/DIV/LINK","DIV/DIV/OBJECT","DIV/DIV/SCRIPT","DIV/DIV/SPAN","DIV/DIV/TABLE","DIV/LABEL/B","DIV/NOBR/LABEL","DIV/OBJECT/PARAM","DIV/TABLE/TBODY","FORM/DIV/DIV","FORM/DIV/TABLE","NOBR/LABEL/INPUT-radio","TABLE/TBODY/SCRIPT","TABLE/TBODY/TR","TBODY/TR/TD","TD/DIV/DIV","TD/DIV/INPUT-hidden","TD/DIV/INPUT-text","TD/DIV/LABEL","TD/DIV/NOBR","TD/DIV/TABLE","TD/LABEL/A","TD/LABEL/INPUT-checkbox","TD/LABEL/INPUT-radio","TD/LABEL/SPAN","TD/NOBR/IMG","TD/NOBR/INPUT-button","TD/SELECT/OPTION","TD/TABLE/TBODY","TR/TD/A","TR/TD/BR","TR/TD/DIV","TR/TD/IFRAME","TR/TD/IMG","TR/TD/INPUT-button","TR/TD/INPUT-hidden","TR/TD/INPUT-text","TR/TD/LABEL","TR/TD/LINK","TR/TD/NOBR","TR/TD/SCRIPT","TR/TD/SELECT","TR/TD/SPAN","TR/TD/TABLE","TR/TD/TEXTAREA"],["-/-/DIV","-/-/FORM","-/-/SCRIPT","-/DIV/DIV","-/FORM/DIV","DIV/DIV/DIV","DIV/DIV/IFRAME","DIV/DIV/INPUT-hidden","DIV/DIV/LINK","DIV/DIV/OBJECT","DIV/DIV/SCRIPT","DIV/DIV/SPAN","DIV/DIV/TABLE","DIV/LABEL/B","DIV/NOBR/LABEL","DIV/OBJECT/PARAM","DIV/TABLE/TBODY","FORM/DIV/DIV","FORM/DIV/TABLE","NOBR/LABEL/INPUT-radio","TABLE/TBODY/SCRIPT","TABLE/TBODY/TR","TBODY/TR/TD","TD/DIV/DIV","TD/DIV/INPUT-hidden","TD/DIV/INPUT-text","TD/DIV/LABEL","TD/DIV/NOBR","TD/DIV/TABLE","TD/LABEL/A","TD/LABEL/INPUT-checkbox","TD/LABEL/INPUT-radio","TD/LABEL/SPAN","TD/NOBR/IMG","TD/NOBR/INPUT-button","TD/SELECT/OPTION","TD/TABLE/TBODY","TR/TD/A","TR/TD/BR","TR/TD/DIV","TR/TD/IFRAME","TR/TD/IMG","TR/TD/INPUT-button","TR/TD/INPUT-hidden","TR/TD/LABEL","TR/TD/LINK","TR/TD/NOBR","TR/TD/SCRIPT","TR/TD/SELECT","TR/TD/SPAN","TR/TD/TABLE","TR/TD/TEXTAREA"],["-/-/DIV","-/-/FORM","-/-/SCRIPT","-/DIV/DIV","-/FORM/DIV","DIV/DIV/DIV","DIV/DIV/IFRAME","DIV/DIV/INPUT-hidden","DIV/DIV/LINK","DIV/DIV/OBJECT","DIV/DIV/SCRIPT","DIV/DIV/TABLE","DIV/OBJECT/PARAM","DIV/TABLE/TBODY","FORM/DIV/DIV","FORM/DIV/TABLE","TABLE/TBODY/TR","TBODY/TR/TD","TD/DIV/A","TD/DIV/DIV","TD/DIV/INPUT-hidden","TD/DIV/INPUT-text","TD/DIV/TABLE","TD/LABEL/INPUT-checkbox","TD/LABEL/INPUT-radio","TD/LABEL/SPAN","TD/NOBR/IMG","TD/NOBR/INPUT-button","TD/SELECT/OPTION","TD/SPAN/A","TD/TABLE/TBODY","TR/TD/A","TR/TD/DIV","TR/TD/IFRAME","TR/TD/INPUT-button","TR/TD/INPUT-hidden","TR/TD/LABEL","TR/TD/LINK","TR/TD/NOBR","TR/TD/SCRIPT","TR/TD/SELECT","TR/TD/SPAN","TR/TD/TABLE","TR/TD/TEXTAREA"],["-/-/DIV","-/-/FORM","-/-/SCRIPT","-/DIV/DIV","-/FORM/DIV","DIV/DIV/DIV","DIV/DIV/IFRAME","DIV/DIV/INPUT-hidden","DIV/DIV/LINK","DIV/DIV/SCRIPT","DIV/DIV/TABLE","DIV/TABLE/TBODY","FORM/DIV/DIV","FORM/DIV/TABLE","TABLE/TBODY/TR","TBODY/TR/TD","TD/DIV/DIV","TD/DIV/INPUT-text","TD/LABEL/INPUT-checkbox","TD/NOBR/IMG","TD/NOBR/INPUT-button","TD/TABLE/TBODY","TR/TD/A","TR/TD/DIV","TR/TD/IFRAME","TR/TD/INPUT-hidden","TR/TD/LABEL","TR/TD/NOBR","TR/TD/SCRIPT","TR/TD/SPAN","TR/TD/TABLE"]],"context1_VOE93d":[["-/-/DIV","-/-/SCRIPT","-/-/TABLE","-/DIV/DIV","-/DIV/LINK","-/DIV/SCRIPT","-/TABLE/TBODY","A/SPAN/SPAN","DIV/A/SPAN","DIV/DIV/A","DIV/DIV/DIV","DIV/DIV/H1","DIV/DIV/I","DIV/DIV/IFRAME","DIV/DIV/IMG","DIV/DIV/LI","DIV/DIV/LINK","DIV/DIV/SCRIPT","DIV/DIV/SPAN","DIV/DIV/TABLE","DIV/DIV/UL","DIV/H1/A","DIV/LI/A","DIV/LI/SPAN","DIV/TABLE/TBODY","DIV/UL/DIV","DIV/UL/LI","LI/A/I","LI/A/SPAN","LI/DIV/DIV","LI/SPAN/INPUT-button","LI/SPAN/INPUT-text","TABLE/TBODY/TR","TBODY/TR/TD","TD/A/SPAN","TD/DIV/DIV","TD/DIV/SCRIPT","TD/TABLE/TBODY","TR/TD/A","TR/TD/DIV","TR/TD/IMG","TR/TD/SPAN","TR/TD/TABLE","UL/DIV/LI","UL/LI/A","UL/LI/DIV"],["-/-/DIV","-/-/SCRIPT","-/-/TABLE","-/DIV/DIV","-/DIV/LINK","-/DIV/SCRIPT","-/TABLE/TBODY","A/SPAN/SPAN","DIV/A/SPAN","DIV/DIV/A","DIV/DIV/DIV","DIV/DIV/H1","DIV/DIV/I","DIV/DIV/IFRAME","DIV/DIV/IMG","DIV/DIV/LI","DIV/DIV/LINK","DIV/DIV/SCRIPT","DIV/DIV/SPAN","DIV/DIV/TABLE","DIV/DIV/UL","DIV/H1/A","DIV/LI/A","DIV/LI/SPAN","DIV/TABLE/TBODY","DIV/TABLE/THEAD","DIV/UL/DIV","DIV/UL/LI","LI/A/I","LI/A/SPAN","LI/DIV/DIV","LI/SPAN/INPUT-button","LI/SPAN/INPUT-text","TABLE/TBODY/TR","TABLE/THEAD/TR","TBODY/TR/TD","TD/A/SPAN","TD/DIV/DIV","TD/DIV/SCRIPT","TD/TABLE/TBODY","THEAD/TR/TH","TR/TD/A","TR/TD/DIV","TR/TD/IMG","TR/TD/INPUT-checkbox","TR/TD/SPAN","TR/TD/TABLE","TR/TH/INPUT-checkbox","UL/DIV/DIV","UL/DIV/LI","UL/LI/A","UL/LI/DIV"],["-/-/DIV","-/-/INPUT-hidden","-/-/SCRIPT","-/DIV/DIV","-/DIV/TABLE","DIV/DIV/DIV","DIV/DIV/FORM","DIV/DIV/IFRAME","DIV/DIV/LINK","DIV/DIV/SCRIPT","DIV/DIV/TABLE","DIV/FORM/INPUT-hidden","DIV/FORM/TABLE","DIV/TABLE/TBODY","FORM/TABLE/TBODY","TABLE/TBODY/TR","TBODY/TR/TD","TD/DIV/DIV","TD/LABEL/INPUT-checkbox","TD/NOBR/IMG","TD/NOBR/INPUT-button","TD/TABLE/TBODY","TR/TD/DIV","TR/TD/IFRAME","TR/TD/INPUT-hidden","TR/TD/LABEL","TR/TD/NOBR","TR/TD/SCRIPT","TR/TD/SPAN","TR/TD/TABLE"]]}}}}