{
  "version": "0.1",
  "id": "job_back",
  "targetURL": "http://218.203.103.203:8082/oc/bes/sm/login/phone.html?timestamp=1536111633273",
  "jsFile": "index.js",
  "requires": {
    "ywht-detail-massage": "../ywht-detail-massage/index.json"
  },
  "chineseName": "业务回退",
  "description": "",
  "firstPaintEnable": false,
  "controls": {
    "control110_5pkvR0": {
      "location": {
        "data": {
          "tagName": "LI"
        },
        "userData": {
          "data": [],
          "force": false
        },
        "locators": [
          {
            "id": "@title",
            "prob": 2,
            "value": {
              "text": [
                "业务回退"
              ]
            }
          },
          {
            "id": "@class/word",
            "prob": 1,
            "value": "DIV.tab UL.floatCon.toLeft LI.selected"
          },
          {
            "id": "style/color",
            "value": [
              42,
              142,
              231
            ]
          }
        ]
      },
      "events": {
        "onGetData": "getData_control110_5pkvR0"
      },
      "intendedRole": "custom",
      "roles": "element,custom",
      "ignoreVisibility": true,
      "monitored": false,
      "frameXPath": "",
      "componentType": "custom"
    },
    "control111_tu1CCT": {
      "location": {
        "data": {
          "tagName": "LI"
        },
        "userData": {
          "data": [],
          "force": false
        },
        "locators": [
          {
            "id": "text",
            "prob": 3,
            "value": {
              "text": [
                "业务回退"
              ],
              "visText": [
                "业务回退"
              ]
            }
          },
          {
            "id": "@title",
            "prob": 2,
            "value": {
              "text": [
                "业务回退"
              ]
            }
          },
          {
            "id": "@class/word",
            "prob": 1,
            "value": "DIV.tab UL.floatCon.toLeft LI.selected"
          },
          {
            "id": "style/color",
            "value": [
              42,
              142,
              231
            ]
          }
        ]
      },
      "roles": "element",
      "text": "\t\t                                                        \t\t                        业务回退\t                          ",
      "frameXPath": "",
      "customJS": "if($(elem).hasClass(\"selected\")&&$(elem).find(\".tab-title\").text()==\"业务回退\"){\nreturn true\n}else{\nreturn false\n}"
    },
    "control112_WcDuNt": {
      "location": {
        "data": {
          "tagName": "DIV"
        },
        "userData": {
          "data": [],
          "force": false
        },
        "locators": [
          {
            "id": "@id/word",
            "prob": 2,
            "value": [
              "descendant::DIV[@id=\"recrollbackQuery\"]//DIV[@id=\"recrollback\"]//DIV[@id=\"recrollback_queryConId\"]/DIV[1]",
              "descendant::DIV[@id=\"recrollback\"]//DIV[@id=\"recrollback_queryConId\"]/DIV[1]",
              "descendant::DIV[@id=\"recrollback_queryConId\"]/DIV[1]"
            ]
          }
        ]
      },
      "events": {
        "onGetData": "getData_control112_WcDuNt"
      },
      "intendedRole": "custom",
      "roles": "element,custom",
      "monitored": true,
      "frameXPath": "//iframe[1]<<IFRAME>>",
      "componentType": "custom"
    },
    "control113_qKTW6z": {
      "location": {
        "data": {
          "tagName": "DIV"
        },
        "userData": {
          "data": [],
          "force": false
        },
        "locators": [
          {
            "id": "@id/word",
            "prob": 4,
            "value": [
              "descendant::DIV[@id=\"recrollbackQuery\"]//DIV[@id=\"recrollback\"]//DIV[@id=\"recrollback_queryTable\"]",
              "descendant::DIV[@id=\"recrollback\"]//DIV[@id=\"recrollback_queryTable\"]",
              "descendant::DIV[@id=\"recrollback_queryTable\"]"
            ]
          }
        ]
      },
      "events": {
        "onGetData": "getData_control113_qKTW6z"
      },
      "intendedRole": "custom",
      "roles": "element,custom",
      "monitored": true,
      "frameXPath": "//iframe[1]<<IFRAME>>",
      "componentType": "custom"
    },
    "control114_EeK0qu": {
      "location": {
        "data": {
          "tagName": "LI"
        },
        "userData": {
          "data": [],
          "force": false
        },
        "locators": [
          {
            "id": "text",
            "prob": 3,
            "value": {
              "text": [
                "业务回退"
              ],
              "visText": [
                "业务回退"
              ]
            }
          },
          {
            "id": "@title",
            "prob": 2,
            "value": {
              "text": [
                "业务回退"
              ]
            }
          },
          {
            "id": "@class/word",
            "prob": 1,
            "ordinal": [
              1,
              3
            ],
            "value": "DIV.tabCon DIV.tab UL.floatCon.toLeft LI"
          }
        ]
      },
      "roles": "element",
      "text": "\t\t                                                        \t\t                        业务回退\t                          ",
      "frameXPath": "",
      "customJS": "if($(elem).hasClass(\"selected\")&&$(elem).find(\".tab-title\").text()==\"业务回退\"){\nreturn true\n}else{\nreturn false\n}"
    },
    "control115_gXOp8F": {
      "location": {
        "data": {
          "tagName": "DIV"
        },
        "userData": {
          "data": [],
          "force": false
        },
        "locators": [
          {
            "id": "path/ordinal",
            "prob": 1,
            "value": "/HTML[1]/BODY[1]/DIV[6]"
          }
        ]
      },
      "intendedRole": "section",
      "roles": "element,section",
      "monitored": false,
      "frameXPath": "//iframe[1]<<IFRAME>>",
      "componentType": "section"
    },
    "control119_WULqT7": {
      "location": {
        "data": {
          "tagName": "DIV"
        },
        "userData": {
          "data": [],
          "force": false
        },
        "locators": [
          {
            "id": "@id/word",
            "prob": 2,
            "value": [
              "descendant::DIV[@id=\"recrollbackQuery\"]//DIV[@id=\"recrollback\"]/DIV[3]",
              "descendant::DIV[@id=\"recrollback\"]/DIV[3]"
            ]
          }
        ]
      },
      "events": {
        "onGetData": "getData_control119_WULqT7"
      },
      "intendedRole": "custom",
      "roles": "element,custom",
      "monitored": true,
      "frameXPath": "//iframe[1]<<IFRAME>>",
      "componentType": "custom"
    },
    "control120_I80BtD": {
      "location": {
        "data": {
          "tagName": "SPAN"
        },
        "userData": {
          "data": [],
          "force": false
        },
        "locators": [
          {
            "id": "button/text",
            "prob": 3,
            "ordinal": [
              0,
              3
            ],
            "value": {
              "text": [
                "返回"
              ],
              "visText": [
                "返回"
              ]
            }
          },
          {
            "id": "@id/word",
            "prob": 4,
            "value": [
              "descendant::DIV[@id=\"recrollbackQuery\"]//DIV[@id=\"queryBuessinBack\"]//SPAN[@id=\"btnQueryBuessinBack\"]",
              "descendant::DIV[@id=\"queryBuessinBack\"]//SPAN[@id=\"btnQueryBuessinBack\"]",
              "descendant::SPAN[@id=\"btnQueryBuessinBack\"]"
            ]
          }
        ]
      },
      "intendedRole": "button",
      "roles": "element,button",
      "monitored": true,
      "frameXPath": "//iframe[1]<<IFRAME>>",
      "componentType": "button"
    },
    "control121_bkiO6U": {
      "location": {
        "data": {
          "tagName": "DIV"
        },
        "userData": {
          "data": [],
          "force": false
        },
        "locators": [
          {
            "id": "@id/word",
            "prob": 2,
            "value": [
              "descendant::DIV[@id=\"recrollbackQuery\"]//DIV[@id=\"orderProgress\"]/DIV[1]",
              "descendant::DIV[@id=\"orderProgress\"]/DIV[1]"
            ]
          }
        ]
      },
      "events": {
        "onGetData": "getData_control121_bkiO6U"
      },
      "intendedRole": "custom",
      "roles": "element,custom",
      "monitored": true,
      "frameXPath": "//iframe[1]<<IFRAME>>",
      "componentType": "custom"
    },
    "control122_ELObr9": {
      "location": {
        "data": {
          "tagName": "SPAN"
        },
        "userData": {
          "data": [],
          "force": false
        },
        "locators": [
          {
            "id": "button/text",
            "prob": 3,
            "ordinal": [
              2,
              3
            ],
            "value": {
              "text": [
                "返回"
              ],
              "visText": [
                "返回"
              ]
            }
          },
          {
            "id": "@id/word",
            "prob": 4,
            "value": [
              "descendant::DIV[@id=\"recrollbackQuery\"]//DIV[@id=\"orderProgress\"]//SPAN[@id=\"btnOrderProgress\"]",
              "descendant::DIV[@id=\"orderProgress\"]//SPAN[@id=\"btnOrderProgress\"]",
              "descendant::SPAN[@id=\"btnOrderProgress\"]"
            ]
          }
        ]
      },
      "intendedRole": "button",
      "roles": "element,button",
      "monitored": true,
      "frameXPath": "//iframe[1]<<IFRAME>>",
      "componentType": "button"
    },
    "control123_DkFogC": {
      "location": {
        "data": {
          "tagName": "DIV"
        },
        "userData": {
          "data": [],
          "force": false
        },
        "locators": [
          {
            "id": "@id/word",
            "prob": 2,
            "value": [
              "descendant::DIV[@id=\"recrollback_queryTable\"]//DIV[@id=\"recrollback_contentId\"]//DIV[@id=\"pages\"]/DIV[1]/DIV[3]",
              "descendant::DIV[@id=\"recrollback_queryTable\"]//DIV[@id=\"recrollback_contentId\"]//DIV[@id=\"pages\"]//DIV",
              "descendant::DIV[@id=\"recrollback_contentId\"]//DIV[@id=\"pages\"]//DIV",
              "descendant::DIV[@id=\"pages\"]//DIV"
            ]
          }
        ]
      },
      "events": {
        "onGetData": "getData_control123_DkFogC"
      },
      "intendedRole": "custom",
      "roles": "element,custom",
      "monitored": true,
      "frameXPath": "//iframe[1]<<IFRAME>>",
      "componentType": "custom"
    },
    "control124_eJ2E3m": {
      "location": {
        "data": {
          "tagName": "DIV"
        },
        "userData": {
          "data": [],
          "force": false
        },
        "locators": [
          {
            "id": "@class/word",
            "prob": 1,
            "value": "DIV.main-right.ng-scope"
          },
          {
            "id": "shield",
            "value": {
              "zIndex": "auto",
              "width": 834,
              "height": 540
            }
          }
        ]
      },
      "events": {
        "onGetData": "getData_control124_eJ2E3m"
      },
      "intendedRole": "custom",
      "roles": "element,custom",
      "monitored": true,
      "frameXPath": "",
      "componentType": "custom"
    },
    "control188_16TvtR": {
      "location": {
        "data": {
          "tagName": "DIV"
        },
        "userData": {
          "data": [],
          "force": false
        },
        "locators": [
          {
            "id": "@id/word",
            "prob": 2,
            "value": [
              "descendant::DIV[@id=\"recrollbackQuery\"]//DIV[@id=\"recrollback\"]//DIV[@id=\"rollbackop_div\"]/DIV[1]",
              "descendant::DIV[@id=\"recrollbackQuery\"]//DIV[@id=\"recrollback\"]//DIV[@id=\"rollbackop_div\"]//DIV",
              "descendant::DIV[@id=\"recrollback\"]//DIV[@id=\"rollbackop_div\"]//DIV",
              "descendant::DIV[@id=\"rollbackop_div\"]//DIV"
            ]
          }
        ]
      },
      "events": {
        "onGetData": "getData_control188_16TvtR"
      },
      "intendedRole": "custom",
      "roles": "element,custom",
      "monitored": true,
      "frameXPath": "//iframe[1]<<IFRAME>>",
      "componentType": "custom"
    },
    "control189_wNoUGR": {
      "location": {
        "data": {
          "tagName": "DIV"
        },
        "userData": {
          "data": [],
          "force": false
        },
        "locators": [
          {
            "id": "@id/word",
            "prob": 4,
            "value": [
              "descendant::DIV[@id=\"paymentContent\"]//DIV[@id=\"checkoutPaymentContent\"]//DIV[@id=\"checkoutRefundGoodlistGadget\"]",
              "descendant::DIV[@id=\"checkoutPaymentContent\"]//DIV[@id=\"checkoutRefundGoodlistGadget\"]",
              "descendant::DIV[@id=\"checkoutRefundGoodlistGadget\"]"
            ]
          }
        ]
      },
      "events": {
        "onGetData": "getData_control189_wNoUGR"
      },
      "intendedRole": "custom",
      "roles": "element,custom",
      "monitored": true,
      "frameXPath": "//iframe[1]<<IFRAME>>",
      "componentType": "custom"
    },
    "control190_nRaNMx": {
      "location": {
        "data": {
          "tagName": "DIV"
        },
        "userData": {
          "data": [],
          "force": false
        },
        "locators": [
          {
            "id": "@id/word",
            "prob": 4,
            "value": [
              "descendant::DIV[@id=\"paymentContent\"]//DIV[@id=\"checkoutPaymentContent\"]//DIV[@id=\"checkoutPaymentRefundmethodGadget\"]",
              "descendant::DIV[@id=\"checkoutPaymentContent\"]//DIV[@id=\"checkoutPaymentRefundmethodGadget\"]",
              "descendant::DIV[@id=\"checkoutPaymentRefundmethodGadget\"]"
            ]
          }
        ]
      },
      "events": {
        "onGetData": "getData_control190_nRaNMx"
      },
      "intendedRole": "custom",
      "roles": "element,custom",
      "monitored": true,
      "frameXPath": "//iframe[1]<<IFRAME>>",
      "componentType": "custom"
    },
    "control191_vPRvXg": {
      "location": {
        "data": {
          "tagName": "DIV"
        },
        "userData": {
          "data": [],
          "force": false
        },
        "locators": [
          {
            "id": "@id/word",
            "prob": 2,
            "value": [
              "descendant::DIV[@id=\"paymentContent\"]//DIV[@id=\"checkoutPaymentContent\"]/DIV[1]/DIV[4]",
              "descendant::DIV[@id=\"checkoutPaymentContent\"]/DIV[1]/DIV[4]"
            ]
          }
        ]
      },
      "events": {
        "onGetData": "getData_control191_vPRvXg"
      },
      "intendedRole": "custom",
      "roles": "element,custom",
      "monitored": false,
      "frameXPath": "//iframe[1]<<IFRAME>>",
      "componentType": "custom"
    },
    "control192_ZNmpIJ": {
      "location": {
        "data": {
          "tagName": "SPAN"
        },
        "userData": {
          "data": [],
          "force": false
        },
        "locators": [
          {
            "id": "button/text",
            "prob": 3,
            "value": {
              "text": [
                "提交"
              ],
              "visText": [
                "提交"
              ]
            }
          },
          {
            "id": "@id/word",
            "prob": 4,
            "value": [
              "descendant::DIV[@id=\"paymentContent\"]//DIV[@id=\"checkoutPaymentContent\"]//SPAN[@id=\"checkoutSubmit\"]",
              "descendant::DIV[@id=\"checkoutPaymentContent\"]//SPAN[@id=\"checkoutSubmit\"]",
              "descendant::SPAN[@id=\"checkoutSubmit\"]"
            ]
          }
        ]
      },
      "intendedRole": "button",
      "roles": "element,button",
      "monitored": true,
      "frameXPath": "//iframe[1]<<IFRAME>>",
      "componentType": "button"
    },
    "control193_BZ4kUr": {
      "location": {
        "data": {
          "tagName": "DIV"
        },
        "userData": {
          "data": [],
          "force": false
        },
        "locators": [
          {
            "id": "@id/word",
            "prob": 4,
            "value": [
              "descendant::DIV[@id=\"paymentContent\"]//DIV[@id=\"checkoutPaymentContent\"]//DIV[@id=\"checkoutOperatorGadget\"]",
              "descendant::DIV[@id=\"checkoutPaymentContent\"]//DIV[@id=\"checkoutOperatorGadget\"]",
              "descendant::DIV[@id=\"checkoutOperatorGadget\"]"
            ]
          }
        ]
      },
      "events": {
        "onGetData": "getData_control193_BZ4kUr"
      },
      "intendedRole": "custom",
      "roles": "element,custom",
      "ignoreVisibility": false,
      "monitored": true,
      "frameXPath": "//iframe[1]<<IFRAME>>",
      "componentType": "custom"
    },
    "control194_Pfbwtt": {
      "location": {
        "data": {
          "tagName": "IMG"
        },
        "userData": {
          "data": [],
          "force": false
        },
        "locators": [
          {
            "id": "img/@src",
            "prob": 2,
            "value": {
              "pathname": "/oc/resource.root/bes/ad/html/resource.root/bes/ad/images/Ok_large_bg.png"
            }
          },
          {
            "id": "@id/word",
            "prob": 1,
            "value": [
              "descendant::DIV[@id=\"paymentContent\"]//DIV[@id=\"paymentFinishStep\"]/UEE:INCLUDE[1]/DIV[1]/DIV[1]/DIV[1]/DIV[1]/IMG[1]",
              "descendant::DIV[@id=\"paymentContent\"]//DIV[@id=\"paymentFinishStep\"]//IMG",
              "descendant::DIV[@id=\"paymentFinishStep\"]//IMG"
            ]
          }
        ]
      },
      "roles": "element,image,button",
      "monitored": false,
      "frameXPath": "//iframe[1]<<IFRAME>>",
      "componentType": "image"
    },
    "control195_qwsEsX": {
      "location": {
        "data": {
          "tagName": "H2"
        },
        "userData": {
          "data": [],
          "force": false
        },
        "locators": [
          {
            "id": "text",
            "prob": 3,
            "value": {
              "text": [
                "业务受理成功。"
              ],
              "visText": [
                "业务受理成功。"
              ]
            }
          },
          {
            "id": "@id/word",
            "prob": 1,
            "value": [
              "descendant::DIV[@id=\"paymentContent\"]//DIV[@id=\"paymentFinishStep\"]/UEE:INCLUDE[1]/DIV[1]/DIV[1]/DIV[1]/DIV[1]/H2[1]",
              "descendant::DIV[@id=\"paymentContent\"]//DIV[@id=\"paymentFinishStep\"]//H2",
              "descendant::DIV[@id=\"paymentFinishStep\"]//H2"
            ]
          },
          {
            "id": "elderLevel",
            "value": {
              "level": 0
            }
          }
        ]
      },
      "roles": "element",
      "monitored": false,
      "frameXPath": "//iframe[1]<<IFRAME>>",
      "componentType": "image"
    },
    "control196_yQrSTR": {
      "location": {
        "data": {
          "tagName": "H2"
        },
        "userData": {
          "data": [],
          "force": false
        },
        "locators": [
          {
            "id": "text",
            "prob": 3,
            "value": {
              "text": [
                "业务受理成功。"
              ],
              "visText": [
                "业务受理成功。"
              ]
            }
          },
          {
            "id": "@id/word",
            "prob": 1,
            "value": [
              "descendant::DIV[@id=\"paymentContent\"]//DIV[@id=\"paymentFinishStep\"]/UEE:INCLUDE[1]/DIV[1]/DIV[1]/DIV[1]/DIV[1]/H2[1]",
              "descendant::DIV[@id=\"paymentContent\"]//DIV[@id=\"paymentFinishStep\"]//H2",
              "descendant::DIV[@id=\"paymentFinishStep\"]//H2"
            ]
          },
          {
            "id": "elderLevel",
            "value": {
              "level": 0
            }
          }
        ]
      },
      "roles": "element",
      "content": true,
      "monitored": false,
      "frameXPath": "//iframe[1]<<IFRAME>>",
      "componentType": "content"
    },
    "control197_LF29vA": {
      "location": {
        "data": {
          "tagName": "DIV"
        },
        "userData": {
          "data": [],
          "force": false
        },
        "locators": [
          {
            "id": "@id/word",
            "prob": 3,
            "value": [
              "descendant::DIV[@id=\"paymentContent\"]//DIV[@id=\"paymentFinishStep\"]",
              "descendant::DIV[@id=\"paymentFinishStep\"]"
            ]
          }
        ]
      },
      "events": {
        "onGetData": "getData_control197_LF29vA"
      },
      "intendedRole": "custom",
      "roles": "element,custom",
      "monitored": false,
      "frameXPath": "//iframe[1]<<IFRAME>>",
      "componentType": "custom"
    }
  },
  "contexts": {
    "context13_Clb0tP": {
      "controls": [
        "control110_5pkvR0",
        "control112_WcDuNt",
        "control113_qKTW6z",
        "control115_gXOp8F",
        "control119_WULqT7",
        "control120_I80BtD",
        "control121_bkiO6U",
        "control122_ELObr9",
        "control123_DkFogC",
        "control124_eJ2E3m",
        "control188_16TvtR",
        "control189_wNoUGR",
        "control190_nRaNMx",
        "control191_vPRvXg",
        "control192_ZNmpIJ",
        "control193_BZ4kUr",
        "control194_Pfbwtt",
        "control195_qwsEsX",
        "control196_yQrSTR",
        "control197_LF29vA"
      ],
      "anchors": [
        "control114_EeK0qu"
      ],
      "urlAnchor": []
    }
  },
  "flows": {
    "flow59_CHrQkO": {
      "fromContextId": "context13_Clb0tP",
      "fromAction": "doAction",
      "fromControlId": "control110_5pkvR0",
      "toContexts": [
        {
          "toContextId": "context13_Clb0tP"
        }
      ]
    },
    "flow60_q1dCrs": {
      "toContexts": [
        {
          "toContextId": "context13_Clb0tP"
        }
      ]
    },
    "flow61_xNxpsp": {
      "fromContextId": "context13_Clb0tP",
      "fromAction": "doAction",
      "fromControlId": "control112_WcDuNt",
      "toContexts": [
        {
          "toContextId": "context13_Clb0tP"
        }
      ]
    },
    "flow62_nngxnE": {
      "fromContextId": "context13_Clb0tP",
      "fromAction": "doAction",
      "fromControlId": "control113_qKTW6z",
      "toContexts": [
        {
          "toContextId": "context13_Clb0tP"
        }
      ]
    },
    "flow65_twlkCk": {
      "fromContextId": "context13_Clb0tP",
      "fromAction": "section",
      "fromControlId": "control113_qKTW6z",
      "toContexts": [
        {
          "toContextId": "context14_NX3aCT",
          "toModelId": "ywht-detail-massage"
        }
      ]
    },
    "flow68_tNFRV4": {
      "fromContextId": "context13_Clb0tP",
      "fromAction": "doAction",
      "fromControlId": "control119_WULqT7",
      "toContexts": [
        {
          "toContextId": "context13_Clb0tP"
        }
      ]
    },
    "flow69_EdNCDK": {
      "fromContextId": "context13_Clb0tP",
      "fromAction": "section",
      "fromControlId": "control119_WULqT7",
      "toContexts": [
        {
          "toContextId": "context14_NX3aCT",
          "toModelId": "ywht-detail-massage"
        }
      ]
    },
    "flow70_PVsQak": {
      "fromContextId": "context13_Clb0tP",
      "fromAction": "click",
      "fromControlId": "control120_I80BtD",
      "toContexts": [
        {
          "toContextId": "context13_Clb0tP"
        }
      ]
    },
    "flow71_Kxa8pa": {
      "fromContextId": "context13_Clb0tP",
      "fromAction": "click",
      "fromControlId": "control122_ELObr9",
      "toContexts": [
        {
          "toContextId": "context13_Clb0tP"
        }
      ]
    },
    "flow72_fAOd6r": {
      "fromContextId": "context13_Clb0tP",
      "fromAction": "doAction",
      "fromControlId": "control123_DkFogC",
      "toContexts": [
        {
          "toContextId": "context13_Clb0tP"
        }
      ]
    },
    "flow73_SLsrfh": {
      "fromContextId": "context13_Clb0tP",
      "fromAction": "doAction",
      "fromControlId": "control124_eJ2E3m",
      "toContexts": [
        {
          "toContextId": "context13_Clb0tP"
        }
      ]
    },
    "flow111_VOLkik": {
      "fromContextId": "context13_Clb0tP",
      "fromAction": "doAction",
      "fromControlId": "control188_16TvtR",
      "toContexts": [
        {
          "toContextId": "context13_Clb0tP"
        }
      ]
    },
    "flow112_pJLvk7": {
      "fromContextId": "context13_Clb0tP",
      "fromAction": "click",
      "fromControlId": "control192_ZNmpIJ",
      "toContexts": [
        {
          "toContextId": "context13_Clb0tP"
        }
      ]
    }
  },
  "pages": {
    "page13_KVxQb3": {
      "contextId": "context13_Clb0tP",
      "layout": [
        {
          "id": "uiControl114_UKzbpe",
          "controlId": "control124_eJ2E3m",
          "display": {
            "adapterId": "custom",
            "type": "custom",
            "adapter": {
              "templateType": "react",
              "events": {
                "onDoAction": "doAction_uiControl114_UKzbpe",
                "onGetTemplate": "getTemplate_uiControl114_UKzbpe"
              }
            }
          }
        },
        {
          "id": "uiControl103_wEQVIp",
          "controlId": "control110_5pkvR0",
          "display": {
            "adapterId": "custom",
            "type": "custom",
            "adapter": {
              "templateType": "react",
              "events": {
                "onDoAction": "doAction_uiControl103_wEQVIp",
                "onGetTemplate": "getTemplate_uiControl103_wEQVIp"
              }
            }
          }
        },
        {
          "id": "uiControl89_SKJLIv",
          "controlId": "control112_WcDuNt",
          "display": {
            "adapterId": "custom",
            "type": "custom",
            "adapter": {
              "templateType": "react",
              "events": {
                "onDoAction": "doAction_uiControl89_SKJLIv",
                "onGetTemplate": "getTemplate_uiControl89_SKJLIv"
              }
            }
          }
        },
        {
          "id": "uiControl105_topC10",
          "controlId": "control115_gXOp8F",
          "display": {
            "adapterId": "section",
            "type": "section",
            "adapter": {
              "templateType": ""
            }
          },
          "layout": []
        },
        {
          "id": "uiControl104_ERl0lJ",
          "controlId": "control113_qKTW6z",
          "display": {
            "adapterId": "custom",
            "type": "custom",
            "adapter": {
              "templateType": "react",
              "events": {
                "onDoAction": "doAction_uiControl104_ERl0lJ",
                "onGetTemplate": "getTemplate_uiControl104_ERl0lJ"
              }
            }
          }
        },
        {
          "id": "uiControl113_LA6Zvi",
          "controlId": "control123_DkFogC",
          "display": {
            "adapterId": "custom",
            "type": "custom",
            "adapter": {
              "templateType": "react",
              "events": {
                "onDoAction": "doAction_uiControl113_LA6Zvi",
                "onGetTemplate": "getTemplate_uiControl113_LA6Zvi"
              }
            }
          }
        },
        {
          "id": "uiControl109_yC91wy",
          "controlId": "control119_WULqT7",
          "display": {
            "adapterId": "custom",
            "type": "custom",
            "adapter": {
              "templateType": "react",
              "events": {
                "onDoAction": "doAction_uiControl109_yC91wy",
                "onGetTemplate": "getTemplate_uiControl109_yC91wy"
              }
            }
          }
        },
        {
          "id": "uiControl110_D4tpFU",
          "controlId": "control120_I80BtD",
          "display": {
            "adapterId": "clickable",
            "type": "button",
            "amStyle": "warning",
            "adapter": {
              "templateType": ""
            }
          }
        },
        {
          "id": "uiControl187_QC4wE4",
          "controlId": "control188_16TvtR",
          "display": {
            "adapterId": "custom",
            "type": "custom",
            "adapter": {
              "templateType": "react",
              "events": {
                "onDoAction": "doAction_uiControl187_QC4wE4",
                "onGetTemplate": "getTemplate_uiControl187_QC4wE4"
              }
            }
          }
        },
        {
          "id": "uiControl111_zV70Es",
          "controlId": "control121_bkiO6U",
          "display": {
            "adapterId": "custom",
            "type": "custom",
            "adapter": {
              "templateType": "react",
              "events": {
                "onDoAction": "doAction_uiControl111_zV70Es",
                "onGetTemplate": "getTemplate_uiControl111_zV70Es"
              }
            }
          }
        },
        {
          "id": "uiControl112_gADWUC",
          "controlId": "control122_ELObr9",
          "display": {
            "adapterId": "clickable",
            "type": "button",
            "amStyle": "warning",
            "adapter": {
              "templateType": ""
            }
          }
        },
        {
          "id": "uiControl188_7ctUSw",
          "controlId": "control189_wNoUGR",
          "display": {
            "adapterId": "custom",
            "type": "custom",
            "adapter": {
              "templateType": "react",
              "events": {
                "onDoAction": "doAction_uiControl188_7ctUSw",
                "onGetTemplate": "getTemplate_uiControl188_7ctUSw"
              }
            }
          }
        },
        {
          "id": "uiControl189_7Gx7mf",
          "controlId": "control190_nRaNMx",
          "display": {
            "adapterId": "custom",
            "type": "custom",
            "adapter": {
              "templateType": "react",
              "events": {
                "onDoAction": "doAction_uiControl189_7Gx7mf",
                "onGetTemplate": "getTemplate_uiControl189_7Gx7mf"
              }
            }
          }
        },
        {
          "id": "uiControl192_Vbd6lP",
          "controlId": "control193_BZ4kUr",
          "display": {
            "adapterId": "custom",
            "type": "custom",
            "adapter": {
              "templateType": "react",
              "events": {
                "onDoAction": "doAction_uiControl192_Vbd6lP",
                "onGetTemplate": "getTemplate_uiControl192_Vbd6lP"
              }
            }
          }
        },
        {
          "id": "uiControl190_GVN40q",
          "controlId": "control191_vPRvXg",
          "display": {
            "adapterId": "custom",
            "type": "custom",
            "adapter": {
              "templateType": "react",
              "events": {
                "onDoAction": "doAction_uiControl190_GVN40q",
                "onGetTemplate": "getTemplate_uiControl190_GVN40q"
              }
            }
          }
        },
        {
          "id": "uiControl191_mmaDxp",
          "controlId": "control192_ZNmpIJ",
          "display": {
            "adapterId": "clickable",
            "type": "button",
            "amSize": "",
            "amStyle": "success",
            "adapter": {
              "templateType": ""
            }
          }
        },
        {
          "id": "uiControl193_CtetKf",
          "display": {
            "type": "card",
            "adapterId": "card",
            "adapter": {
              "templateType": ""
            }
          },
          "layout": [
            {
              "id": "uiControl193_CtetKfheader",
              "display": {
                "type": "cardHeader",
                "text": "",
                "adapterId": "cardHeader",
                "adapter": {
                  "templateType": ""
                }
              },
              "layout": []
            },
            {
              "id": "uiControl193_CtetKfbody",
              "display": {
                "type": "cardBody",
                "adapterId": "cardBody",
                "adapter": {
                  "templateType": ""
                }
              },
              "layout": [
                {
                  "id": "uiControl194_ZuNczQ",
                  "controlId": "control194_Pfbwtt",
                  "display": {
                    "adapterId": "image_link",
                    "type": "image",
                    "adapter": {
                      "templateType": ""
                    }
                  }
                },
                {
                  "id": "uiControl195_T3kdgz",
                  "controlId": "control196_yQrSTR",
                  "display": {
                    "adapterId": "content",
                    "type": "content",
                    "class": "t-cen",
                    "adapter": {
                      "templateType": ""
                    }
                  }
                },
                {
                  "id": "uiControl196_UKxCJc",
                  "controlId": "control197_LF29vA",
                  "display": {
                    "adapterId": "custom",
                    "type": "custom",
                    "adapter": {
                      "templateType": "react",
                      "events": {
                        "onDoAction": "doAction_uiControl196_UKxCJc",
                        "onGetTemplate": "getTemplate_uiControl196_UKxCJc"
                      }
                    }
                  }
                }
              ]
            },
            {
              "id": "uiControl193_CtetKffooter",
              "display": {
                "type": "cardFooter",
                "adapterId": "cardFooter",
                "adapter": {
                  "templateType": ""
                }
              },
              "layout": []
            }
          ]
        }
      ]
    }
  },
  "matchers": {
    "page/title": {
      "contexts": {
        "context13_Clb0tP": [
          "中国移动宁夏公司第三代CRM系统"
        ]
      }
    },
    "page/urls": {
      "contexts": {
        "context13_Clb0tP": [
          "218.203.103.203:8082/oc/bes/sm/login/phone.html?timestamp=1536111633273",
          "218.203.103.203:8082/oc/bes/sm/login/phone.html?type=1"
        ]
      }
    },
    "page/ids": {
      "contexts": {
        "context13_Clb0tP": [
          [
            "AFID_",
            "datetimepicker_div",
            "emailchoice",
            "ins_mpuiconsendsms",
            "lockPageDiv",
            "lockpage_pwd",
            "middleFrame",
            "oclogin",
            "orderScrollbar",
            "popBox",
            "popNote",
            "popNoteBox",
            "rightheadermenu",
            "shoppingcartNumber",
            "shoppingcartPlat",
            "shoppingcartcheckout",
            "staticshoppingcar_close",
            "staticshoppingcar_open",
            "tab-scrollbar",
            "tip_footdiv",
            "top_gadget",
            "uee-",
            "uee-_bmeDSTImg",
            "uee-_input_img",
            "uee-_ueeDTMShowFmt",
            "uee-_value",
            "unlockpage_btn",
            "workPlace"
          ],
          [
            "datetimepicker_div",
            "emailchoice",
            "ins_mpuiconsendsms",
            "lockPageDiv",
            "lockpage_pwd",
            "middleFrame",
            "oclogin",
            "orderScrollbar",
            "popBox",
            "popNote",
            "popNoteBox",
            "rightheadermenu",
            "shoppingcartNumber",
            "shoppingcartPlat",
            "shoppingcartcheckout",
            "staticshoppingcar_close",
            "staticshoppingcar_open",
            "tab-scrollbar",
            "tip_footdiv",
            "top_gadget",
            "uee-",
            "uee-_bmeDSTImg",
            "uee-_input_img",
            "uee-_ueeDTMShowFmt",
            "uee-_value",
            "unlockpage_btn",
            "workPlace"
          ],
          [
            "attachChildsOperCancel",
            "datetimepicker_div",
            "day",
            "emailchoice",
            "iconclass",
            "ins_checkbox",
            "ins_mpuiconsendsms",
            "loadingcover",
            "lockPageDiv",
            "lockpage_pwd",
            "middleFrame",
            "oclogin",
            "orderScrollbar",
            "popBox",
            "popNote",
            "popNoteBox",
            "rightheadermenu",
            "shoppingCartModify",
            "shoppingcartNumber",
            "shoppingcartPlat",
            "shoppingcartcheckout",
            "staticshoppingcar_close",
            "staticshoppingcar_open",
            "tab-scrollbar",
            "tip_footdiv",
            "top_gadget",
            "uee-",
            "uee-_bmeDSTImg",
            "uee-_input_img",
            "uee-_ueeDTMShowFmt",
            "uee-_value",
            "unlockpage_btn",
            "workPlace"
          ]
        ]
      }
    },
    "page/classes": {
      "contexts": {
        "context13_Clb0tP": [
          [
            "LeftScrollBar",
            "LeftxScrollBar",
            "ScrollbarArrow",
            "ScrollbarHandle",
            "ScrollbarHandleC",
            "ScrollbarHandleR",
            "ScrollbarTrack",
            "bes-ad-staticshoppingcar",
            "bes-common-pagecontext",
            "bes-oc-base-sectionright",
            "bes-oc-base-shoppingcart",
            "bf_tips",
            "bf_tips_container",
            "bf_tips_content",
            "btn_negative",
            "caiDanLianJie",
            "cart_num",
            "checkbox",
            "checked",
            "cn_bg",
            "cn_center",
            "cn_impl",
            "cn_left",
            "cn_right",
            "currentOrder",
            "currentOrderEmpty",
            "datetime_input",
            "datetimepicker_DST",
            "datetimepicker_div_trigger",
            "disable",
            "ele_normal",
            "fl",
            "floatCon",
            "font_left",
            "font_right",
            "foot",
            "fr",
            "hasDatepicker",
            "head",
            "header_menu_child",
            "header_menu_grandchild",
            "hide",
            "icon",
            "label",
            "left",
            "lock",
            "lock_input",
            "main-right",
            "mb_",
            "menu_btn",
            "mid",
            "middle",
            "ml_",
            "mt_",
            "navigatorBar",
            "ng-binding",
            "ng-hide",
            "ng-scope",
            "normal_img",
            "ocshoppingcart",
            "order_content",
            "order_footer",
            "order_opt",
            "order_title",
            "p",
            "panel",
            "panel_login",
            "pgHeader",
            "pl_content",
            "pl_title",
            "r_contnet",
            "right",
            "scrollbar_container",
            "scrollbar_container_inner",
            "scrollbar_container_outer",
            "selected",
            "selector",
            "shoppingCar",
            "shopping_Number",
            "shopping_close",
            "tab",
            "tab-close",
            "tab-menu",
            "tab-popup",
            "tab-title",
            "tabCon",
            "tabcontainer",
            "toLeft",
            "uIcon",
            "u_name",
            "u_no",
            "uee",
            "uee-border",
            "uee-datetime",
            "uee-datetime-container",
            "uee-gadget",
            "uee-input",
            "uee-input-normal",
            "uee-inputele-view",
            "uee-ipt-ele",
            "w_right",
            "win_cover",
            "win_lock",
            "win_lock_bg",
            "windowBoxwrap",
            "wrap"
          ],
          [
            "LeftScrollBar",
            "LeftxScrollBar",
            "ScrollbarArrow",
            "ScrollbarHandle",
            "ScrollbarHandleC",
            "ScrollbarHandleR",
            "ScrollbarTrack",
            "bes-ad-staticshoppingcar",
            "bes-common-pagecontext",
            "bes-oc-base-sectionright",
            "bes-oc-base-shoppingcart",
            "bf_tips",
            "bf_tips_container",
            "bf_tips_content",
            "btn_positive",
            "caiDanLianJie",
            "cart_num",
            "checkbox",
            "checked",
            "cn_bg",
            "cn_center",
            "cn_impl",
            "cn_left",
            "cn_right",
            "currentOrder",
            "currentOrderEmpty",
            "datetime_input",
            "datetimepicker_DST",
            "datetimepicker_div_trigger",
            "ele_normal",
            "fl",
            "floatCon",
            "font_left",
            "font_right",
            "foot",
            "form_control",
            "fr",
            "fullcover",
            "hasDatepicker",
            "hasSubItem",
            "head",
            "header_menu_child",
            "header_menu_grandchild",
            "hide",
            "icon",
            "icon_subscribe",
            "label",
            "left",
            "loading",
            "lock",
            "lock_input",
            "main-right",
            "mb_",
            "menu_btn",
            "mid",
            "middle",
            "ml_",
            "mt_",
            "navigatorBar",
            "ng-binding",
            "ng-hide",
            "ng-scope",
            "normal_img",
            "ocshoppingcart",
            "orderList",
            "orderPkg",
            "order_content",
            "order_footer",
            "order_monthFree",
            "order_name",
            "order_opt",
            "order_time",
            "order_time_arrow",
            "order_title",
            "orderwrapper",
            "p",
            "panel",
            "panel_login",
            "pgHeader",
            "pl_content",
            "pl_title",
            "r_contnet",
            "right",
            "scrollbar_container",
            "scrollbar_container_inner",
            "scrollbar_container_outer",
            "selected",
            "selector",
            "shoppingCar",
            "shopping_Number",
            "shopping_close",
            "tab",
            "tab-close",
            "tab-menu",
            "tab-popup",
            "tab-title",
            "tabCon",
            "tabcontainer",
            "toLeft",
            "uIcon",
            "u_name",
            "u_no",
            "uee",
            "uee-border",
            "uee-datetime",
            "uee-datetime-container",
            "uee-gadget",
            "uee-input",
            "uee-input-normal",
            "uee-inputele-view",
            "uee-ipt-ele",
            "w_right",
            "win_cover",
            "win_lock",
            "win_lock_bg",
            "windowBoxwrap",
            "wrap"
          ]
        ]
      }
    },
    "page/tagTriplets": {
      "contexts": {
        "context13_Clb0tP": [
          [
            "-/-/DIV",
            "-/-/SCRIPT",
            "-/-/UEE:INCLUDE",
            "-/DIV/DIV",
            "-/UEE:INCLUDE/DIV",
            "-/UEE:INCLUDE/LINK",
            "-/UEE:INCLUDE/META",
            "-/UEE:INCLUDE/STYLE",
            "-/UEE:INCLUDE/UEE:FIRE",
            "A/SPAN/UEE:FIRE",
            "DIV/A/SPAN",
            "DIV/DIV/A",
            "DIV/DIV/DIV",
            "DIV/DIV/H3",
            "DIV/DIV/IFRAME",
            "DIV/DIV/IMG",
            "DIV/DIV/INPUT-null",
            "DIV/DIV/INPUT-password",
            "DIV/DIV/LABEL",
            "DIV/DIV/P",
            "DIV/DIV/SPAN",
            "DIV/DIV/UEE:FIRE",
            "DIV/DIV/UEE:INCLUDE",
            "DIV/DIV/UL",
            "DIV/LABEL/INS",
            "DIV/LABEL/SPAN",
            "DIV/NG:SWITCH/DIV",
            "DIV/NG:SWITCH/INPUT-hidden",
            "DIV/SPAN/DIV",
            "DIV/SPAN/EM",
            "DIV/SPAN/SPAN",
            "DIV/SPAN/UEE:FIRE",
            "DIV/UEE:INCLUDE/DIV",
            "DIV/UEE:INCLUDE/UEE:FIRE",
            "DIV/UL/LI",
            "LABEL/INS/UEE:FIRE",
            "LABEL/SPAN/UEE:FIRE",
            "LI/DIV/SPAN",
            "NG:SWITCH/DIV/DIV",
            "SPAN/DIV/DIV",
            "SPAN/DIV/NG:SWITCH",
            "UEE:INCLUDE/DIV/A",
            "UEE:INCLUDE/DIV/BR",
            "UEE:INCLUDE/DIV/DIV",
            "UEE:INCLUDE/DIV/IFRAME",
            "UEE:INCLUDE/DIV/LINK",
            "UEE:INCLUDE/DIV/SPAN",
            "UEE:INCLUDE/DIV/UEE:FIRE",
            "UL/LI/DIV"
          ],
          [
            "-/-/DIV",
            "-/-/SCRIPT",
            "-/-/UEE:INCLUDE",
            "-/DIV/DIV",
            "-/DIV/IMG",
            "-/UEE:INCLUDE/DIV",
            "-/UEE:INCLUDE/LINK",
            "-/UEE:INCLUDE/META",
            "-/UEE:INCLUDE/STYLE",
            "-/UEE:INCLUDE/UEE:FIRE",
            "A/SPAN/UEE:FIRE",
            "DIV/A/SPAN",
            "DIV/DIV/A",
            "DIV/DIV/DIV",
            "DIV/DIV/H3",
            "DIV/DIV/IFRAME",
            "DIV/DIV/IMG",
            "DIV/DIV/INPUT-null",
            "DIV/DIV/INPUT-password",
            "DIV/DIV/LABEL",
            "DIV/DIV/P",
            "DIV/DIV/SPAN",
            "DIV/DIV/UEE:FIRE",
            "DIV/DIV/UEE:INCLUDE",
            "DIV/DIV/UL",
            "DIV/LABEL/INS",
            "DIV/LABEL/SPAN",
            "DIV/NG:SWITCH/DIV",
            "DIV/NG:SWITCH/INPUT-hidden",
            "DIV/SPAN/DIV",
            "DIV/SPAN/EM",
            "DIV/SPAN/SPAN",
            "DIV/SPAN/UEE:FIRE",
            "DIV/UEE:INCLUDE/DIV",
            "DIV/UEE:INCLUDE/UEE:FIRE",
            "DIV/UL/LI",
            "LABEL/INS/UEE:FIRE",
            "LABEL/SPAN/UEE:FIRE",
            "LI/DIV/DIV",
            "LI/DIV/SPAN",
            "NG:SWITCH/DIV/DIV",
            "SPAN/DIV/DIV",
            "SPAN/DIV/NG:SWITCH",
            "UEE:INCLUDE/DIV/A",
            "UEE:INCLUDE/DIV/BR",
            "UEE:INCLUDE/DIV/DIV",
            "UEE:INCLUDE/DIV/IFRAME",
            "UEE:INCLUDE/DIV/LINK",
            "UEE:INCLUDE/DIV/SPAN",
            "UEE:INCLUDE/DIV/UEE:FIRE",
            "UL/LI/DIV"
          ]
        ]
      }
    }
  }
}