{
  "version": "0.1",
  "id": "lks_FM_FlowJoin",
  "targetURL": "http://oa.sec.com.cn/lks/sys/lks_public.nsf/FM_FlowJoin?OpenForm&docid=60F984A0B9E59EEF48258296002ADD1F&db=/lks/koa/lks_review.nsf",
  "jsFile": "index.js",
  "chineseName": "发起流程挂接",
  "description": "发流程挂接",
  "controls": {
    "control139_zyZzqc": {
      "location": {
        "data": {
          "tagName": "FONT"
        },
        "userData": {
          "data": [],
          "force": false
        },
        "locators": [
          {
            "id": "path/ordinal",
            "prob": 1,
            "value": "/HTML[1]/BODY[1]/FORM[1]/DIV[1]/B[1]/FONT[1]"
          },
          {
            "id": "elderLevel",
            "value": {
              "level": 0
            }
          }
        ]
      },
      "events": {
        "onGetData": "getData_control139_zyZzqc"
      },
      "intendedRole": "custom",
      "roles": "element,custom",
      "monitored": true,
      "frameXPath": "",
      "componentType": "custom"
    },
    "control143_LC8iRr": {
      "location": {
        "data": {
          "tagName": "DIV"
        },
        "userData": {
          "data": [],
          "force": false
        },
        "locators": [
          {
            "id": "path/ordinal",
            "prob": 1,
            "value": "/HTML[1]/BODY[1]/FORM[1]/DIV[2]/TABLE[1]/TBODY[1]/TR[7]/TD[1]/DIV[1]"
          }
        ]
      },
      "events": {
        "onGetData": "getData_control143_LC8iRr"
      },
      "intendedRole": "custom",
      "roles": "element,custom",
      "monitored": true,
      "frameXPath": "",
      "componentType": "custom"
    },
    "control144_0wmgL2": {
      "location": {
        "data": {
          "tagName": "TR"
        },
        "userData": {
          "data": [],
          "force": false
        },
        "locators": [
          {
            "id": "path/ordinal",
            "prob": 1,
            "value": "/HTML[1]/BODY[1]/FORM[1]/DIV[2]/TABLE[1]/TBODY[1]/TR[1]"
          }
        ]
      },
      "events": {
        "onGetData": "getData_control144_0wmgL2"
      },
      "intendedRole": "custom",
      "roles": "element,custom",
      "monitored": true,
      "frameXPath": "",
      "componentType": "custom"
    },
    "control145_4sKEce": {
      "location": {
        "data": {
          "tagName": "TABLE"
        },
        "userData": {
          "data": [],
          "force": false
        },
        "locators": [
          {
            "id": "path/ordinal",
            "prob": 1,
            "value": "/HTML[1]/BODY[1]/FORM[1]/DIV[2]/TABLE[1]"
          }
        ]
      },
      "events": {
        "onGetData": "getData_control145_4sKEce"
      },
      "intendedRole": "custom",
      "roles": "element,custom",
      "monitored": true,
      "frameXPath": "",
      "componentType": "custom"
    }
  },
  "contexts": {
    "context18_Q9T0yN": {
      "controls": [
        "control139_zyZzqc",
        "control143_LC8iRr",
        "control144_0wmgL2",
        "control145_4sKEce"
      ],
      "anchors": [],
      "urlAnchor": []
    }
  },
  "flows": {
    "flow93_u2s7nZ": {
      "toContexts": [
        {
          "toContextId": "context18_Q9T0yN"
        }
      ]
    },
    "flow97_Q07Azc": {
      "fromContextId": "context18_Q9T0yN",
      "fromAction": "doAction",
      "fromControlId": "control143_LC8iRr",
      "toContexts": [
        {
          "toContextId": "context18_Q9T0yN"
        }
      ]
    },
    "flow98_alL2mV": {
      "fromContextId": "context18_Q9T0yN",
      "fromAction": "doAction",
      "fromControlId": "control144_0wmgL2",
      "toContexts": [
        {
          "toContextId": "context18_Q9T0yN"
        }
      ]
    },
    "flow94_QC3zqm": {
      "fromContextId": "context18_Q9T0yN",
      "fromAction": "doAction",
      "fromControlId": "control145_4sKEce",
      "toContexts": [
        {
          "toContextId": "context18_Q9T0yN"
        }
      ]
    }
  },
  "pages": {
    "page18_f8UHF7": {
      "contextId": "context18_Q9T0yN",
      "layout": [
        {
          "id": "uiControl152_OqSw4M",
          "controlId": "control139_zyZzqc",
          "display": {
            "adapterId": "custom",
            "type": "custom",
            "adapter": {
              "templateType": "react",
              "events": {
                "onDoAction": "doAction_uiControl152_OqSw4M",
                "onGetTemplate": "getTemplate_uiControl152_OqSw4M"
              }
            }
          }
        },
        {
          "id": "uiControl156_ltWGC8",
          "display": {
            "type": "sticky",
            "adapterId": "sticky",
            "class": "ui-footer-button",
            "adapter": {
              "templateType": ""
            }
          },
          "layout": [
            {
              "id": "uiControl156_ltWGC8body",
              "display": {
                "type": "stickyBody",
                "adapterId": "stickyBody",
                "adapter": {
                  "templateType": ""
                }
              },
              "layout": [
                {
                  "id": "uiControl157_RCfU0L",
                  "controlId": "control143_LC8iRr",
                  "display": {
                    "adapterId": "custom",
                    "type": "custom",
                    "adapter": {
                      "templateType": "react",
                      "events": {
                        "onDoAction": "doAction_uiControl157_RCfU0L",
                        "onGetTemplate": "getTemplate_uiControl157_RCfU0L"
                      }
                    }
                  }
                }
              ]
            }
          ]
        },
        {
          "id": "uiControl158_RPktTN",
          "controlId": "control144_0wmgL2",
          "display": {
            "adapterId": "custom",
            "type": "custom",
            "adapter": {
              "templateType": "react",
              "events": {
                "onDoAction": "doAction_uiControl158_RPktTN",
                "onGetTemplate": "getTemplate_uiControl158_RPktTN"
              }
            }
          }
        },
        {
          "id": "uiControl159_Lo7W6i",
          "controlId": "control145_4sKEce",
          "display": {
            "adapterId": "custom",
            "type": "custom",
            "adapter": {
              "templateType": "react",
              "events": {
                "onDoAction": "doAction_uiControl159_Lo7W6i",
                "onGetTemplate": "getTemplate_uiControl159_Lo7W6i"
              }
            }
          }
        }
      ]
    }
  },
  "matchers": {
    "page/title": {
      "contexts": {
        "context18_Q9T0yN": [
          "深圳能源集团OA系统_公共功能库_流程挂接"
        ]
      }
    },
    "page/urls": {
      "contexts": {
        "context18_Q9T0yN": [
          "oa.sec.com.cn/lks/sys/lks_public.nsf/FM_FlowJoin?OpenForm&docid=60F984A0B9E59EEF48258296002ADD1F&db=/lks/koa/lks_review.nsf"
        ]
      }
    },
    "page/ids": {
      "contexts": {
        "context18_Q9T0yN": [
          [
            "tdGj"
          ]
        ]
      }
    },
    "page/classes": {
      "contexts": {
        "context18_Q9T0yN": [
          [
            "btndoc"
          ]
        ]
      }
    },
    "page/tagTriplets": {
      "contexts": {
        "context18_Q9T0yN": [
          [
            "-/-/FORM",
            "-/-/SCRIPT",
            "-/FORM/BR",
            "-/FORM/DIV",
            "-/FORM/INPUT-hidden",
            "-/FORM/TABLE",
            "DIV/B/FONT",
            "DIV/TABLE/TBODY",
            "FORM/DIV/B",
            "FORM/DIV/BR",
            "FORM/DIV/TABLE",
            "FORM/TABLE/TBODY",
            "TABLE/TBODY/TR",
            "TBODY/TR/TD",
            "TD/DIV/INPUT-button",
            "TD/FONT/INPUT-null",
            "TD/FONT/TEXTAREA",
            "TD/UL/BR",
            "TD/UL/FONT",
            "TD/UL/SCRIPT",
            "TR/TD/BR",
            "TR/TD/DIV",
            "TR/TD/FONT",
            "TR/TD/INPUT-button",
            "TR/TD/INPUT-checkbox",
            "TR/TD/INPUT-hidden",
            "TR/TD/INPUT-null",
            "TR/TD/INPUT-radio",
            "TR/TD/TEXTAREA",
            "TR/TD/UL",
            "UL/FONT/INPUT-null"
          ]
        ]
      }
    }
  }
}