{
  "version": "0.1",
  "id": "lks_devconfigsec",
  "targetURL": "http://oa.sec.com.cn/lks/koa/lks_devconfigsec.nsf/$$ViewTemplate+For+VD_NewFlowPageForMOA?openform&Path=%u65b0%u5efa%u6d41%u7a0b",
  "jsFile": "index.js",
  "requires": {
    "lks_tasks": "../lks_tasks/index.json",
    "lks_review_new": "../lks_review_new/index.json",
    "lks_review": "../lks_review/index.json",
    "lks_hrreview_new": "../lks_hrreview_new/index.json",
    "lks_workcommunicate": "../lks_workcommunicate/index.json",
    "lks_FM_LeaveReview": "../lks_FM_LeaveReview/index.json",
    "lks_FM_OutReview": "../lks_FM_OutReview/index.json"
  },
  "chineseName": "新建流程",
  "description": "",
  "firstPaintEnable": false,
  "controls": {
    "control200_nTu7pf": {
      "location": {
        "data": {
          "tagName": "FONT"
        },
        "userData": {
          "data": [],
          "force": false
        },
        "locators": [
          {
            "id": "@class/word",
            "prob": 1,
            "value": "FONT.curpath"
          },
          {
            "id": "path/ordinal",
            "prob": 1,
            "value": "/HTML[1]/BODY[1]/FORM[1]/TABLE[4]/TBODY[1]/TR[1]/TD[1]/FONT[1]"
          },
          {
            "id": "elderLevel",
            "value": {
              "level": 0
            }
          }
        ]
      },
      "events": {
        "onGetData": "getData_control200_nTu7pf"
      },
      "intendedRole": "custom",
      "roles": "element,custom",
      "monitored": true,
      "frameXPath": "",
      "componentType": "custom"
    },
    "control201_2V6Mo1": {
      "location": {
        "data": {
          "tagName": "TABLE"
        },
        "userData": {
          "data": [],
          "force": false
        },
        "locators": [
          {
            "id": "@id/word",
            "prob": 3,
            "value": [
              "descendant::DIV[@id=\"VW_TABLE\"]//TABLE[@id=\"VW_VW\"]",
              "descendant::TABLE[@id=\"VW_VW\"]"
            ]
          },
          {
            "id": "@class/word",
            "prob": 1,
            "value": "TABLE.TbView"
          },
          {
            "id": "path/ordinal",
            "prob": 1,
            "value": "/HTML[1]/BODY[1]/FORM[1]/TABLE[4]/TBODY[1]/TR[1]/TD[1]/DIV[2]/TABLE[1]"
          }
        ]
      },
      "events": {
        "onGetData": "getData_control201_2V6Mo1"
      },
      "intendedRole": "custom",
      "roles": "element,custom",
      "monitored": true,
      "frameXPath": "",
      "componentType": "custom"
    },
    "control202_Nlut9R": {
      "location": {
        "data": {
          "tagName": "TABLE"
        },
        "userData": {
          "data": [],
          "force": false
        },
        "locators": [
          {
            "id": "@id/word",
            "prob": 2,
            "value": [
              "descendant::DIV[@id=\"VW_NAVTOP\"]/TABLE[1]",
              "descendant::DIV[@id=\"VW_NAVTOP\"]//TABLE"
            ]
          },
          {
            "id": "path/ordinal",
            "prob": 1,
            "value": "/HTML[1]/BODY[1]/FORM[1]/TABLE[4]/TBODY[1]/TR[1]/TD[1]/DIV[1]/TABLE[1]"
          }
        ]
      },
      "events": {
        "onGetData": "getData_control202_Nlut9R"
      },
      "intendedRole": "custom",
      "roles": "element,custom",
      "monitored": true,
      "frameXPath": "",
      "componentType": "custom"
    },
    "control221_2HWzuK": {
      "location": {
        "data": {
          "tagName": "DIV"
        },
        "userData": {
          "data": [],
          "force": false
        },
        "locators": [
          {
            "id": "text",
            "prob": 3,
            "value": {
              "text": [
                "lks_devconfigsec"
              ],
              "visText": [
                "lks_devconfigsec"
              ]
            }
          },
          {
            "id": "@id/word",
            "prob": 3,
            "value": "descendant::DIV[@id=\" lks_devconfigsec\"]"
          },
          {
            "id": "path/ordinal",
            "prob": 1,
            "value": "/HTML[1]/BODY[1]/FORM[1]/TABLE[4]/TBODY[1]/TR[1]/TD[1]/DIV[1]"
          },
          {
            "id": "elderLevel",
            "value": {
              "level": 0
            }
          }
        ]
      },
      "roles": "element",
      "text": " lks_devconfigsec",
      "frameXPath": ""
    }
  },
  "contexts": {
    "context29_myM0HG": {
      "controls": [
        "control200_nTu7pf",
        "control201_2V6Mo1",
        "control202_Nlut9R"
      ],
      "anchors": [
        "control221_2HWzuK"
      ],
      "urlAnchor": [
        ".*lks_devconfigsec.nsf\\/\\$\\$ViewTemplate.*"
      ]
    }
  },
  "flows": {
    "flow129_DRb1yi": {
      "toContexts": [
        {
          "toContextId": "context29_myM0HG"
        }
      ]
    },
    "flow130_AffOGo": {
      "fromContextId": "context29_myM0HG",
      "fromAction": "doAction",
      "fromControlId": "control201_2V6Mo1",
      "toContexts": [
        {
          "toContextId": "context29_myM0HG",
          "toModelId": "lks_devconfigsec"
        },
        {
          "toContextId": "context1_uBcbtH",
          "toModelId": "lks_tasks"
        },
        {
          "toContextId": "context29_DDp3FX",
          "toModelId": "lks_review_new"
        },
        {
          "toContextId": "context0_2puPsG",
          "toModelId": "lks_review"
        },
        {
          "toContextId": "context29_PNWz08",
          "toModelId": "lks_hrreview_new"
        },
        {
          "toContextId": "context34_cpOru2",
          "toModelId": "lks_workcommunicate"
        },
        {
          "toContextId": "context35_wLstsD",
          "toModelId": "lks_FM_LeaveReview"
        },
        {
          "toModelId": "lks_FM_OutReview",
          "toContextId": "context36_50uTOq"
        },
        {
          "toContextId": "context29_myM0HG"
        }
      ]
    }
  },
  "pages": {
    "page29_0QABJ6": {
      "contextId": "context29_myM0HG",
      "layout": [
        {
          "id": "uiControl218_WKbtzO",
          "controlId": "control200_nTu7pf",
          "display": {
            "adapterId": "custom",
            "type": "custom",
            "adapter": {
              "templateType": "react",
              "events": {
                "onDoAction": "doAction_uiControl218_WKbtzO",
                "onGetTemplate": "getTemplate_uiControl218_WKbtzO"
              }
            }
          }
        },
        {
          "id": "uiControl219_l2apeR",
          "controlId": "control201_2V6Mo1",
          "display": {
            "adapterId": "custom",
            "type": "custom",
            "adapter": {
              "templateType": "react",
              "events": {
                "onDoAction": "doAction_uiControl219_l2apeR",
                "onGetTemplate": "getTemplate_uiControl219_l2apeR"
              }
            }
          }
        },
        {
          "id": "uiControl220_aXUiNl",
          "controlId": "control202_Nlut9R",
          "display": {
            "adapterId": "custom",
            "type": "custom",
            "adapter": {
              "templateType": "react",
              "events": {
                "onDoAction": "doAction_uiControl220_aXUiNl",
                "onGetTemplate": "getTemplate_uiControl220_aXUiNl"
              }
            }
          }
        }
      ]
    }
  },
  "matchers": {
    "page/title": {
      "contexts": {
        "context29_myM0HG": [
          ""
        ]
      }
    },
    "page/urls": {
      "contexts": {
        "context29_myM0HG": [
          "oa.sec.com.cn/lks/koa/lks_devconfigsec.nsf/$$ViewTemplate+For+VD_NewFlowPageForMOA?openform&Path=%u65b0%u5efa%u6d41%u7a0b",
          "oa.sec.com.cn/lks/koa/lks_devconfigsec.nsf/$$ViewTemplate+For+VD_NewFlowPageForMOA?openform&Path=%e6%96%b0%e5%bb%ba%e6%b5%81%e7%a8%8b"
        ]
      }
    },
    "page/ids": {
      "contexts": {
        "context29_myM0HG": [
          [
            "DIV_SearchBar",
            "EndCurPage",
            "EndHead",
            "EndLast",
            "EndNext",
            "EndPrev",
            "EndRefresh",
            "EndTotalPage",
            "Endcount",
            "S_OperationBar",
            "TopCurPage",
            "TopHead",
            "TopLast",
            "TopNext",
            "TopPrev",
            "TopRefresh",
            "TopTotalPage",
            "Topcount",
            "VWVWROW_",
            "VW_NAVBOTTOM",
            "VW_NAVTOP",
            "VW_TABLE",
            "VW_VW",
            "btnGoBottom",
            "btnGoTop",
            "buttonDiv"
          ],
          [
            " lks_devconfigsec",
            "DIV_SearchBar",
            "EndCurPage",
            "EndHead",
            "EndLast",
            "EndNext",
            "EndPrev",
            "EndRefresh",
            "EndTotalPage",
            "Endcount",
            "S_OperationBar",
            "TopCurPage",
            "TopHead",
            "TopLast",
            "TopNext",
            "TopPrev",
            "TopRefresh",
            "TopTotalPage",
            "Topcount",
            "VWVWROW_",
            "VW_NAVBOTTOM",
            "VW_NAVTOP",
            "VW_TABLE",
            "VW_VW",
            "btnGoBottom",
            "btnGoTop",
            "buttonDiv"
          ]
        ]
      }
    },
    "page/classes": {
      "contexts": {
        "context29_myM0HG": [
          [
            "InputView",
            "TbView",
            "TrViewFirst",
            "btnmenuview",
            "curpath",
            "doclistbottom",
            "selectmenu",
            "tbsearchbar",
            "textdocnone"
          ]
        ]
      }
    },
    "page/tagTriplets": {
      "contexts": {
        "context29_myM0HG": [
          [
            "-/-/DIV",
            "-/-/FORM",
            "-/-/SCRIPT",
            "-/DIV/TABLE",
            "-/FORM/DIV",
            "-/FORM/INPUT-hidden",
            "-/FORM/TABLE",
            "DIV/TABLE/TBODY",
            "FONT/SELECT/OPTION",
            "FORM/DIV/TABLE",
            "FORM/TABLE/TBODY",
            "TABLE/TBODY/TR",
            "TBODY/TR/TD",
            "TD/A/IMG",
            "TD/DIV/TABLE",
            "TD/FONT/INPUT-checkbox",
            "TD/FONT/INPUT-hidden",
            "TD/FONT/INPUT-null",
            "TD/FONT/SELECT",
            "TD/TABLE/TBODY",
            "TR/TD/A",
            "TR/TD/BR",
            "TR/TD/DIV",
            "TR/TD/FONT",
            "TR/TD/IMG",
            "TR/TD/INPUT-button",
            "TR/TD/INPUT-checkbox",
            "TR/TD/INPUT-text",
            "TR/TD/TABLE"
          ]
        ]
      }
    }
  }
}