{
  "version": "0.1",
  "id": "lks_news",
  "targetURL": "http://oa.sec.com.cn/lks/koa/lks_news.nsf/0/CF701ACC5DBC07DC482582B800053BA8",
  "jsFile": "index.js",
  "requires": {
    "lks_tasks": "../lks_tasks/index.json",
    "lks_news": "../lks_news/index.json",
    "returnMsg": "../returnMsg/index.json",
    "lks-filemng": "../lks-filemng/index.json",
    "lks_review": "../lks_review/index.json",
    "lks_hrreview_new": "../lks_hrreview_new/index.json",
    "lks_financeflowreview": "../lks_financeflowreview/index.json",
    "lks_hrreview": "../lks_hrreview/index.json"
  },
  "chineseName": "通知公告",
  "description": "",
  "controls": {
    "control178_JnLCT8": {
      "location": {
        "data": {
          "tagName": "FONT"
        },
        "userData": {
          "data": [],
          "force": false
        },
        "locators": [
          {
            "id": "path/ordinal",
            "prob": 1,
            "value": "/HTML[1]/BODY[1]/FORM[1]/TABLE[3]/TBODY[1]/TR[1]/TD[1]/FONT[1]"
          },
          {
            "id": "elderLevel",
            "value": {
              "level": 0
            }
          }
        ]
      },
      "events": {
        "onGetData": "getData_control178_JnLCT8"
      },
      "intendedRole": "custom",
      "roles": "element,custom",
      "monitored": true,
      "frameXPath": "",
      "componentType": "custom"
    },
    "control186_D5LeAN": {
      "location": {
        "data": {
          "tagName": "FORM"
        },
        "userData": {
          "data": [],
          "force": false
        },
        "locators": [
          {
            "id": "path/ordinal",
            "prob": 1,
            "value": "/HTML[1]/BODY[1]/FORM[1]"
          }
        ]
      },
      "events": {
        "onGetData": "getData_control186_D5LeAN"
      },
      "intendedRole": "custom",
      "roles": "element,custom",
      "monitored": true,
      "frameXPath": "",
      "componentType": "custom"
    },
    "control187_ZdyL4I": {
      "location": {
        "data": {
          "tagName": "FORM"
        },
        "userData": {
          "data": [],
          "force": false
        },
        "locators": [
          {
            "id": "path/ordinal",
            "prob": 1,
            "value": "/HTML[1]/BODY[1]/FORM[1]"
          }
        ]
      },
      "events": {
        "onGetData": "getData_control187_ZdyL4I"
      },
      "intendedRole": "custom",
      "roles": "element,custom",
      "monitored": true,
      "frameXPath": "",
      "componentType": "custom"
    },
    "control188_6Arw8S": {
      "location": {
        "data": {
          "tagName": "FORM"
        },
        "userData": {
          "data": [],
          "force": false
        },
        "locators": [
          {
            "id": "path/ordinal",
            "prob": 1,
            "value": "/HTML[1]/BODY[1]/FORM[1]"
          }
        ]
      },
      "events": {
        "onGetData": "getData_control188_6Arw8S"
      },
      "intendedRole": "custom",
      "roles": "element,custom",
      "monitored": true,
      "frameXPath": "",
      "componentType": "custom"
    },
    "control189_2SMoQ4": {
      "location": {
        "data": {
          "tagName": "TABLE"
        },
        "userData": {
          "data": [],
          "force": false
        },
        "locators": [
          {
            "id": "@class/word",
            "prob": 1,
            "value": "TABLE.tbmenudoc"
          },
          {
            "id": "path/ordinal",
            "prob": 1,
            "value": "/HTML[1]/BODY[1]/FORM[1]/TABLE[2]"
          }
        ]
      },
      "events": {
        "onGetData": "getData_control189_2SMoQ4"
      },
      "intendedRole": "custom",
      "roles": "element,custom",
      "monitored": true,
      "frameXPath": "",
      "componentType": "custom"
    },
    "control194_HxlLw6": {
      "location": {
        "data": {
          "tagName": "INPUT"
        },
        "userData": {
          "data": [],
          "force": false
        },
        "locators": [
          {
            "id": "input/button/@value",
            "prob": 3,
            "value": {
              "text": [
                "下载正文"
              ]
            }
          },
          {
            "id": "@title",
            "prob": 2,
            "value": {
              "text": [
                "下载新闻正文"
              ],
              "textboxValue": "下载正文"
            }
          },
          {
            "id": "@class/word",
            "prob": 1,
            "ordinal": [
              1,
              3
            ],
            "value": "TABLE.tbmenudoc INPUT.btnmenudoc"
          },
          {
            "id": "path/ordinal",
            "prob": 1,
            "value": "/HTML[1]/BODY[1]/FORM[1]/TABLE[2]/TBODY[1]/TR[1]/TD[1]/DIV[1]/INPUT[2]"
          },
          {
            "id": "input/type",
            "verifyEnabled": true,
            "value": "button"
          }
        ]
      },
      "events": {
        "onGetData": "getData_control194_HxlLw6"
      },
      "intendedRole": "custom",
      "roles": "element,button,custom",
      "monitored": true,
      "frameXPath": "",
      "componentType": "custom"
    }
  },
  "contexts": {
    "context24_t9JPlV": {
      "controls": [
        "control178_JnLCT8",
        "control186_D5LeAN",
        "control187_ZdyL4I",
        "control188_6Arw8S",
        "control189_2SMoQ4",
        "control194_HxlLw6"
      ],
      "anchors": [],
      "urlAnchor": []
    }
  },
  "flows": {
    "flow116_qdXpVO": {
      "toContexts": [
        {
          "toContextId": "context24_t9JPlV"
        },
        {
          "toContextId": "context14_TiC1dV",
          "toModelId": "lks-filemng"
        },
        {
          "toContextId": "context0_2puPsG",
          "toModelId": "lks_review"
        },
        {
          "toContextId": "context29_PNWz08",
          "toModelId": "lks_hrreview_new"
        },
        {
          "toContextId": "context11_DdpfNi",
          "toModelId": "lks_financeflowreview"
        },
        {
          "toContextId": "context15_HgJeLK",
          "toModelId": "lks_hrreview"
        }
      ]
    },
    "flow119_ZhfE5z": {
      "fromContextId": "context24_t9JPlV",
      "fromAction": "doAction",
      "fromControlId": "control189_2SMoQ4",
      "toContexts": [
        {
          "toContextId": "context24_t9JPlV"
        },
        {
          "toContextId": "context24_t9JPlV",
          "toModelId": "lks_news"
        },
        {
          "toContextId": "context7_adlfZy",
          "toModelId": "returnMsg"
        }
      ]
    },
    "flow120_0SdsMw": {
      "fromContextId": "context24_t9JPlV",
      "fromAction": "doAction",
      "fromControlId": "control187_ZdyL4I",
      "toContexts": [
        {
          "toContextId": "context24_t9JPlV"
        }
      ]
    },
    "flow121_KtCVXw": {
      "fromContextId": "context24_t9JPlV",
      "fromAction": "doAction",
      "fromControlId": "control186_D5LeAN",
      "toContexts": [
        {
          "toContextId": "context24_t9JPlV"
        }
      ]
    },
    "flow122_hp6E5L": {
      "fromContextId": "context24_t9JPlV",
      "fromAction": "doAction",
      "fromControlId": "control194_HxlLw6",
      "toContexts": [
        {
          "toContextId": "context24_t9JPlV"
        }
      ]
    }
  },
  "pages": {
    "page24_H3OXJm": {
      "contextId": "context24_t9JPlV",
      "layout": [
        {
          "id": "uiControl195_r78wps",
          "controlId": "control178_JnLCT8",
          "display": {
            "adapterId": "custom",
            "type": "custom",
            "adapter": {
              "templateType": "react",
              "events": {
                "onDoAction": "doAction_uiControl195_r78wps",
                "onGetTemplate": "getTemplate_uiControl195_r78wps"
              }
            }
          }
        },
        {
          "id": "uiControl201_taSGr7",
          "controlId": "control186_D5LeAN",
          "display": {
            "adapterId": "custom",
            "type": "custom",
            "adapter": {
              "templateType": "react",
              "events": {
                "onDoAction": "doAction_uiControl201_taSGr7",
                "onGetTemplate": "getTemplate_uiControl201_taSGr7"
              }
            }
          }
        },
        {
          "id": "uiControl210_OzTK0k",
          "controlId": "control194_HxlLw6",
          "display": {
            "adapterId": "custom",
            "type": "custom",
            "adapter": {
              "templateType": "react",
              "events": {
                "onDoAction": "doAction_uiControl210_OzTK0k",
                "onGetTemplate": "getTemplate_uiControl210_OzTK0k"
              }
            }
          }
        },
        {
          "id": "uiControl203_ZgGKJQ",
          "controlId": "control188_6Arw8S",
          "display": {
            "adapterId": "custom",
            "type": "custom",
            "adapter": {
              "templateType": "react",
              "events": {
                "onDoAction": "doAction_uiControl203_ZgGKJQ",
                "onGetTemplate": "getTemplate_uiControl203_ZgGKJQ"
              }
            }
          }
        },
        {
          "id": "uiControl202_9GLIZb",
          "controlId": "control187_ZdyL4I",
          "display": {
            "adapterId": "custom",
            "type": "custom",
            "adapter": {
              "templateType": "react",
              "events": {
                "onDoAction": "doAction_uiControl202_9GLIZb",
                "onGetTemplate": "getTemplate_uiControl202_9GLIZb"
              }
            }
          }
        },
        {
          "id": "uiControl205_Jan75h",
          "display": {
            "type": "sticky",
            "adapterId": "sticky",
            "class": "ui-footer-button",
            "adapter": {
              "templateType": ""
            }
          },
          "layout": [
            {
              "id": "uiControl205_Jan75hbody",
              "display": {
                "type": "stickyBody",
                "adapterId": "stickyBody",
                "adapter": {
                  "templateType": ""
                }
              },
              "layout": [
                {
                  "id": "uiControl204_aEuDas",
                  "controlId": "control189_2SMoQ4",
                  "display": {
                    "adapterId": "custom",
                    "type": "custom",
                    "adapter": {
                      "templateType": "react",
                      "events": {
                        "onDoAction": "doAction_uiControl204_aEuDas",
                        "onGetTemplate": "getTemplate_uiControl204_aEuDas"
                      }
                    }
                  }
                }
              ]
            }
          ]
        }
      ]
    }
  },
  "matchers": {
    "page/title": {
      "contexts": {
        "context24_t9JPlV": [
          "深圳能源集团OA系统_通知公告_关于深能环保公司空缺岗位公开招聘的通知",
          "深圳能源集团OA系统_通知公告_吕秀内部调配通知",
          "深圳能源集团OA系统_通知公告_深圳能源集团关于加强交通安全管理的通知",
          "深圳能源集团OA系统_通知公告_设备管理月报（2018年06月）",
          "深圳能源集团OA系统_通知公告_办公室文明公约",
          "深圳能源集团OA系统_通知公告_2018年10月员工休假通知（2）",
          "深圳能源集团OA系统_通知公告_APGD3002公文管理",
          "深圳能源集团OA系统_通知公告_企业移动门户APP上线试运行通知公告"
        ]
      }
    },
    "page/urls": {
      "contexts": {
        "context24_t9JPlV": [
          "oa.sec.com.cn/lks/koa/lks_news.nsf/0/CF701ACC5DBC07DC482582B800053BA8",
          "oa.sec.com.cn/lks/koa/lks_news.nsf/0/0EF99CDE143EBACE482582940028848B?opendocument",
          "oa.sec.com.cn/lks/koa/lks_news.nsf/0/0ef99cde143ebace482582940028848b?opendocument",
          "oa.sec.com.cn/lks/koa/lks_news.nsf/0/0ef99cde143ebace482582940028848b?EditDocument",
          "oa.sec.com.cn/lks/koa/lks_news.nsf/0/040153BBB4EF318048257F07000745C5?opendocument&m_Seq=0.42413144483498955",
          "oa.sec.com.cn/lks/koa/lks_news.nsf/0/F22C99FF04457860482582C200110817?opendocument&Highlight=SE",
          "oa.sec.com.cn/lks/koa/lks_news.nsf/0/773D96E204B8EB0C48257FD800290659?opendocument",
          "oa.sec.com.cn/lks/koa/lks_news.nsf/0/033FC23B3A0AACAD482583220038A2F9?opendocument&Highlight=%E6%8E%88%E6%9D%83",
          "oa.sec.com.cn/lks/koa/lks_news.nsf/0/AD168B7033D9B2F1482583220026C264?opendocument&Highlight=%E6%B5%8B%E8%AF%95",
          "oa.sec.com.cn/lks/koa/lks_news.nsf/0/88471AA7942C5C2B482582710023D6C0?opendocument"
        ]
      }
    },
    "page/ids": {
      "contexts": {
        "context24_t9JPlV": [
          [
            "AttachmentDiv",
            "AttachmentOCX",
            "FSave",
            "F_BodyDiv",
            "F_BodyView",
            "F_EditLogDiv",
            "F_ReadLogDiv",
            "IReviewDiv",
            "Sys_EsaField",
            "editRec",
            "editSpan",
            "editSpanH",
            "htmlEdit",
            "readRec",
            "readSpan",
            "readSpanH",
            "reviewRec"
          ],
          [
            "AttachmentDiv",
            "AttachmentOCX",
            "FSave",
            "F_BodyDiv",
            "F_BodyView",
            "F_EditLogDiv",
            "F_ReadLogDiv",
            "FlowLog_MainTable",
            "FlowLog_Table",
            "IReviewDiv",
            "Sys_EsaField",
            "dealType",
            "dealType_",
            "editRec",
            "editSpan",
            "editSpanH",
            "htmlEdit",
            "moreImg",
            "post_",
            "readRec",
            "readSpan",
            "readSpanH",
            "reviewRec",
            "timeStrFull_"
          ],
          [
            "AttachmentDiv",
            "AttachmentOCX",
            "FSave",
            "F_BodyDiv",
            "F_BodyView",
            "F_EditLogDiv",
            "F_ReadLogDiv",
            "FlowLog_MainTable",
            "IReviewDiv",
            "Sys_EsaField",
            "dealType",
            "dealType_",
            "editRec",
            "editSpan",
            "editSpanH",
            "htmlEdit",
            "moreImg",
            "oattach",
            "post_",
            "readRec",
            "readSpan",
            "readSpanH",
            "reviewRec",
            "timeStrFull_"
          ],
          [
            "AttachmentCheck",
            "AttachmentDiv",
            "AttachmentOCX",
            "FSave",
            "F_BodyDiv",
            "F_BodyDvbbs_Container",
            "F_BodyDvbbs_TabDesign",
            "F_BodyDvbbs_TabHtml",
            "F_BodyDvbbs_TabView",
            "F_BodyDvbbs_formatSelect",
            "F_BodyExtToolbar",
            "F_BodyFontName",
            "F_BodyFontSize",
            "F_BodyIframe",
            "F_BodyPostiFrame",
            "F_BodyZoom",
            "F_Bodybackcolor",
            "F_Bodyforecolor",
            "FlashTemplate",
            "FlowLog_MainTable",
            "HeadPic",
            "IReviewDiv",
            "ImageAlign",
            "ImageTemplate",
            "Sys_EsaField",
            "WebOffice",
            "dealType",
            "dealType_",
            "deleteAttachment",
            "editRec",
            "flashupload",
            "htmlEdit",
            "imageupload",
            "moreImg",
            "oattach",
            "post_",
            "readRec",
            "reviewRec",
            "setImportanceDay",
            "timeStrFull_",
            "txtEdit",
            "wordEdit"
          ],
          [
            "AttachmentDiv",
            "AttachmentOCX",
            "FSave",
            "F_EditLogDiv",
            "F_ReadLogDiv",
            "IReviewDiv",
            "Sys_EsaField",
            "WebOffice",
            "editRec",
            "editSpan",
            "editSpanH",
            "oattach",
            "readRec",
            "readSpan",
            "readSpanH",
            "reviewRec",
            "wordEdit"
          ],
          [
            "AttachmentDiv",
            "AttachmentOCX",
            "FSave",
            "F_EditLogDiv",
            "F_ReadLogDiv",
            "FlowLog_MainTable",
            "IReviewDiv",
            "Sys_EsaField",
            "WebOffice",
            "dealType",
            "dealType_",
            "editRec",
            "editSpan",
            "editSpanH",
            "moreImg",
            "oattach",
            "readRec",
            "readSpan",
            "readSpanH",
            "reviewRec",
            "timeStrFull_",
            "wordEdit"
          ]
        ]
      }
    },
    "page/classes": {
      "contexts": {
        "context24_t9JPlV": [
          [
            "btnmenudoc",
            "tbmenudoc"
          ],
          [
            "Dvbbs_Body",
            "Dvbbs_Btn",
            "Dvbbs_Ico",
            "Dvbbs_TBGen",
            "Dvbbs_TabOff",
            "Dvbbs_TabOn",
            "Iframe",
            "btndoc",
            "btnmenudoc",
            "heading",
            "selectmenu",
            "tadoc",
            "tbmenudoc",
            "textdocdown",
            "upload",
            "yToolbar"
          ],
          [
            "MsoPlainText",
            "btnmenudoc",
            "tbmenudoc"
          ],
          [
            "MsoNormal",
            "btnmenudoc",
            "tbmenudoc"
          ]
        ]
      }
    },
    "page/tagTriplets": {
      "contexts": {
        "context24_t9JPlV": [
          [
            "-/-/FORM",
            "-/-/SCRIPT",
            "-/FORM/BR",
            "-/FORM/DIV",
            "-/FORM/TABLE",
            "FORM/TABLE/TBODY",
            "SPAN/TABLE/TBODY",
            "TABLE/TBODY/TR",
            "TBODY/TR/TD",
            "TD/B/FONT",
            "TD/DIV/FONT",
            "TD/DIV/INPUT-button",
            "TD/OBJECT/PARAM",
            "TD/SPAN/DIV",
            "TD/SPAN/IMG",
            "TD/SPAN/SCRIPT",
            "TD/SPAN/TABLE",
            "TD/SPAN/TEXTAREA",
            "TD/TABLE/TBODY",
            "TR/TD/A",
            "TR/TD/B",
            "TR/TD/BR",
            "TR/TD/DIV",
            "TR/TD/FONT",
            "TR/TD/IFRAME",
            "TR/TD/IMG",
            "TR/TD/INPUT-button",
            "TR/TD/INPUT-null",
            "TR/TD/OBJECT",
            "TR/TD/SCRIPT",
            "TR/TD/SPAN",
            "TR/TD/TABLE"
          ],
          [
            "-/-/FORM",
            "-/-/SCRIPT",
            "-/FORM/BR",
            "-/FORM/DIV",
            "-/FORM/TABLE",
            "A/B/IMG",
            "FORM/TABLE/TBODY",
            "SPAN/SPAN/SPAN",
            "SPAN/TABLE/TBODY",
            "TABLE/TBODY/TR",
            "TBODY/TR/TD",
            "TD/A/B",
            "TD/B/FONT",
            "TD/DIV/FONT",
            "TD/DIV/INPUT-button",
            "TD/OBJECT/PARAM",
            "TD/SPAN/B",
            "TD/SPAN/DIV",
            "TD/SPAN/IMG",
            "TD/SPAN/SCRIPT",
            "TD/SPAN/SPAN",
            "TD/SPAN/TABLE",
            "TD/SPAN/TEXTAREA",
            "TD/TABLE/TBODY",
            "TR/TD/A",
            "TR/TD/B",
            "TR/TD/BR",
            "TR/TD/DIV",
            "TR/TD/FONT",
            "TR/TD/IFRAME",
            "TR/TD/IMG",
            "TR/TD/INPUT-button",
            "TR/TD/INPUT-null",
            "TR/TD/OBJECT",
            "TR/TD/SCRIPT",
            "TR/TD/SPAN",
            "TR/TD/TABLE"
          ],
          [
            "-/-/FORM",
            "-/-/SCRIPT",
            "-/FORM/BR",
            "-/FORM/DIV",
            "-/FORM/TABLE",
            "A/B/IMG",
            "DIV/A/IMG",
            "FORM/TABLE/TBODY",
            "SPAN/SPAN/SPAN",
            "SPAN/TABLE/TBODY",
            "TABLE/TBODY/TR",
            "TBODY/TR/TD",
            "TD/A/B",
            "TD/B/FONT",
            "TD/DIV/A",
            "TD/DIV/BR",
            "TD/DIV/FONT",
            "TD/DIV/INPUT-button",
            "TD/OBJECT/PARAM",
            "TD/SPAN/B",
            "TD/SPAN/DIV",
            "TD/SPAN/IMG",
            "TD/SPAN/SCRIPT",
            "TD/SPAN/SPAN",
            "TD/SPAN/TABLE",
            "TD/SPAN/TEXTAREA",
            "TD/TABLE/TBODY",
            "TR/TD/A",
            "TR/TD/B",
            "TR/TD/BR",
            "TR/TD/DIV",
            "TR/TD/FONT",
            "TR/TD/IFRAME",
            "TR/TD/IMG",
            "TR/TD/INPUT-button",
            "TR/TD/INPUT-checkbox",
            "TR/TD/INPUT-null",
            "TR/TD/OBJECT",
            "TR/TD/SCRIPT",
            "TR/TD/SPAN",
            "TR/TD/TABLE"
          ],
          [
            "-/-/DIV",
            "-/-/FORM",
            "-/-/SCRIPT",
            "-/FORM/BR",
            "-/FORM/DIV",
            "-/FORM/IFRAME",
            "-/FORM/INPUT-hidden",
            "-/FORM/SCRIPT",
            "-/FORM/TABLE",
            "A/B/IMG",
            "B/FONT/INPUT-null",
            "DIV/A/IMG",
            "DIV/FONT/BR",
            "DIV/TABLE/TBODY",
            "FORM/TABLE/TBODY",
            "SPAN/DIV/INPUT-button",
            "SPAN/DIV/TEXTAREA",
            "SPAN/OBJECT/PARAM",
            "SPAN/SPAN/SPAN",
            "SPAN/TABLE/TBODY",
            "TABLE/TBODY/TR",
            "TBODY/TR/TD",
            "TD/A/B",
            "TD/A/IMG",
            "TD/B/FONT",
            "TD/DIV/A",
            "TD/DIV/BR",
            "TD/DIV/FONT",
            "TD/DIV/INPUT-button",
            "TD/DIV/INPUT-checkbox",
            "TD/DIV/TABLE",
            "TD/FONT/BR",
            "TD/FONT/INPUT-hidden",
            "TD/FONT/INPUT-null",
            "TD/FONT/INPUT-radio",
            "TD/FONT/SPAN",
            "TD/OBJECT/PARAM",
            "TD/SELECT/OPTION",
            "TD/SPAN/B",
            "TD/SPAN/DIV",
            "TD/SPAN/INPUT-button",
            "TD/SPAN/INPUT-hidden",
            "TD/SPAN/INPUT-null",
            "TD/SPAN/INPUT-radio",
            "TD/SPAN/OBJECT",
            "TD/SPAN/SCRIPT",
            "TD/SPAN/SPAN",
            "TD/SPAN/TABLE",
            "TD/SPAN/TEXTAREA",
            "TD/TABLE/TBODY",
            "TR/TD/A",
            "TR/TD/B",
            "TR/TD/BR",
            "TR/TD/DIV",
            "TR/TD/FONT",
            "TR/TD/IFRAME",
            "TR/TD/IMG",
            "TR/TD/INPUT-button",
            "TR/TD/INPUT-checkbox",
            "TR/TD/INPUT-file",
            "TR/TD/INPUT-hidden",
            "TR/TD/INPUT-null",
            "TR/TD/INPUT-radio",
            "TR/TD/OBJECT",
            "TR/TD/SCRIPT",
            "TR/TD/SELECT",
            "TR/TD/SPAN",
            "TR/TD/TABLE",
            "TR/TD/TEXTAREA"
          ],
          [
            "-/-/FORM",
            "-/-/SCRIPT",
            "-/FORM/BR",
            "-/FORM/DIV",
            "-/FORM/TABLE",
            "FORM/TABLE/TBODY",
            "SPAN/OBJECT/PARAM",
            "TABLE/TBODY/TR",
            "TBODY/TR/TD",
            "TD/B/FONT",
            "TD/DIV/FONT",
            "TD/DIV/INPUT-button",
            "TD/OBJECT/PARAM",
            "TD/SPAN/DIV",
            "TD/SPAN/IMG",
            "TD/SPAN/OBJECT",
            "TD/SPAN/SCRIPT",
            "TD/SPAN/TEXTAREA",
            "TD/TABLE/TBODY",
            "TR/TD/B",
            "TR/TD/BR",
            "TR/TD/DIV",
            "TR/TD/FONT",
            "TR/TD/IFRAME",
            "TR/TD/IMG",
            "TR/TD/INPUT-button",
            "TR/TD/INPUT-checkbox",
            "TR/TD/INPUT-null",
            "TR/TD/OBJECT",
            "TR/TD/SCRIPT",
            "TR/TD/SPAN",
            "TR/TD/TABLE"
          ],
          [
            "-/-/FORM",
            "-/-/SCRIPT",
            "-/FORM/BR",
            "-/FORM/DIV",
            "-/FORM/TABLE",
            "A/B/IMG",
            "FONT/FONT/B",
            "FORM/TABLE/TBODY",
            "SPAN/OBJECT/PARAM",
            "TABLE/TBODY/TR",
            "TBODY/TR/TD",
            "TD/A/B",
            "TD/B/FONT",
            "TD/DIV/FONT",
            "TD/DIV/INPUT-button",
            "TD/FONT/FONT",
            "TD/OBJECT/PARAM",
            "TD/SPAN/B",
            "TD/SPAN/DIV",
            "TD/SPAN/IMG",
            "TD/SPAN/OBJECT",
            "TD/SPAN/SCRIPT",
            "TD/SPAN/TEXTAREA",
            "TD/TABLE/TBODY",
            "TR/TD/A",
            "TR/TD/B",
            "TR/TD/BR",
            "TR/TD/DIV",
            "TR/TD/FONT",
            "TR/TD/IFRAME",
            "TR/TD/IMG",
            "TR/TD/INPUT-button",
            "TR/TD/INPUT-checkbox",
            "TR/TD/INPUT-null",
            "TR/TD/OBJECT",
            "TR/TD/SCRIPT",
            "TR/TD/SPAN",
            "TR/TD/TABLE"
          ],
          [
            "-/-/FORM",
            "-/-/SCRIPT",
            "-/FORM/BR",
            "-/FORM/DIV",
            "-/FORM/TABLE",
            "FORM/TABLE/TBODY",
            "P/SPAN/FONT",
            "P/SPAN/O:P",
            "SPAN/DIV/BR",
            "SPAN/FONT/SPAN",
            "SPAN/TABLE/TBODY",
            "TABLE/TBODY/TR",
            "TBODY/TR/TD",
            "TD/B/FONT",
            "TD/DIV/FONT",
            "TD/DIV/INPUT-button",
            "TD/OBJECT/PARAM",
            "TD/P/SPAN",
            "TD/SPAN/DIV",
            "TD/SPAN/IMG",
            "TD/SPAN/SCRIPT",
            "TD/SPAN/TABLE",
            "TD/SPAN/TEXTAREA",
            "TD/TABLE/TBODY",
            "TR/TD/B",
            "TR/TD/BR",
            "TR/TD/DIV",
            "TR/TD/FONT",
            "TR/TD/IFRAME",
            "TR/TD/IMG",
            "TR/TD/INPUT-button",
            "TR/TD/INPUT-null",
            "TR/TD/OBJECT",
            "TR/TD/P",
            "TR/TD/SCRIPT",
            "TR/TD/SPAN",
            "TR/TD/TABLE"
          ],
          [
            "-/-/FORM",
            "-/-/SCRIPT",
            "-/FORM/BR",
            "-/FORM/DIV",
            "-/FORM/TABLE",
            "A/B/IMG",
            "FONT/FONT/B",
            "FORM/TABLE/TBODY",
            "P/SPAN/O:P",
            "P/SPAN/SPAN",
            "SPAN/DIV/BR",
            "SPAN/SPAN/O:P",
            "SPAN/SPAN/SPAN",
            "SPAN/TABLE/TBODY",
            "TABLE/TBODY/TR",
            "TBODY/TR/TD",
            "TD/A/B",
            "TD/B/FONT",
            "TD/DIV/FONT",
            "TD/DIV/INPUT-button",
            "TD/FONT/FONT",
            "TD/OBJECT/PARAM",
            "TD/P/SPAN",
            "TD/SPAN/B",
            "TD/SPAN/DIV",
            "TD/SPAN/IMG",
            "TD/SPAN/SCRIPT",
            "TD/SPAN/SPAN",
            "TD/SPAN/TABLE",
            "TD/SPAN/TEXTAREA",
            "TD/TABLE/TBODY",
            "TR/TD/A",
            "TR/TD/B",
            "TR/TD/BR",
            "TR/TD/DIV",
            "TR/TD/FONT",
            "TR/TD/IFRAME",
            "TR/TD/IMG",
            "TR/TD/INPUT-button",
            "TR/TD/INPUT-null",
            "TR/TD/OBJECT",
            "TR/TD/P",
            "TR/TD/SCRIPT",
            "TR/TD/SPAN",
            "TR/TD/TABLE"
          ],
          [
            "-/-/FORM",
            "-/-/SCRIPT",
            "-/FORM/BR",
            "-/FORM/DIV",
            "-/FORM/TABLE",
            "FONT/FONT/B",
            "FORM/TABLE/TBODY",
            "SPAN/TABLE/TBODY",
            "TABLE/TBODY/TR",
            "TBODY/TR/TD",
            "TD/B/FONT",
            "TD/DIV/FONT",
            "TD/DIV/INPUT-button",
            "TD/FONT/FONT",
            "TD/OBJECT/PARAM",
            "TD/SPAN/DIV",
            "TD/SPAN/IMG",
            "TD/SPAN/SCRIPT",
            "TD/SPAN/TABLE",
            "TD/SPAN/TEXTAREA",
            "TD/TABLE/TBODY",
            "TR/TD/A",
            "TR/TD/B",
            "TR/TD/BR",
            "TR/TD/DIV",
            "TR/TD/FONT",
            "TR/TD/IFRAME",
            "TR/TD/IMG",
            "TR/TD/INPUT-button",
            "TR/TD/INPUT-null",
            "TR/TD/OBJECT",
            "TR/TD/SCRIPT",
            "TR/TD/SPAN",
            "TR/TD/TABLE"
          ],
          [
            "-/-/FORM",
            "-/-/SCRIPT",
            "-/FORM/BR",
            "-/FORM/DIV",
            "-/FORM/TABLE",
            "A/B/IMG",
            "DIV/A/IMG",
            "FONT/SPAN/O:P",
            "FONT/SPAN/SPAN",
            "FORM/TABLE/TBODY",
            "P/FONT/SPAN",
            "P/SPAN/O:P",
            "SPAN/DIV/BR",
            "SPAN/O:P/FONT",
            "SPAN/SPAN/SPAN",
            "SPAN/TABLE/TBODY",
            "TABLE/TBODY/TR",
            "TBODY/TR/TD",
            "TD/A/B",
            "TD/B/FONT",
            "TD/DIV/A",
            "TD/DIV/BR",
            "TD/DIV/FONT",
            "TD/DIV/INPUT-button",
            "TD/OBJECT/PARAM",
            "TD/P/FONT",
            "TD/P/SPAN",
            "TD/SPAN/B",
            "TD/SPAN/DIV",
            "TD/SPAN/IMG",
            "TD/SPAN/SCRIPT",
            "TD/SPAN/SPAN",
            "TD/SPAN/TABLE",
            "TD/SPAN/TEXTAREA",
            "TD/TABLE/TBODY",
            "TR/TD/A",
            "TR/TD/B",
            "TR/TD/BR",
            "TR/TD/DIV",
            "TR/TD/FONT",
            "TR/TD/IFRAME",
            "TR/TD/IMG",
            "TR/TD/INPUT-button",
            "TR/TD/INPUT-checkbox",
            "TR/TD/INPUT-null",
            "TR/TD/OBJECT",
            "TR/TD/P",
            "TR/TD/SCRIPT",
            "TR/TD/SPAN",
            "TR/TD/TABLE"
          ]
        ]
      }
    }
  }
}