{
  "version": "0.1",
  "id": "InformationMaintenance",
  "targetURL": "http://218.203.103.203:8082/oc/bes/sm/login/operator_ctz.html?type=2",
  "jsFile": "index.js",
  "requires": {
    "maintenaInformationMaintenance": "../maintenaInformationMaintenance/index.json",
    "controllerIndex": "../controllerIndex/index.json"
  },
  "chineseName": "管理器-集团竞争对手信息维护",
  "description": "管理器-集团竞争对手信息维护",
  "firstPaintEnable": false,
  "controls": {
    "control57_Hprng0": {
      "location": {
        "data": {
          "tagName": "UL"
        },
        "userData": {
          "data": [],
          "force": false
        },
        "locators": [
          {
            "id": "@class/word",
            "prob": 1,
            "value": "DIV.tabCon DIV.tab UL.floatCon.toLeft"
          }
        ]
      },
      "events": {
        "onGetData": "getData_control57_Hprng0"
      },
      "intendedRole": "custom",
      "roles": "element,custom",
      "monitored": true,
      "frameXPath": "",
      "componentType": "custom"
    },
    "control91_e1rzoK": {
      "location": {
        "data": {
          "tagName": "TD"
        },
        "userData": {
          "data": [],
          "force": false
        },
        "locators": [
          {
            "id": "@id/partialWord",
            "prob": 1,
            "disabled": true,
            "value": {
              "elemId": "columnDiv1",
              "tagName": "DIV",
              "prefix": "",
              "suffix": "/TABLE[3]/TFOOT[1]/TR[1]/TD[1]",
              "ratio": 0.67
            }
          },
          {
            "id": "path/ordinal",
            "prob": 1,
            "value": "/HTML[1]/BODY[1]/FORM[1]/DIV[1]/DIV[1]/TABLE[3]/TFOOT[1]/TR[1]/TD[1]"
          }
        ]
      },
      "events": {
        "onGetData": "getData_control91_e1rzoK"
      },
      "intendedRole": "custom",
      "roles": "element,custom",
      "ignoreVisibility": false,
      "monitored": true,
      "frameXPath": "//iframe[1]<<IFRAME>>",
      "componentType": "custom"
    },
    "control92_LfkhEp": {
      "location": {
        "data": {
          "tagName": "TABLE"
        },
        "userData": {
          "data": [],
          "force": false
        },
        "locators": [
          {
            "id": "@id/word",
            "prob": 3,
            "value": "descendant::TABLE[@id=\"queryResultTable\"]"
          },
          {
            "id": "path/ordinal",
            "prob": 1,
            "value": "/HTML[1]/BODY[1]/FORM[1]/DIV[1]/DIV[1]/TABLE[2]"
          }
        ]
      },
      "events": {
        "onGetData": "getData_control92_LfkhEp"
      },
      "intendedRole": "custom",
      "roles": "element,custom",
      "monitored": true,
      "frameXPath": "//iframe[1]<<IFRAME>>",
      "componentType": "custom"
    },
    "control93_zotVvJ": {
      "location": {
        "data": {
          "tagName": "TD"
        },
        "userData": {
          "data": [],
          "force": false
        },
        "locators": [
          {
            "id": "text",
            "prob": 3,
            "value": {
              "text": [
                "集团使用竞争对手产品信息维护"
              ],
              "visText": [
                "集团使用竞争对手产品信息维护"
              ]
            }
          },
          {
            "id": "path/ordinal",
            "prob": 1,
            "value": "/HTML[1]/BODY[1]/FORM[1]/DIV[1]/TABLE[1]/TBODY[1]/TR[1]/TD[1]"
          }
        ]
      },
      "roles": "element",
      "content": true,
      "monitored": true,
      "frameXPath": "//iframe[1]<<IFRAME>>",
      "componentType": "content"
    },
    "control150_TNiAKl": {
      "location": {
        "data": {
          "tagName": "TD"
        },
        "userData": {
          "data": [],
          "force": false
        },
        "locators": [
          {
            "id": "path/ordinal",
            "prob": 1,
            "value": "/HTML[1]/BODY[1]/FORM[1]/DIV[1]/TABLE[1]/TBODY[1]/TR[1]/TD[3]"
          }
        ]
      },
      "events": {
        "onGetData": "getData_control150_TNiAKl"
      },
      "intendedRole": "custom",
      "roles": "element,custom",
      "monitored": true,
      "frameXPath": "//iframe[1]<<IFRAME>>",
      "componentType": "custom"
    },
    "control278_eLrAiM": {
      "location": {
        "data": {
          "tagName": "LI"
        },
        "userData": {
          "data": [],
          "force": false
        },
        "locators": [
          {
            "id": "text",
            "prob": 3,
            "value": {
              "text": [
                "集团竞争对手产品信息维护"
              ],
              "visText": [
                "集团竞争对手产品信息维护"
              ]
            }
          },
          {
            "id": "@title",
            "prob": 2,
            "value": {
              "text": [
                "集团竞争对手产品信息维护"
              ]
            }
          },
          {
            "id": "@class/word",
            "prob": 1,
            "value": "DIV.tab UL.floatCon.toLeft LI.selected"
          },
          {
            "id": "style/color",
            "value": [
              42,
              142,
              231
            ]
          }
        ]
      },
      "roles": "element",
      "text": "\t\t                                                        \t\t                        集团竞争对手产品信息维护\t                          ",
      "frameXPath": ""
    },
    "control380_VTDnBh": {
      "location": {
        "data": {
          "tagName": "LI"
        },
        "userData": {
          "data": [],
          "force": false
        },
        "locators": [
          {
            "id": "text",
            "prob": 3,
            "value": {
              "text": [
                "集团竞争对手信息维护"
              ],
              "visText": [
                "集团竞争对手信息维护"
              ]
            }
          },
          {
            "id": "@title",
            "prob": 2,
            "value": {
              "text": [
                "集团竞争对手信息维护"
              ]
            }
          },
          {
            "id": "@class/word",
            "prob": 1,
            "value": "DIV.tab UL.floatCon.toLeft LI.selected"
          },
          {
            "id": "style/color",
            "value": [
              42,
              142,
              231
            ]
          }
        ]
      },
      "roles": "element",
      "text": "\t\t                                                        \t\t                        集团竞争对手信息维护\t                          ",
      "frameXPath": ""
    }
  },
  "contexts": {
    "context13_R3mmIy": {
      "controls": [
        "control57_Hprng0",
        "control91_e1rzoK",
        "control92_LfkhEp",
        "control93_zotVvJ",
        "control150_TNiAKl"
      ],
      "anchors": [
        "control380_VTDnBh"
      ],
      "urlAnchor": []
    }
  },
  "flows": {
    "flow65_V9OGmW": {
      "toContexts": [
        {
          "toContextId": "context13_R3mmIy"
        }
      ]
    },
    "flow66_iDIK84": {
      "fromContextId": "context13_R3mmIy",
      "fromAction": "doAction",
      "fromControlId": "control92_LfkhEp",
      "toContexts": [
        {
          "toContextId": "context13_R3mmIy"
        },
        {
          "toContextId": "context14_cJFQhm",
          "toModelId": "maintenaInformationMaintenance"
        }
      ]
    },
    "flow75_Z1149w": {
      "fromContextId": "context13_R3mmIy",
      "fromAction": "doAction",
      "fromControlId": "control57_Hprng0",
      "toContexts": [
        {
          "toContextId": "context13_R3mmIy"
        },
        {
          "toContextId": "context1_ysxqN8",
          "toModelId": "controllerIndex"
        }
      ]
    },
    "flow101_iCFuz0": {
      "fromContextId": "context13_R3mmIy",
      "fromAction": "doAction",
      "fromControlId": "control150_TNiAKl",
      "toContexts": [
        {
          "toContextId": "context13_R3mmIy"
        },
        {
          "toContextId": "context14_cJFQhm",
          "toModelId": "maintenaInformationMaintenance"
        }
      ]
    }
  },
  "pages": {
    "page13_6HKome": {
      "contextId": "context13_R3mmIy",
      "layout": [
        {
          "id": "uiControl55_XnZMGQ",
          "controlId": "control57_Hprng0",
          "display": {
            "adapterId": "custom",
            "type": "custom",
            "adapter": {
              "templateType": "react",
              "events": {
                "onDoAction": "doAction_uiControl55_XnZMGQ",
                "onGetTemplate": "getTemplate_uiControl55_XnZMGQ"
              }
            }
          }
        },
        {
          "id": "uiControl77_gQnauy",
          "display": {
            "type": "card",
            "adapterId": "card",
            "adapter": {
              "templateType": ""
            }
          },
          "layout": [
            {
              "id": "uiControl77_gQnauyheader",
              "display": {
                "type": "cardHeader",
                "text": "",
                "adapterId": "cardHeader",
                "adapter": {
                  "templateType": ""
                }
              },
              "layout": []
            },
            {
              "id": "uiControl77_gQnauybody",
              "display": {
                "type": "cardBody",
                "adapterId": "cardBody",
                "adapter": {
                  "templateType": ""
                }
              },
              "layout": [
                {
                  "id": "uiControl97_HL0X3l",
                  "controlId": "control93_zotVvJ",
                  "display": {
                    "adapterId": "content",
                    "type": "content",
                    "class": "w-tit",
                    "adapter": {
                      "templateType": ""
                    }
                  }
                },
                {
                  "id": "uiControl154_VTBPlf",
                  "controlId": "control150_TNiAKl",
                  "display": {
                    "adapterId": "custom",
                    "type": "custom",
                    "adapter": {
                      "templateType": "react",
                      "events": {
                        "onDoAction": "doAction_uiControl154_VTBPlf",
                        "onGetTemplate": "getTemplate_uiControl154_VTBPlf"
                      }
                    }
                  }
                },
                {
                  "id": "uiControl96_Q4lSrN",
                  "controlId": "control92_LfkhEp",
                  "display": {
                    "adapterId": "custom",
                    "type": "custom",
                    "adapter": {
                      "templateType": "react",
                      "events": {
                        "onDoAction": "doAction_uiControl96_Q4lSrN",
                        "onGetTemplate": "getTemplate_uiControl96_Q4lSrN"
                      }
                    }
                  }
                },
                {
                  "id": "uiControl95_Voqqbz",
                  "controlId": "control91_e1rzoK",
                  "display": {
                    "adapterId": "custom",
                    "type": "custom",
                    "adapter": {
                      "templateType": "react",
                      "events": {
                        "onDoAction": "doAction_uiControl95_Voqqbz",
                        "onGetTemplate": "getTemplate_uiControl95_Voqqbz"
                      }
                    }
                  }
                }
              ]
            },
            {
              "id": "uiControl77_gQnauyfooter",
              "display": {
                "type": "cardFooter",
                "adapterId": "cardFooter",
                "adapter": {
                  "templateType": ""
                }
              },
              "layout": []
            }
          ]
        }
      ]
    }
  },
  "matchers": {
    "page/title": {
      "contexts": {
        "context13_R3mmIy": [
          "中国移动宁夏公司第三代CRM系统",
          "中国移动宁夏公司第三代CRM系统 页面"
        ]
      }
    },
    "page/urls": {
      "contexts": {
        "context13_R3mmIy": [
          "218.203.103.203:8082/oc/bes/sm/login/operator_ctz.html?type=2",
          "218.203.103.203:8082/oc/bes/sm/login/operator_ctz.html?type=2"
        ]
      }
    },
    "page/ids": {
      "contexts": {
        "context13_R3mmIy": [
          [
            "bes_sm_portal_email_div",
            "bes_sm_portal_email_input",
            "bes_sm_portal_email_span",
            "bes_sm_portal_exit_pic",
            "bes_sm_portal_lock_pic",
            "bes_sm_portal_phone_div",
            "bes_sm_portal_phone_input",
            "bes_sm_portal_phone_span",
            "bes_sm_portal_updatePwd_pic",
            "bes_sm_portal_userName_div",
            "bes_sm_portal_userName_input",
            "bes_sm_portal_userName_span",
            "bes_sm_portal_welcom_div",
            "bes_sm_portal_welcome_input",
            "bes_sm_portal_welcome_span",
            "beslogo",
            "besprintiframe",
            "crt-be",
            "datetimepicker_div",
            "drag",
            "emailchoice",
            "frame_calculator",
            "frame_search_employee",
            "headerMenu",
            "helpClose",
            "helpMax",
            "helpMin",
            "helpRestore",
            "helpcenter",
            "helper_center_li",
            "helpifr",
            "helpmore",
            "helptitle",
            "helpul",
            "helpwindow",
            "ins_mpuiconsendsms",
            "ipt_lang",
            "ipt_loginid",
            "leftMenu",
            "lockPageDiv",
            "lockpage_pwd",
            "menuSearch",
            "middleFrame",
            "mymarquee",
            "note_pad",
            "noticeleft",
            "noticeli",
            "noticelistdiv",
            "noticetop",
            "orderScrollbar",
            "popBox",
            "popNote",
            "popNoteBox",
            "printdiv",
            "rightheadermenu",
            "search_button_info",
            "search_info_text",
            "shoppingcartNumber",
            "shoppingcartPlat",
            "shoppingcartcheckout",
            "showmenudiv",
            "sitemap",
            "staticshoppingcar_close",
            "staticshoppingcar_open",
            "switchberegion",
            "tab-scrollbar",
            "tip_footdiv",
            "top_gadget",
            "uee-",
            "uee-_bmeDSTImg",
            "uee-_input_img",
            "uee-_ueeDTMShowFmt",
            "uee-_value",
            "unlockpage_btn",
            "workPlace"
          ],
          [
            "attachName",
            "bes_sm_portal_email_div",
            "bes_sm_portal_email_input",
            "bes_sm_portal_email_span",
            "bes_sm_portal_exit_pic",
            "bes_sm_portal_lock_pic",
            "bes_sm_portal_phone_div",
            "bes_sm_portal_phone_input",
            "bes_sm_portal_phone_span",
            "bes_sm_portal_updatePwd_pic",
            "bes_sm_portal_userName_div",
            "bes_sm_portal_userName_input",
            "bes_sm_portal_userName_span",
            "bes_sm_portal_welcom_div",
            "bes_sm_portal_welcome_input",
            "bes_sm_portal_welcome_span",
            "beslogo",
            "besprintiframe",
            "crt-be",
            "datetimepicker_div",
            "downloadExportExcel",
            "drag",
            "emailchoice",
            "frame_calculator",
            "frame_search_employee",
            "headerMenu",
            "helpClose",
            "helpMax",
            "helpMin",
            "helpRestore",
            "helpcenter",
            "helper_center_li",
            "helpifr",
            "helpmore",
            "helptitle",
            "helpul",
            "helpwindow",
            "img_",
            "ins_mpuiconsendsms",
            "ipt_lang",
            "ipt_loginid",
            "leftMenu",
            "leftPopBox",
            "lockPageDiv",
            "lockpage_pwd",
            "menuSearch",
            "middleFrame",
            "moreNotice",
            "mymarquee",
            "noteContent",
            "note_",
            "note_pad",
            "noticeleft",
            "noticeli",
            "noticelistdiv",
            "noticetop",
            "orderScrollbar",
            "popBox",
            "popNote",
            "popNoteBox",
            "popupTitle",
            "printdiv",
            "rightheadermenu",
            "searchReset",
            "search_button_info",
            "search_info_text",
            "shoppingcartNumber",
            "shoppingcartPlat",
            "shoppingcartcheckout",
            "showmenudiv",
            "sitemap",
            "staticshoppingcar_close",
            "staticshoppingcar_open",
            "switchberegion",
            "tab-scrollbar",
            "tip_footdiv",
            "top_gadget",
            "uee-",
            "uee-_bmeDSTImg",
            "uee-_input_img",
            "uee-_ueeDTMShowFmt",
            "uee-_value",
            "unlockpage_btn",
            "workPlace"
          ]
        ]
      }
    },
    "page/classes": {
      "contexts": {
        "context13_R3mmIy": [
          [
            "LeftScrollBar",
            "LeftxScrollBar",
            "ScrollbarArrow",
            "ScrollbarHandle",
            "ScrollbarHandleC",
            "ScrollbarHandleR",
            "ScrollbarTrack",
            "accountOpt",
            "active",
            "ao-droplist",
            "ao-exit",
            "ao-header",
            "ao-lock",
            "ao-popup",
            "ao-updatepwd",
            "beforeEdit",
            "bes-ad-common-smplugin",
            "bes-ad-staticshoppingcar",
            "bes-common-pagecontext",
            "bes-oc-base-login",
            "bes-oc-base-shoppingcart",
            "bes-sm-commontools",
            "bes-sm-ctz-notice",
            "bes-sm-helpcenter",
            "bes-sm-oc-print",
            "bes-sm-sales-workbench",
            "bes-sm-sitemap",
            "bes-sm-switchbe",
            "bes-sm-unioncash",
            "bf_tips",
            "bf_tips_container",
            "bf_tips_content",
            "btn_negative",
            "cart_num",
            "checkbox",
            "checked",
            "clearfix",
            "close",
            "cn_bg",
            "cn_center",
            "cn_impl",
            "cn_left",
            "cn_right",
            "content",
            "currentOrder",
            "currentOrderEmpty",
            "datetime_input",
            "datetimepicker_DST",
            "datetimepicker_div_trigger",
            "disable",
            "disableEdit",
            "droplist",
            "droplistIcon",
            "editSpan",
            "ele_normal",
            "emailSpan",
            "even",
            "fl",
            "floatCon",
            "fontH",
            "font_blue",
            "font_left",
            "font_right",
            "foot",
            "fr",
            "ft-h",
            "hasDatepicker",
            "head",
            "headerMenu",
            "header_menu_child",
            "header_menu_grandchild",
            "helpcenter",
            "helper_center",
            "hide",
            "icon",
            "inlineTitle",
            "label",
            "last",
            "lastLiOpt",
            "left",
            "lock",
            "lock_input",
            "logo",
            "main-right",
            "max",
            "mb_",
            "menu_btn",
            "mid",
            "middle",
            "min",
            "ml_",
            "mt_",
            "navigatorBar",
            "ng-binding",
            "ng-hide",
            "ng-scope",
            "normal_img",
            "notice",
            "noticeli",
            "oclogin",
            "ocprint",
            "ocshoppingcart",
            "openwithtab",
            "order_content",
            "order_footer",
            "order_opt",
            "order_title",
            "p",
            "pgHeader",
            "phoneSpan",
            "pophelp-more",
            "pophelp_pa",
            "pre",
            "print_block",
            "print_close",
            "print_content",
            "print_header",
            "r_contnet",
            "resizeB",
            "resizeBR",
            "resizeL",
            "resizeLB",
            "resizeLT",
            "resizeR",
            "resizeT",
            "resizeTR",
            "revert",
            "right",
            "scrollbar_container",
            "scrollbar_container_inner",
            "scrollbar_container_outer",
            "searchBar",
            "searchButton",
            "searchBuyPanel",
            "searchPopup",
            "selected",
            "selector",
            "sh-inputCon",
            "sh-value",
            "shoppingCar",
            "shopping_Number",
            "shopping_close",
            "showMenuDiv",
            "switchbe",
            "tab",
            "tab-close",
            "tab-menu",
            "tab-popup",
            "tab-title",
            "tabCon",
            "tab_nav",
            "tabcontainer",
            "tc-content",
            "tc-mask",
            "tc-popup",
            "tc-tip",
            "tc_content",
            "tc_linkCon",
            "tc_mask",
            "tc_popup",
            "tc_sub_title",
            "tc_title",
            "title",
            "toLeft",
            "tool",
            "toolCon",
            "tool_v",
            "toolbar",
            "uIcon",
            "u_name",
            "u_no",
            "uee",
            "uee-border",
            "uee-datetime",
            "uee-datetime-container",
            "uee-gadget",
            "uee-input",
            "uee-input-normal",
            "uee-inputele-view",
            "uee-ipt-ele",
            "userNameSpan",
            "welcomeSpan",
            "win_cover",
            "win_lock",
            "win_lock_bg",
            "windowBoxwrap",
            "wrap"
          ],
          [
            "LeftScrollBar",
            "LeftxScrollBar",
            "ScrollbarArrow",
            "ScrollbarHandle",
            "ScrollbarHandleC",
            "ScrollbarHandleR",
            "ScrollbarTrack",
            "accountOpt",
            "active",
            "ao-droplist",
            "ao-exit",
            "ao-header",
            "ao-lock",
            "ao-popup",
            "ao-updatepwd",
            "beforeEdit",
            "bes-ad-common-smplugin",
            "bes-ad-staticshoppingcar",
            "bes-common-pagecontext",
            "bes-oc-base-login",
            "bes-oc-base-shoppingcart",
            "bes-sm-commontools",
            "bes-sm-ctz-notice",
            "bes-sm-helpcenter",
            "bes-sm-oc-print",
            "bes-sm-sales-workbench",
            "bes-sm-sitemap",
            "bes-sm-switchbe",
            "bes-sm-unioncash",
            "bf_tips",
            "bf_tips_container",
            "bf_tips_content",
            "btn_negative",
            "cart_num",
            "checkbox",
            "checked",
            "clearfix",
            "close",
            "cn_bg",
            "cn_center",
            "cn_impl",
            "cn_left",
            "cn_right",
            "content",
            "currentOrder",
            "currentOrderEmpty",
            "datetime_input",
            "datetimepicker_DST",
            "datetimepicker_div_trigger",
            "disable",
            "disableEdit",
            "droplist",
            "droplistIcon",
            "editSpan",
            "ele_normal",
            "emailSpan",
            "even",
            "fl",
            "floatCon",
            "fontH",
            "font_blue",
            "font_left",
            "font_right",
            "foot",
            "fr",
            "ft-h",
            "hasDatepicker",
            "head",
            "headerMenu",
            "header_menu_child",
            "header_menu_grandchild",
            "helpcenter",
            "helper_center",
            "hide",
            "icon",
            "inlineTitle",
            "label",
            "last",
            "lastLiOpt",
            "left",
            "lock",
            "lock_input",
            "logo",
            "main-right",
            "max",
            "mb_",
            "menu_btn",
            "mid",
            "middle",
            "min",
            "ml_",
            "mt_",
            "navigatorBar",
            "ng-binding",
            "ng-hide",
            "ng-scope",
            "noneedopenwithtab",
            "normal_img",
            "notice",
            "noticeli",
            "oclogin",
            "ocprint",
            "ocshoppingcart",
            "openwithtab",
            "order_content",
            "order_footer",
            "order_opt",
            "order_title",
            "p",
            "pgHeader",
            "phoneSpan",
            "pophelp-more",
            "pophelp_pa",
            "pre",
            "print_block",
            "print_close",
            "print_content",
            "print_header",
            "r_contnet",
            "resizeB",
            "resizeBR",
            "resizeL",
            "resizeLB",
            "resizeLT",
            "resizeR",
            "resizeT",
            "resizeTR",
            "revert",
            "right",
            "scrollbar_container",
            "scrollbar_container_inner",
            "scrollbar_container_outer",
            "searchBar",
            "searchButton",
            "searchBuyPanel",
            "searchPopup",
            "selected",
            "selector",
            "sh-inputCon",
            "sh-value",
            "shoppingCar",
            "shopping_Number",
            "shopping_close",
            "showMenuDiv",
            "switchbe",
            "tab",
            "tab-close",
            "tab-menu",
            "tab-popup",
            "tab-title",
            "tabCon",
            "tab_nav",
            "tabcontainer",
            "tc-content",
            "tc-mask",
            "tc-popup",
            "tc-tip",
            "tc_content",
            "tc_linkCon",
            "tc_mask",
            "tc_popup",
            "tc_sub_title",
            "tc_title",
            "title",
            "toLeft",
            "tool",
            "toolCon",
            "tool_v",
            "toolbar",
            "uIcon",
            "u_name",
            "u_no",
            "uee",
            "uee-border",
            "uee-datetime",
            "uee-datetime-container",
            "uee-gadget",
            "uee-input",
            "uee-input-normal",
            "uee-inputele-view",
            "uee-ipt-ele",
            "userNameSpan",
            "welcomeSpan",
            "win_cover",
            "win_lock",
            "win_lock_bg",
            "windowBoxwrap",
            "wrap"
          ],
          [
            "LeftScrollBar",
            "LeftxScrollBar",
            "ScrollbarArrow",
            "ScrollbarHandle",
            "ScrollbarHandleC",
            "ScrollbarHandleR",
            "ScrollbarTrack",
            "accountOpt",
            "active",
            "ao-droplist",
            "ao-exit",
            "ao-header",
            "ao-lock",
            "ao-popup",
            "ao-updatepwd",
            "beforeEdit",
            "bes-ad-common-smplugin",
            "bes-ad-staticshoppingcar",
            "bes-common-pagecontext",
            "bes-oc-base-login",
            "bes-oc-base-shoppingcart",
            "bes-sm-commontools",
            "bes-sm-ctz-notice",
            "bes-sm-helpcenter",
            "bes-sm-oc-print",
            "bes-sm-sales-workbench",
            "bes-sm-sitemap",
            "bes-sm-switchbe",
            "bes-sm-unioncash",
            "bf_tips",
            "bf_tips_container",
            "bf_tips_content",
            "btn_negative",
            "cart_num",
            "checkbox",
            "checked",
            "clearfix",
            "close",
            "cn_bg",
            "cn_center",
            "cn_impl",
            "cn_left",
            "cn_right",
            "content",
            "currentOrder",
            "currentOrderEmpty",
            "datetime_input",
            "datetimepicker_DST",
            "datetimepicker_div_trigger",
            "disable",
            "disableEdit",
            "droplist",
            "droplistIcon",
            "editSpan",
            "ele_normal",
            "emailSpan",
            "even",
            "fl",
            "floatCon",
            "fontH",
            "font_blue",
            "font_left",
            "font_right",
            "foot",
            "fr",
            "ft-h",
            "hasDatepicker",
            "head",
            "headerMenu",
            "header_menu_child",
            "header_menu_grandchild",
            "helpcenter",
            "helper_center",
            "hide",
            "icon",
            "inlineTitle",
            "label",
            "last",
            "lastLiOpt",
            "left",
            "lock",
            "lock_input",
            "logo",
            "main-right",
            "max",
            "mb_",
            "menu_btn",
            "mid",
            "middle",
            "min",
            "ml_",
            "mt_",
            "navigatorBar",
            "ng-binding",
            "ng-hide",
            "ng-scope",
            "normal_img",
            "notice",
            "noticeli",
            "oclogin",
            "ocprint",
            "ocshoppingcart",
            "openwithtab",
            "order_content",
            "order_footer",
            "order_opt",
            "order_title",
            "p",
            "pgHeader",
            "phoneSpan",
            "pophelp-more",
            "pophelp_pa",
            "pre",
            "print_block",
            "print_close",
            "print_content",
            "print_header",
            "r_contnet",
            "resizeB",
            "resizeBR",
            "resizeL",
            "resizeLB",
            "resizeLT",
            "resizeR",
            "resizeT",
            "resizeTR",
            "revert",
            "right",
            "scrollbar_container",
            "scrollbar_container_inner",
            "scrollbar_container_outer",
            "searchBar",
            "searchButton",
            "searchBuyPanel",
            "searchPopup",
            "selected",
            "selector",
            "sh-inputCon",
            "sh-value",
            "shoppingCar",
            "shopping_Number",
            "shopping_close",
            "showMenuDiv",
            "switchbe",
            "tab",
            "tab-close",
            "tab-menu",
            "tab-popup",
            "tab-title",
            "tabCon",
            "tab_nav",
            "tabcontainer",
            "tc-content",
            "tc-mask",
            "tc-popup",
            "tc-tip",
            "tc_content",
            "tc_linkCon",
            "tc_mask",
            "tc_popup",
            "tc_sub_title",
            "tc_title",
            "title",
            "toLeft",
            "tool",
            "toolCon",
            "tool_v",
            "toolbar",
            "uIcon",
            "u_name",
            "u_no",
            "uee",
            "uee-border",
            "uee-datetime",
            "uee-datetime-container",
            "uee-gadget",
            "uee-input",
            "uee-input-normal",
            "uee-inputele-view",
            "uee-ipt-ele",
            "userNameSpan",
            "valid",
            "welcomeSpan",
            "win_cover",
            "win_lock",
            "win_lock_bg",
            "windowBoxwrap",
            "wrap"
          ],
          [
            "LeftScrollBar",
            "LeftxScrollBar",
            "ScrollbarArrow",
            "ScrollbarHandle",
            "ScrollbarHandleC",
            "ScrollbarHandleR",
            "ScrollbarTrack",
            "accountOpt",
            "active",
            "ao-droplist",
            "ao-exit",
            "ao-header",
            "ao-lock",
            "ao-popup",
            "ao-updatepwd",
            "beforeEdit",
            "bes-ad-common-smplugin",
            "bes-ad-staticshoppingcar",
            "bes-common-pagecontext",
            "bes-oc-base-login",
            "bes-oc-base-shoppingcart",
            "bes-sm-commontools",
            "bes-sm-ctz-notice",
            "bes-sm-helpcenter",
            "bes-sm-oc-print",
            "bes-sm-sales-workbench",
            "bes-sm-sitemap",
            "bes-sm-switchbe",
            "bes-sm-unioncash",
            "bf_tips",
            "bf_tips_container",
            "bf_tips_content",
            "btn_negative",
            "cart_num",
            "checkbox",
            "checked",
            "clearfix",
            "close",
            "close_box",
            "cn_bg",
            "cn_center",
            "cn_impl",
            "cn_left",
            "cn_right",
            "content",
            "currentOrder",
            "currentOrderEmpty",
            "dateInfo",
            "datetime_input",
            "datetimepicker_DST",
            "datetimepicker_div_trigger",
            "disable",
            "disableEdit",
            "droplist",
            "droplistIcon",
            "editSpan",
            "ele_normal",
            "emailSpan",
            "even",
            "fl",
            "floatCon",
            "fontH",
            "font_blue",
            "font_left",
            "font_right",
            "foot",
            "form_notice",
            "fr",
            "ft-h",
            "hasDatepicker",
            "head",
            "headerMenu",
            "header_menu_child",
            "header_menu_grandchild",
            "helpcenter",
            "helper_center",
            "hide",
            "icon",
            "inlineTitle",
            "label",
            "last",
            "lastLiOpt",
            "left",
            "lock",
            "lock_input",
            "logo",
            "main-right",
            "max",
            "mb_",
            "menu_btn",
            "mid",
            "middle",
            "min",
            "ml_",
            "moreLink",
            "mt_",
            "navigatorBar",
            "ng-binding",
            "ng-hide",
            "ng-scope",
            "normal_img",
            "notice",
            "noticeli",
            "oclogin",
            "ocprint",
            "ocshoppingcart",
            "openwithtab",
            "order_content",
            "order_footer",
            "order_opt",
            "order_title",
            "p",
            "pgHeader",
            "phoneSpan",
            "pophelp-more",
            "pophelp_pa",
            "pre",
            "print_block",
            "print_close",
            "print_content",
            "print_header",
            "r_contnet",
            "resizeB",
            "resizeBR",
            "resizeL",
            "resizeLB",
            "resizeLT",
            "resizeR",
            "resizeT",
            "resizeTR",
            "revert",
            "right",
            "scrollbar_container",
            "scrollbar_container_inner",
            "scrollbar_container_outer",
            "searchBar",
            "searchButton",
            "searchBuyPanel",
            "searchPopup",
            "selected",
            "selector",
            "sh-inputCon",
            "sh-value",
            "shoppingCar",
            "shopping_Number",
            "shopping_close",
            "showMenuDiv",
            "switchbe",
            "tab",
            "tab-close",
            "tab-menu",
            "tab-popup",
            "tab-title",
            "tabCon",
            "tab_nav",
            "tabcontainer",
            "tc-content",
            "tc-mask",
            "tc-popup",
            "tc-tip",
            "tc_content",
            "tc_linkCon",
            "tc_mask",
            "tc_popup",
            "tc_sub_title",
            "tc_title",
            "title",
            "toLeft",
            "tool",
            "toolCon",
            "tool_v",
            "toolbar",
            "uIcon",
            "u_name",
            "u_no",
            "uee",
            "uee-border",
            "uee-datetime",
            "uee-datetime-container",
            "uee-gadget",
            "uee-input",
            "uee-input-normal",
            "uee-inputele-view",
            "uee-ipt-ele",
            "urgentIcon",
            "userNameSpan",
            "wb_title",
            "welcomeSpan",
            "win_box",
            "win_cover",
            "win_lock",
            "win_lock_bg",
            "windowBoxwrap",
            "wrap"
          ]
        ]
      }
    },
    "page/tagTriplets": {
      "contexts": {
        "context13_R3mmIy": [
          [
            "-/-/DIV",
            "-/-/SCRIPT",
            "-/-/UEE:FIRE",
            "-/-/UEE:INCLUDE",
            "-/DIV/DIV",
            "-/UEE:FIRE/SCRIPT",
            "-/UEE:INCLUDE/DIV",
            "-/UEE:INCLUDE/LINK",
            "-/UEE:INCLUDE/META",
            "-/UEE:INCLUDE/STYLE",
            "-/UEE:INCLUDE/UEE:FIRE",
            "A/SPAN/UEE:FIRE",
            "DIV/A/IMG",
            "DIV/A/SPAN",
            "DIV/A/UEE:FIRE",
            "DIV/DIV/A",
            "DIV/DIV/DIV",
            "DIV/DIV/H2",
            "DIV/DIV/H3",
            "DIV/DIV/IFRAME",
            "DIV/DIV/IMG",
            "DIV/DIV/INPUT-null",
            "DIV/DIV/INPUT-password",
            "DIV/DIV/INPUT-text",
            "DIV/DIV/LABEL",
            "DIV/DIV/LINK",
            "DIV/DIV/MARQUEE",
            "DIV/DIV/P",
            "DIV/DIV/SPAN",
            "DIV/DIV/UEE:FIRE",
            "DIV/DIV/UEE:INCLUDE",
            "DIV/DIV/UEE：GADGET",
            "DIV/DIV/UL",
            "DIV/LABEL/INS",
            "DIV/LABEL/SPAN",
            "DIV/LI/A",
            "DIV/LI/DIV",
            "DIV/NG:SWITCH/DIV",
            "DIV/NG:SWITCH/INPUT-hidden",
            "DIV/SPAN/DIV",
            "DIV/SPAN/EM",
            "DIV/SPAN/SPAN",
            "DIV/SPAN/UEE:FIRE",
            "DIV/UEE:INCLUDE/DIV",
            "DIV/UEE:INCLUDE/LINK",
            "DIV/UEE:INCLUDE/UEE:FIRE",
            "DIV/UL/DIV",
            "DIV/UL/LI",
            "LABEL/INS/UEE:FIRE",
            "LABEL/SPAN/UEE:FIRE",
            "LI/DIV/DIV",
            "LI/DIV/INPUT-text",
            "LI/DIV/SPAN",
            "NG:SWITCH/DIV/DIV",
            "SPAN/DIV/DIV",
            "SPAN/DIV/NG:SWITCH",
            "UEE:INCLUDE/DIV/A",
            "UEE:INCLUDE/DIV/DIV",
            "UEE:INCLUDE/DIV/IFRAME",
            "UEE:INCLUDE/DIV/LINK",
            "UEE:INCLUDE/DIV/SPAN",
            "UEE:INCLUDE/DIV/UEE:FIRE",
            "UEE:INCLUDE/DIV/UL",
            "UL/DIV/LI",
            "UL/DIV/LINK",
            "UL/DIV/UEE:FIRE",
            "UL/LI/DIV",
            "UL/LI/LABEL",
            "UL/LI/SPAN"
          ],
          [
            "-/-/DIV",
            "-/-/SCRIPT",
            "-/-/UEE:FIRE",
            "-/-/UEE:INCLUDE",
            "-/DIV/DIV",
            "-/UEE:FIRE/SCRIPT",
            "-/UEE:INCLUDE/DIV",
            "-/UEE:INCLUDE/LINK",
            "-/UEE:INCLUDE/META",
            "-/UEE:INCLUDE/STYLE",
            "-/UEE:INCLUDE/UEE:FIRE",
            "A/SPAN/UEE:FIRE",
            "DIV/A/IMG",
            "DIV/A/SPAN",
            "DIV/A/UEE:FIRE",
            "DIV/DIV/A",
            "DIV/DIV/DIV",
            "DIV/DIV/H2",
            "DIV/DIV/H3",
            "DIV/DIV/IFRAME",
            "DIV/DIV/IMG",
            "DIV/DIV/INPUT-null",
            "DIV/DIV/INPUT-password",
            "DIV/DIV/INPUT-text",
            "DIV/DIV/LABEL",
            "DIV/DIV/LINK",
            "DIV/DIV/MARQUEE",
            "DIV/DIV/P",
            "DIV/DIV/SPAN",
            "DIV/DIV/UEE:FIRE",
            "DIV/DIV/UEE:INCLUDE",
            "DIV/DIV/UEE：GADGET",
            "DIV/DIV/UL",
            "DIV/LABEL/INS",
            "DIV/LABEL/SPAN",
            "DIV/LI/A",
            "DIV/LI/DIV",
            "DIV/NG:SWITCH/DIV",
            "DIV/NG:SWITCH/INPUT-hidden",
            "DIV/SPAN/DIV",
            "DIV/SPAN/EM",
            "DIV/SPAN/SPAN",
            "DIV/SPAN/UEE:FIRE",
            "DIV/UEE:INCLUDE/DIV",
            "DIV/UEE:INCLUDE/LINK",
            "DIV/UEE:INCLUDE/UEE:FIRE",
            "DIV/UL/DIV",
            "DIV/UL/LI",
            "LABEL/INS/UEE:FIRE",
            "LABEL/SPAN/UEE:FIRE",
            "LI/DIV/DIV",
            "LI/DIV/INPUT-text",
            "LI/DIV/SPAN",
            "NG:SWITCH/DIV/DIV",
            "SPAN/DIV/DIV",
            "SPAN/DIV/NG:SWITCH",
            "UEE:INCLUDE/DIV/A",
            "UEE:INCLUDE/DIV/DIV",
            "UEE:INCLUDE/DIV/IFRAME",
            "UEE:INCLUDE/DIV/LINK",
            "UEE:INCLUDE/DIV/SPAN",
            "UEE:INCLUDE/DIV/UEE:FIRE",
            "UEE:INCLUDE/DIV/UL",
            "UL/DIV/LI",
            "UL/DIV/LINK",
            "UL/DIV/UEE:FIRE",
            "UL/LI/A",
            "UL/LI/DIV",
            "UL/LI/LABEL",
            "UL/LI/SPAN"
          ],
          [
            "-/-/DIV",
            "-/-/SCRIPT",
            "-/-/UEE:FIRE",
            "-/-/UEE:INCLUDE",
            "-/DIV/DIV",
            "-/UEE:FIRE/SCRIPT",
            "-/UEE:INCLUDE/DIV",
            "-/UEE:INCLUDE/LINK",
            "-/UEE:INCLUDE/META",
            "-/UEE:INCLUDE/STYLE",
            "-/UEE:INCLUDE/UEE:FIRE",
            "A/SPAN/UEE:FIRE",
            "DIV/A/IMG",
            "DIV/A/SPAN",
            "DIV/A/UEE:FIRE",
            "DIV/DIV/A",
            "DIV/DIV/BR",
            "DIV/DIV/DIV",
            "DIV/DIV/H2",
            "DIV/DIV/H3",
            "DIV/DIV/IFRAME",
            "DIV/DIV/IMG",
            "DIV/DIV/INPUT-null",
            "DIV/DIV/INPUT-password",
            "DIV/DIV/INPUT-text",
            "DIV/DIV/LABEL",
            "DIV/DIV/LINK",
            "DIV/DIV/MARQUEE",
            "DIV/DIV/P",
            "DIV/DIV/SPAN",
            "DIV/DIV/UEE:FIRE",
            "DIV/DIV/UEE:INCLUDE",
            "DIV/DIV/UEE：GADGET",
            "DIV/DIV/UL",
            "DIV/LABEL/INS",
            "DIV/LABEL/SPAN",
            "DIV/LI/A",
            "DIV/LI/DIV",
            "DIV/MARQUEE/SPAN",
            "DIV/NG:SWITCH/DIV",
            "DIV/NG:SWITCH/INPUT-hidden",
            "DIV/P/BR",
            "DIV/P/SPAN",
            "DIV/SPAN/DIV",
            "DIV/SPAN/EM",
            "DIV/SPAN/SPAN",
            "DIV/SPAN/UEE:FIRE",
            "DIV/UEE:INCLUDE/DIV",
            "DIV/UEE:INCLUDE/LINK",
            "DIV/UEE:INCLUDE/UEE:FIRE",
            "DIV/UL/DIV",
            "DIV/UL/LI",
            "LABEL/INS/UEE:FIRE",
            "LABEL/SPAN/UEE:FIRE",
            "LI/DIV/DIV",
            "LI/DIV/INPUT-text",
            "LI/DIV/SPAN",
            "MARQUEE/SPAN/IMG",
            "NG:SWITCH/DIV/DIV",
            "SPAN/DIV/DIV",
            "SPAN/DIV/NG:SWITCH",
            "UEE:INCLUDE/DIV/A",
            "UEE:INCLUDE/DIV/DIV",
            "UEE:INCLUDE/DIV/IFRAME",
            "UEE:INCLUDE/DIV/LINK",
            "UEE:INCLUDE/DIV/SPAN",
            "UEE:INCLUDE/DIV/UEE:FIRE",
            "UEE:INCLUDE/DIV/UL",
            "UL/DIV/LI",
            "UL/DIV/LINK",
            "UL/DIV/UEE:FIRE",
            "UL/LI/DIV",
            "UL/LI/LABEL",
            "UL/LI/SPAN"
          ]
        ]
      }
    }
  }
}