{
  "version": "0.1",
  "id": "lks_plflowreview",
  "targetURL": "http://oa.sec.com.cn/lks/koa/lks_plflowreview.nsf/0/2E0A88ABF24D96E24825829400025BEA?OpenDocument",
  "jsFile": "index.js",
  "requires": {
    "Global_Approval": "../Global_Approval/index.json",
    "lks_copy": "../lks_copy/index.json",
    "choosePeople": "../choosePeople/index.json",
    "returnMsg": "../returnMsg/index.json",
    "Flowchart_SelectPeople": "../Flowchart_SelectPeople/index.json",
    "lks_tasks": "../lks_tasks/index.json",
    "lks-filemng": "../lks-filemng/index.json",
    "lks_review": "../lks_review/index.json",
    "lks_FM_SelCondition": "../lks_FM_SelCondition/index.json",
    "fm_authorizeframe": "../fm_authorizeframe/index.json",
    "FM_ChangeReader": "../FM_ChangeReader/index.json",
    "lks_news_list": "../lks_news_list/index.json",
    "lks_rules": "../lks_rules/index.json",
    "lks_financeflowreview": "../lks_financeflowreview/index.json",
    "lks_archivemngnewex": "../lks_archivemngnewex/index.json",
    "lks_hrreview": "../lks_hrreview/index.json",
    "lks_zhaotoubiao": "../lks_zhaotoubiao/index.json",
    "lks_bargaincollection": "../lks_bargaincollection/index.json"
  },
  "chineseName": "产权流程",
  "description": "",
  "firstPaintEnable": false,
  "controls": {
    "control72_Qkl4o9": {
      "location": {
        "data": {
          "tagName": "CENTER"
        },
        "userData": {
          "data": [],
          "force": false
        },
        "locators": [
          {
            "id": "path/ordinal",
            "prob": 1,
            "value": "/HTML[1]/BODY[1]/FORM[1]/CENTER[1]"
          }
        ]
      },
      "events": {
        "onGetData": "getData_control72_Qkl4o9"
      },
      "intendedRole": "custom",
      "roles": "element,custom",
      "monitored": true,
      "frameXPath": "",
      "componentType": "custom"
    },
    "control77_nHGfMH": {
      "location": {
        "data": {
          "tagName": "TABLE"
        },
        "userData": {
          "data": [],
          "force": false
        },
        "locators": [
          {
            "id": "@id/word",
            "prob": 3,
            "value": "descendant::TABLE[@id=\"labelTable\"]"
          },
          {
            "id": "@class/word",
            "prob": 1,
            "value": "TABLE.labeltb"
          },
          {
            "id": "path/ordinal",
            "prob": 1,
            "value": "/HTML[1]/BODY[1]/FORM[1]/TABLE[3]"
          }
        ]
      },
      "events": {
        "onGetData": "getData_control77_nHGfMH"
      },
      "intendedRole": "custom",
      "roles": "element,link,custom",
      "monitored": true,
      "frameXPath": "",
      "componentType": "custom"
    },
    "control78_RFJECV": {
      "location": {
        "data": {
          "tagName": "TABLE"
        },
        "userData": {
          "data": [],
          "force": false
        },
        "locators": [
          {
            "id": "@id/word",
            "prob": 3,
            "value": "descendant::TABLE[@id=\"labelTable\"]"
          },
          {
            "id": "@class/word",
            "prob": 1,
            "value": "TABLE.labeltb"
          },
          {
            "id": "path/ordinal",
            "prob": 1,
            "value": "/HTML[1]/BODY[1]/FORM[1]/TABLE[3]"
          }
        ]
      },
      "events": {
        "onGetData": "getData_control78_RFJECV"
      },
      "intendedRole": "custom",
      "roles": "element,link,custom",
      "monitored": true,
      "frameXPath": "",
      "componentType": "custom"
    },
    "control81_uWzSWD": {
      "location": {
        "data": {
          "tagName": "TD"
        },
        "userData": {
          "data": [],
          "force": false
        },
        "locators": [
          {
            "id": "@id/word",
            "prob": 3,
            "value": [
              "descendant::TABLE[@id=\"tbReview\"]//TD[@id=\"tdButton\"]",
              "descendant::TD[@id=\"tdButton\"]"
            ]
          },
          {
            "id": "path/ordinal",
            "prob": 1,
            "value": "/HTML[1]/BODY[1]/FORM[1]/TABLE[2]/TBODY[1]/TR[2]/TD[1]"
          }
        ]
      },
      "events": {
        "onGetData": "getData_control81_uWzSWD"
      },
      "intendedRole": "custom",
      "roles": "element,custom",
      "monitored": true,
      "frameXPath": "//iframe[@id='ifFlow']<<IFRAME>>",
      "componentType": "custom"
    },
    "control84_Tq8Tbx": {
      "location": {
        "data": {
          "tagName": "IFRAME"
        },
        "userData": {
          "data": [],
          "force": false
        },
        "locators": [
          {
            "id": "@id/word",
            "prob": 3,
            "value": [
              "descendant::TABLE[@id=\"labelTable\"]//IFRAME[@id=\"ifFlow\"]",
              "descendant::IFRAME[@id=\"ifFlow\"]"
            ]
          },
          {
            "id": "@class/word",
            "prob": 1,
            "value": "TABLE.labeltb TR.trbg TD.tdbg TABLE TBODY TR TD IFRAME"
          },
          {
            "id": "path/ordinal",
            "prob": 1,
            "value": "/HTML[1]/BODY[1]/FORM[1]/TABLE[3]/TBODY[1]/TR[4]/TD[1]/TABLE[1]/TBODY[1]/TR[2]/TD[1]/IFRAME[1]"
          },
          {
            "id": "elderLevel",
            "value": {
              "level": 0
            }
          }
        ]
      },
      "events": {
        "onGetData": "getData_control84_Tq8Tbx"
      },
      "intendedRole": "custom",
      "roles": "element,custom",
      "monitored": true,
      "frameXPath": "",
      "componentType": "custom"
    },
    "control86_PXsML0": {
      "location": {
        "data": {
          "tagName": "TABLE"
        },
        "userData": {
          "data": [],
          "force": false
        },
        "locators": [
          {
            "id": "@id/word",
            "prob": 3,
            "value": "descendant::TABLE[@id=\"BtnTable\"]"
          },
          {
            "id": "path/ordinal",
            "prob": 1,
            "ordinal": [
              0,
              2
            ],
            "value": "/HTML[1]/BODY[1]/FORM[1]/TABLE[2]"
          }
        ]
      },
      "events": {
        "onGetData": "getData_control86_PXsML0"
      },
      "intendedRole": "custom",
      "roles": "element,custom",
      "monitored": true,
      "frameXPath": "",
      "componentType": "custom"
    },
    "control88_kNIBuJ": {
      "location": {
        "data": {
          "tagName": "TABLE"
        },
        "userData": {
          "data": [],
          "force": false
        },
        "locators": [
          {
            "id": "@id/word",
            "prob": 3,
            "value": "descendant::TABLE[@id=\"labelTable\"]"
          },
          {
            "id": "@class/word",
            "prob": 1,
            "value": "TABLE.labeltb"
          },
          {
            "id": "path/ordinal",
            "prob": 1,
            "ordinal": [
              0,
              2
            ],
            "value": "/HTML[1]/BODY[1]/FORM[1]/TABLE[3]"
          }
        ]
      },
      "events": {
        "onGetData": "getData_control88_kNIBuJ"
      },
      "intendedRole": "custom",
      "roles": "element,custom",
      "monitored": true,
      "frameXPath": "",
      "componentType": "custom"
    },
    "control100_xneV6f": {
      "location": {
        "data": {
          "tagName": "TABLE"
        },
        "userData": {
          "data": [],
          "force": false
        },
        "locators": [
          {
            "id": "@id/word",
            "prob": 3,
            "value": "descendant::TABLE[@id=\"tbReview\"]"
          },
          {
            "id": "path/ordinal",
            "prob": 1,
            "value": "/HTML[1]/BODY[1]/FORM[1]/TABLE[2]"
          }
        ]
      },
      "events": {
        "onGetData": "getData_control100_xneV6f"
      },
      "intendedRole": "custom",
      "roles": "element,custom",
      "monitored": true,
      "frameXPath": "//iframe[@id='ifFlow']<<IFRAME>>",
      "componentType": "custom"
    },
    "control125_AiDRfw": {
      "location": {
        "data": {
          "tagName": "TABLE"
        },
        "userData": {
          "data": [],
          "force": false
        },
        "locators": [
          {
            "id": "@id/word",
            "prob": 3,
            "value": "descendant::TABLE[@id=\"labelTable\"]"
          },
          {
            "id": "@class/word",
            "prob": 1,
            "value": "TABLE.labeltb"
          },
          {
            "id": "path/ordinal",
            "prob": 1,
            "value": "/HTML[1]/BODY[1]/FORM[1]/TABLE[3]"
          }
        ]
      },
      "events": {
        "onGetData": "getData_control125_AiDRfw"
      },
      "intendedRole": "custom",
      "roles": "element,custom",
      "monitored": true,
      "frameXPath": "",
      "componentType": "custom"
    },
    "control138_1C15rb": {
      "location": {
        "data": {
          "tagName": "SPAN"
        },
        "userData": {
          "data": [],
          "force": false
        },
        "locators": [
          {
            "id": "@id/word",
            "prob": 3,
            "value": [
              "descendant::TABLE[@id=\"tbReview\"]//SPAN[@id=\"spanCondition\"]",
              "descendant::SPAN[@id=\"spanCondition\"]"
            ]
          },
          {
            "id": "path/ordinal",
            "prob": 1,
            "value": "/HTML[1]/BODY[1]/FORM[1]/TABLE[2]/TBODY[1]/TR[17]/TD[1]/SPAN[1]"
          }
        ]
      },
      "events": {
        "onGetData": "getData_control138_1C15rb"
      },
      "intendedRole": "custom",
      "roles": "element,custom",
      "monitored": true,
      "frameXPath": "//iframe[@id='ifFlow']<<IFRAME>>",
      "componentType": "custom"
    },
    "control152_n0I2hW": {
      "location": {
        "data": {
          "tagName": "TABLE"
        },
        "userData": {
          "data": [],
          "force": false
        },
        "locators": [
          {
            "id": "@id/word",
            "prob": 3,
            "value": "descendant::TABLE[@id=\"labelTable\"]"
          },
          {
            "id": "@class/word",
            "prob": 1,
            "value": "TABLE.labeltb"
          },
          {
            "id": "path/ordinal",
            "prob": 1,
            "ordinal": [
              0,
              2
            ],
            "value": "/HTML[1]/BODY[1]/FORM[1]/TABLE[3]"
          }
        ]
      },
      "events": {
        "onGetData": "getData_control152_n0I2hW"
      },
      "intendedRole": "custom",
      "roles": "element,custom",
      "monitored": true,
      "frameXPath": "",
      "componentType": "custom"
    },
    "control71_qTaoWx": {
      "location": {
        "data": {
          "tagName": "TABLE"
        },
        "userData": {
          "data": [],
          "force": false
        },
        "locators": [
          {
            "id": "@id/word",
            "prob": 3,
            "value": "descendant::TABLE[@id=\"labelTable\"]"
          },
          {
            "id": "@class/word",
            "prob": 1,
            "value": "TABLE.labeltb"
          },
          {
            "id": "path/ordinal",
            "prob": 1,
            "ordinal": [
              0,
              2
            ],
            "value": "/HTML[1]/BODY[1]/FORM[1]/TABLE[3]"
          }
        ]
      },
      "events": {
        "onGetData": "getData_control71_qTaoWx"
      },
      "intendedRole": "custom",
      "roles": "element,custom",
      "monitored": true,
      "frameXPath": "",
      "componentType": "custom"
    },
    "control159_BqvmNI": {
      "location": {
        "data": {
          "tagName": "TABLE"
        },
        "userData": {
          "data": [],
          "force": false
        },
        "locators": [
          {
            "id": "@id/word",
            "prob": 3,
            "value": "descendant::TABLE[@id=\"labelTable\"]"
          },
          {
            "id": "@class/word",
            "prob": 1,
            "value": "TABLE.labeltb"
          },
          {
            "id": "path/ordinal",
            "prob": 1,
            "ordinal": [
              0,
              2
            ],
            "value": "/HTML[1]/BODY[1]/FORM[1]/TABLE[3]"
          }
        ]
      },
      "events": {
        "onGetData": "getData_control159_BqvmNI"
      },
      "intendedRole": "custom",
      "roles": "element,custom",
      "monitored": true,
      "frameXPath": "",
      "componentType": "custom"
    },
    "control113_hsaPI2": {
      "location": {
        "data": {
          "tagName": "TABLE"
        },
        "userData": {
          "data": [],
          "force": false
        },
        "locators": [
          {
            "id": "@id/word",
            "prob": 3,
            "value": "descendant::TABLE[@id=\"labelTable\"]"
          },
          {
            "id": "@class/word",
            "prob": 1,
            "value": "TABLE.labeltb"
          },
          {
            "id": "path/ordinal",
            "prob": 1,
            "value": "/HTML[1]/BODY[1]/FORM[1]/TABLE[3]"
          }
        ]
      },
      "events": {
        "onGetData": "getData_control113_hsaPI2"
      },
      "intendedRole": "custom",
      "roles": "element,custom",
      "monitored": true,
      "frameXPath": "",
      "componentType": "custom"
    },
    "control166_uKX5Qx": {
      "location": {
        "data": {
          "tagName": "TABLE"
        },
        "userData": {
          "data": [],
          "force": false
        },
        "locators": [
          {
            "id": "@id/word",
            "prob": 3,
            "value": "descendant::TABLE[@id=\"tbReview\"]"
          },
          {
            "id": "path/ordinal",
            "prob": 1,
            "value": "/HTML[1]/BODY[1]/FORM[1]/TABLE[2]"
          }
        ]
      },
      "events": {
        "onGetData": "getData_control166_uKX5Qx"
      },
      "intendedRole": "custom",
      "roles": "element,custom",
      "monitored": true,
      "frameXPath": "//iframe[@id='ifFlow']<<IFRAME>>",
      "componentType": "custom"
    }
  },
  "contexts": {
    "context13_k04Crz": {
      "controls": [
        "control72_Qkl4o9",
        "control77_nHGfMH",
        "control78_RFJECV",
        "control81_uWzSWD",
        "control84_Tq8Tbx",
        "control86_PXsML0",
        "control88_kNIBuJ",
        "control100_xneV6f",
        "control125_AiDRfw",
        "control138_1C15rb",
        "control152_n0I2hW",
        "control71_qTaoWx",
        "control159_BqvmNI",
        "control113_hsaPI2",
        "control166_uKX5Qx"
      ],
      "anchors": [],
      "urlAnchor": [
        ".*\\/lks_plflowreview\\.nsf\\/[^(FM_)].*\\/.*",
        ".*\\/lks_fddllxreview\\.nsf\\/[^(FM_)].*\\/.*"
      ]
    }
  },
  "flows": {
    "flow47_I4aZHZ": {
      "toContexts": [
        {
          "toContextId": "context13_k04Crz"
        },
        {
          "toContextId": "context14_TiC1dV",
          "toModelId": "lks-filemng"
        },
        {
          "toContextId": "context0_2puPsG",
          "toModelId": "lks_review"
        },
        {
          "toContextId": "context25_VQLbwJ",
          "toModelId": "lks_news_list"
        }
      ]
    },
    "flow55_KTq2nu": {
      "fromContextId": "context13_k04Crz",
      "fromAction": "doAction",
      "fromControlId": "control77_nHGfMH",
      "toContexts": [
        {
          "toContextId": "context13_k04Crz"
        },
        {
          "toContextId": "context0_2puPsG",
          "toModelId": "lks_review"
        },
        {
          "toContextId": "context1_uBcbtH",
          "toModelId": "lks_tasks"
        }
      ]
    },
    "flow56_UzGM0Q": {
      "fromContextId": "context13_k04Crz",
      "fromAction": "doAction",
      "fromControlId": "control88_kNIBuJ",
      "toContexts": [
        {
          "toContextId": "context13_k04Crz"
        }
      ]
    },
    "flow61_bwUAnn": {
      "fromContextId": "context13_k04Crz",
      "fromAction": "doAction",
      "fromControlId": "control84_Tq8Tbx",
      "toContexts": [
        {
          "toContextId": "context13_k04Crz"
        },
        {
          "toContextId": "context6_19iAzJ",
          "toModelId": "Global_Approval"
        },
        {
          "toContextId": "context6_m0MbOe",
          "toModelId": "choosePeople"
        }
      ]
    },
    "flow62_TINHqt": {
      "fromContextId": "context13_k04Crz",
      "fromAction": "doAction",
      "fromControlId": "control81_uWzSWD",
      "toContexts": [
        {
          "toContextId": "context13_k04Crz"
        },
        {
          "toContextId": "context1_1FqdOH",
          "toModelId": "lks_copy"
        },
        {
          "toContextId": "context7_adlfZy",
          "toModelId": "returnMsg"
        }
      ]
    },
    "flow70_dWTxin": {
      "fromContextId": "context13_k04Crz",
      "fromAction": "doAction",
      "fromControlId": "control86_PXsML0",
      "toContexts": [
        {
          "toContextId": "context13_k04Crz"
        },
        {
          "toContextId": "context17_JyDkLt",
          "toModelId": "lks_FM_SelCondition"
        },
        {
          "toContextId": "context19_zVZDnP",
          "toModelId": "fm_authorizeframe"
        },
        {
          "toContextId": "context20_kBXhwi",
          "toModelId": "FM_ChangeReader"
        },
        {
          "toContextId": "context7_adlfZy",
          "toModelId": "returnMsg"
        }
      ]
    },
    "flow78_fA4T42": {
      "fromContextId": "context13_k04Crz",
      "fromAction": "doAction",
      "fromControlId": "control100_xneV6f",
      "toContexts": [
        {
          "toContextId": "context13_k04Crz"
        }
      ]
    },
    "flow87_BKMPpc": {
      "fromContextId": "context13_k04Crz",
      "fromAction": "doAction",
      "fromControlId": "control125_AiDRfw",
      "toContexts": [
        {
          "toContextId": "context13_k04Crz"
        }
      ]
    },
    "flow92_OVRUf7": {
      "fromContextId": "context13_k04Crz",
      "fromAction": "doAction",
      "fromControlId": "control138_1C15rb",
      "toContexts": [
        {
          "toContextId": "context13_k04Crz"
        }
      ]
    },
    "flow81_3WQOrq": {
      "fromContextId": "context13_k04Crz",
      "fromAction": "doAction",
      "fromControlId": "control166_uKX5Qx",
      "toContexts": [
        {
          "toContextId": "context13_k04Crz"
        }
      ]
    },
    "flow158_Z6N45t": {
      "fromContextId": "context13_k04Crz",
      "fromAction": "doAction",
      "fromControlId": "control71_qTaoWx",
      "toContexts": [
        {
          "toContextId": "context13_k04Crz"
        },
        {
          "toContextId": "context4_nBTnvD",
          "toModelId": "lks_rules"
        },
        {
          "toContextId": "context11_DdpfNi",
          "toModelId": "lks_financeflowreview"
        },
        {
          "toContextId": "context0_2puPsG",
          "toModelId": "lks_review"
        },
        {
          "toContextId": "context5_3qQbFO",
          "toModelId": "lks_archivemngnewex"
        },
        {
          "toContextId": "context1_uBcbtH",
          "toModelId": "lks_tasks"
        },
        {
          "toContextId": "context14_TiC1dV",
          "toModelId": "lks-filemng"
        },
        {
          "toContextId": "context15_HgJeLK",
          "toModelId": "lks_hrreview"
        },
        {
          "toContextId": "context34_I9qaXK",
          "toModelId": "lks_zhaotoubiao"
        },
        {
          "toContextId": "context33_J5eXTh",
          "toModelId": "lks_bargaincollection"
        }
      ]
    }
  },
  "pages": {
    "page13_J543ma": {
      "contextId": "context13_k04Crz",
      "layout": [
        {
          "id": "uiControl88_WzrHmO",
          "controlId": "control72_Qkl4o9",
          "display": {
            "adapterId": "custom",
            "type": "custom",
            "adapter": {
              "templateType": "react",
              "events": {
                "onDoAction": "doAction_uiControl88_WzrHmO",
                "onGetTemplate": "getTemplate_uiControl88_WzrHmO"
              }
            }
          }
        },
        {
          "id": "uiControl89_0unIqN",
          "controlId": "control77_nHGfMH",
          "display": {
            "adapterId": "custom",
            "type": "custom",
            "adapter": {
              "templateType": "react",
              "events": {
                "onDoAction": "doAction_uiControl89_0unIqN",
                "onGetTemplate": "getTemplate_uiControl89_0unIqN"
              }
            }
          }
        },
        {
          "id": "uiControl90_AGVbh9",
          "controlId": "control78_RFJECV",
          "display": {
            "adapterId": "custom",
            "type": "custom",
            "adapter": {
              "templateType": "react",
              "events": {
                "onDoAction": "doAction_uiControl90_AGVbh9",
                "onGetTemplate": "getTemplate_uiControl90_AGVbh9"
              }
            }
          }
        },
        {
          "id": "uiControl95_Foihxb",
          "controlId": "control88_kNIBuJ",
          "display": {
            "adapterId": "custom",
            "type": "custom",
            "adapter": {
              "templateType": "react",
              "events": {
                "onDoAction": "doAction_uiControl95_Foihxb",
                "onGetTemplate": "getTemplate_uiControl95_Foihxb"
              }
            }
          }
        },
        {
          "id": "uiControl133_gveE0l",
          "controlId": "control113_hsaPI2",
          "display": {
            "adapterId": "custom",
            "type": "custom",
            "adapter": {
              "templateType": "react",
              "events": {
                "onDoAction": "doAction_uiControl133_gveE0l",
                "onGetTemplate": "getTemplate_uiControl133_gveE0l"
              }
            }
          }
        },
        {
          "id": "uiControl84_i7lmIJ",
          "controlId": "control71_qTaoWx",
          "display": {
            "adapterId": "custom",
            "type": "custom",
            "adapter": {
              "templateType": "react",
              "events": {
                "onDoAction": "doAction_uiControl84_i7lmIJ",
                "onGetTemplate": "getTemplate_uiControl84_i7lmIJ"
              }
            }
          }
        },
        {
          "id": "uiControl175_ABmoDG",
          "controlId": "control159_BqvmNI",
          "display": {
            "adapterId": "custom",
            "type": "custom",
            "adapter": {
              "templateType": "react",
              "events": {
                "onDoAction": "doAction_uiControl175_ABmoDG",
                "onGetTemplate": "getTemplate_uiControl175_ABmoDG"
              }
            }
          }
        },
        {
          "id": "uiControl166_0OEI4i",
          "controlId": "control152_n0I2hW",
          "display": {
            "adapterId": "custom",
            "type": "custom",
            "adapter": {
              "templateType": "react",
              "events": {
                "onDoAction": "doAction_uiControl166_0OEI4i",
                "onGetTemplate": "getTemplate_uiControl166_0OEI4i"
              }
            }
          }
        },
        {
          "id": "uiControl19_PykPBr",
          "controlId": "control125_AiDRfw",
          "display": {
            "adapterId": "custom",
            "type": "custom",
            "adapter": {
              "templateType": "react",
              "events": {
                "onDoAction": "doAction_uiControl19_PykPBr",
                "onGetTemplate": "getTemplate_uiControl19_PykPBr"
              }
            }
          }
        },
        {
          "id": "uiControl93_aMavRi",
          "controlId": "control81_uWzSWD",
          "display": {
            "adapterId": "custom",
            "type": "custom",
            "adapter": {
              "templateType": "react",
              "events": {
                "onDoAction": "doAction_uiControl93_aMavRi",
                "onGetTemplate": "getTemplate_uiControl93_aMavRi"
              }
            }
          }
        },
        {
          "id": "uiControl96_cVJp4f",
          "controlId": "control84_Tq8Tbx",
          "display": {
            "adapterId": "custom",
            "type": "custom",
            "adapter": {
              "templateType": "react",
              "events": {
                "onDoAction": "doAction_uiControl96_cVJp4f",
                "onGetTemplate": "getTemplate_uiControl96_cVJp4f"
              }
            }
          }
        },
        {
          "id": "uiControl183_eJFigy",
          "controlId": "control166_uKX5Qx",
          "display": {
            "adapterId": "custom",
            "type": "custom",
            "adapter": {
              "templateType": "react",
              "events": {
                "onDoAction": "doAction_uiControl183_eJFigy",
                "onGetTemplate": "getTemplate_uiControl183_eJFigy"
              }
            }
          }
        },
        {
          "id": "uiControl151_Q9Qhvl",
          "controlId": "control138_1C15rb",
          "display": {
            "adapterId": "custom",
            "type": "custom",
            "adapter": {
              "templateType": "react",
              "events": {
                "onDoAction": "doAction_uiControl151_Q9Qhvl",
                "onGetTemplate": "getTemplate_uiControl151_Q9Qhvl"
              }
            }
          }
        },
        {
          "id": "uiControl94_CK8xTa",
          "controlId": "control100_xneV6f",
          "display": {
            "adapterId": "custom",
            "type": "custom",
            "adapter": {
              "templateType": "react",
              "events": {
                "onDoAction": "doAction_uiControl94_CK8xTa",
                "onGetTemplate": "getTemplate_uiControl94_CK8xTa"
              }
            }
          }
        },
        {
          "id": "uiControl98_XMPtTc",
          "display": {
            "type": "sticky",
            "adapterId": "sticky",
            "class": "ui-footer-button",
            "adapter": {
              "templateType": ""
            }
          },
          "layout": [
            {
              "id": "uiControl98_XMPtTcbody",
              "display": {
                "type": "stickyBody",
                "adapterId": "stickyBody",
                "adapter": {
                  "templateType": ""
                }
              },
              "layout": [
                {
                  "id": "uiControl99_HM01eQ",
                  "controlId": "control86_PXsML0",
                  "display": {
                    "adapterId": "custom",
                    "type": "custom",
                    "adapter": {
                      "templateType": "react",
                      "events": {
                        "onDoAction": "doAction_uiControl99_HM01eQ",
                        "onGetTemplate": "getTemplate_uiControl99_HM01eQ"
                      }
                    }
                  }
                }
              ]
            }
          ]
        }
      ]
    }
  },
  "matchers": {
    "page/title": {
      "contexts": {
        "context13_k04Crz": [
          "深圳能源集团OA系统_流程管理(产权流程)_移动办公产权代表述职报告测试流程",
          "深圳能源集团OA系统_流程管理(产权流程)_移动办公产权代表定期报告测试流程",
          "深圳能源集团OA系统_流程管理(产权流程)_移动办公合同审批测试流程",
          "深圳能源集团OA系统_流程管理(产权流程)_移动办公合同立项审批测试流程",
          "深圳能源集团OA系统_流程管理(产权流程)_移动办公三会议案备案测试流程",
          "深圳能源集团OA系统_流程管理(产权流程)_移动办公中标单位确认测试流程",
          "深圳能源集团OA系统_流程管理(产权流程)_#1炉热风炉高能点火改造",
          "深圳能源集团OA系统_流程管理(产权流程)_移动办公所属企业法律尽调机构选聘测试流程",
          "深圳能源集团OA系统_流程管理(产权流程)_深圳能源集团移动办公改造升级项目合同",
          "深圳能源集团OA系统_流程管理(产权流程)_产权流程关联系统类流程测试",
          "深圳能源集团OA系统_制度管理_AWBC003招标公告公示及投诉"
        ]
      }
    },
    "page/urls": {
      "contexts": {
        "context13_k04Crz": [
          "oa.sec.com.cn/lks/koa/lks_plflowreview.nsf/0/2E0A88ABF24D96E24825829400025BEA?OpenDocument",
          "oa.sec.com.cn/lks/koa/lks_plflowreview.nsf/0/15573E28C59E31B34825829400023198?OpenDocument",
          "oa.sec.com.cn/lks/koa/lks_plflowreview.nsf/0/9D9468A199C75D1C482582940004398C?OpenDocument",
          "oa.sec.com.cn/lks/koa/lks_plflowreview.nsf/0/BB9DB334C0C22DC9482582940005FCDC?OpenDocument",
          "oa.sec.com.cn/lks/koa/lks_plflowreview.nsf/0/2B93308A51A63C77482582940005B1BF?OpenDocument",
          "oa.sec.com.cn/lks/koa/lks_plflowreview.nsf/0/48EB8189C507CB21482582910021B0B4?OpenDocument",
          "oa.sec.com.cn/lks/koa/lks_plflowreview.nsf/0/15573E28C59E31B34825829400023198?opendocument&Highlight=%E4%BA%A7%E6%9D%83%E4%BB%A3%E8%A1%A8%E5%AE%9A%E6%9C%9F%E6%8A%A5%E5%91%8A",
          "oa.sec.com.cn/lks/koa/lks_plflowreview.nsf/0/9D9468A199C75D1C482582940004398C?OpenDocument&label=3",
          "oa.sec.com.cn/lks/koa/lks_plflowreview.nsf/0/9D9468A199C75D1C482582940004398C?OpenDocument&flowid=A44A264AAF37CA4B4825829E004227C2",
          "oa.sec.com.cn/lks/koa/lks_plflowreview.nsf/0/9427A29CA2328FE948258287000B00F4?OpenDocument",
          "oa.sec.com.cn/lks/koa/lks_plflowreview.nsf/0/3A8E14C228297E494825829400055368?OpenDocument",
          "oa.sec.com.cn/lks/koa/lks_plflowreview.nsf/0/BB9DB334C0C22DC9482582940005FCDC?opendocument&m_Seq=0.9717447388794602",
          "oa.sec.com.cn/lks/koa/lks_plflowreview.nsf/0/016ba2f74fa7774048258256002adb16?opendocument",
          "oa.sec.com.cn/lks/koa/lks_plflowreview.nsf/0/5B1A126E3854FC734825830D003090AD?opendocument&Highlight=%E6%B5%8B%E8%AF%95",
          "oa.sec.com.cn/lks/koa/lks_rules.nsf/0/6A9E719951D3B20D4825830500296864?opendocument&Highlight=%E6%B5%8B%E8%AF%95"
        ]
      }
    },
    "page/ids": {
      "contexts": {
        "context13_k04Crz": [
          [
            "AttachmentDiv",
            "AttachmentOCX",
            "BtnTable",
            "Calendar_SWFObjectName",
            "F_BodyDiv",
            "F_BodyView",
            "F_KADocsPath",
            "F_KADocsTitle",
            "F_Keyword",
            "FlashPopWin",
            "FlashTemplate",
            "ImageAlign",
            "ImageTemplate",
            "Sys_EsaField",
            "TD_ReviewNo",
            "aMore",
            "buLabel",
            "dLinks",
            "ifFlow",
            "labelTable",
            "quickreview",
            "tb_"
          ],
          [
            "AttachmentDiv",
            "AttachmentOCX",
            "BtnTable",
            "Calendar_SWFObjectName",
            "F_BodyDiv",
            "F_KADocsPath",
            "F_KADocsTitle",
            "F_Keyword",
            "FlashPopWin",
            "FlowJoinLog_Td",
            "Sys_EsaField",
            "TD_ReviewNo",
            "aMore",
            "buLabel",
            "dLinks",
            "ifFlow",
            "if_subform",
            "labelTable",
            "lks_plflowreview",
            "quickreview",
            "tb_"
          ],
          [
            "AttachmentDiv",
            "AttachmentOCX",
            "BtnTable",
            "Calendar_SWFObjectName",
            "F_BodyDiv",
            "F_KADocsPath",
            "F_KADocsTitle",
            "F_Keyword",
            "FlashPopWin",
            "Sys_EsaField",
            "TD_ReviewNo",
            "aMore",
            "buLabel",
            "dLinks",
            "ifFlow",
            "if_subform",
            "labelTable",
            "lks_plflowreview",
            "quickreview",
            "tb_"
          ],
          [
            "AttachmentDiv",
            "AttachmentOCX",
            "BtnTable",
            "Calendar_SWFObjectName",
            "F_BodyDiv",
            "F_BodyView",
            "F_KADocsPath",
            "F_KADocsTitle",
            "F_Keyword",
            "FlashPopWin",
            "FlashTemplate",
            "ImageAlign",
            "ImageTemplate",
            "Sys_EsaField",
            "TD_ReviewNo",
            "aMore",
            "buLabel",
            "dLinks",
            "ifFlow",
            "labelTable",
            "lks_plflowreview",
            "quickreview",
            "tb_"
          ],
          [
            "AttachmentDiv",
            "AttachmentOCX",
            "BtnTable",
            "Calendar_SWFObjectName",
            "F_BodyDiv",
            "F_KADocsPath",
            "F_KADocsTitle",
            "F_Keyword",
            "FlashPopWin",
            "FlowJoinLog_Td",
            "Sys_EsaField",
            "TD_ReviewNo",
            "aMore",
            "buLabel",
            "dLinks",
            "ifFlow",
            "if_subform",
            "labelTable",
            "lks_plflowreview",
            "tb_"
          ],
          [
            "AttachmentDiv",
            "AttachmentOCX",
            "BtnTable",
            "Calendar_SWFObjectName",
            "F_AboHistoryDiv",
            "F_BodyDiv",
            "F_KADocsPath",
            "F_KADocsTitle",
            "F_Keyword",
            "F_PassReadHistoryDiv",
            "F_ReadHistoryDiv",
            "F_RecHistoryDiv",
            "FlashPopWin",
            "FlowLog_MainTable",
            "FlowLog_Table",
            "Sys_EsaField",
            "TD_ReviewNo",
            "aMore",
            "buLabel",
            "dLinks",
            "dealType",
            "dealType_",
            "if_subform",
            "labelTable",
            "lks_plflowreview",
            "moreImg",
            "passreadRec",
            "passreadSpan",
            "passreadSpanH",
            "readRec",
            "readSpan",
            "readSpanH",
            "reclog",
            "reclogSpan",
            "reclogSpanH",
            "tb_",
            "timeStrFull_"
          ],
          [
            "AttachmentDiv",
            "AttachmentOCX",
            "BtnTable",
            "Calendar_SWFObjectName",
            "F_BodyDiv",
            "F_KADocsPath",
            "F_KADocsTitle",
            "F_Keyword",
            "FlashPopWin",
            "FlowJoinLog_Td",
            "Sys_EsaField",
            "TD_ReviewNo",
            "aMore",
            "buLabel",
            "dLinks",
            "ifFlow",
            "if_subform",
            "labelTable",
            "lks_plflowreview",
            "oattach",
            "tb_"
          ],
          [
            "AttachmentDiv",
            "AttachmentOCX",
            "BtnTable",
            "Calendar_SWFObjectName",
            "F_BodyDiv",
            "F_KADocsPath",
            "F_KADocsTitle",
            "F_Keyword",
            "FlashPopWin",
            "FlowJoinLog_Td",
            "Sys_EsaField",
            "TD_ReviewNo",
            "aMore",
            "buLabel",
            "dLinks",
            "ifFlow",
            "if_subform",
            "labelTable",
            "lks_plflowreview",
            "oattach",
            "quickreview",
            "tb_"
          ],
          [
            "AttachmentDiv",
            "AttachmentOCX",
            "BtnTable",
            "Calendar_SWFObjectName",
            "F_BodyDiv",
            "F_KADocsPath",
            "F_KADocsTitle",
            "FlashPopWin",
            "Sys_EsaField",
            "TD_ReviewNo",
            "buLabel",
            "dLinks",
            "ifFlow",
            "if_subform",
            "labelTable",
            "lks_plflowreview",
            "tb_"
          ],
          [
            "AttachmentDiv",
            "AttachmentOCX",
            "BtnTable",
            "Calendar_SWFObjectName",
            "F_BodyDiv",
            "F_KADocsPath",
            "F_KADocsTitle",
            "F_Keyword",
            "FlashPopWin",
            "Sys_EsaField",
            "TD_ReviewNo",
            "aMore",
            "buLabel",
            "dLinks",
            "ifFlow",
            "if_subform",
            "labelTable",
            "lks_plflowreview",
            "oattach",
            "quickreview",
            "tb_"
          ],
          [
            "AttachmentDiv",
            "AttachmentOCX",
            "BtnTable",
            "Calendar_SWFObjectName",
            "F_BodyDiv",
            "F_BodyView",
            "F_KADocsPath",
            "F_KADocsTitle",
            "FlashPopWin",
            "FlashTemplate",
            "FlowLog_MainTable",
            "FlowLog_Table",
            "ImageAlign",
            "ImageTemplate",
            "Sys_EsaField",
            "VWVERSIONVWROW_",
            "VW_VERSION",
            "VW_VWVERSION",
            "buLabel",
            "dLinks",
            "dealType",
            "dealType_",
            "isSF_Public",
            "labelTable",
            "lks_rules",
            "moreImg",
            "oattach",
            "post_",
            "spanChkAttach",
            "spanTxtAttach",
            "timeStrFull_"
          ]
        ]
      }
    },
    "page/classes": {
      "contexts": {
        "context13_k04Crz": [
          [
            "btndoc",
            "btnmenudoc",
            "labelbg",
            "labeltb",
            "selectmenu",
            "tbbg",
            "tdbg",
            "trbg"
          ],
          [
            "btnmenudoc",
            "labelbg",
            "labeltb",
            "tbbg",
            "tdbg",
            "trbg"
          ],
          [
            "btnmenudoc",
            "labelbg",
            "labeltb",
            "tbbg",
            "tbmenudoc",
            "tdbg",
            "trbg"
          ],
          [
            "ReviewLogPat",
            "btnmenudoc",
            "labelbg",
            "labeltb",
            "tbbg",
            "tbmenudoc",
            "tdbg",
            "trbg"
          ],
          [
            "MsoNormal",
            "MsoNormalTable",
            "TbView",
            "TrViewFirst",
            "btndoc",
            "btnmenudoc",
            "doctoptb",
            "labelbg",
            "labeltb",
            "onepxborder",
            "selectmenu",
            "tbbg",
            "tbmenudoc",
            "tdbg",
            "textdocdown",
            "trbg"
          ]
        ]
      }
    },
    "page/tagTriplets": {
      "contexts": {
        "context13_k04Crz": [
          [
            "-/-/FORM",
            "-/-/IFRAME",
            "-/-/LINK",
            "-/-/OBJECT",
            "-/-/SCRIPT",
            "-/-/STYLE",
            "-/FORM/BR",
            "-/FORM/CENTER",
            "-/FORM/IFRAME",
            "-/FORM/INPUT-button",
            "-/FORM/SCRIPT",
            "-/FORM/TABLE",
            "-/OBJECT/PARAM",
            "CENTER/B/FONT",
            "DIV/TABLE/TBODY",
            "DIV/UL/FONT",
            "FORM/CENTER/B",
            "FORM/TABLE/TBODY",
            "P/FONT/STRONG",
            "P/STRONG/FONT",
            "TABLE/TBODY/TR",
            "TBODY/TR/TD",
            "TD/B/FONT",
            "TD/DIV/B",
            "TD/DIV/FONT",
            "TD/DIV/INPUT-button",
            "TD/DIV/TABLE",
            "TD/DIV/UL",
            "TD/FONT/SPAN",
            "TD/P/BR",
            "TD/P/FONT",
            "TD/P/INPUT-button",
            "TD/P/STRONG",
            "TD/SELECT/OPTION",
            "TD/SPAN/BR",
            "TD/SPAN/INPUT-button",
            "TD/TABLE/TBODY",
            "TD/UL/BR",
            "TD/UL/FONT",
            "TD/UL/OBJECT",
            "TD/UL/P",
            "TD/UL/SCRIPT",
            "TD/UL/SPAN",
            "TD/UL/TABLE",
            "TR/TD/A",
            "TR/TD/B",
            "TR/TD/BR",
            "TR/TD/DIV",
            "TR/TD/FONT",
            "TR/TD/IFRAME",
            "TR/TD/IMG",
            "TR/TD/INPUT-button",
            "TR/TD/INPUT-hidden",
            "TR/TD/INPUT-null",
            "TR/TD/P",
            "TR/TD/SCRIPT",
            "TR/TD/SELECT",
            "TR/TD/SPAN",
            "TR/TD/TABLE",
            "TR/TD/TEXTAREA",
            "TR/TD/UL",
            "UL/OBJECT/PARAM",
            "UL/P/SCRIPT",
            "UL/SPAN/TEXTAREA",
            "UL/TABLE/TBODY"
          ],
          [
            "-/-/DIV",
            "-/-/FORM",
            "-/-/IFRAME",
            "-/-/OBJECT",
            "-/-/SCRIPT",
            "-/-/STYLE",
            "-/FORM/BR",
            "-/FORM/CENTER",
            "-/FORM/DIV",
            "-/FORM/IFRAME",
            "-/FORM/INPUT-button",
            "-/FORM/SCRIPT",
            "-/FORM/TABLE",
            "-/OBJECT/PARAM",
            "CENTER/B/FONT",
            "FORM/CENTER/B",
            "FORM/TABLE/TBODY",
            "TABLE/TBODY/TR",
            "TBODY/TR/TD",
            "TD/A/B",
            "TD/B/FONT",
            "TD/DIV/B",
            "TD/DIV/FONT",
            "TD/DIV/INPUT-button",
            "TD/FONT/B",
            "TD/P/BR",
            "TD/P/INPUT-button",
            "TD/TABLE/TBODY",
            "TD/UL/BR",
            "TD/UL/FONT",
            "TD/UL/OBJECT",
            "TD/UL/P",
            "TD/UL/SCRIPT",
            "TD/UL/SPAN",
            "TD/UL/TABLE",
            "TR/TD/A",
            "TR/TD/B",
            "TR/TD/BR",
            "TR/TD/DIV",
            "TR/TD/FONT",
            "TR/TD/IFRAME",
            "TR/TD/IMG",
            "TR/TD/INPUT-button",
            "TR/TD/INPUT-hidden",
            "TR/TD/INPUT-null",
            "TR/TD/P",
            "TR/TD/SCRIPT",
            "TR/TD/SPAN",
            "TR/TD/TABLE",
            "TR/TD/TEXTAREA",
            "TR/TD/UL",
            "UL/OBJECT/PARAM",
            "UL/P/SCRIPT",
            "UL/SPAN/TEXTAREA",
            "UL/TABLE/TBODY"
          ],
          [
            "-/-/DIV",
            "-/-/FORM",
            "-/-/IFRAME",
            "-/-/OBJECT",
            "-/-/SCRIPT",
            "-/-/STYLE",
            "-/FORM/BR",
            "-/FORM/CENTER",
            "-/FORM/DIV",
            "-/FORM/IFRAME",
            "-/FORM/INPUT-button",
            "-/FORM/SCRIPT",
            "-/FORM/TABLE",
            "-/OBJECT/PARAM",
            "CENTER/B/FONT",
            "FORM/CENTER/B",
            "FORM/TABLE/TBODY",
            "TABLE/TBODY/TR",
            "TBODY/TR/TD",
            "TD/B/FONT",
            "TD/DIV/B",
            "TD/DIV/FONT",
            "TD/DIV/INPUT-button",
            "TD/P/BR",
            "TD/P/INPUT-button",
            "TD/TABLE/TBODY",
            "TD/UL/BR",
            "TD/UL/FONT",
            "TD/UL/OBJECT",
            "TD/UL/P",
            "TD/UL/SCRIPT",
            "TD/UL/SPAN",
            "TD/UL/TABLE",
            "TR/TD/A",
            "TR/TD/B",
            "TR/TD/BR",
            "TR/TD/DIV",
            "TR/TD/FONT",
            "TR/TD/IFRAME",
            "TR/TD/IMG",
            "TR/TD/INPUT-button",
            "TR/TD/INPUT-hidden",
            "TR/TD/INPUT-null",
            "TR/TD/P",
            "TR/TD/SCRIPT",
            "TR/TD/SPAN",
            "TR/TD/TABLE",
            "TR/TD/TEXTAREA",
            "TR/TD/UL",
            "UL/OBJECT/PARAM",
            "UL/P/SCRIPT",
            "UL/TABLE/TBODY"
          ],
          [
            "-/-/FORM",
            "-/-/IFRAME",
            "-/-/LINK",
            "-/-/OBJECT",
            "-/-/SCRIPT",
            "-/-/STYLE",
            "-/FORM/BR",
            "-/FORM/CENTER",
            "-/FORM/DIV",
            "-/FORM/IFRAME",
            "-/FORM/INPUT-button",
            "-/FORM/SCRIPT",
            "-/FORM/TABLE",
            "-/OBJECT/PARAM",
            "CENTER/B/FONT",
            "DIV/TABLE/TBODY",
            "DIV/UL/FONT",
            "FORM/CENTER/B",
            "FORM/TABLE/TBODY",
            "P/FONT/STRONG",
            "TABLE/TBODY/TR",
            "TBODY/TR/TD",
            "TD/B/FONT",
            "TD/DIV/B",
            "TD/DIV/FONT",
            "TD/DIV/INPUT-button",
            "TD/DIV/TABLE",
            "TD/DIV/UL",
            "TD/FONT/SPAN",
            "TD/P/BR",
            "TD/P/FONT",
            "TD/P/INPUT-button",
            "TD/SELECT/OPTION",
            "TD/SPAN/INPUT-button",
            "TD/TABLE/TBODY",
            "TD/UL/BR",
            "TD/UL/FONT",
            "TD/UL/OBJECT",
            "TD/UL/P",
            "TD/UL/SCRIPT",
            "TD/UL/SPAN",
            "TD/UL/TABLE",
            "TR/TD/A",
            "TR/TD/B",
            "TR/TD/BR",
            "TR/TD/DIV",
            "TR/TD/FONT",
            "TR/TD/IFRAME",
            "TR/TD/IMG",
            "TR/TD/INPUT-button",
            "TR/TD/INPUT-hidden",
            "TR/TD/INPUT-null",
            "TR/TD/P",
            "TR/TD/SCRIPT",
            "TR/TD/SELECT",
            "TR/TD/SPAN",
            "TR/TD/TABLE",
            "TR/TD/TEXTAREA",
            "TR/TD/UL",
            "UL/OBJECT/PARAM",
            "UL/P/SCRIPT",
            "UL/SPAN/TEXTAREA",
            "UL/TABLE/TBODY"
          ],
          [
            "-/-/FORM",
            "-/-/IFRAME",
            "-/-/OBJECT",
            "-/-/SCRIPT",
            "-/-/STYLE",
            "-/FORM/BR",
            "-/FORM/CENTER",
            "-/FORM/DIV",
            "-/FORM/IFRAME",
            "-/FORM/INPUT-button",
            "-/FORM/SCRIPT",
            "-/FORM/TABLE",
            "-/OBJECT/PARAM",
            "CENTER/B/FONT",
            "FORM/CENTER/B",
            "FORM/TABLE/TBODY",
            "TABLE/TBODY/TR",
            "TBODY/TR/TD",
            "TD/A/B",
            "TD/B/FONT",
            "TD/DIV/B",
            "TD/DIV/FONT",
            "TD/DIV/INPUT-button",
            "TD/FONT/B",
            "TD/P/BR",
            "TD/P/INPUT-button",
            "TD/TABLE/TBODY",
            "TD/UL/BR",
            "TD/UL/FONT",
            "TD/UL/OBJECT",
            "TD/UL/P",
            "TD/UL/SCRIPT",
            "TD/UL/SPAN",
            "TD/UL/TABLE",
            "TR/TD/A",
            "TR/TD/B",
            "TR/TD/BR",
            "TR/TD/DIV",
            "TR/TD/FONT",
            "TR/TD/IFRAME",
            "TR/TD/IMG",
            "TR/TD/INPUT-button",
            "TR/TD/INPUT-hidden",
            "TR/TD/INPUT-null",
            "TR/TD/P",
            "TR/TD/SCRIPT",
            "TR/TD/SPAN",
            "TR/TD/TABLE",
            "TR/TD/TEXTAREA",
            "TR/TD/UL",
            "UL/OBJECT/PARAM",
            "UL/P/SCRIPT",
            "UL/TABLE/TBODY"
          ],
          [
            "-/-/FORM",
            "-/-/IFRAME",
            "-/-/LINK",
            "-/-/OBJECT",
            "-/-/SCRIPT",
            "-/-/STYLE",
            "-/FORM/BR",
            "-/FORM/CENTER",
            "-/FORM/DIV",
            "-/FORM/IFRAME",
            "-/FORM/INPUT-button",
            "-/FORM/SCRIPT",
            "-/FORM/TABLE",
            "-/OBJECT/PARAM",
            "B/FONT/FONT",
            "CENTER/B/FONT",
            "DIV/TABLE/TBODY",
            "DIV/UL/FONT",
            "FONT/FONT/B",
            "FORM/CENTER/B",
            "FORM/TABLE/TBODY",
            "P/FONT/B",
            "P/FONT/STRONG",
            "P/STRONG/FONT",
            "SPAN/FONT/B",
            "TABLE/TBODY/TR",
            "TBODY/TR/TD",
            "TD/B/FONT",
            "TD/DIV/B",
            "TD/DIV/FONT",
            "TD/DIV/INPUT-button",
            "TD/DIV/TABLE",
            "TD/DIV/UL",
            "TD/FONT/B",
            "TD/FONT/SPAN",
            "TD/P/BR",
            "TD/P/FONT",
            "TD/P/INPUT-button",
            "TD/P/STRONG",
            "TD/SELECT/OPTION",
            "TD/SPAN/BR",
            "TD/SPAN/FONT",
            "TD/SPAN/INPUT-button",
            "TD/TABLE/TBODY",
            "TD/UL/BR",
            "TD/UL/FONT",
            "TD/UL/OBJECT",
            "TD/UL/P",
            "TD/UL/SCRIPT",
            "TD/UL/SPAN",
            "TD/UL/TABLE",
            "TR/TD/A",
            "TR/TD/B",
            "TR/TD/BR",
            "TR/TD/DIV",
            "TR/TD/FONT",
            "TR/TD/IFRAME",
            "TR/TD/IMG",
            "TR/TD/INPUT-button",
            "TR/TD/INPUT-hidden",
            "TR/TD/INPUT-null",
            "TR/TD/P",
            "TR/TD/SCRIPT",
            "TR/TD/SELECT",
            "TR/TD/SPAN",
            "TR/TD/TABLE",
            "TR/TD/TEXTAREA",
            "TR/TD/UL",
            "UL/FONT/FONT",
            "UL/OBJECT/PARAM",
            "UL/P/SCRIPT",
            "UL/SPAN/TEXTAREA",
            "UL/TABLE/TBODY"
          ],
          [
            "-/-/DIV",
            "-/-/FORM",
            "-/-/IFRAME",
            "-/-/OBJECT",
            "-/-/SCRIPT",
            "-/-/STYLE",
            "-/FORM/BR",
            "-/FORM/CENTER",
            "-/FORM/DIV",
            "-/FORM/IFRAME",
            "-/FORM/INPUT-button",
            "-/FORM/SCRIPT",
            "-/FORM/TABLE",
            "-/OBJECT/PARAM",
            "CENTER/B/FONT",
            "FORM/CENTER/B",
            "FORM/TABLE/TBODY",
            "TABLE/TBODY/TR",
            "TBODY/TR/TD",
            "TD/A/B",
            "TD/B/FONT",
            "TD/DIV/B",
            "TD/DIV/FONT",
            "TD/DIV/INPUT-button",
            "TD/FONT/B",
            "TD/P/BR",
            "TD/P/INPUT-button",
            "TD/TABLE/TBODY",
            "TD/UL/BR",
            "TD/UL/FONT",
            "TD/UL/OBJECT",
            "TD/UL/P",
            "TD/UL/SCRIPT",
            "TD/UL/SPAN",
            "TD/UL/TABLE",
            "TR/TD/A",
            "TR/TD/B",
            "TR/TD/BR",
            "TR/TD/DIV",
            "TR/TD/FONT",
            "TR/TD/IFRAME",
            "TR/TD/IMG",
            "TR/TD/INPUT-button",
            "TR/TD/INPUT-hidden",
            "TR/TD/INPUT-null",
            "TR/TD/P",
            "TR/TD/SCRIPT",
            "TR/TD/SPAN",
            "TR/TD/TABLE",
            "TR/TD/TEXTAREA",
            "TR/TD/UL",
            "UL/OBJECT/PARAM",
            "UL/P/SCRIPT",
            "UL/TABLE/TBODY"
          ],
          [
            "-/-/FORM",
            "-/-/IFRAME",
            "-/-/OBJECT",
            "-/-/SCRIPT",
            "-/-/STYLE",
            "-/FORM/BR",
            "-/FORM/CENTER",
            "-/FORM/DIV",
            "-/FORM/IFRAME",
            "-/FORM/INPUT-button",
            "-/FORM/SCRIPT",
            "-/FORM/TABLE",
            "-/OBJECT/PARAM",
            "A/B/IMG",
            "CENTER/B/FONT",
            "DIV/TABLE/TBODY",
            "FORM/CENTER/B",
            "FORM/TABLE/TBODY",
            "TABLE/TBODY/TR",
            "TBODY/TR/TD",
            "TD/A/B",
            "TD/B/FONT",
            "TD/DIV/B",
            "TD/DIV/FONT",
            "TD/DIV/INPUT-button",
            "TD/DIV/TABLE",
            "TD/P/BR",
            "TD/P/INPUT-button",
            "TD/SPAN/B",
            "TD/SPAN/IMG",
            "TD/SPAN/SPAN",
            "TD/TABLE/TBODY",
            "TD/UL/BR",
            "TD/UL/FONT",
            "TD/UL/OBJECT",
            "TD/UL/P",
            "TD/UL/SCRIPT",
            "TD/UL/SPAN",
            "TD/UL/TABLE",
            "TR/TD/A",
            "TR/TD/B",
            "TR/TD/BR",
            "TR/TD/DIV",
            "TR/TD/FONT",
            "TR/TD/IFRAME",
            "TR/TD/IMG",
            "TR/TD/INPUT-button",
            "TR/TD/INPUT-hidden",
            "TR/TD/INPUT-null",
            "TR/TD/P",
            "TR/TD/SCRIPT",
            "TR/TD/SPAN",
            "TR/TD/TABLE",
            "TR/TD/TEXTAREA",
            "TR/TD/UL",
            "UL/OBJECT/PARAM",
            "UL/P/SCRIPT",
            "UL/SPAN/TEXTAREA",
            "UL/TABLE/TBODY"
          ],
          [
            "-/-/FORM",
            "-/-/IFRAME",
            "-/-/OBJECT",
            "-/-/SCRIPT",
            "-/-/STYLE",
            "-/FORM/BR",
            "-/FORM/CENTER",
            "-/FORM/DIV",
            "-/FORM/IFRAME",
            "-/FORM/INPUT-button",
            "-/FORM/SCRIPT",
            "-/FORM/TABLE",
            "-/OBJECT/PARAM",
            "CENTER/B/FONT",
            "FORM/CENTER/B",
            "FORM/TABLE/TBODY",
            "TABLE/TBODY/TR",
            "TBODY/TR/TD",
            "TD/A/B",
            "TD/B/FONT",
            "TD/DIV/B",
            "TD/DIV/FONT",
            "TD/DIV/INPUT-button",
            "TD/FONT/B",
            "TD/P/BR",
            "TD/P/INPUT-button",
            "TD/TABLE/TBODY",
            "TD/UL/BR",
            "TD/UL/FONT",
            "TD/UL/INPUT-checkbox",
            "TD/UL/OBJECT",
            "TD/UL/P",
            "TD/UL/SCRIPT",
            "TD/UL/SPAN",
            "TD/UL/TABLE",
            "TR/TD/A",
            "TR/TD/B",
            "TR/TD/BR",
            "TR/TD/DIV",
            "TR/TD/FONT",
            "TR/TD/IFRAME",
            "TR/TD/IMG",
            "TR/TD/INPUT-button",
            "TR/TD/INPUT-hidden",
            "TR/TD/INPUT-null",
            "TR/TD/P",
            "TR/TD/SCRIPT",
            "TR/TD/SPAN",
            "TR/TD/TABLE",
            "TR/TD/TEXTAREA",
            "TR/TD/UL",
            "UL/OBJECT/PARAM",
            "UL/P/SCRIPT",
            "UL/TABLE/TBODY"
          ],
          [
            "-/-/FORM",
            "-/-/IFRAME",
            "-/-/OBJECT",
            "-/-/SCRIPT",
            "-/-/STYLE",
            "-/FORM/BR",
            "-/FORM/CENTER",
            "-/FORM/DIV",
            "-/FORM/IFRAME",
            "-/FORM/INPUT-button",
            "-/FORM/SCRIPT",
            "-/FORM/TABLE",
            "-/OBJECT/PARAM",
            "CENTER/B/FONT",
            "FORM/CENTER/B",
            "FORM/TABLE/TBODY",
            "TABLE/TBODY/TR",
            "TBODY/TR/TD",
            "TD/B/FONT",
            "TD/DIV/B",
            "TD/DIV/FONT",
            "TD/DIV/INPUT-button",
            "TD/P/BR",
            "TD/P/INPUT-button",
            "TD/TABLE/TBODY",
            "TD/UL/BR",
            "TD/UL/FONT",
            "TD/UL/OBJECT",
            "TD/UL/P",
            "TD/UL/SCRIPT",
            "TD/UL/SPAN",
            "TD/UL/TABLE",
            "TR/TD/B",
            "TR/TD/BR",
            "TR/TD/DIV",
            "TR/TD/FONT",
            "TR/TD/IFRAME",
            "TR/TD/IMG",
            "TR/TD/INPUT-button",
            "TR/TD/INPUT-hidden",
            "TR/TD/INPUT-null",
            "TR/TD/P",
            "TR/TD/SCRIPT",
            "TR/TD/SPAN",
            "TR/TD/TABLE",
            "TR/TD/TEXTAREA",
            "TR/TD/UL",
            "UL/OBJECT/PARAM",
            "UL/P/SCRIPT",
            "UL/SPAN/TEXTAREA",
            "UL/TABLE/TBODY"
          ],
          [
            "-/-/DIV",
            "-/-/FORM",
            "-/-/IFRAME",
            "-/-/OBJECT",
            "-/-/SCRIPT",
            "-/-/STYLE",
            "-/FORM/BR",
            "-/FORM/CENTER",
            "-/FORM/DIV",
            "-/FORM/IFRAME",
            "-/FORM/INPUT-button",
            "-/FORM/SCRIPT",
            "-/FORM/TABLE",
            "-/OBJECT/PARAM",
            "CENTER/B/FONT",
            "FORM/CENTER/B",
            "FORM/TABLE/TBODY",
            "TABLE/TBODY/TR",
            "TBODY/TR/TD",
            "TD/B/FONT",
            "TD/DIV/B",
            "TD/DIV/FONT",
            "TD/DIV/INPUT-button",
            "TD/P/BR",
            "TD/P/INPUT-button",
            "TD/SPAN/BR",
            "TD/TABLE/TBODY",
            "TD/UL/BR",
            "TD/UL/FONT",
            "TD/UL/INPUT-checkbox",
            "TD/UL/OBJECT",
            "TD/UL/P",
            "TD/UL/SCRIPT",
            "TD/UL/SPAN",
            "TD/UL/TABLE",
            "TR/TD/A",
            "TR/TD/B",
            "TR/TD/BR",
            "TR/TD/DIV",
            "TR/TD/FONT",
            "TR/TD/IFRAME",
            "TR/TD/IMG",
            "TR/TD/INPUT-button",
            "TR/TD/INPUT-hidden",
            "TR/TD/INPUT-null",
            "TR/TD/P",
            "TR/TD/SCRIPT",
            "TR/TD/SPAN",
            "TR/TD/TABLE",
            "TR/TD/TEXTAREA",
            "TR/TD/UL",
            "UL/OBJECT/PARAM",
            "UL/P/SCRIPT",
            "UL/SPAN/TEXTAREA",
            "UL/TABLE/TBODY"
          ],
          [
            "-/-/FORM",
            "-/-/IFRAME",
            "-/-/OBJECT",
            "-/-/SCRIPT",
            "-/-/STYLE",
            "-/FORM/BR",
            "-/FORM/CENTER",
            "-/FORM/DIV",
            "-/FORM/IFRAME",
            "-/FORM/INPUT-button",
            "-/FORM/SCRIPT",
            "-/FORM/TABLE",
            "-/OBJECT/PARAM",
            "CENTER/B/FONT",
            "DIV/A/IMG",
            "DIV/TABLE/TBODY",
            "FORM/CENTER/B",
            "FORM/TABLE/TBODY",
            "TABLE/TBODY/TR",
            "TBODY/TR/TD",
            "TD/A/B",
            "TD/B/FONT",
            "TD/DIV/A",
            "TD/DIV/B",
            "TD/DIV/BR",
            "TD/DIV/FONT",
            "TD/DIV/INPUT-button",
            "TD/DIV/TABLE",
            "TD/FONT/A",
            "TD/FONT/B",
            "TD/FONT/BR",
            "TD/P/BR",
            "TD/P/INPUT-button",
            "TD/TABLE/TBODY",
            "TD/UL/BR",
            "TD/UL/FONT",
            "TD/UL/INPUT-checkbox",
            "TD/UL/OBJECT",
            "TD/UL/P",
            "TD/UL/SCRIPT",
            "TD/UL/SPAN",
            "TD/UL/TABLE",
            "TR/TD/A",
            "TR/TD/B",
            "TR/TD/BR",
            "TR/TD/DIV",
            "TR/TD/FONT",
            "TR/TD/IFRAME",
            "TR/TD/IMG",
            "TR/TD/INPUT-button",
            "TR/TD/INPUT-hidden",
            "TR/TD/INPUT-null",
            "TR/TD/P",
            "TR/TD/SCRIPT",
            "TR/TD/SPAN",
            "TR/TD/TABLE",
            "TR/TD/TEXTAREA",
            "TR/TD/UL",
            "UL/OBJECT/PARAM",
            "UL/P/SCRIPT",
            "UL/SPAN/TEXTAREA",
            "UL/TABLE/TBODY"
          ],
          [
            "-/-/FORM",
            "-/-/IFRAME",
            "-/-/OBJECT",
            "-/-/SCRIPT",
            "-/-/STYLE",
            "-/FORM/BR",
            "-/FORM/CENTER",
            "-/FORM/DIV",
            "-/FORM/IFRAME",
            "-/FORM/INPUT-button",
            "-/FORM/SCRIPT",
            "-/FORM/TABLE",
            "-/OBJECT/PARAM",
            "CENTER/B/FONT",
            "DIV/A/IMG",
            "DIV/TABLE/TBODY",
            "FORM/CENTER/B",
            "FORM/TABLE/TBODY",
            "TABLE/TBODY/TR",
            "TBODY/TR/TD",
            "TD/A/B",
            "TD/B/FONT",
            "TD/DIV/A",
            "TD/DIV/B",
            "TD/DIV/BR",
            "TD/DIV/FONT",
            "TD/DIV/INPUT-button",
            "TD/DIV/TABLE",
            "TD/FONT/A",
            "TD/FONT/B",
            "TD/FONT/BR",
            "TD/P/BR",
            "TD/P/INPUT-button",
            "TD/TABLE/TBODY",
            "TD/UL/BR",
            "TD/UL/FONT",
            "TD/UL/INPUT-checkbox",
            "TD/UL/OBJECT",
            "TD/UL/P",
            "TD/UL/SCRIPT",
            "TD/UL/SPAN",
            "TD/UL/TABLE",
            "TR/TD/A",
            "TR/TD/B",
            "TR/TD/BR",
            "TR/TD/DIV",
            "TR/TD/FONT",
            "TR/TD/IFRAME",
            "TR/TD/IMG",
            "TR/TD/INPUT-button",
            "TR/TD/INPUT-hidden",
            "TR/TD/INPUT-null",
            "TR/TD/P",
            "TR/TD/SCRIPT",
            "TR/TD/SPAN",
            "TR/TD/TABLE",
            "TR/TD/TEXTAREA",
            "TR/TD/UL",
            "UL/OBJECT/PARAM",
            "UL/P/SCRIPT",
            "UL/TABLE/TBODY"
          ],
          [
            "-/-/DIV",
            "-/-/FORM",
            "-/-/IFRAME",
            "-/-/OBJECT",
            "-/-/SCRIPT",
            "-/-/STYLE",
            "-/FORM/BR",
            "-/FORM/CENTER",
            "-/FORM/DIV",
            "-/FORM/IFRAME",
            "-/FORM/INPUT-button",
            "-/FORM/SCRIPT",
            "-/FORM/TABLE",
            "-/OBJECT/PARAM",
            "CENTER/B/FONT",
            "DIV/TABLE/TBODY",
            "FONT/FONT/B",
            "FORM/CENTER/B",
            "FORM/TABLE/TBODY",
            "TABLE/TBODY/TR",
            "TBODY/TR/TD",
            "TD/B/FONT",
            "TD/DIV/B",
            "TD/DIV/FONT",
            "TD/DIV/INPUT-button",
            "TD/DIV/TABLE",
            "TD/FONT/A",
            "TD/FONT/B",
            "TD/FONT/BR",
            "TD/FONT/FONT",
            "TD/P/BR",
            "TD/P/INPUT-button",
            "TD/TABLE/TBODY",
            "TD/UL/BR",
            "TD/UL/FONT",
            "TD/UL/OBJECT",
            "TD/UL/P",
            "TD/UL/SCRIPT",
            "TD/UL/SPAN",
            "TD/UL/TABLE",
            "TR/TD/A",
            "TR/TD/B",
            "TR/TD/BR",
            "TR/TD/DIV",
            "TR/TD/FONT",
            "TR/TD/IFRAME",
            "TR/TD/IMG",
            "TR/TD/INPUT-button",
            "TR/TD/INPUT-hidden",
            "TR/TD/INPUT-null",
            "TR/TD/P",
            "TR/TD/SCRIPT",
            "TR/TD/SPAN",
            "TR/TD/TABLE",
            "TR/TD/TEXTAREA",
            "TR/TD/UL",
            "UL/FONT/FONT",
            "UL/OBJECT/PARAM",
            "UL/P/SCRIPT",
            "UL/SPAN/TEXTAREA",
            "UL/TABLE/TBODY"
          ],
          [
            "-/-/DIV",
            "-/-/FORM",
            "-/-/IFRAME",
            "-/-/OBJECT",
            "-/-/SCRIPT",
            "-/-/STYLE",
            "-/FORM/P",
            "-/FORM/TABLE",
            "-/OBJECT/PARAM",
            "A/B/IMG",
            "DIV/A/IMG",
            "DIV/TABLE/TBODY",
            "FONT/FONT/B",
            "FONT/SPAN/FONT",
            "FONT/SPAN/O:P",
            "FORM/P/BR",
            "FORM/P/DIV",
            "FORM/P/IFRAME",
            "FORM/P/TABLE",
            "FORM/TABLE/TBODY",
            "O:P/FONT/SPAN",
            "P/B/SPAN",
            "P/SPAN/FONT",
            "P/SPAN/INPUT-button",
            "P/SPAN/O:P",
            "P/TABLE/TBODY",
            "SPAN/O:P/FONT",
            "SPAN/SPAN/SPAN",
            "TABLE/TBODY/TR",
            "TBODY/TR/TD",
            "TD/A/B",
            "TD/B/FONT",
            "TD/DIV/A",
            "TD/DIV/BR",
            "TD/DIV/FONT",
            "TD/DIV/INPUT-button",
            "TD/DIV/TABLE",
            "TD/FONT/B",
            "TD/FONT/BR",
            "TD/FONT/FONT",
            "TD/FONT/SPAN",
            "TD/OBJECT/PARAM",
            "TD/P/B",
            "TD/P/BR",
            "TD/P/IMG",
            "TD/P/INPUT-button",
            "TD/P/SPAN",
            "TD/P/TABLE",
            "TD/SELECT/OPTION",
            "TD/SPAN/B",
            "TD/SPAN/SPAN",
            "TD/SPAN/TEXTAREA",
            "TD/TABLE/TBODY",
            "TR/TD/A",
            "TR/TD/B",
            "TR/TD/BR",
            "TR/TD/DIV",
            "TR/TD/FONT",
            "TR/TD/IMG",
            "TR/TD/INPUT-button",
            "TR/TD/INPUT-checkbox",
            "TR/TD/INPUT-hidden",
            "TR/TD/INPUT-null",
            "TR/TD/INPUT-text",
            "TR/TD/OBJECT",
            "TR/TD/P",
            "TR/TD/SCRIPT",
            "TR/TD/SELECT",
            "TR/TD/SPAN",
            "TR/TD/STYLE",
            "TR/TD/TABLE",
            "TR/TD/TEXTAREA"
          ]
        ]
      }
    }
  }
}