{
  "version": "0.1",
  "id": "QueryCriteria",
  "targetURL": "http://218.203.103.203:8082/ngmarket/custmgt/qryHandler.action?operatorInfoVO.region=951&operatorInfoVO.businessid=grpInfoLevelApprove&date=Tue%20Jul%2010%202018%2014:49:39%20GMT+0800%20(%26%23228%3B%26%23184%3B-%26%23229%3B%26%23155%3B%26%23189%3B%26%23230%3B%26%23160%3B%26%23135%3B%26%23229%3B%26%23135%3B%26%23134%3B%26%23230%3B%26%23151%3B%26%23182%3B%A8%A6%26%23151%3B%A1%E4)&ngcrm_reserved1=1",
  "jsFile": "index.js",
  "chineseName": "集团关系信息-审批人",
  "description": "",
  "controls": {
    "control151_cgfHeb": {
      "location": {
        "data": {
          "tagName": "TD"
        },
        "userData": {
          "data": [],
          "force": false
        },
        "locators": [
          {
            "id": "@id/word",
            "prob": 2,
            "value": "descendant::FORM[@id=\"operatorForm\"]/TABLE[1]/TBODY[1]/TR[1]/TD[1]"
          },
          {
            "id": "@class/word",
            "prob": 1,
            "ordinal": [
              0,
              2
            ],
            "value": "BODY.ballistic_bg TABLE.basicinfo_bg TD.title_boldtext"
          },
          {
            "id": "path/ordinal",
            "prob": 1,
            "value": "/HTML[1]/BODY[1]/FORM[1]/TABLE[1]/TBODY[1]/TR[1]/TD[1]"
          },
          {
            "id": "elderLevel",
            "value": {
              "level": 0
            }
          }
        ]
      },
      "events": {
        "onGetData": "getData_control151_cgfHeb"
      },
      "intendedRole": "custom",
      "roles": "element,custom",
      "monitored": true,
      "frameXPath": "",
      "componentType": "custom"
    },
    "control152_tB0cZH": {
      "location": {
        "data": {
          "tagName": "TD"
        },
        "userData": {
          "data": [],
          "force": false
        },
        "locators": [
          {
            "id": "text",
            "prob": 3,
            "value": {
              "text": [
                "查询条件"
              ],
              "visText": [
                "查询条件"
              ]
            }
          },
          {
            "id": "@id/word",
            "prob": 2,
            "value": "descendant::FORM[@id=\"operatorForm\"]/TABLE[1]/TBODY[1]/TR[1]/TD[1]"
          },
          {
            "id": "@class/word",
            "prob": 1,
            "ordinal": [
              0,
              2
            ],
            "value": "BODY.ballistic_bg TABLE.basicinfo_bg TD.title_boldtext"
          },
          {
            "id": "path/ordinal",
            "prob": 1,
            "value": "/HTML[1]/BODY[1]/FORM[1]/TABLE[1]/TBODY[1]/TR[1]/TD[1]"
          },
          {
            "id": "elderLevel",
            "value": {
              "level": 0
            }
          }
        ]
      },
      "roles": "element",
      "content": true,
      "monitored": true,
      "frameXPath": "",
      "componentType": "content"
    },
    "control154_6ClGdy": {
      "location": {
        "data": {
          "tagName": "INPUT"
        },
        "userData": {
          "data": [],
          "force": false
        },
        "locators": [
          {
            "id": "input/button/@value",
            "prob": 3,
            "value": {
              "text": [
                "查 询"
              ]
            }
          },
          {
            "id": "@class/word",
            "prob": 1,
            "ordinal": [
              0,
              2
            ],
            "value": "BODY.ballistic_bg TABLE.table_listoutline INPUT.button_61px"
          },
          {
            "id": "path/ordinal",
            "prob": 1,
            "value": "/HTML[1]/BODY[1]/FORM[1]/DIV[1]/TABLE[1]/TBODY[1]/TR[1]/TD[2]/INPUT[1]"
          },
          {
            "id": "input/type",
            "verifyEnabled": true,
            "value": "button"
          }
        ]
      },
      "intendedRole": "button",
      "roles": "element,button",
      "monitored": true,
      "frameXPath": "",
      "componentType": "button"
    },
    "control158_NM9JqT": {
      "location": {
        "data": {
          "tagName": "TD"
        },
        "userData": {
          "data": [],
          "force": false
        },
        "locators": [
          {
            "id": "text",
            "prob": 3,
            "value": {
              "text": [
                "操作员列表"
              ],
              "visText": [
                "操作员列表"
              ]
            }
          },
          {
            "id": "@id/word",
            "prob": 2,
            "value": "descendant::FORM[@id=\"operatorForm\"]/TABLE[2]/TBODY[1]/TR[1]/TD[1]"
          },
          {
            "id": "@class/word",
            "prob": 1,
            "ordinal": [
              1,
              2
            ],
            "value": "BODY.ballistic_bg TABLE.basicinfo_bg TD.title_boldtext"
          },
          {
            "id": "path/ordinal",
            "prob": 1,
            "value": "/HTML[1]/BODY[1]/FORM[1]/TABLE[2]/TBODY[1]/TR[1]/TD[1]"
          },
          {
            "id": "elderLevel",
            "value": {
              "level": 0
            }
          }
        ]
      },
      "roles": "element",
      "content": true,
      "monitored": true,
      "frameXPath": "",
      "componentType": "content"
    },
    "control159_s4mOT9": {
      "location": {
        "data": {
          "tagName": "TD"
        },
        "userData": {
          "data": [],
          "force": false
        },
        "locators": [
          {
            "id": "@class/word",
            "prob": 1,
            "ordinal": [
              0,
              2
            ],
            "value": "BODY.ballistic_bg TABLE.table_listoutline TBODY TR TD"
          },
          {
            "id": "path/ordinal",
            "prob": 1,
            "value": "/HTML[1]/BODY[1]/FORM[1]/DIV[1]/TABLE[1]/TBODY[1]/TR[1]/TD[1]"
          }
        ]
      },
      "events": {
        "onGetData": "getData_control159_s4mOT9"
      },
      "intendedRole": "custom",
      "roles": "element,custom",
      "monitored": true,
      "frameXPath": "",
      "componentType": "custom"
    },
    "control160_TPJygM": {
      "location": {
        "data": {
          "tagName": "TABLE"
        },
        "userData": {
          "data": [],
          "force": false
        },
        "locators": [
          {
            "id": "@id/word",
            "prob": 4,
            "value": [
              "descendant::FORM[@id=\"operatorForm\"]//DIV[@id=\"queryResultTablediv\"]//TABLE[@id=\"queryResultTable\"]",
              "descendant::DIV[@id=\"queryResultTablediv\"]//TABLE[@id=\"queryResultTable\"]",
              "descendant::TABLE[@id=\"queryResultTable\"]"
            ]
          },
          {
            "id": "@class/word",
            "prob": 1,
            "value": "BODY.ballistic_bg DIV.mw_div TABLE.mw_table.table_list03"
          },
          {
            "id": "path/ordinal",
            "prob": 1,
            "value": "/HTML[1]/BODY[1]/FORM[1]/DIV[2]/DIV[1]/TABLE[1]"
          }
        ]
      },
      "events": {
        "onGetData": "getData_control160_TPJygM"
      },
      "intendedRole": "custom",
      "roles": "element,custom",
      "monitored": true,
      "frameXPath": "",
      "componentType": "custom"
    },
    "control156_ZU09Ar": {
      "location": {
        "data": {
          "tagName": "TD"
        },
        "userData": {
          "data": [],
          "force": false
        },
        "locators": [
          {
            "id": "@id/word",
            "prob": 2,
            "value": [
              "descendant::FORM[@id=\"operatorForm\"]//DIV[@id=\"queryResultTablediv\"]/TABLE[2]/TFOOT[1]/TR[1]/TD[1]",
              "descendant::FORM[@id=\"operatorForm\"]//DIV[@id=\"queryResultTablediv\"]//TD",
              "descendant::DIV[@id=\"queryResultTablediv\"]//TD"
            ]
          },
          {
            "id": "@class/word",
            "prob": 1,
            "value": "BODY.ballistic_bg DIV.mw_div TABLE.tint_td_text TFOOT TR TD"
          },
          {
            "id": "path/ordinal",
            "prob": 1,
            "value": "/HTML[1]/BODY[1]/FORM[1]/DIV[2]/DIV[1]/TABLE[2]/TFOOT[1]/TR[1]/TD[1]"
          }
        ]
      },
      "events": {
        "onGetData": "getData_control156_ZU09Ar"
      },
      "intendedRole": "custom",
      "roles": "element,custom",
      "monitored": true,
      "frameXPath": "",
      "componentType": "custom"
    },
    "control155_iZrb6T": {
      "location": {
        "data": {
          "tagName": "INPUT"
        },
        "userData": {
          "data": [],
          "force": false
        },
        "locators": [
          {
            "id": "input/button/@value",
            "prob": 3,
            "value": {
              "text": [
                "重 置"
              ]
            }
          },
          {
            "id": "@class/word",
            "prob": 1,
            "ordinal": [
              1,
              2
            ],
            "value": "BODY.ballistic_bg TABLE.table_listoutline INPUT.button_61px"
          },
          {
            "id": "path/ordinal",
            "prob": 1,
            "value": "/HTML[1]/BODY[1]/FORM[1]/DIV[1]/TABLE[1]/TBODY[1]/TR[1]/TD[2]/INPUT[2]"
          },
          {
            "id": "input/type",
            "verifyEnabled": true,
            "value": "button"
          }
        ]
      },
      "intendedRole": "button",
      "roles": "element,button",
      "monitored": true,
      "frameXPath": "",
      "componentType": "button"
    }
  },
  "contexts": {
    "context23_8o7zfH": {
      "controls": [
        "control151_cgfHeb",
        "control152_tB0cZH",
        "control154_6ClGdy",
        "control158_NM9JqT",
        "control159_s4mOT9",
        "control160_TPJygM",
        "control156_ZU09Ar",
        "control155_iZrb6T"
      ],
      "anchors": [],
      "urlAnchor": []
    }
  },
  "flows": {
    "flow96_V9Ctmk": {
      "toContexts": [
        {
          "toContextId": "context23_8o7zfH"
        }
      ]
    },
    "flow97_VX1eMM": {
      "fromContextId": "context23_8o7zfH",
      "fromAction": "click",
      "fromControlId": "control158_NM9JqT",
      "toContexts": [
        {
          "toContextId": "context23_8o7zfH"
        }
      ]
    },
    "flow98_XRr9hT": {
      "fromContextId": "context23_8o7zfH",
      "fromAction": "doAction",
      "fromControlId": "control159_s4mOT9",
      "toContexts": [
        {
          "toContextId": "context23_8o7zfH"
        }
      ]
    },
    "flow123_KEskFy": {
      "fromContextId": "context23_8o7zfH",
      "fromAction": "doAction",
      "fromControlId": "control160_TPJygM",
      "toContexts": [
        {
          "toContextId": "context23_8o7zfH"
        }
      ]
    }
  },
  "pages": {
    "page23_8Iivwn": {
      "contextId": "context23_8o7zfH",
      "layout": [
        {
          "id": "uiControl155_A29ns7",
          "controlId": "control151_cgfHeb",
          "display": {
            "adapterId": "custom",
            "type": "custom",
            "adapter": {
              "templateType": "react",
              "events": {
                "onDoAction": "doAction_uiControl155_A29ns7",
                "onGetTemplate": "getTemplate_uiControl155_A29ns7"
              }
            }
          }
        },
        {
          "id": "uiControl156_DC7aa1",
          "display": {
            "type": "card",
            "adapterId": "card",
            "showFooter": true,
            "class": "searchArea",
            "adapter": {
              "templateType": ""
            }
          },
          "layout": [
            {
              "id": "uiControl156_DC7aa1header",
              "display": {
                "type": "cardHeader",
                "text": "",
                "adapterId": "cardHeader",
                "adapter": {
                  "templateType": ""
                }
              },
              "layout": []
            },
            {
              "id": "uiControl156_DC7aa1body",
              "display": {
                "type": "cardBody",
                "adapterId": "cardBody",
                "adapter": {
                  "templateType": ""
                }
              },
              "layout": [
                {
                  "id": "uiControl157_U5E6eV",
                  "controlId": "control152_tB0cZH",
                  "display": {
                    "adapterId": "content",
                    "type": "content",
                    "class": "w-tit",
                    "adapter": {
                      "templateType": ""
                    }
                  }
                },
                {
                  "id": "uiControl165_73borH",
                  "controlId": "control159_s4mOT9",
                  "display": {
                    "adapterId": "custom",
                    "type": "custom",
                    "adapter": {
                      "templateType": "react",
                      "events": {
                        "onDoAction": "doAction_uiControl165_73borH",
                        "onGetTemplate": "getTemplate_uiControl165_73borH"
                      }
                    }
                  }
                }
              ]
            },
            {
              "id": "uiControl156_DC7aa1footer",
              "display": {
                "type": "cardFooter",
                "adapterId": "cardFooter",
                "adapter": {
                  "templateType": ""
                }
              },
              "layout": [
                {
                  "id": "uiControl159_r4yrXn",
                  "controlId": "control154_6ClGdy",
                  "display": {
                    "adapterId": "clickable",
                    "type": "button",
                    "amStyle": "success",
                    "adapter": {
                      "templateType": ""
                    }
                  }
                },
                {
                  "id": "uiControl252_wBR4mV",
                  "controlId": "control155_iZrb6T",
                  "display": {
                    "adapterId": "clickable",
                    "type": "button",
                    "class": "reset",
                    "adapter": {
                      "templateType": ""
                    }
                  }
                }
              ]
            }
          ]
        },
        {
          "id": "uiControl161_evDAPn",
          "display": {
            "type": "card",
            "adapterId": "card",
            "adapter": {
              "templateType": ""
            }
          },
          "layout": [
            {
              "id": "uiControl161_evDAPnheader",
              "display": {
                "type": "cardHeader",
                "text": "",
                "adapterId": "cardHeader",
                "adapter": {
                  "templateType": ""
                }
              },
              "layout": []
            },
            {
              "id": "uiControl161_evDAPnbody",
              "display": {
                "type": "cardBody",
                "adapterId": "cardBody",
                "adapter": {
                  "templateType": ""
                }
              },
              "layout": [
                {
                  "id": "uiControl164_WTBmwz",
                  "controlId": "control158_NM9JqT",
                  "display": {
                    "adapterId": "content",
                    "type": "content",
                    "class": "w-tit",
                    "adapter": {
                      "templateType": ""
                    }
                  }
                },
                {
                  "id": "uiControl166_5RF0gm",
                  "controlId": "control160_TPJygM",
                  "display": {
                    "adapterId": "custom",
                    "type": "custom",
                    "adapter": {
                      "templateType": "react",
                      "events": {
                        "onDoAction": "doAction_uiControl166_5RF0gm",
                        "onGetTemplate": "getTemplate_uiControl166_5RF0gm"
                      }
                    }
                  }
                },
                {
                  "id": "uiControl162_I7sM7o",
                  "controlId": "control156_ZU09Ar",
                  "display": {
                    "adapterId": "custom",
                    "type": "custom",
                    "adapter": {
                      "templateType": "react",
                      "events": {
                        "onDoAction": "doAction_uiControl162_I7sM7o",
                        "onGetTemplate": "getTemplate_uiControl162_I7sM7o"
                      }
                    }
                  }
                }
              ]
            },
            {
              "id": "uiControl161_evDAPnfooter",
              "display": {
                "type": "cardFooter",
                "adapterId": "cardFooter",
                "adapter": {
                  "templateType": ""
                }
              },
              "layout": []
            }
          ]
        }
      ]
    }
  },
  "matchers": {
    "page/title": {
      "contexts": {
        "context23_8o7zfH": [
          "查询审批人"
        ]
      }
    },
    "page/urls": {
      "contexts": {
        "context23_8o7zfH": [
          "218.203.103.203:8082/ngmarket/custmgt/qryHandler.action?operatorInfoVO.region=951&operatorInfoVO.businessid=grpInfoLevelApprove&date=Tue%20Jul%2010%202018%2014:49:39%20GMT+0800%20(%26%23228%3B%26%23184%3B-%26%23229%3B%26%23155%3B%26%23189%3B%26%23230%3B%26%23160%3B%26%23135%3B%26%23229%3B%26%23135%3B%26%23134%3B%26%23230%3B%26%23151%3B%26%23182%3B%A8%A6%26%23151%3B%A1%E4)&ngcrm_reserved1=1",
          "218.203.103.203:8082/ngmarket/custmgt/qryHandler.action?operatorInfoVO.region=951&operatorInfoVO.businessid=grpInfoLevelApprove&date=Tue%20Jul%2017%202018%2009:30:15%20GMT+0800%20(%26%23228%3B%26%23184%3B-%26%23229%3B%26%23155%3B%26%23189%3B%26%23230%3B%26%23160%3B%26%23135%3B%26%23229%3B%26%23135%3B%26%23134%3B%26%23230%3B%26%23151%3B%26%23182%3B%A8%A6%26%23151%3B%A1%E4)&ngcrm_reserved1=1",
          "218.203.103.203:8082/ngmarket/custmgt/qryHandler.action?operatorInfoVO.region=951&operatorInfoVO.businessid=grpInfoLevelApprove&date=Thu%20Jul%2026%202018%2018:47:39%20GMT+0800%20(%26%23228%3B%26%23184%3B-%26%23229%3B%26%23155%3B%26%23189%3B%26%23230%3B%26%23160%3B%26%23135%3B%26%23229%3B%26%23135%3B%26%23134%3B%26%23230%3B%26%23151%3B%26%23182%3B%A8%A6%26%23151%3B%A1%E4)&ngcrm_reserved1=1"
        ]
      }
    },
    "page/ids": {
      "contexts": {
        "context23_8o7zfH": [
          [
            "Util_js",
            "columnDiv",
            "columnIcon",
            "currentoper",
            "metaweb_arch_css",
            "metaweb_css",
            "mw_",
            "mwajax_js",
            "mwutils_js",
            "operIdStr",
            "operNameStr",
            "operatorForm",
            "queryResultTable",
            "queryResultTablediv",
            "table_operations_js"
          ]
        ]
      }
    },
    "page/classes": {
      "contexts": {
        "context23_8o7zfH": [
          [
            "basic_arrow",
            "basicinfo_bg",
            "button_px",
            "list_title",
            "list_tr_bgcolor",
            "list_tr_bgcolor,list_tr_bgcolor",
            "mw_div",
            "mw_field_button",
            "mw_field_text",
            "mw_label",
            "mw_radiobutton",
            "mw_table",
            "table_list",
            "table_listoutline",
            "tint_td_text",
            "title_boldtext"
          ],
          [
            "basic_arrow",
            "basicinfo_bg",
            "button_px",
            "list_title",
            "list_tr_bgcolor",
            "list_tr_bgcolor,list_tr_bgcolor",
            "mw_div",
            "mw_field_text",
            "mw_label",
            "mw_radiobutton",
            "mw_table",
            "table_list",
            "table_listoutline",
            "tint_td_text",
            "title_boldtext"
          ]
        ]
      }
    },
    "page/tagTriplets": {
      "contexts": {
        "context23_8o7zfH": [
          [
            "-/-/DIV",
            "-/-/FORM",
            "-/-/SCRIPT",
            "-/DIV/IFRAME",
            "-/FORM/DIV",
            "-/FORM/INPUT-hidden",
            "-/FORM/LINK",
            "-/FORM/TABLE",
            "DIV/DIV/TABLE",
            "DIV/TABLE/TBODY",
            "DIV/TABLE/TFOOT",
            "DIV/TABLE/THEAD",
            "FORM/DIV/DIV",
            "FORM/DIV/SCRIPT",
            "FORM/DIV/TABLE",
            "FORM/TABLE/TBODY",
            "TABLE/TBODY/TR",
            "TABLE/TFOOT/TR",
            "TABLE/THEAD/TR",
            "TBODY/TR/TD",
            "TD/SPAN/IMG",
            "TD/SPAN/INPUT-text",
            "TFOOT/TR/TD",
            "THEAD/TR/TD",
            "TR/TD/IMG",
            "TR/TD/INPUT-button",
            "TR/TD/INPUT-radio",
            "TR/TD/INPUT-text",
            "TR/TD/LABEL",
            "TR/TD/SCRIPT",
            "TR/TD/SPAN"
          ]
        ]
      }
    }
  }
}