{"version":"0.1","id":"login","targetURL":"https://7.carpoly.com/ekp/login.jsp;jsessionid=F27D633486AA723BEBF2116302AEEC76#cri.q=docStatus:30","jsFile":"index.js","requires":{"materiel_order_list":"../materiel_order_list/index.json"},"chineseName":"login","description":"","controls":{"control0_nPMqRB":{"location":{"data":{"tagName":"INPUT"},"userData":{"data":[],"force":false},"locators":[{"id":"elem/@name","prob":2,"value":"descendant::INPUT[@name=\"j_username\"]"},{"id":"@class/word","prob":1,"value":"TD.lui_login_input_td DIV.lui_login_input_div INPUT.form-control.lui_login_input_username"},{"id":"path/ordinal","prob":1,"value":"/HTML[1]/BODY[1]/DIV[2]/DIV[1]/DIV[3]/DIV[1]/FORM[1]/TABLE[1]/TBODY[1]/TR[2]/TD[1]/DIV[2]/INPUT[1]"},{"id":"input/type","verifyEnabled":true,"value":"text"}]},"intendedRole":"textbox","roles":"element,textbox","monitored":true,"frameXPath":""},"control1_ap8pba":{"location":{"data":{"tagName":"INPUT"},"userData":{"data":[],"force":false},"locators":[{"id":"elem/@name","prob":2,"value":"descendant::INPUT[@name=\"j_password\"]"},{"id":"@class/word","prob":1,"value":"TD.lui_login_input_td DIV.lui_login_input_div INPUT.form-control.lui_login_input_password"},{"id":"path/ordinal","prob":1,"value":"/HTML[1]/BODY[1]/DIV[2]/DIV[1]/DIV[3]/DIV[1]/FORM[1]/TABLE[1]/TBODY[1]/TR[3]/TD[1]/DIV[2]/INPUT[1]"},{"id":"input/type","verifyEnabled":true,"value":"password"}]},"intendedRole":"passwordbox","roles":"element,passwordbox,textbox","monitored":true,"frameXPath":""},"control2_qxN7mP":{"location":{"data":{"tagName":"A"},"userData":{"data":[],"force":false},"locators":[{"id":"button/text","prob":3,"value":{"text":["登录"],"visText":["登录"]}},{"id":"text","prob":3,"value":{"text":["登录"],"visText":["登录"]}},{"id":"@class/word","prob":1,"value":"DIV.lui_login_button_div_l DIV.lui_login_button_div_r DIV.lui_login_button_div_c A"},{"id":"path/ordinal","prob":1,"value":"/HTML[1]/BODY[1]/DIV[2]/DIV[1]/DIV[3]/DIV[1]/FORM[1]/TABLE[1]/TBODY[1]/TR[4]/TD[1]/DIV[1]/DIV[1]/DIV[1]/A[1]"},{"id":"elderLevel","value":{"level":0}}]},"intendedRole":"button","roles":"element,button,link","monitored":false,"frameXPath":""}},"contexts":{"context0_D23FZ1":{"controls":["control0_nPMqRB","control1_ap8pba","control2_qxN7mP"],"anchors":[],"urlAnchor":[]}},"flows":{"flow0_VnM79X":{"toContexts":[{"toContextId":"context0_D23FZ1"}]},"flow1_EO9kq1":{"fromContextId":"context0_D23FZ1","fromAction":"click","fromControlId":"control0_nPMqRB","toContexts":[{"toContextId":"context0_D23FZ1"}]},"flow2_lc0AZa":{"fromContextId":"context0_D23FZ1","fromAction":"click","fromControlId":"control2_qxN7mP","toContexts":[{"toContextId":"context0_D23FZ1"},{"toContextId":"context1_8NsqLT","toModelId":"materiel_order_list"}]}},"pages":{"page0_7P71hd":{"contextId":"context0_D23FZ1","layout":[{"id":"uiControl36_vACJT0","display":{"type":"card","adapterId":"card","adapter":{"templateType":""}},"layout":[{"id":"uiControl36_vACJT0header","display":{"type":"cardHeader","text":"","adapterId":"cardHeader","adapter":{"templateType":""}},"layout":[]},{"id":"uiControl36_vACJT0body","display":{"type":"cardBody","adapterId":"cardBody","adapter":{"templateType":""}},"layout":[{"id":"uiControl0_hdx8X5","controlId":"control0_nPMqRB","display":{"adapterId":"textbox","type":"textbox","label":"用户名","adapter":{"templateType":""}}},{"id":"uiControl1_ozyNuR","controlId":"control1_ap8pba","display":{"adapterId":"passwordbox","type":"passwordbox","label":"密码","adapter":{"templateType":""}}},{"id":"uiControl2_0O1quB","controlId":"control2_qxN7mP","display":{"adapterId":"clickable","type":"button","adapter":{"templateType":""}}}]},{"id":"uiControl36_vACJT0footer","display":{"type":"cardFooter","adapterId":"cardFooter","adapter":{"templateType":""}},"layout":[]}]}]}},"matchers":{"page/title":{"contexts":{"context0_D23FZ1":["登陆营销云平台"]}},"page/urls":{"contexts":{"context0_D23FZ1":["7.carpoly.com/ekp/login.jsp;jsessionid=F27D633486AA723BEBF2116302AEEC76","7.carpoly.com/ekp/login.jsp;jsessionid=ACB649447E7D7940D8BAF9E5E5EF096B","7.carpoly.com/ekp/login.jsp","7.carpoly.com/ekp/login.jsp;jsessionid=20E2E4FD28E59D822F10453BA287761E"]}},"page/ids":{"contexts":{"context0_D23FZ1":[["floatPanel"],["floatPanel","login-bgImg"]]}},"page/classes":{"contexts":{"context0_D23FZ1":[["arrow","arrowPanel","backstretch","con","ctrolPanel","deleteable","footer","form-control","kh","login","login_con","logo","lui_login_button_div_c","lui_login_button_div_l","lui_login_button_div_r","lui_login_button_td","lui_login_form_table","lui_login_input_div","lui_login_input_password","lui_login_input_td","lui_login_input_title","lui_login_input_username","lui_login_message_div","lui_login_message_td","popPanel","popPanel-inner","qrcodePanel","wechatQrcode","wraper"],["arrow","arrowPanel","backstretch","con","ctrolPanel","footer","form-control","kh","login","login_con","logo","lui_login_button_div_c","lui_login_button_div_l","lui_login_button_div_r","lui_login_button_td","lui_login_form_table","lui_login_input_div","lui_login_input_password","lui_login_input_td","lui_login_input_title","lui_login_input_username","lui_login_message_div","lui_login_message_td","popPanel","popPanel-inner","qrcodePanel","wechatQrcode","wraper"],["animated","arrow","arrowPanel","ctrolPanel","dog_bg","fadeInLeft","fadeInUp","fireworks","flipInX","footer","header","icon_del","login-background-img","login_content","login_footer","login_header","login_iframe","login_top_bar","logo","lui_login_button_div_c","lui_login_button_div_l","lui_login_button_div_r","lui_login_button_td","lui_login_form_table","lui_login_input_div","lui_login_input_password","lui_login_input_td","lui_login_input_title","lui_login_input_username","lui_login_message_div","lui_login_message_td","main_content","marroon_bg","popPanel","popPanel-inner","qrcodePanel","textTop","tip_message","tit_","titcon","tree_bg","wechatQrcode"]]}},"page/tagTriplets":{"contexts":{"context0_D23FZ1":[["-/-/DIV","-/-/SCRIPT","-/-/STYLE","-/DIV/DIV","-/DIV/IMG","DIV/A/SPAN","DIV/DIV/A","DIV/DIV/BR","DIV/DIV/DIV","DIV/DIV/FORM","DIV/DIV/IMG","DIV/DIV/P","DIV/DIV/SCRIPT","DIV/FORM/INPUT-hidden","DIV/FORM/INPUT-submit","DIV/FORM/TABLE","FORM/TABLE/TBODY","TABLE/TBODY/TR","TBODY/TR/TD","TD/DIV/DIV","TD/DIV/INPUT-password","TD/DIV/INPUT-text","TR/TD/DIV"],["-/-/DIV","-/-/SCRIPT","-/DIV/DIV","-/DIV/IMG","-/DIV/STYLE","A/DIV/DIV","DIV/A/SPAN","DIV/DIV/A","DIV/DIV/BR","DIV/DIV/DIV","DIV/DIV/FORM","DIV/DIV/IMG","DIV/DIV/P","DIV/DIV/SCRIPT","DIV/DIV/SPAN","DIV/DIV/UL","DIV/FORM/INPUT-hidden","DIV/FORM/INPUT-submit","DIV/FORM/TABLE","DIV/UL/LI","FORM/TABLE/TBODY","TABLE/TBODY/TR","TBODY/TR/TD","TD/A/DIV","TD/DIV/I","TD/DIV/INPUT-password","TD/DIV/INPUT-text","TR/TD/A","TR/TD/DIV"]]}}}}