{
  "version": "0.1",
  "id": "ywht-detail-massage",
  "targetURL": "http://218.203.103.203:8082/oc/bes/sm/login/phone.html?type=1",
  "jsFile": "index.js",
  "chineseName": "业务回退——详细信息",
  "description": "",
  "controls": {
    "control116_g1iVKD": {
      "location": {
        "data": {
          "tagName": "DIV"
        },
        "locators": [
          {
            "id": "@id/word",
            "prob": 3,
            "ordinal": [
              1,
              2
            ],
            "value": [
              "descendant::DIV[@id=\"popwin_top\"]//DIV[@id=\"popwin_top_center\"]//DIV[@id=\"popwin_title\"]",
              "descendant::DIV[@id=\"popwin_top_center\"]//DIV[@id=\"popwin_title\"]",
              "descendant::DIV[@id=\"popwin_title\"]"
            ]
          },
          {
            "id": "path/ordinal",
            "prob": 1,
            "value": "/HTML[1]/BODY[1]/DIV[8]/DIV[1]/DIV[1]/DIV[2]/DIV[1]"
          },
          {
            "id": "elderLevel",
            "value": {
              "level": 0
            }
          }
        ]
      },
      "events": {
        "onGetData": "getData_control116_g1iVKD"
      },
      "intendedRole": "custom",
      "roles": "element,custom",
      "monitored": true,
      "frameXPath": "//iframe[1]<<IFRAME>>",
      "componentType": "custom"
    },
    "control118_h5gCDm": {
      "location": {
        "data": {
          "tagName": "DIV"
        },
        "locators": [
          {
            "id": "@id/partialWord",
            "prob": 1,
            "disabled": true,
            "value": {
              "elemId": "win2",
              "tagName": "DIV",
              "prefix": "",
              "suffix": "/DIV[1]/DIV[2]/DIV[3]/DIV[1]/DIV[1]",
              "ratio": 0.178
            }
          },
          {
            "id": "path/ordinal",
            "prob": 1,
            "value": "/HTML[1]/BODY[1]/DIV[6]/DIV[1]/DIV[2]/DIV[3]/DIV[1]/DIV[1]"
          }
        ]
      },
      "events": {
        "onGetData": "getData_control118_h5gCDm"
      },
      "intendedRole": "custom",
      "roles": "element,custom",
      "monitored": true,
      "frameXPath": "//iframe[1]<<IFRAME>>",
      "componentType": "custom"
    }
  },
  "contexts": {
    "context14_NX3aCT": {
      "controls": [
        "control116_g1iVKD",
        "control118_h5gCDm"
      ],
      "anchors": [],
      "urlAnchor": []
    }
  },
  "flows": {
    "flow66_VvEdTK": {
      "toContexts": [
        {
          "toContextId": "context14_NX3aCT"
        }
      ]
    },
    "flow67_JVltX6": {
      "fromContextId": "context14_NX3aCT",
      "fromAction": "doAction",
      "fromControlId": "control116_g1iVKD",
      "toContexts": [
        {
          "toContextId": "context14_NX3aCT"
        }
      ]
    }
  },
  "pages": {
    "page14_lUemCc": {
      "contextId": "context14_NX3aCT",
      "layout": [
        {
          "id": "uiControl106_qunpV8",
          "controlId": "control116_g1iVKD",
          "display": {
            "adapterId": "custom",
            "type": "custom",
            "adapter": {
              "templateType": "react",
              "events": {
                "onDoAction": "doAction_uiControl106_qunpV8",
                "onGetTemplate": "getTemplate_uiControl106_qunpV8"
              }
            }
          }
        },
        {
          "id": "uiControl108_C3lCf5",
          "controlId": "control118_h5gCDm",
          "display": {
            "adapterId": "custom",
            "type": "custom",
            "adapter": {
              "templateType": "react",
              "events": {
                "onDoAction": "doAction_uiControl108_C3lCf5",
                "onGetTemplate": "getTemplate_uiControl108_C3lCf5"
              }
            }
          }
        }
      ]
    }
  },
  "matchers": {
    "page/title": {
      "contexts": {
        "context14_NX3aCT": [
          ""
        ]
      }
    },
    "page/urls": {
      "contexts": {
        "context14_NX3aCT": [
          ""
        ]
      }
    },
    "page/ids": {
      "contexts": {
        "context14_NX3aCT": [
          [
            "popwin_close",
            "popwin_title",
            "popwin_top",
            "popwin_top_center"
          ]
        ]
      }
    },
    "page/classes": {
      "contexts": {
        "context14_NX3aCT": [
          [
            "_container",
            "bes-ad-recrollback-queryorderdetail",
            "floatCon",
            "form_con",
            "form_control",
            "form_group",
            "form_label",
            "grid",
            "grid_content",
            "grid_header",
            "grid_header_gray",
            "m_grid",
            "margin_bottom_revise",
            "ng-binding",
            "ng-scope",
            "nofloat",
            "orderDetail",
            "panel",
            "per",
            "pl_content",
            "pl_title",
            "popwin_bottom",
            "popwin_bottom_center",
            "popwin_bottom_left",
            "popwin_bottom_right",
            "popwin_close",
            "popwin_content_ifra",
            "popwin_iframe",
            "popwin_iframe_inner",
            "popwin_middle",
            "popwin_middle_center",
            "popwin_middle_left",
            "popwin_middle_masker",
            "popwin_middle_right",
            "popwin_resize",
            "popwin_title",
            "popwin_top",
            "popwin_top_center",
            "popwin_top_left",
            "popwin_top_right",
            "td",
            "th",
            "th_",
            "uee-gadget",
            "uee-popup-close"
          ],
          [
            "_container",
            "bes-ad-queryorderlinedetail",
            "btn_negative",
            "grid",
            "grid_content",
            "grid_header",
            "grid_header_gray",
            "m_grid",
            "ng-binding",
            "ng-scope",
            "nofloat",
            "panel",
            "pl_content",
            "pl_title",
            "popwin_bottom",
            "popwin_bottom_center",
            "popwin_bottom_left",
            "popwin_bottom_right",
            "popwin_close",
            "popwin_content_ifra",
            "popwin_iframe",
            "popwin_iframe_inner",
            "popwin_middle",
            "popwin_middle_center",
            "popwin_middle_left",
            "popwin_middle_masker",
            "popwin_middle_right",
            "popwin_resize",
            "popwin_title",
            "popwin_top",
            "popwin_top_center",
            "popwin_top_left",
            "popwin_top_right",
            "td_",
            "th_",
            "uee-gadget",
            "uee-popup-close",
            "wb_content",
            "wb_opt",
            "workAcceptDetail"
          ]
        ]
      }
    },
    "page/tagTriplets": {
      "contexts": {
        "context14_NX3aCT": [
          [
            "-/-/DIV",
            "-/DIV/DIV",
            "DIV/DIV/DIV",
            "DIV/DIV/SPAN",
            "DIV/DIV/TABLE",
            "DIV/DIV/UEE:INCLUDE",
            "DIV/TABLE/TBODY",
            "DIV/UEE:INCLUDE/DIV",
            "DIV/UEE:INCLUDE/UEE:FIRE",
            "TABLE/TBODY/TR",
            "TBODY/TR/TD",
            "TBODY/TR/TH",
            "UEE:INCLUDE/DIV/DIV",
            "UEE:INCLUDE/DIV/LINK",
            "UEE:INCLUDE/DIV/UEE:INCLUDE"
          ],
          [
            "-/-/DIV",
            "-/DIV/DIV",
            "DIV/DIV/DIV",
            "DIV/DIV/SPAN",
            "DIV/DIV/TABLE",
            "DIV/DIV/UEE:INCLUDE",
            "DIV/SPAN/UEE:FIRE",
            "DIV/TABLE/TBODY",
            "DIV/UEE:INCLUDE/DIV",
            "DIV/UEE:INCLUDE/STYLE",
            "DIV/UEE:INCLUDE/UEE:FIRE",
            "TABLE/TBODY/TR",
            "TBODY/TR/TD",
            "TBODY/TR/TH",
            "UEE:INCLUDE/DIV/DIV",
            "UEE:INCLUDE/DIV/LINK",
            "UEE:INCLUDE/DIV/UEE:INCLUDE"
          ]
        ]
      }
    }
  }
}