{"version":"0.1","id":"login","targetURL":"https://7.carpoly.com/ekp/login.jsp#cri.q=docStatus:30","jsFile":"index.js","requires":{"marketing_expense_list":"../marketing_expense_list/index.json"},"chineseName":"登录页","description":"","controls":{"control0_QD1J4g":{"location":{"data":{"tagName":"INPUT"},"userData":{"data":[],"force":false},"locators":[{"id":"elem/@name","prob":2,"value":"descendant::INPUT[@name=\"j_username\"]"},{"id":"@class/word","prob":1,"value":"TD.lui_login_input_td DIV.lui_login_input_div INPUT.lui_login_input_username"},{"id":"path/ordinal","prob":1,"value":"/HTML[1]/BODY[1]/DIV[4]/DIV[1]/FORM[1]/TABLE[1]/TBODY[1]/TR[2]/TD[2]/DIV[1]/INPUT[1]"},{"id":"input/type","verifyEnabled":true,"value":"text"}]},"intendedRole":"textbox","roles":"element,textbox","monitored":true,"frameXPath":""},"control1_HQ98c0":{"location":{"data":{"tagName":"INPUT"},"userData":{"data":[],"force":false},"locators":[{"id":"elem/@name","prob":2,"value":"descendant::INPUT[@name=\"j_password\"]"},{"id":"@class/word","prob":1,"value":"TD.lui_login_input_td DIV.lui_login_input_div INPUT.lui_login_input_password"},{"id":"path/ordinal","prob":1,"value":"/HTML[1]/BODY[1]/DIV[4]/DIV[1]/FORM[1]/TABLE[1]/TBODY[1]/TR[3]/TD[2]/DIV[1]/INPUT[1]"},{"id":"input/type","verifyEnabled":true,"value":"password"}]},"intendedRole":"passwordbox","roles":"element,passwordbox,textbox","monitored":true,"frameXPath":""},"control2_J2HWzZ":{"location":{"data":{"tagName":"A"},"userData":{"data":[],"force":false},"locators":[{"id":"button/text","prob":3,"value":{"text":["登录"],"visText":["登录"]}},{"id":"text","prob":3,"value":{"text":["登录"],"visText":["登录"]}},{"id":"@class/word","prob":1,"value":"DIV.login_iframe TABLE.lui_login_form_table TD.lui_login_button_td A"},{"id":"path/ordinal","prob":1,"value":"/HTML[1]/BODY[1]/DIV[4]/DIV[1]/FORM[1]/TABLE[1]/TBODY[1]/TR[4]/TD[1]/A[1]"}]},"intendedRole":"button","roles":"element,button,link","monitored":false,"frameXPath":""}},"contexts":{"context0_eJIT0s":{"controls":["control0_QD1J4g","control1_HQ98c0","control2_J2HWzZ"],"anchors":[],"urlAnchor":[]}},"flows":{"flow0_hcdRta":{"toContexts":[{"toContextId":"context0_eJIT0s"}]},"flow1_TZvA2O":{"fromContextId":"context0_eJIT0s","fromAction":"click","fromControlId":"control0_QD1J4g","toContexts":[{"toContextId":"context0_eJIT0s"}]},"flow2_TAUllx":{"fromContextId":"context0_eJIT0s","fromAction":"click","fromControlId":"control2_J2HWzZ","toContexts":[{"toContextId":"context0_eJIT0s"},{"toContextId":"context1_NXMHkJ","toModelId":"marketing_expense_list"}]}},"pages":{"page0_sZf6H3":{"contextId":"context0_eJIT0s","layout":[{"id":"uiControl0_01XF80","display":{"type":"card","adapterId":"card","adapter":{"templateType":""}},"layout":[{"id":"uiControl0_01XF80header","display":{"type":"cardHeader","text":"","adapterId":"cardHeader","adapter":{"templateType":""}},"layout":[]},{"id":"uiControl0_01XF80body","display":{"type":"cardBody","adapterId":"cardBody","adapter":{"templateType":""}},"layout":[{"id":"uiControl1_hFfzwV","controlId":"control0_QD1J4g","display":{"adapterId":"textbox","type":"textbox","label":"用户名","adapter":{"templateType":""}}},{"id":"uiControl2_UL9aI7","controlId":"control1_HQ98c0","display":{"adapterId":"passwordbox","type":"passwordbox","label":"密码","adapter":{"templateType":""}}},{"id":"uiControl57_FLHQPZ","controlId":"control2_J2HWzZ","display":{"adapterId":"clickable","type":"button","adapter":{"templateType":""}}}]},{"id":"uiControl0_01XF80footer","display":{"type":"cardFooter","adapterId":"cardFooter","adapter":{"templateType":""}},"layout":[]}]}]}},"matchers":{"page/title":{"contexts":{"context0_eJIT0s":["登陆营销云平台"]}},"page/urls":{"contexts":{"context0_eJIT0s":["7.carpoly.com/ekp/login.jsp","7.carpoly.com/ekp/login.jsp;jsessionid=21DF7B4CB4D84E93F5F8BD9AA69361E0"]}},"page/ids":{"contexts":{"context0_eJIT0s":[["floatPanel","login-bgImg"]]}},"page/classes":{"contexts":{"context0_eJIT0s":[["animated","arrow","arrowPanel","ctrolPanel","dog_bg","fadeInLeft","fadeInUp","fireworks","flipInX","footer","header","icon_del","login-background-img","login_content","login_footer","login_header","login_iframe","login_top_bar","logo","lui_login_button_div_c","lui_login_button_div_l","lui_login_button_div_r","lui_login_button_td","lui_login_form_table","lui_login_input_div","lui_login_input_password","lui_login_input_td","lui_login_input_title","lui_login_input_username","lui_login_message_div","lui_login_message_td","main_content","marroon_bg","popPanel","popPanel-inner","qrcodePanel","textTop","tip_message","tit_","titcon","tree_bg","wechatQrcode"]]}},"page/tagTriplets":{"contexts":{"context0_eJIT0s":[["-/-/DIV","-/-/SCRIPT","-/DIV/DIV","-/DIV/IMG","-/DIV/STYLE","A/DIV/DIV","DIV/A/SPAN","DIV/DIV/A","DIV/DIV/BR","DIV/DIV/DIV","DIV/DIV/FORM","DIV/DIV/IMG","DIV/DIV/P","DIV/DIV/SCRIPT","DIV/DIV/SPAN","DIV/DIV/UL","DIV/FORM/INPUT-hidden","DIV/FORM/INPUT-submit","DIV/FORM/TABLE","DIV/UL/LI","FORM/TABLE/TBODY","TABLE/TBODY/TR","TBODY/TR/TD","TD/A/DIV","TD/DIV/I","TD/DIV/INPUT-password","TD/DIV/INPUT-text","TR/TD/A","TR/TD/DIV"]]}}}}