{
  "version": "0.1",
  "id": "lks_financeflowreview_edit",
  "targetURL": "http://oa.sec.com.cn/lks/koa/lks_financeflowreview.nsf/VD_KJPZ/A7B29DFBF61180B1482582900032C795?editdocument",
  "jsFile": "index.js",
  "chineseName": "财务流程中的可编辑页面",
  "description": "",
  "controls": {
    "control170_JqRkbf": {
      "location": {
        "data": {
          "tagName": "TABLE"
        },
        "userData": {
          "data": [],
          "force": false
        },
        "locators": [
          {
            "id": "@id/word",
            "prob": 3,
            "value": "descendant::TABLE[@id=\"mainTable\"]"
          },
          {
            "id": "path/ordinal",
            "prob": 1,
            "value": "/HTML[1]/BODY[1]/FORM[1]/TABLE[1]"
          }
        ]
      },
      "events": {
        "onGetData": "getData_control170_JqRkbf"
      },
      "intendedRole": "custom",
      "roles": "element,custom",
      "monitored": true,
      "frameXPath": "",
      "componentType": "custom"
    },
    "control172_ZzrKP5": {
      "location": {
        "data": {
          "tagName": "TABLE"
        },
        "userData": {
          "data": [],
          "force": false
        },
        "locators": [
          {
            "id": "@id/word",
            "prob": 3,
            "value": "descendant::TABLE[@id=\"mainTable\"]"
          },
          {
            "id": "path/ordinal",
            "prob": 1,
            "value": "/HTML[1]/BODY[1]/FORM[1]/TABLE[1]"
          }
        ]
      },
      "events": {
        "onGetData": "getData_control172_ZzrKP5"
      },
      "intendedRole": "custom",
      "roles": "element,custom",
      "monitored": true,
      "frameXPath": "",
      "componentType": "custom"
    },
    "control169_rJRxyu": {
      "location": {
        "data": {
          "tagName": "TABLE"
        },
        "userData": {
          "data": [],
          "force": false
        },
        "locators": [
          {
            "id": "@id/word",
            "prob": 3,
            "value": "descendant::TABLE[@id=\"mainTable\"]"
          },
          {
            "id": "path/ordinal",
            "prob": 1,
            "value": "/HTML[1]/BODY[1]/FORM[1]/TABLE[1]"
          }
        ]
      },
      "events": {
        "onGetData": "getData_control169_rJRxyu"
      },
      "intendedRole": "custom",
      "roles": "element,custom",
      "monitored": true,
      "frameXPath": "",
      "componentType": "custom"
    },
    "control175_wB91zy": {
      "location": {
        "data": {
          "tagName": "INPUT"
        },
        "userData": {
          "data": [],
          "force": false
        },
        "locators": [
          {
            "id": "input/button/@value",
            "prob": 3,
            "value": {
              "text": [
                " 关闭 "
              ]
            }
          },
          {
            "id": "@id/word",
            "prob": 3,
            "value": "descendant::INPUT[@id=\"clo\"]"
          },
          {
            "id": "@class/word",
            "prob": 1,
            "ordinal": [
              2,
              3
            ],
            "value": "INPUT.button"
          },
          {
            "id": "path/ordinal",
            "prob": 1,
            "value": "/HTML[1]/BODY[1]/FORM[1]/DIV[2]/TABLE[1]/TBODY[1]/TR[1]/TD[1]/TABLE[1]/TBODY[1]/TR[1]/TD[3]/DIV[1]/TABLE[1]/TBODY[1]/TR[1]/TD[1]/INPUT[3]"
          },
          {
            "id": "input/type",
            "verifyEnabled": true,
            "value": "button"
          }
        ]
      },
      "intendedRole": "button",
      "roles": "element,button",
      "monitored": false,
      "frameXPath": "",
      "componentType": "button"
    }
  },
  "contexts": {
    "context23_aMKxa0": {
      "controls": [
        "control170_JqRkbf",
        "control172_ZzrKP5",
        "control169_rJRxyu",
        "control175_wB91zy"
      ],
      "anchors": [],
      "urlAnchor": []
    }
  },
  "flows": {
    "flow111_AD9Gia": {
      "toContexts": [
        {
          "toContextId": "context23_aMKxa0"
        }
      ]
    },
    "flow112_vaSF7w": {
      "fromContextId": "context23_aMKxa0",
      "fromAction": "doAction",
      "fromControlId": "control172_ZzrKP5",
      "toContexts": [
        {
          "toContextId": "context23_aMKxa0"
        }
      ]
    },
    "flow113_d9SOWz": {
      "fromContextId": "context23_aMKxa0",
      "fromAction": "doAction",
      "fromControlId": "control169_rJRxyu",
      "toContexts": [
        {
          "toContextId": "context23_aMKxa0"
        }
      ]
    }
  },
  "pages": {
    "page23_XabvSr": {
      "contextId": "context23_aMKxa0",
      "layout": [
        {
          "id": "uiControl186_PopBfL",
          "controlId": "control170_JqRkbf",
          "display": {
            "adapterId": "custom",
            "type": "custom",
            "adapter": {
              "templateType": "react",
              "events": {
                "onDoAction": "doAction_uiControl186_PopBfL",
                "onGetTemplate": "getTemplate_uiControl186_PopBfL"
              }
            }
          }
        },
        {
          "id": "uiControl187_zP3CZN",
          "controlId": "control172_ZzrKP5",
          "display": {
            "adapterId": "custom",
            "type": "custom",
            "adapter": {
              "templateType": "react",
              "events": {
                "onDoAction": "doAction_uiControl187_zP3CZN",
                "onGetTemplate": "getTemplate_uiControl187_zP3CZN"
              }
            }
          }
        },
        {
          "id": "uiControl106_RXupf4",
          "controlId": "control169_rJRxyu",
          "display": {
            "adapterId": "custom",
            "type": "custom",
            "adapter": {
              "templateType": "react",
              "events": {
                "onDoAction": "doAction_uiControl106_RXupf4",
                "onGetTemplate": "getTemplate_uiControl106_RXupf4"
              }
            }
          }
        },
        {
          "id": "uiControl189_A8cZJ4",
          "display": {
            "type": "sticky",
            "adapterId": "sticky",
            "adapter": {
              "templateType": ""
            }
          },
          "layout": [
            {
              "id": "uiControl189_A8cZJ4body",
              "display": {
                "type": "stickyBody",
                "adapterId": "stickyBody",
                "adapter": {
                  "templateType": ""
                }
              },
              "layout": [
                {
                  "id": "uiControl192_B3VgvK",
                  "controlId": "control175_wB91zy",
                  "display": {
                    "adapterId": "clickable",
                    "type": "button",
                    "adapter": {
                      "templateType": ""
                    }
                  }
                }
              ]
            }
          ]
        }
      ]
    }
  },
  "matchers": {
    "page/title": {
      "contexts": {
        "context23_aMKxa0": [
          "凭证信息()"
        ]
      }
    },
    "page/urls": {
      "contexts": {
        "context23_aMKxa0": [
          "oa.sec.com.cn/lks/koa/lks_financeflowreview.nsf/VD_KJPZ/A7B29DFBF61180B1482582900032C795?editdocument",
          "oa.sec.com.cn/lks/koa/lks_financeflowreview.nsf/VD_KJPZ/672CD32D619928E64825829000320498?editdocument"
        ]
      }
    },
    "page/ids": {
      "contexts": {
        "context23_aMKxa0": [
          [
            "AUFNR",
            "AUFNRSM",
            "BELNR",
            "BSCHL",
            "BUDGETC",
            "CF_jiefangJZM_",
            "Calendar_SWFObjectName",
            "DMBTR",
            "FlashPopWin",
            "HKONT",
            "HKONTSM",
            "Jkqk",
            "KOSTL",
            "KOSTLFW",
            "KOSTLSM",
            "LIFNR",
            "LIFNRSM",
            "NEWUM",
            "PRCTR",
            "RSTGR",
            "RSTGRMS",
            "SGTXT",
            "Sys_EsaField",
            "Sys_FormatMoney",
            "TABLE",
            "VBUND",
            "ZUMSK",
            "ZZFI",
            "bc",
            "btnAdd",
            "btnDel",
            "btnIns",
            "btnSave",
            "btn_ShowWriteoff",
            "btn_bp",
            "btn_cj",
            "btn_close",
            "btn_cx",
            "btn_edit",
            "btn_re",
            "chequeNoRow",
            "clo",
            "divwqzInfo",
            "finacediv_",
            "mainTable",
            "mainTable_",
            "multiRowTable",
            "sbjetd",
            "select_",
            "tbin",
            "tc",
            "tcDel",
            "tcIns",
            "td",
            "trDataRow",
            "trHead",
            "txtID"
          ],
          [
            "AUFNR",
            "AUFNRSM",
            "BELNR",
            "BSCHL",
            "BUDGETC",
            "CF_jiefangJZM_",
            "Calendar_SWFObjectName",
            "DMBTR",
            "FlashPopWin",
            "HKONT",
            "HKONTSM",
            "Jkqk",
            "KOSTL",
            "KOSTLFW",
            "KOSTLSM",
            "LIFNR",
            "LIFNRSM",
            "NEWUM",
            "PRCTR",
            "RSTGR",
            "RSTGRMS",
            "SGTXT",
            "Sys_EsaField",
            "Sys_FormatMoney",
            "TABLE",
            "VBUND",
            "ZUMSK",
            "ZZFI",
            "bc",
            "btnAdd",
            "btnDel",
            "btnIns",
            "btnSave",
            "btn_ShowWriteoff",
            "btn_bp",
            "btn_cj",
            "btn_close",
            "btn_cx",
            "btn_edit",
            "btn_re",
            "chequeNoRow",
            "clo",
            "divwqzInfo",
            "finacediv_",
            "mainTable",
            "mainTable_",
            "multiRowTable",
            "select_",
            "tbin",
            "tc",
            "tcDel",
            "tcIns",
            "td",
            "trDataRow",
            "trHead",
            "txtID"
          ]
        ]
      }
    },
    "page/classes": {
      "contexts": {
        "context23_aMKxa0": [
          [
            "FIELD",
            "HeadStyle",
            "MyRow",
            "btn",
            "btnmenudoc",
            "button",
            "inputLeft",
            "tabDetailView",
            "textdocdown",
            "textdocnone"
          ]
        ]
      }
    },
    "page/tagTriplets": {
      "contexts": {
        "context23_aMKxa0": [
          [
            "-/-/FORM",
            "-/-/IFRAME",
            "-/-/OBJECT",
            "-/-/SCRIPT",
            "-/FORM/BR",
            "-/FORM/DIV",
            "-/FORM/INPUT-hidden",
            "-/FORM/SCRIPT",
            "-/FORM/TABLE",
            "-/OBJECT/PARAM",
            "B/FONT/INPUT-null",
            "DIV/B/FONT",
            "DIV/DIV/TABLE",
            "DIV/FONT/B",
            "DIV/TABLE/TBODY",
            "FORM/DIV/BR",
            "FORM/DIV/DIV",
            "FORM/DIV/FONT",
            "FORM/DIV/SCRIPT",
            "FORM/DIV/TABLE",
            "FORM/TABLE/TBODY",
            "TABLE/TBODY/TR",
            "TBODY/TR/TD",
            "TD/B/FONT",
            "TD/DIV/B",
            "TD/DIV/BR",
            "TD/DIV/DIV",
            "TD/DIV/FONT",
            "TD/DIV/TABLE",
            "TD/FONT/B",
            "TD/SELECT/OPTION",
            "TD/SPAN/A",
            "TD/SPAN/TEXTAREA",
            "TD/TABLE/TBODY",
            "TR/TD/A",
            "TR/TD/B",
            "TR/TD/BR",
            "TR/TD/DIV",
            "TR/TD/FONT",
            "TR/TD/IMG",
            "TR/TD/INPUT-button",
            "TR/TD/INPUT-hidden",
            "TR/TD/INPUT-null",
            "TR/TD/INPUT-text",
            "TR/TD/SCRIPT",
            "TR/TD/SELECT",
            "TR/TD/SPAN",
            "TR/TD/STYLE",
            "TR/TD/TABLE"
          ]
        ]
      }
    }
  }
}