{
  "version": "0.1",
  "id": "lks_archivemngnewex",
  "targetURL": "http://oa.sec.com.cn/lks/koa/lks_archivemngnewex.nsf/0/A13B73901818CEC04825827C000AC297?OpenDocument",
  "jsFile": "index.js",
  "requires": {
    "Global_Approval": "../Global_Approval/index.json",
    "choosePeople": "../choosePeople/index.json",
    "lks_Association_Search": "../lks_Association_Search/index.json",
    "lks_copy": "../lks_copy/index.json",
    "lks_Distribute_Choice": "../lks_Distribute_Choice/index.json",
    "lks_Choice_Two": "../lks_Choice_Two/index.json",
    "lks_tasks": "../lks_tasks/index.json",
    "returnMsg": "../returnMsg/index.json",
    "lks_plflowreview": "../lks_plflowreview/index.json",
    "errorPage": "../errorPage/index.json",
    "fm_authorizeframe": "../fm_authorizeframe/index.json",
    "lks_FM_SelCondition": "../lks_FM_SelCondition/index.json",
    "lks_financeflowreview": "../lks_financeflowreview/index.json",
    "lks_review": "../lks_review/index.json",
    "lks_review_new": "../lks_review_new/index.json",
    "lks_hrreview_new": "../lks_hrreview_new/index.json",
    "feedbackQuestionnaire": "../feedbackQuestionnaire/index.json",
    "lks_rules": "../lks_rules/index.json",
    "lks_hrreview": "../lks_hrreview/index.json",
    "lks-filemng": "../lks-filemng/index.json",
    "lks_zhaotoubiao": "../lks_zhaotoubiao/index.json",
    "lks_bargaincollection": "../lks_bargaincollection/index.json"
  },
  "chineseName": "公文管理",
  "description": "",
  "firstPaintEnable": false,
  "controls": {
    "control5_JT2ITC": {
      "location": {
        "data": {
          "tagName": "DIV"
        },
        "userData": {
          "data": [],
          "force": false
        },
        "locators": [
          {
            "id": "path/ordinal",
            "prob": 1,
            "value": "/HTML[1]/BODY[1]/FORM[1]/DIV[1]"
          }
        ]
      },
      "events": {
        "onGetData": "getData_control5_JT2ITC"
      },
      "intendedRole": "custom",
      "roles": "element,custom",
      "monitored": true,
      "frameXPath": ""
    },
    "control9_EtU6Ar": {
      "location": {
        "data": {
          "tagName": "TD"
        },
        "userData": {
          "data": [],
          "force": false
        },
        "locators": [
          {
            "id": "@id/word",
            "prob": 2,
            "value": "descendant::TABLE[@id=\"labelTable\"]/TBODY[1]/TR[1]/TD[1]"
          },
          {
            "id": "@class/word",
            "prob": 1,
            "value": "TABLE.labeltb TR.tbbg TD.tbbg"
          },
          {
            "id": "path/ordinal",
            "prob": 1,
            "value": "/HTML[1]/BODY[1]/FORM[1]/TABLE[4]/TBODY[1]/TR[1]/TD[1]"
          }
        ]
      },
      "events": {
        "onGetData": "getData_control9_EtU6Ar"
      },
      "intendedRole": "custom",
      "roles": "element,custom",
      "monitored": true,
      "frameXPath": ""
    },
    "control21_MSGaVK": {
      "location": {
        "data": {
          "tagName": "IFRAME"
        },
        "userData": {
          "data": [],
          "force": false
        },
        "locators": [
          {
            "id": "@id/word",
            "prob": 3,
            "value": [
              "descendant::TABLE[@id=\"labelTable\"]//IFRAME[@id=\"ifFlow\"]",
              "descendant::IFRAME[@id=\"ifFlow\"]"
            ]
          },
          {
            "id": "@class/word",
            "prob": 1,
            "value": "TABLE.labeltb TR.trbg TD.tdbg TABLE TBODY TR TD IFRAME"
          },
          {
            "id": "path/ordinal",
            "prob": 1,
            "value": "/HTML[1]/BODY[1]/FORM[1]/TABLE[4]/TBODY[1]/TR[3]/TD[1]/TABLE[1]/TBODY[1]/TR[2]/TD[1]/IFRAME[1]"
          },
          {
            "id": "elderLevel",
            "value": {
              "level": 0
            }
          }
        ]
      },
      "events": {
        "onGetData": "getData_control21_MSGaVK"
      },
      "intendedRole": "custom",
      "roles": "element,custom",
      "monitored": true,
      "frameXPath": ""
    },
    "control1_KWiJAg": {
      "location": {
        "data": {
          "tagName": "TABLE"
        },
        "userData": {
          "data": [],
          "force": false
        },
        "locators": [
          {
            "id": "@id/word",
            "prob": 3,
            "value": "descendant::TABLE[@id=\"labelTable\"]"
          },
          {
            "id": "@class/word",
            "prob": 1,
            "value": "TABLE.labeltb"
          },
          {
            "id": "path/ordinal",
            "prob": 1,
            "value": "/HTML[1]/BODY[1]/FORM[1]/TABLE[4]"
          }
        ]
      },
      "events": {
        "onGetData": "getData_control1_KWiJAg"
      },
      "intendedRole": "custom",
      "roles": "element,link,custom",
      "ignoreVisibility": false,
      "monitored": true,
      "frameXPath": ""
    },
    "control24_S6hcnN": {
      "location": {
        "data": {
          "tagName": "TABLE"
        },
        "userData": {
          "data": [],
          "force": false
        },
        "locators": [
          {
            "id": "@id/word",
            "prob": 3,
            "value": "descendant::TABLE[@id=\"BtnTable\"]"
          },
          {
            "id": "path/ordinal",
            "prob": 1,
            "ordinal": [
              0,
              2
            ],
            "value": "/HTML[1]/BODY[1]/FORM[1]/TABLE[2]"
          }
        ]
      },
      "events": {
        "onGetData": "getData_control24_S6hcnN"
      },
      "intendedRole": "custom",
      "roles": "element,custom",
      "monitored": true,
      "frameXPath": ""
    },
    "control32_gxwLCm": {
      "location": {
        "data": {
          "tagName": "TD"
        },
        "userData": {
          "data": [],
          "force": false
        },
        "locators": [
          {
            "id": "@id/word",
            "prob": 3,
            "value": [
              "descendant::TABLE[@id=\"tbReview\"]//TD[@id=\"tdButton\"]",
              "descendant::TD[@id=\"tdButton\"]"
            ]
          },
          {
            "id": "path/ordinal",
            "prob": 1,
            "value": "/HTML[1]/BODY[1]/FORM[1]/TABLE[2]/TBODY[1]/TR[2]/TD[1]"
          }
        ]
      },
      "events": {
        "onGetData": "getData_control32_gxwLCm"
      },
      "intendedRole": "custom",
      "roles": "element,custom",
      "monitored": true,
      "frameXPath": "//iframe[@id='ifFlow']<<IFRAME>>"
    },
    "control43_8akclk": {
      "location": {
        "data": {
          "tagName": "TABLE"
        },
        "userData": {
          "data": [],
          "force": false
        },
        "locators": [
          {
            "id": "@id/word",
            "prob": 3,
            "value": "descendant::TABLE[@id=\"labelTable\"]"
          },
          {
            "id": "@class/word",
            "prob": 1,
            "value": "TABLE.labeltb"
          },
          {
            "id": "path/ordinal",
            "prob": 1,
            "value": "/HTML[1]/BODY[1]/FORM[1]/TABLE[3]"
          }
        ]
      },
      "events": {
        "onGetData": "getData_control43_8akclk"
      },
      "intendedRole": "custom",
      "roles": "element,link,custom",
      "monitored": true,
      "frameXPath": ""
    },
    "control19_9HObLf": {
      "location": {
        "data": {
          "tagName": "TABLE"
        },
        "userData": {
          "data": [],
          "force": false
        },
        "locators": [
          {
            "id": "@id/word",
            "prob": 3,
            "value": "descendant::TABLE[@id=\"labelTable\"]"
          },
          {
            "id": "path/ordinal",
            "prob": 1,
            "value": "/HTML[1]/BODY[1]/FORM[1]/TABLE[3]"
          }
        ]
      },
      "events": {
        "onGetData": "getData_control19_9HObLf"
      },
      "intendedRole": "custom",
      "roles": "element,custom",
      "ignoreVisibility": false,
      "monitored": true,
      "frameXPath": ""
    },
    "control46_EvKmlg": {
      "location": {
        "data": {
          "tagName": "SPAN"
        },
        "userData": {
          "data": [],
          "force": false
        },
        "locators": [
          {
            "id": "@id/word",
            "prob": 3,
            "value": [
              "descendant::TABLE[@id=\"tbReview\"]//SPAN[@id=\"spanCondition\"]",
              "descendant::SPAN[@id=\"spanCondition\"]"
            ]
          },
          {
            "id": "path/ordinal",
            "prob": 1,
            "value": "/HTML[1]/BODY[1]/FORM[1]/TABLE[2]/TBODY[1]/TR[18]/TD[1]/SPAN[1]"
          }
        ]
      },
      "events": {
        "onGetData": "getData_control46_EvKmlg"
      },
      "intendedRole": "custom",
      "roles": "element,custom",
      "monitored": true,
      "frameXPath": "//iframe[@id='ifFlow']<<IFRAME>>"
    },
    "control92_JVQqxK": {
      "location": {
        "data": {
          "tagName": "TABLE"
        },
        "userData": {
          "data": [],
          "force": false
        },
        "locators": [
          {
            "id": "@id/word",
            "prob": 3,
            "value": "descendant::TABLE[@id=\"tbReview\"]"
          },
          {
            "id": "path/ordinal",
            "prob": 1,
            "value": "/HTML[1]/BODY[1]/FORM[1]/TABLE[2]"
          }
        ]
      },
      "events": {
        "onGetData": "getData_control92_JVQqxK"
      },
      "intendedRole": "custom",
      "roles": "element,custom",
      "monitored": true,
      "frameXPath": "//iframe[@id='ifFlow']<<IFRAME>>"
    },
    "control116_lgTn58": {
      "location": {
        "data": {
          "tagName": "TABLE"
        },
        "userData": {
          "data": [],
          "force": false
        },
        "locators": [
          {
            "id": "@id/word",
            "prob": 3,
            "value": "descendant::TABLE[@id=\"tbReview\"]"
          },
          {
            "id": "path/ordinal",
            "prob": 1,
            "value": "/HTML[1]/BODY[1]/FORM[1]/TABLE[2]"
          }
        ]
      },
      "events": {
        "onGetData": "getData_control116_lgTn58"
      },
      "intendedRole": "custom",
      "roles": "element,custom",
      "monitored": true,
      "frameXPath": "//iframe[@id='ifFlow']<<IFRAME>>"
    },
    "control134_Xzna7n": {
      "location": {
        "data": {
          "tagName": "TABLE"
        },
        "userData": {
          "data": [],
          "force": false
        },
        "locators": [
          {
            "id": "@id/word",
            "prob": 3,
            "value": "descendant::TABLE[@id=\"labelTable\"]"
          },
          {
            "id": "@class/word",
            "prob": 1,
            "value": "TABLE.labeltb"
          },
          {
            "id": "path/ordinal",
            "prob": 1,
            "value": "/HTML[1]/BODY[1]/FORM[1]/TABLE[3]"
          }
        ]
      },
      "events": {
        "onGetData": "getData_control134_Xzna7n"
      },
      "intendedRole": "custom",
      "roles": "element,custom",
      "monitored": true,
      "frameXPath": ""
    },
    "control160_q5q4OQ": {
      "location": {
        "data": {
          "tagName": "TABLE"
        },
        "userData": {
          "data": [],
          "force": false
        },
        "locators": [
          {
            "id": "@id/word",
            "prob": 3,
            "value": "descendant::TABLE[@id=\"labelTable\"]"
          },
          {
            "id": "@class/word",
            "prob": 1,
            "value": "TABLE.labeltb"
          },
          {
            "id": "path/ordinal",
            "prob": 1,
            "value": "/HTML[1]/BODY[1]/FORM[1]/TABLE[4]"
          }
        ]
      },
      "events": {
        "onGetData": "getData_control160_q5q4OQ"
      },
      "intendedRole": "custom",
      "roles": "element,custom",
      "monitored": true,
      "frameXPath": ""
    },
    "control162_yzwxVh": {
      "location": {
        "data": {
          "tagName": "TABLE"
        },
        "userData": {
          "data": [],
          "force": false
        },
        "locators": [
          {
            "id": "@id/word",
            "prob": 3,
            "value": "descendant::TABLE[@id=\"labelTable\"]"
          },
          {
            "id": "@class/word",
            "prob": 1,
            "value": "TABLE.labeltb"
          },
          {
            "id": "path/ordinal",
            "prob": 1,
            "value": "/HTML[1]/BODY[1]/FORM[1]/TABLE[4]"
          }
        ]
      },
      "events": {
        "onGetData": "getData_control162_yzwxVh"
      },
      "intendedRole": "custom",
      "roles": "element,custom",
      "monitored": true,
      "frameXPath": ""
    },
    "control173_HIX8Dx": {
      "location": {
        "data": {
          "tagName": "TABLE"
        },
        "userData": {
          "data": [],
          "force": false
        },
        "locators": [
          {
            "id": "@id/word",
            "prob": 3,
            "value": "descendant::TABLE[@id=\"labelTable\"]"
          },
          {
            "id": "@class/word",
            "prob": 1,
            "value": "TABLE.labeltb"
          },
          {
            "id": "path/ordinal",
            "prob": 1,
            "value": "/HTML[1]/BODY[1]/FORM[1]/TABLE[3]"
          }
        ]
      },
      "events": {
        "onGetData": "getData_control173_HIX8Dx"
      },
      "intendedRole": "custom",
      "roles": "element,link,custom",
      "monitored": true,
      "frameXPath": "",
      "componentType": "custom"
    },
    "control177_U0gfcF": {
      "location": {
        "data": {
          "tagName": "INPUT"
        },
        "userData": {
          "data": [],
          "force": false
        },
        "locators": [
          {
            "id": "input/button/@value",
            "prob": 3,
            "value": {
              "text": [
                "下载公文正文"
              ]
            }
          },
          {
            "id": "@title",
            "prob": 2,
            "value": {
              "text": [
                "下载公文正文"
              ],
              "textboxValue": "下载公文正文"
            }
          },
          {
            "id": "elem/@name",
            "prob": 2,
            "ordinal": [
              1,
              2
            ],
            "value": "descendant::INPUT[@name=\"optPrint\"]"
          },
          {
            "id": "@class/word",
            "prob": 1,
            "ordinal": [
              5,
              6
            ],
            "value": "TR.trbg TD.tdbg INPUT.btnmenudoc"
          },
          {
            "id": "path/ordinal",
            "prob": 1,
            "value": "/HTML[1]/BODY[1]/FORM[1]/TABLE[3]/TBODY[1]/TR[3]/TD[1]/TABLE[1]/TBODY[1]/TR[1]/TD[1]/DIV[1]/INPUT[6]"
          },
          {
            "id": "input/type",
            "verifyEnabled": true,
            "value": "button"
          }
        ]
      },
      "events": {
        "onGetData": "getData_control177_U0gfcF"
      },
      "intendedRole": "custom",
      "roles": "element,button,custom",
      "monitored": true,
      "frameXPath": "",
      "componentType": "custom"
    }
  },
  "contexts": {
    "context5_3qQbFO": {
      "controls": [
        "control5_JT2ITC",
        "control9_EtU6Ar",
        "control21_MSGaVK",
        "control1_KWiJAg",
        "control24_S6hcnN",
        "control32_gxwLCm",
        "control43_8akclk",
        "control19_9HObLf",
        "control46_EvKmlg",
        "control92_JVQqxK",
        "control116_lgTn58",
        "control134_Xzna7n",
        "control160_q5q4OQ",
        "control162_yzwxVh",
        "control173_HIX8Dx",
        "control177_U0gfcF"
      ],
      "anchors": [],
      "urlAnchor": [
        ".*\\/lks_.*archivemngnewex\\.nsf\\/[^(FM_)].*\\/.*"
      ]
    }
  },
  "flows": {
    "flow3_Eob96X": {
      "toContexts": [
        {
          "toContextId": "context5_3qQbFO"
        },
        {
          "toContextId": "context1_uBcbtH",
          "toModelId": "lks_tasks"
        },
        {
          "toContextId": "context29_DDp3FX",
          "toModelId": "lks_review_new"
        },
        {
          "toContextId": "context29_PNWz08",
          "toModelId": "lks_hrreview_new"
        },
        {
          "toContextId": "context31_kqnCnJ",
          "toModelId": "feedbackQuestionnaire"
        },
        {
          "toContextId": "context4_nBTnvD",
          "toModelId": "lks_rules"
        }
      ]
    },
    "flow9_37P5lr": {
      "fromContextId": "context5_3qQbFO",
      "fromAction": "doAction",
      "fromControlId": "control9_EtU6Ar",
      "toContexts": [
        {
          "toContextId": "context5_3qQbFO"
        },
        {
          "toContextId": "context13_k04Crz",
          "toModelId": "lks_plflowreview"
        },
        {
          "toContextId": "context1_uBcbtH",
          "toModelId": "lks_tasks"
        },
        {
          "toContextId": "context11_DdpfNi",
          "toModelId": "lks_financeflowreview"
        },
        {
          "toContextId": "context0_2puPsG",
          "toModelId": "lks_review"
        }
      ]
    },
    "flow15_SP0vpT": {
      "fromContextId": "context5_3qQbFO",
      "fromAction": "doAction",
      "fromControlId": "control21_MSGaVK",
      "toContexts": [
        {
          "toContextId": "context5_3qQbFO"
        },
        {
          "toContextId": "context6_19iAzJ",
          "toModelId": "Global_Approval"
        },
        {
          "toContextId": "context6_m0MbOe",
          "toModelId": "choosePeople"
        }
      ]
    },
    "flow1_UTq0Wk": {
      "fromContextId": "context5_3qQbFO",
      "fromAction": "doAction",
      "fromControlId": "control1_KWiJAg",
      "toContexts": [
        {
          "toContextId": "context5_3qQbFO"
        },
        {
          "toContextId": "context6_m0MbOe",
          "toModelId": "choosePeople"
        }
      ]
    },
    "flow22_4XRxTV": {
      "fromContextId": "context5_3qQbFO",
      "fromAction": "doAction",
      "fromControlId": "control24_S6hcnN",
      "toContexts": [
        {
          "toContextId": "context5_3qQbFO"
        },
        {
          "toContextId": "context8_yfsSG0",
          "toModelId": "lks_Distribute_Choice"
        },
        {
          "toContextId": "context16_2TGa84",
          "toModelId": "errorPage"
        },
        {
          "toContextId": "context7_adlfZy",
          "toModelId": "returnMsg"
        },
        {
          "toContextId": "context19_zVZDnP",
          "toModelId": "fm_authorizeframe"
        },
        {
          "toContextId": "context17_JyDkLt",
          "toModelId": "lks_FM_SelCondition"
        },
        {
          "toContextId": "context1_uBcbtH",
          "toModelId": "lks_tasks"
        }
      ]
    },
    "flow29_Cx7xmC": {
      "fromContextId": "context5_3qQbFO",
      "fromAction": "doAction",
      "fromControlId": "control32_gxwLCm",
      "toContexts": [
        {
          "toContextId": "context5_3qQbFO"
        },
        {
          "toContextId": "context6_m0MbOe",
          "toModelId": "choosePeople"
        },
        {
          "toContextId": "context1_1FqdOH",
          "toModelId": "lks_copy"
        },
        {
          "toContextId": "context7_adlfZy",
          "toModelId": "returnMsg"
        }
      ]
    },
    "flow39_yyVmaT": {
      "fromContextId": "context5_3qQbFO",
      "fromAction": "doAction",
      "fromControlId": "control19_9HObLf",
      "toContexts": [
        {
          "toContextId": "context5_3qQbFO"
        },
        {
          "toContextId": "context10_FNn6JV",
          "toModelId": "lks_Choice_Two"
        }
      ]
    },
    "flow53_mSfTLc": {
      "fromContextId": "context5_3qQbFO",
      "fromAction": "doAction",
      "fromControlId": "control46_EvKmlg",
      "toContexts": [
        {
          "toContextId": "context5_3qQbFO"
        }
      ]
    },
    "flow57_sKc9Pt": {
      "fromContextId": "context5_3qQbFO",
      "fromAction": "doAction",
      "fromControlId": "control92_JVQqxK",
      "toContexts": [
        {
          "toContextId": "context5_3qQbFO"
        }
      ]
    },
    "flow80_9T60Xn": {
      "fromContextId": "context5_3qQbFO",
      "fromAction": "doAction",
      "fromControlId": "control116_lgTn58",
      "toContexts": [
        {
          "toContextId": "context5_3qQbFO"
        },
        {
          "toContextId": "context6_m0MbOe",
          "toModelId": "choosePeople"
        }
      ]
    },
    "flow107_Bi0RC8": {
      "fromContextId": "context5_3qQbFO",
      "fromAction": "doAction",
      "fromControlId": "control162_yzwxVh",
      "toContexts": [
        {
          "toContextId": "context5_3qQbFO",
          "toModelId": "lks_archivemngnewex"
        },
        {
          "toContextId": "context9_qwD8oo",
          "toModelId": "lks_Association_Search"
        },
        {
          "toContextId": "context4_nBTnvD",
          "toModelId": "lks_rules"
        },
        {
          "toContextId": "context1_uBcbtH",
          "toModelId": "lks_tasks"
        },
        {
          "toContextId": "context11_DdpfNi",
          "toModelId": "lks_financeflowreview"
        },
        {
          "toContextId": "context0_2puPsG",
          "toModelId": "lks_review"
        },
        {
          "toContextId": "context13_k04Crz",
          "toModelId": "lks_plflowreview"
        },
        {
          "toContextId": "context15_HgJeLK",
          "toModelId": "lks_hrreview"
        },
        {
          "toContextId": "context5_3qQbFO"
        },
        {
          "toContextId": "context14_TiC1dV",
          "toModelId": "lks-filemng"
        },
        {
          "toContextId": "context34_I9qaXK",
          "toModelId": "lks_zhaotoubiao"
        },
        {
          "toContextId": "context33_J5eXTh",
          "toModelId": "lks_bargaincollection"
        }
      ]
    },
    "flow43_2sqW8T": {
      "fromContextId": "context5_3qQbFO",
      "fromAction": "doAction",
      "fromControlId": "control160_q5q4OQ",
      "toContexts": [
        {
          "toContextId": "context5_3qQbFO"
        }
      ]
    },
    "flow110_BaFeGN": {
      "fromContextId": "context5_3qQbFO",
      "fromAction": "doAction",
      "fromControlId": "control173_HIX8Dx",
      "toContexts": [
        {
          "toContextId": "context5_3qQbFO"
        }
      ]
    },
    "flow114_bVqz7c": {
      "fromContextId": "context5_3qQbFO",
      "fromAction": "doAction",
      "fromControlId": "control177_U0gfcF",
      "toContexts": [
        {
          "toContextId": "context5_3qQbFO"
        }
      ]
    }
  },
  "pages": {
    "page5_mTwq9d": {
      "contextId": "context5_3qQbFO",
      "layout": [
        {
          "id": "uiControl5_Ucrzol",
          "controlId": "control5_JT2ITC",
          "display": {
            "adapterId": "custom",
            "type": "custom",
            "adapter": {
              "templateType": "react",
              "events": {
                "onDoAction": "doAction_uiControl5_Ucrzol",
                "onGetTemplate": "getTemplate_uiControl5_Ucrzol"
              }
            }
          }
        },
        {
          "id": "uiControl9_0PiTZG",
          "controlId": "control9_EtU6Ar",
          "display": {
            "adapterId": "custom",
            "type": "custom",
            "adapter": {
              "templateType": "react",
              "events": {
                "onDoAction": "doAction_uiControl9_0PiTZG",
                "onGetTemplate": "getTemplate_uiControl9_0PiTZG"
              }
            }
          }
        },
        {
          "id": "uiControl177_3O1mzO",
          "controlId": "control162_yzwxVh",
          "display": {
            "adapterId": "custom",
            "type": "custom",
            "adapter": {
              "templateType": "react",
              "events": {
                "onDoAction": "doAction_uiControl177_3O1mzO",
                "onGetTemplate": "getTemplate_uiControl177_3O1mzO"
              }
            }
          }
        },
        {
          "id": "uiControl176_S825As",
          "controlId": "control160_q5q4OQ",
          "display": {
            "adapterId": "custom",
            "type": "custom",
            "adapter": {
              "templateType": "react",
              "events": {
                "onDoAction": "doAction_uiControl176_S825As",
                "onGetTemplate": "getTemplate_uiControl176_S825As"
              }
            }
          }
        },
        {
          "id": "uiControl1_HeBanp",
          "controlId": "control1_KWiJAg",
          "display": {
            "adapterId": "custom",
            "type": "custom",
            "adapter": {
              "templateType": "react",
              "events": {
                "onDoAction": "doAction_uiControl1_HeBanp",
                "onGetTemplate": "getTemplate_uiControl1_HeBanp"
              }
            }
          }
        },
        {
          "id": "uiControl146_uuPKx9",
          "controlId": "control134_Xzna7n",
          "display": {
            "adapterId": "custom",
            "type": "custom",
            "adapter": {
              "templateType": "react",
              "events": {
                "onDoAction": "doAction_uiControl146_uuPKx9",
                "onGetTemplate": "getTemplate_uiControl146_uuPKx9"
              }
            }
          }
        },
        {
          "id": "uiControl194_tqTFtO",
          "controlId": "control177_U0gfcF",
          "display": {
            "adapterId": "custom",
            "type": "custom",
            "adapter": {
              "templateType": "react",
              "events": {
                "onDoAction": "doAction_uiControl194_tqTFtO",
                "onGetTemplate": "getTemplate_uiControl194_tqTFtO"
              }
            }
          }
        },
        {
          "id": "uiControl43_r5g9Z3",
          "controlId": "control32_gxwLCm",
          "display": {
            "adapterId": "custom",
            "type": "custom",
            "adapter": {
              "templateType": "react",
              "events": {
                "onDoAction": "doAction_uiControl43_r5g9Z3",
                "onGetTemplate": "getTemplate_uiControl43_r5g9Z3"
              }
            }
          }
        },
        {
          "id": "uiControl27_BJR8la",
          "controlId": "control21_MSGaVK",
          "display": {
            "adapterId": "custom",
            "type": "custom",
            "adapter": {
              "templateType": "react",
              "events": {
                "onDoAction": "doAction_uiControl27_BJR8la",
                "onGetTemplate": "getTemplate_uiControl27_BJR8la"
              }
            }
          }
        },
        {
          "id": "uiControl48_4IBoTy",
          "controlId": "control46_EvKmlg",
          "display": {
            "adapterId": "custom",
            "type": "custom",
            "adapter": {
              "templateType": "react",
              "events": {
                "onDoAction": "doAction_uiControl48_4IBoTy",
                "onGetTemplate": "getTemplate_uiControl48_4IBoTy"
              }
            }
          }
        },
        {
          "id": "uiControl111_f3xigr",
          "controlId": "control92_JVQqxK",
          "display": {
            "adapterId": "custom",
            "type": "custom",
            "adapter": {
              "templateType": "react",
              "events": {
                "onDoAction": "doAction_uiControl111_f3xigr",
                "onGetTemplate": "getTemplate_uiControl111_f3xigr"
              }
            }
          }
        },
        {
          "id": "uiControl131_Wkqppb",
          "controlId": "control116_lgTn58",
          "display": {
            "adapterId": "custom",
            "type": "custom",
            "adapter": {
              "templateType": "react",
              "events": {
                "onDoAction": "doAction_uiControl131_Wkqppb",
                "onGetTemplate": "getTemplate_uiControl131_Wkqppb"
              }
            }
          }
        },
        {
          "id": "uiControl55_fOs9rT",
          "controlId": "control43_8akclk",
          "display": {
            "adapterId": "custom",
            "type": "custom",
            "adapter": {
              "templateType": "react",
              "events": {
                "onDoAction": "doAction_uiControl55_fOs9rT",
                "onGetTemplate": "getTemplate_uiControl55_fOs9rT"
              }
            }
          }
        },
        {
          "id": "uiControl26_HhfuDh",
          "display": {
            "type": "sticky",
            "adapterId": "sticky",
            "class": "ui-footer-button",
            "adapter": {
              "templateType": ""
            }
          },
          "layout": [
            {
              "id": "uiControl26_HhfuDhbody",
              "display": {
                "type": "stickyBody",
                "adapterId": "stickyBody",
                "adapter": {
                  "templateType": ""
                }
              },
              "layout": [
                {
                  "id": "uiControl30_eMwyvW",
                  "controlId": "control24_S6hcnN",
                  "display": {
                    "adapterId": "custom",
                    "type": "custom",
                    "adapter": {
                      "templateType": "react",
                      "events": {
                        "onDoAction": "doAction_uiControl30_eMwyvW",
                        "onGetTemplate": "getTemplate_uiControl30_eMwyvW"
                      }
                    }
                  }
                }
              ]
            }
          ]
        },
        {
          "id": "uiControl16_F2rs0s",
          "controlId": "control19_9HObLf",
          "display": {
            "adapterId": "custom",
            "type": "custom",
            "adapter": {
              "templateType": "react",
              "events": {
                "onDoAction": "doAction_uiControl16_F2rs0s",
                "onGetTemplate": "getTemplate_uiControl16_F2rs0s"
              }
            }
          }
        },
        {
          "id": "uiControl190_NuzFhd",
          "controlId": "control173_HIX8Dx",
          "display": {
            "adapterId": "custom",
            "type": "custom",
            "adapter": {
              "templateType": "react",
              "events": {
                "onDoAction": "doAction_uiControl190_NuzFhd",
                "onGetTemplate": "getTemplate_uiControl190_NuzFhd"
              }
            }
          }
        }
      ]
    }
  },
  "matchers": {
    "page/title": {
      "contexts": {
        "context5_3qQbFO": [
          "深圳能源集团OA系统_公文管理_移动办公改造升级项目集团收文测试流程",
          "深圳能源集团OA系统_公文管理_移动办公党委会会议纪要测试流程",
          "深圳能源集团OA系统_公文管理_移动办公改造升级项目部门收文测试流程",
          "深圳能源集团OA系统_公文管理_移动办公团委发文测试流程",
          "深圳能源集团OA系统_公文管理_移动办公集团收文测试流程",
          "深圳能源集团OA系统_公文管理_移动办公调配通知测试流程",
          "深圳能源集团OA系统_公文管理_移动办公青联发文测试流程",
          "深圳能源集团OA系统_公文管理_移动办公文件式公文测试流程",
          "深圳能源集团OA系统_公文管理_移动办公纪委会会议纪要测试流程",
          "深圳能源集团OA系统_公文管理_移动办公工会专项签报测试流程",
          "深圳能源集团OA系统_公文管理_移动办公员工离职申请测试流程离职通知",
          "深圳能源集团OA系统_公文管理_关于深入开展2018年南方区域“安全生产月”和“安全生产万里行”活动的通知",
          "深圳能源集团OA系统_公文管理_移动办公信函式公文测试流程",
          "深圳能源集团OA系统_公文管理_深能环保关于召开2018年第五届二次监事会的通知",
          "深圳能源集团OA系统_公文管理_测试党委发文（GL-安卓）",
          "深圳能源集团OA系统_公文管理_测试集团收文2（GL-安卓）",
          "深圳能源集团OA系统_公文管理_深圳能源信息技术分公司2017-2018年度优秀青年人选公示",
          "深圳能源集团OA系统_公文管理_深圳能源集团关于表彰2017年度安全生产先进集体、先进班组（部门）和先进个人的决定",
          "深圳能源集团OA系统_公文管理_移动办公信函式发文测试流程a",
          "深圳能源集团OA系统_公文管理_关于集团总部党委工作部空缺岗位公开招聘的通知",
          "深圳能源集团OA系统_公文管理_公文流程关联其他类流程测试",
          "深圳能源集团OA系统_知识中心_知识文档关联其他类流程",
          "深圳能源集团OA系统_公文管理_集团信息技术中心签报移动办公测试"
        ]
      }
    },
    "page/urls": {
      "contexts": {
        "context5_3qQbFO": [
          "oa.sec.com.cn/lks/koa/lks_archivemngnewex.nsf/0/A13B73901818CEC04825827C000AC297?OpenDocument",
          "oa.sec.com.cn/lks/koa/lks_archivemngnewex.nsf/0/AFC848613086110C4825828200037E41?OpenDocument",
          "oa.sec.com.cn/lks/koa/lks_archivemngnewex.nsf/0/94D7CDA1D6C7418B4825827C000C3971?OpenDocument",
          "oa.sec.com.cn/lks/koa/lks_archivemngnewex.nsf/0/D60A6A899BE1857F4825828100324B3D?OpenDocument",
          "oa.sec.com.cn/lks/koa/lks_archivemngnewex.nsf/0/249F52F2F191A874482582820004B0DA?OpenDocument",
          "oa.sec.com.cn/lks/koa/lks_archivemngnewex.nsf/0/DA4BA7B40D26C52E4825828200096668?OpenDocument",
          "oa.sec.com.cn/lks/koa/lks_archivemngnewex.nsf/0/42EFA6D827DF3FCA482582810032956B?OpenDocument",
          "oa.sec.com.cn/lks/koa/lks_archivemngnewex.nsf/0/A13B73901818CEC04825827C000AC297?OpenDocument&m_Seq=0.572142575126586",
          "oa.sec.com.cn/lks/koa/lks_archivemngnewex.nsf/0/500F3F3236A3ECB04825828100294F30?OpenDocument",
          "oa.sec.com.cn/lks/koa/lks_archivemngnewex.nsf/0/500f3f3236a3ecb04825828100294f30?EditDocument",
          "oa.sec.com.cn/lks/koa/lks_archivemngnewex.nsf/0/afc848613086110c4825828200037e41?EditDocument",
          "oa.sec.com.cn/lks/koa/lks_archivemngnewex.nsf/0/28C0661F284671614825828200045472?OpenDocument",
          "oa.sec.com.cn/lks/koa/lks_archivemngnewex.nsf/0/DA4BA7B40D26C52E4825828200096668?opendocument&Highlight=%E8%B0%83%E9%85%8D%E9%80%9A%E7%9F%A5",
          "oa.sec.com.cn/lks/koa/lks_archivemngnewex.nsf/0/761EFF5ED30B5EA64825829100102C07?OpenDocument",
          "oa.sec.com.cn/lks/koa/lks_archivemngnewex.nsf/0/94d7cda1d6c7418b4825827c000c3971?EditDocument",
          "oa.sec.com.cn/lks/koa/lks_archivemngnewex.nsf/0/35506154DF121489482582A4000FA53B?opendocument",
          "oa.sec.com.cn/lks/koa/lks_archivemngnewex.nsf/0/94D7CDA1D6C7418B4825827C000C3971?OpenDocument&m_Seq=0.81471101325322",
          "oa.sec.com.cn/lks/koa/lks_archivemngnewex.nsf/0/4564225208E50760482582A400102BE4",
          "oa.sec.com.cn/lks/koa/lks_archivemngnewex.nsf/0/84145DBDA5070F6E482582A400338403?OpenDocument&flowid=65E441097BA68BD5482582AB0003D40E",
          "oa.sec.com.cn/lks/koa/lks_archivemngnewex.nsf/0/2DC0B318FC6A0915482582910021E68E?OpenDocument",
          "oac2.sec.com.cn/lks/koa.hbgs/lks_archivemngnewex.nsf/0/02F186F775B95F82482582A600198575?OpenDocument",
          "oa.sec.com.cn/lks/koa/lks_archivemngnewex.nsf/0/39738C267FFACBD3482582AC002DBD80?OpenDocument",
          "oa.sec.com.cn/lks/koa/lks_archivemngnewex.nsf/0/E5AC148C364BC741482582B400289B9C",
          "oa.sec.com.cn/lks/koa/lks_archivemngnewex.nsf/0/E5AC148C364BC741482582B400289B9C?OpenDocument",
          "oac1.sec.com.cn/lks/koa.xxjs/lks_archivemngnewex.nsf/0/7B58555D3E9EDE61482582BB002AA88F?opendocument&userAd=CN=koa_gel/O=sec_cert",
          "oa.sec.com.cn/lks/koa/lks_archivemngnewex.nsf/0/309D4D9D80F5D865482582BA0026AC21?opendocument&Highlight=%E6%96%87%E4%BB%B6%E5%BC%8F%E5%85%AC%E6%96%87",
          "oa.sec.com.cn/lks/koa/lks_archivemngnewex.nsf/vd_bystatus_qb/66cc7c67345b5cf9482582ce000385cb?opendocument&m_seq=0.588150888292513",
          "oa.sec.com.cn/lks/koa/lks_archivemngnewex.nsf/vd_bystatus_qb/66cc7c67345b5cf9482582ce000385cb?opendocument",
          "oa.sec.com.cn/lks/koa/lks_archivemngnewex.nsf/0/7969D67DBA0D6F74482582F0000931D3?opendocument&m_Seq=0.39824056401134356",
          "oa.sec.com.cn/lks/koa/lks_archivemngnewex.nsf/0/A891A6A353F04E534825830D0036695B?opendocument&Highlight=%E6%B5%8B%E8%AF%95",
          "oa.sec.com.cn/lks/koa/lks_filemng.nsf/0/5FA7363BC7F5093D4825830D0036BDDC?opendocument&Highlight=%E6%B5%8B%E8%AF%95",
          "oa.sec.com.cn/lks/koa/lks_archivemngnewex.nsf/0/A5AB8AE8559D533C48258331002E8BDE?OpenDocument"
        ]
      }
    },
    "page/ids": {
      "contexts": {
        "context5_3qQbFO": [
          [
            "AttachmentDiv",
            "AttachmentOCX",
            "BtnTable",
            "Calendar_SWFObjectName",
            "F_KADocsPath",
            "F_KADocsTitle",
            "FlashPopWin",
            "Sys_EsaField",
            "buLabel",
            "dLinks",
            "ifFlow",
            "isSF_Public",
            "labelTable",
            "oattach",
            "quickreview",
            "readSpanH",
            "spanChkAttach",
            "spanTxtAttach"
          ],
          [
            "AttachmentDiv",
            "AttachmentOCX",
            "BtnTable",
            "Calendar_SWFObjectName",
            "FSave",
            "F_KADocsPath",
            "F_KADocsTitle",
            "FlashPopWin",
            "Sys_EsaField",
            "buLabel",
            "dLinks",
            "ifFlow",
            "isSF_Public",
            "labelTable",
            "oattach",
            "quickreview",
            "readPeople",
            "readRec",
            "spanChkAttach",
            "spanTxtAttach",
            "spanWordObj"
          ],
          [
            "AttachmentDiv",
            "AttachmentOCX",
            "BtnTable",
            "Calendar_SWFObjectName",
            "FSave",
            "F_KADocsPath",
            "F_KADocsTitle",
            "FlashPopWin",
            "Sys_EsaField",
            "buLabel",
            "dLinks",
            "ifFlow",
            "isSF_Public",
            "labelTable",
            "oattach",
            "quickreview",
            "readPeople",
            "readRec",
            "spanChkAttach",
            "spanTxtAttach",
            "spanWordObj",
            "titlediv",
            "wjFlowNo"
          ],
          [
            "AttachmentDiv",
            "AttachmentOCX",
            "BtnTable",
            "Calendar_SWFObjectName",
            "FSave",
            "F_KADocsPath",
            "F_KADocsTitle",
            "FlashPopWin",
            "Sys_EsaField",
            "WebOffice",
            "buLabel",
            "dLinks",
            "ifFlow",
            "isSF_Public",
            "labelTable",
            "oattach",
            "quickreview",
            "readPeople",
            "readRec",
            "spanChkAttach",
            "spanTxtAttach",
            "spanWordObj"
          ],
          [
            "AttachmentDiv",
            "AttachmentOCX",
            "BtnTable",
            "Calendar_SWFObjectName",
            "F_KADocsPath",
            "F_KADocsTitle",
            "FlashPopWin",
            "Sys_EsaField",
            "buLabel",
            "dLinks",
            "ifFlow",
            "isSF_Public",
            "labelTable",
            "oattach",
            "readSpanH",
            "spanChkAttach",
            "spanTxtAttach"
          ],
          [
            "AttachmentCheck",
            "AttachmentDiv",
            "AttachmentOCX",
            "BtnTable",
            "Calendar_SWFObjectName",
            "FSave",
            "FlashPopWin",
            "Sys_EsaField",
            "aSelHref",
            "buLabel",
            "cLinks",
            "dLinks",
            "idF_CanNot",
            "ifFlow",
            "isSF_Public",
            "labelTable",
            "oattach",
            "quickreview",
            "readPeople",
            "readRec",
            "selectNewClass",
            "setImportanceDay",
            "spanChkAttach",
            "spanSelAttach",
            "spanTxtAttach",
            "spanWordObj",
            "tdEditAttRight",
            "trID"
          ],
          [
            "AttachmentDiv",
            "AttachmentOCX",
            "BtnTable",
            "Calendar_SWFObjectName",
            "FSave",
            "FlashPopWin",
            "Sys_EsaField",
            "aSelHref",
            "buLabel",
            "dLinks",
            "idF_CanNot",
            "ifFlow",
            "isSF_Public",
            "labelTable",
            "oattach",
            "quickreview",
            "readPeople",
            "readRec",
            "selectNewClass",
            "setImportanceDay",
            "spanChkAttach",
            "spanSelAttach",
            "spanTxtAttach",
            "spanWordObj",
            "tdEditAttRight",
            "trID"
          ],
          [
            "AttachmentDiv",
            "AttachmentOCX",
            "BtnTable",
            "Calendar_SWFObjectName",
            "FSave",
            "F_KADocsPath",
            "F_KADocsTitle",
            "F_PassDisReaderDiv",
            "F_PassRoundLogDiv",
            "F_ReadHistoryDiv",
            "F_ReadPeopleDiv",
            "FlashPopWin",
            "FlowLog_MainTable",
            "Sys_EsaField",
            "buLabel",
            "dLinks",
            "dealType",
            "dealType_",
            "isSF_Public",
            "labelTable",
            "moreImg",
            "oattach",
            "passPeople",
            "passReadSpan",
            "passReadSpanH",
            "passRec",
            "readPeople",
            "readRec",
            "readSpan",
            "readSpanH",
            "reviewRec",
            "reviewRecDiv",
            "reviewRecSpan",
            "reviewRecSpanH",
            "spanChkAttach",
            "spanTxtAttach",
            "spanWordObj",
            "timeStrFull_",
            "wjFlowNo"
          ],
          [
            "AttachmentDiv",
            "AttachmentOCX",
            "BtnTable",
            "Calendar_SWFObjectName",
            "FSave",
            "F_KADocsPath",
            "F_KADocsTitle",
            "FlashPopWin",
            "Sys_EsaField",
            "buLabel",
            "dLinks",
            "ifFlow",
            "isSF_Public",
            "labelTable",
            "oattach",
            "quickreview",
            "readPeople",
            "readRec",
            "spanChkAttach",
            "spanTxtAttach",
            "spanWordObj",
            "wjFlowNo"
          ],
          [
            "AttachmentCheck",
            "AttachmentDiv",
            "AttachmentOCX",
            "BtnTable",
            "Calendar_SWFObjectName",
            "F_TDRequestTime",
            "FlashPopWin",
            "Sys_EsaField",
            "aSelHref",
            "buLabel",
            "dLinks",
            "idF_CanNot",
            "ifFlow",
            "isSF_Public",
            "labelTable",
            "oattach",
            "quickreview",
            "selectNewClass",
            "setImportanceDay",
            "spanChkAttach",
            "spanSelAttach",
            "spanTxtAttach",
            "tdEditAttRight",
            "trID"
          ],
          [
            "AttachmentDiv",
            "AttachmentOCX",
            "BtnTable",
            "Calendar_SWFObjectName",
            "FSave",
            "F_KADocsPath",
            "F_KADocsTitle",
            "FlashPopWin",
            "Sys_EsaField",
            "buLabel",
            "dLinks",
            "isSF_Public",
            "labelTable",
            "readPeople",
            "readRec",
            "spanChkAttach",
            "spanTxtAttach",
            "spanWordObj",
            "wjFlowNo"
          ],
          [
            "AttachmentDiv",
            "AttachmentOCX",
            "BtnTable",
            "Calendar_SWFObjectName",
            "F_KADocsPath",
            "F_KADocsTitle",
            "FlashPopWin",
            "Sys_EsaField",
            "buLabel",
            "dLinks",
            "ifFlow",
            "isSF_Public",
            "labelTable",
            "lks_archivemngnewex",
            "oattach",
            "readSpanH",
            "spanChkAttach",
            "spanTxtAttach"
          ],
          [
            "AttachmentDiv",
            "AttachmentOCX",
            "BtnTable",
            "Calendar_SWFObjectName",
            "FSave",
            "F_KADocsPath",
            "F_KADocsTitle",
            "F_PassDisReaderDiv",
            "F_PassRoundLogDiv",
            "F_ReadHistoryDiv",
            "F_ReadPeopleDiv",
            "FlashPopWin",
            "FlowLog_MainTable",
            "FlowLog_Table",
            "Sys_EsaField",
            "buLabel",
            "dLinks",
            "dealType",
            "dealType_",
            "isSF_Public",
            "labelTable",
            "lks_archivemngnewex",
            "moreImg",
            "oattach",
            "passPeople",
            "passReadSpan",
            "passReadSpanH",
            "passRec",
            "post_",
            "readPeople",
            "readRec",
            "readSpan",
            "readSpanH",
            "reviewRec",
            "reviewRecDiv",
            "reviewRecSpan",
            "reviewRecSpanH",
            "spanChkAttach",
            "spanTxtAttach",
            "spanWordObj",
            "timeStrFull_"
          ],
          [
            "AttachmentDiv",
            "AttachmentOCX",
            "BtnTable",
            "Calendar_SWFObjectName",
            "FSave",
            "F_KADocsPath",
            "F_KADocsTitle",
            "F_PassDisReaderDiv",
            "F_PassRoundLogDiv",
            "F_ReadHistoryDiv",
            "F_ReadPeopleDiv",
            "FlashPopWin",
            "Sys_EsaField",
            "buLabel",
            "dLinks",
            "isSF_Public",
            "labelTable",
            "lks_archivemngnewex",
            "oattach",
            "passDel",
            "passPeople",
            "passReadSpan",
            "passReadSpanH",
            "passRec",
            "readPeople",
            "readRec",
            "readSpan",
            "readSpanH",
            "reviewRec",
            "reviewRecDiv",
            "reviewRecSpan",
            "reviewRecSpanH",
            "spanChkAttach",
            "spanTxtAttach",
            "spanWordObj"
          ],
          [
            "AttachmentDiv",
            "AttachmentOCX",
            "BtnTable",
            "Calendar_SWFObjectName",
            "FSave",
            "F_KADocsPath",
            "F_KADocsTitle",
            "FlashPopWin",
            "Sys_EsaField",
            "buLabel",
            "dLinks",
            "ifFlow",
            "isSF_Public",
            "labelTable",
            "lks_archivemngnewex",
            "oattach",
            "quickreview",
            "readPeople",
            "readRec",
            "spanChkAttach",
            "spanTxtAttach",
            "spanWordObj",
            "wjFlowNo"
          ],
          [
            "AttachmentDiv",
            "AttachmentOCX",
            "BtnTable",
            "Calendar_SWFObjectName",
            "FSave",
            "F_KADocsPath",
            "F_KADocsTitle",
            "F_PassDisReaderDiv",
            "F_PassRoundLogDiv",
            "F_ReadHistoryDiv",
            "F_ReadPeopleDiv",
            "FlashPopWin",
            "FlowLog_MainTable",
            "FlowLog_Table",
            "Sys_EsaField",
            "buLabel",
            "dLinks",
            "dealType",
            "dealType_",
            "isSF_Public",
            "labelTable",
            "lks_archivemngnewex",
            "moreImg",
            "oattach",
            "passPeople",
            "passReadSpan",
            "passReadSpanH",
            "passRec",
            "post_",
            "readPeople",
            "readRec",
            "readSpan",
            "readSpanH",
            "reviewRec",
            "reviewRecDiv",
            "reviewRecSpan",
            "reviewRecSpanH",
            "spanChkAttach",
            "spanTxtAttach",
            "spanWordObj",
            "timeStrFull_",
            "wjFlowNo"
          ],
          [
            "AttachmentDiv",
            "AttachmentOCX",
            "F_AboHistoryDiv",
            "F_BodyDiv",
            "F_BodyView",
            "F_HitsDiv",
            "F_KADocsPath",
            "F_KADocsTitle",
            "F_ReadHistoryDiv",
            "F_RecHistoryDiv",
            "F_VisitorDiv",
            "FlashTemplate",
            "FlowLog_MainTable",
            "ImageAlign",
            "ImageTemplate",
            "ReviewRec",
            "ReviewSpan",
            "ReviewSpanH",
            "Sys_EsaField",
            "VWVERSIONVWROW_",
            "VW_VERSION",
            "VW_VWVERSION",
            "buLabel",
            "dLinks",
            "dealType",
            "dealType_",
            "isSF_Public",
            "labelTable",
            "lks_filemng",
            "moreImg",
            "readHistory",
            "readRec",
            "readSpan",
            "readSpanH",
            "readTimes",
            "reclog",
            "reclogSpan",
            "reclogSpanH",
            "reviewDiv",
            "tb_",
            "timeStrFull_"
          ]
        ]
      }
    },
    "page/classes": {
      "contexts": {
        "context5_3qQbFO": [
          [
            "btnmenudoc",
            "labelbg",
            "labeltb",
            "tbbg",
            "tdbg",
            "trbg"
          ],
          [
            "btnmenudoc",
            "labelbg",
            "tbbg",
            "tdbg"
          ],
          [
            "btnmenudoc",
            "labelbg",
            "labeltb",
            "tbbg",
            "tbmenudoc",
            "tdbg",
            "trbg"
          ],
          [
            "btndoc",
            "btnmenudoc",
            "labelbg",
            "selectmenu",
            "tadoc",
            "tbbg",
            "tdbg",
            "textdocdown"
          ],
          [
            "ReviewLogPat",
            "btnmenudoc",
            "labelbg",
            "labeltb",
            "tbbg",
            "tbmenudoc",
            "tdbg",
            "trbg"
          ],
          [
            "btndoc",
            "btnmenudoc",
            "labelbg",
            "labeltb",
            "selectmenu",
            "tadoc",
            "tbbg",
            "tdbg",
            "textdocdown",
            "trbg"
          ],
          [
            "TbView",
            "TrViewFirst",
            "btndoc",
            "btnmenudoc",
            "labelbg",
            "labeltb",
            "selectmenu",
            "tbbg",
            "tbmenudoc",
            "tdbg",
            "trbg"
          ]
        ]
      }
    },
    "page/tagTriplets": {
      "contexts": {
        "context5_3qQbFO": [
          [
            "-/-/FORM",
            "-/-/IFRAME",
            "-/-/LINK",
            "-/-/OBJECT",
            "-/-/SCRIPT",
            "-/FORM/BR",
            "-/FORM/DIV",
            "-/FORM/IFRAME",
            "-/FORM/SCRIPT",
            "-/FORM/TABLE",
            "-/OBJECT/PARAM",
            "DIV/A/IMG",
            "DIV/B/FONT",
            "FORM/DIV/B",
            "FORM/DIV/BR",
            "FORM/TABLE/TBODY",
            "TABLE/TBODY/TR",
            "TBODY/TR/TD",
            "TD/B/FONT",
            "TD/DIV/A",
            "TD/DIV/B",
            "TD/DIV/BR",
            "TD/DIV/FONT",
            "TD/DIV/INPUT-button",
            "TD/OBJECT/PARAM",
            "TD/SPAN/B",
            "TD/SPAN/IMG",
            "TD/SPAN/TEXTAREA",
            "TD/TABLE/TBODY",
            "TD/UL/TABLE",
            "TR/TD/B",
            "TR/TD/BR",
            "TR/TD/DIV",
            "TR/TD/FONT",
            "TR/TD/IFRAME",
            "TR/TD/IMG",
            "TR/TD/INPUT-button",
            "TR/TD/INPUT-checkbox",
            "TR/TD/INPUT-null",
            "TR/TD/OBJECT",
            "TR/TD/SCRIPT",
            "TR/TD/SPAN",
            "TR/TD/TABLE",
            "TR/TD/TEXTAREA",
            "TR/TD/UL",
            "UL/TABLE/TBODY"
          ],
          [
            "-/-/FORM",
            "-/-/IFRAME",
            "-/-/LINK",
            "-/-/OBJECT",
            "-/-/SCRIPT",
            "-/FORM/BR",
            "-/FORM/DIV",
            "-/FORM/IFRAME",
            "-/FORM/SCRIPT",
            "-/FORM/TABLE",
            "-/OBJECT/PARAM",
            "DIV/B/FONT",
            "FORM/DIV/B",
            "FORM/TABLE/TBODY",
            "TABLE/TBODY/TR",
            "TBODY/TR/TD",
            "TD/B/FONT",
            "TD/DIV/B",
            "TD/DIV/FONT",
            "TD/DIV/INPUT-button",
            "TD/FONT/BR",
            "TD/OBJECT/PARAM",
            "TD/P/BR",
            "TD/P/INPUT-button",
            "TD/P/SCRIPT",
            "TD/TABLE/TBODY",
            "TD/UL/TABLE",
            "TR/TD/B",
            "TR/TD/BR",
            "TR/TD/DIV",
            "TR/TD/FONT",
            "TR/TD/IFRAME",
            "TR/TD/IMG",
            "TR/TD/INPUT-button",
            "TR/TD/INPUT-checkbox",
            "TR/TD/INPUT-null",
            "TR/TD/OBJECT",
            "TR/TD/P",
            "TR/TD/SCRIPT",
            "TR/TD/SPAN",
            "TR/TD/TABLE",
            "TR/TD/TEXTAREA",
            "TR/TD/UL",
            "UL/TABLE/TBODY"
          ],
          [
            "-/-/FORM",
            "-/-/IFRAME",
            "-/-/LINK",
            "-/-/OBJECT",
            "-/-/SCRIPT",
            "-/FORM/BR",
            "-/FORM/DIV",
            "-/FORM/IFRAME",
            "-/FORM/SCRIPT",
            "-/FORM/TABLE",
            "-/OBJECT/PARAM",
            "DIV/B/FONT",
            "FORM/DIV/B",
            "FORM/TABLE/TBODY",
            "TABLE/TBODY/TR",
            "TBODY/TR/TD",
            "TD/B/FONT",
            "TD/DIV/B",
            "TD/DIV/FONT",
            "TD/DIV/INPUT-button",
            "TD/FONT/BR",
            "TD/OBJECT/PARAM",
            "TD/P/BR",
            "TD/P/INPUT-button",
            "TD/P/SCRIPT",
            "TD/SPAN/TEXTAREA",
            "TD/TABLE/TBODY",
            "TD/UL/TABLE",
            "TR/TD/B",
            "TR/TD/BR",
            "TR/TD/DIV",
            "TR/TD/FONT",
            "TR/TD/IFRAME",
            "TR/TD/IMG",
            "TR/TD/INPUT-button",
            "TR/TD/INPUT-checkbox",
            "TR/TD/INPUT-null",
            "TR/TD/OBJECT",
            "TR/TD/P",
            "TR/TD/SCRIPT",
            "TR/TD/SPAN",
            "TR/TD/TABLE",
            "TR/TD/TEXTAREA",
            "TR/TD/UL",
            "UL/TABLE/TBODY"
          ],
          [
            "-/-/FORM",
            "-/-/IFRAME",
            "-/-/LINK",
            "-/-/OBJECT",
            "-/-/SCRIPT",
            "-/FORM/B",
            "-/FORM/BR",
            "-/FORM/IFRAME",
            "-/FORM/SCRIPT",
            "-/FORM/TABLE",
            "-/OBJECT/PARAM",
            "B/DIV/FONT",
            "FORM/B/DIV",
            "FORM/TABLE/TBODY",
            "TABLE/TBODY/TR",
            "TBODY/TR/TD",
            "TD/B/FONT",
            "TD/DIV/B",
            "TD/DIV/FONT",
            "TD/DIV/INPUT-button",
            "TD/OBJECT/PARAM",
            "TD/P/BR",
            "TD/P/INPUT-button",
            "TD/P/SCRIPT",
            "TD/SPAN/TEXTAREA",
            "TD/TABLE/TBODY",
            "TD/UL/TABLE",
            "TR/TD/B",
            "TR/TD/BR",
            "TR/TD/DIV",
            "TR/TD/FONT",
            "TR/TD/IFRAME",
            "TR/TD/IMG",
            "TR/TD/INPUT-button",
            "TR/TD/INPUT-checkbox",
            "TR/TD/INPUT-null",
            "TR/TD/OBJECT",
            "TR/TD/P",
            "TR/TD/SCRIPT",
            "TR/TD/SPAN",
            "TR/TD/TABLE",
            "TR/TD/TEXTAREA",
            "TR/TD/UL",
            "UL/TABLE/TBODY"
          ],
          [
            "-/-/FORM",
            "-/-/IFRAME",
            "-/-/LINK",
            "-/-/OBJECT",
            "-/-/SCRIPT",
            "-/FORM/BR",
            "-/FORM/DIV",
            "-/FORM/IFRAME",
            "-/FORM/SCRIPT",
            "-/FORM/TABLE",
            "-/OBJECT/PARAM",
            "DIV/B/FONT",
            "FORM/DIV/B",
            "FORM/TABLE/TBODY",
            "SPAN/OBJECT/PARAM",
            "TABLE/TBODY/TR",
            "TBODY/TR/TD",
            "TD/B/FONT",
            "TD/DIV/B",
            "TD/DIV/FONT",
            "TD/DIV/INPUT-button",
            "TD/FONT/BR",
            "TD/OBJECT/PARAM",
            "TD/P/BR",
            "TD/P/INPUT-button",
            "TD/P/SCRIPT",
            "TD/SPAN/OBJECT",
            "TD/SPAN/TEXTAREA",
            "TD/TABLE/TBODY",
            "TD/UL/TABLE",
            "TR/TD/B",
            "TR/TD/BR",
            "TR/TD/DIV",
            "TR/TD/FONT",
            "TR/TD/IFRAME",
            "TR/TD/IMG",
            "TR/TD/INPUT-button",
            "TR/TD/INPUT-checkbox",
            "TR/TD/INPUT-null",
            "TR/TD/OBJECT",
            "TR/TD/P",
            "TR/TD/SCRIPT",
            "TR/TD/SPAN",
            "TR/TD/TABLE",
            "TR/TD/TEXTAREA",
            "TR/TD/UL",
            "UL/TABLE/TBODY"
          ],
          [
            "-/-/FORM",
            "-/-/IFRAME",
            "-/-/LINK",
            "-/-/OBJECT",
            "-/-/SCRIPT",
            "-/FORM/BR",
            "-/FORM/DIV",
            "-/FORM/IFRAME",
            "-/FORM/SCRIPT",
            "-/FORM/TABLE",
            "-/OBJECT/PARAM",
            "DIV/A/IMG",
            "DIV/B/FONT",
            "FORM/DIV/B",
            "FORM/TABLE/TBODY",
            "SPAN/OBJECT/PARAM",
            "TABLE/TBODY/TR",
            "TBODY/TR/TD",
            "TD/B/FONT",
            "TD/DIV/A",
            "TD/DIV/B",
            "TD/DIV/BR",
            "TD/DIV/FONT",
            "TD/DIV/INPUT-button",
            "TD/FONT/BR",
            "TD/OBJECT/PARAM",
            "TD/P/BR",
            "TD/P/INPUT-button",
            "TD/P/SCRIPT",
            "TD/SPAN/OBJECT",
            "TD/SPAN/TEXTAREA",
            "TD/TABLE/TBODY",
            "TD/UL/TABLE",
            "TR/TD/B",
            "TR/TD/BR",
            "TR/TD/DIV",
            "TR/TD/FONT",
            "TR/TD/IFRAME",
            "TR/TD/IMG",
            "TR/TD/INPUT-button",
            "TR/TD/INPUT-checkbox",
            "TR/TD/INPUT-null",
            "TR/TD/OBJECT",
            "TR/TD/P",
            "TR/TD/SCRIPT",
            "TR/TD/SPAN",
            "TR/TD/TABLE",
            "TR/TD/TEXTAREA",
            "TR/TD/UL",
            "UL/TABLE/TBODY"
          ],
          [
            "-/-/DIV",
            "-/-/FORM",
            "-/-/IFRAME",
            "-/-/LINK",
            "-/-/OBJECT",
            "-/-/SCRIPT",
            "-/FORM/BR",
            "-/FORM/DIV",
            "-/FORM/IFRAME",
            "-/FORM/INPUT-hidden",
            "-/FORM/SCRIPT",
            "-/FORM/TABLE",
            "-/OBJECT/PARAM",
            "DIV/A/IMG",
            "DIV/B/FONT",
            "DIV/FONT/BR",
            "DIV/TABLE/TBODY",
            "FORM/DIV/B",
            "FORM/TABLE/TBODY",
            "TABLE/TBODY/TR",
            "TBODY/TR/TD",
            "TD/B/FONT",
            "TD/DIV/A",
            "TD/DIV/B",
            "TD/DIV/BR",
            "TD/DIV/FONT",
            "TD/DIV/INPUT-button",
            "TD/DIV/INPUT-checkbox",
            "TD/DIV/TABLE",
            "TD/FONT/BR",
            "TD/FONT/INPUT-null",
            "TD/FONT/TEXTAREA",
            "TD/OBJECT/PARAM",
            "TD/P/BR",
            "TD/P/INPUT-button",
            "TD/P/INPUT-null",
            "TD/P/SCRIPT",
            "TD/SELECT/OPTION",
            "TD/SPAN/A",
            "TD/SPAN/BR",
            "TD/SPAN/INPUT-checkbox",
            "TD/SPAN/INPUT-hidden",
            "TD/SPAN/INPUT-null",
            "TD/TABLE/TBODY",
            "TD/UL/TABLE",
            "TR/TD/A",
            "TR/TD/B",
            "TR/TD/BR",
            "TR/TD/DIV",
            "TR/TD/FONT",
            "TR/TD/HR",
            "TR/TD/IFRAME",
            "TR/TD/IMG",
            "TR/TD/INPUT-button",
            "TR/TD/INPUT-checkbox",
            "TR/TD/INPUT-hidden",
            "TR/TD/INPUT-null",
            "TR/TD/INPUT-radio",
            "TR/TD/OBJECT",
            "TR/TD/P",
            "TR/TD/SCRIPT",
            "TR/TD/SELECT",
            "TR/TD/SPAN",
            "TR/TD/TABLE",
            "TR/TD/TEXTAREA",
            "TR/TD/UL",
            "UL/TABLE/TBODY"
          ],
          [
            "-/-/DIV",
            "-/-/FORM",
            "-/-/IFRAME",
            "-/-/LINK",
            "-/-/OBJECT",
            "-/-/SCRIPT",
            "-/FORM/BR",
            "-/FORM/DIV",
            "-/FORM/INPUT-hidden",
            "-/FORM/TABLE",
            "-/OBJECT/PARAM",
            "DIV/B/FONT",
            "DIV/FONT/BR",
            "FORM/DIV/B",
            "FORM/TABLE/TBODY",
            "TABLE/TBODY/TR",
            "TBODY/TR/TD",
            "TD/B/FONT",
            "TD/DIV/B",
            "TD/DIV/FONT",
            "TD/DIV/INPUT-button",
            "TD/FONT/BR",
            "TD/FONT/INPUT-null",
            "TD/FONT/TEXTAREA",
            "TD/OBJECT/PARAM",
            "TD/P/BR",
            "TD/P/INPUT-button",
            "TD/P/INPUT-null",
            "TD/P/SCRIPT",
            "TD/SELECT/OPTION",
            "TD/SPAN/A",
            "TD/SPAN/BR",
            "TD/SPAN/INPUT-checkbox",
            "TD/SPAN/INPUT-hidden",
            "TD/SPAN/INPUT-null",
            "TD/TABLE/TBODY",
            "TD/UL/BR",
            "TD/UL/IFRAME",
            "TD/UL/SCRIPT",
            "TD/UL/TABLE",
            "TR/TD/A",
            "TR/TD/B",
            "TR/TD/BR",
            "TR/TD/DIV",
            "TR/TD/FONT",
            "TR/TD/HR",
            "TR/TD/IFRAME",
            "TR/TD/IMG",
            "TR/TD/INPUT-button",
            "TR/TD/INPUT-checkbox",
            "TR/TD/INPUT-hidden",
            "TR/TD/INPUT-null",
            "TR/TD/INPUT-radio",
            "TR/TD/OBJECT",
            "TR/TD/P",
            "TR/TD/SCRIPT",
            "TR/TD/SELECT",
            "TR/TD/SPAN",
            "TR/TD/TABLE",
            "TR/TD/TEXTAREA",
            "TR/TD/UL",
            "UL/TABLE/TBODY"
          ],
          [
            "-/-/FORM",
            "-/-/IFRAME",
            "-/-/LINK",
            "-/-/OBJECT",
            "-/-/SCRIPT",
            "-/FORM/BR",
            "-/FORM/DIV",
            "-/FORM/TABLE",
            "-/OBJECT/PARAM",
            "DIV/B/FONT",
            "FORM/DIV/B",
            "FORM/TABLE/TBODY",
            "TABLE/TBODY/TR",
            "TBODY/TR/TD",
            "TD/B/FONT",
            "TD/DIV/B",
            "TD/DIV/FONT",
            "TD/DIV/INPUT-button",
            "TD/FONT/BR",
            "TD/OBJECT/PARAM",
            "TD/P/BR",
            "TD/P/INPUT-button",
            "TD/P/SCRIPT",
            "TD/SPAN/TEXTAREA",
            "TD/TABLE/TBODY",
            "TD/UL/BR",
            "TD/UL/IFRAME",
            "TD/UL/SCRIPT",
            "TD/UL/TABLE",
            "TR/TD/B",
            "TR/TD/BR",
            "TR/TD/DIV",
            "TR/TD/FONT",
            "TR/TD/IFRAME",
            "TR/TD/IMG",
            "TR/TD/INPUT-button",
            "TR/TD/INPUT-checkbox",
            "TR/TD/INPUT-null",
            "TR/TD/OBJECT",
            "TR/TD/P",
            "TR/TD/SCRIPT",
            "TR/TD/SPAN",
            "TR/TD/TABLE",
            "TR/TD/TEXTAREA",
            "TR/TD/UL",
            "UL/TABLE/TBODY"
          ],
          [
            "-/-/FORM",
            "-/-/IFRAME",
            "-/-/LINK",
            "-/-/OBJECT",
            "-/-/SCRIPT",
            "-/FORM/BR",
            "-/FORM/DIV",
            "-/FORM/IFRAME",
            "-/FORM/SCRIPT",
            "-/FORM/TABLE",
            "-/OBJECT/PARAM",
            "A/B/IMG",
            "DIV/B/FONT",
            "DIV/TABLE/TBODY",
            "FONT/FONT/B",
            "FORM/DIV/B",
            "FORM/TABLE/TBODY",
            "P/FONT/B",
            "TABLE/TBODY/TR",
            "TBODY/TR/TD",
            "TD/A/B",
            "TD/B/FONT",
            "TD/DIV/B",
            "TD/DIV/FONT",
            "TD/DIV/INPUT-button",
            "TD/DIV/TABLE",
            "TD/FONT/B",
            "TD/FONT/FONT",
            "TD/OBJECT/PARAM",
            "TD/P/BR",
            "TD/P/FONT",
            "TD/P/INPUT-button",
            "TD/P/SCRIPT",
            "TD/SPAN/B",
            "TD/SPAN/IMG",
            "TD/SPAN/SPAN",
            "TD/SPAN/TEXTAREA",
            "TD/TABLE/TBODY",
            "TD/UL/TABLE",
            "TR/TD/A",
            "TR/TD/B",
            "TR/TD/BR",
            "TR/TD/DIV",
            "TR/TD/FONT",
            "TR/TD/IFRAME",
            "TR/TD/IMG",
            "TR/TD/INPUT-button",
            "TR/TD/INPUT-checkbox",
            "TR/TD/INPUT-null",
            "TR/TD/OBJECT",
            "TR/TD/P",
            "TR/TD/SCRIPT",
            "TR/TD/SPAN",
            "TR/TD/TABLE",
            "TR/TD/TEXTAREA",
            "TR/TD/UL",
            "UL/TABLE/TBODY"
          ],
          [
            "-/-/FORM",
            "-/-/IFRAME",
            "-/-/LINK",
            "-/-/OBJECT",
            "-/-/SCRIPT",
            "-/FORM/BR",
            "-/FORM/DIV",
            "-/FORM/IFRAME",
            "-/FORM/SCRIPT",
            "-/FORM/TABLE",
            "-/OBJECT/PARAM",
            "DIV/B/FONT",
            "FORM/DIV/B",
            "FORM/TABLE/TBODY",
            "TABLE/TBODY/TR",
            "TBODY/TR/TD",
            "TD/B/FONT",
            "TD/DIV/B",
            "TD/DIV/FONT",
            "TD/DIV/INPUT-button",
            "TD/OBJECT/PARAM",
            "TD/P/BR",
            "TD/P/INPUT-button",
            "TD/P/SCRIPT",
            "TD/SPAN/TEXTAREA",
            "TD/TABLE/TBODY",
            "TD/UL/TABLE",
            "TR/TD/B",
            "TR/TD/BR",
            "TR/TD/DIV",
            "TR/TD/FONT",
            "TR/TD/IFRAME",
            "TR/TD/IMG",
            "TR/TD/INPUT-button",
            "TR/TD/INPUT-checkbox",
            "TR/TD/INPUT-null",
            "TR/TD/OBJECT",
            "TR/TD/P",
            "TR/TD/SCRIPT",
            "TR/TD/SPAN",
            "TR/TD/TABLE",
            "TR/TD/TEXTAREA",
            "TR/TD/UL",
            "UL/TABLE/TBODY"
          ],
          [
            "-/-/DIV",
            "-/-/FORM",
            "-/-/IFRAME",
            "-/-/LINK",
            "-/-/OBJECT",
            "-/-/SCRIPT",
            "-/FORM/BR",
            "-/FORM/DIV",
            "-/FORM/IFRAME",
            "-/FORM/INPUT-hidden",
            "-/FORM/SCRIPT",
            "-/FORM/TABLE",
            "-/OBJECT/PARAM",
            "DIV/A/IMG",
            "DIV/B/FONT",
            "DIV/FONT/BR",
            "FORM/DIV/B",
            "FORM/DIV/BR",
            "FORM/TABLE/TBODY",
            "SPAN/B/A",
            "SPAN/B/INPUT-null",
            "TABLE/TBODY/TR",
            "TBODY/TR/TD",
            "TD/B/FONT",
            "TD/DIV/A",
            "TD/DIV/B",
            "TD/DIV/BR",
            "TD/DIV/FONT",
            "TD/DIV/INPUT-button",
            "TD/DIV/INPUT-checkbox",
            "TD/FONT/INPUT-null",
            "TD/FONT/TEXTAREA",
            "TD/OBJECT/PARAM",
            "TD/SELECT/OPTION",
            "TD/SPAN/A",
            "TD/SPAN/B",
            "TD/SPAN/BR",
            "TD/SPAN/INPUT-checkbox",
            "TD/SPAN/INPUT-hidden",
            "TD/SPAN/INPUT-null",
            "TD/SPAN/TEXTAREA",
            "TD/TABLE/TBODY",
            "TD/UL/TABLE",
            "TR/TD/A",
            "TR/TD/B",
            "TR/TD/BR",
            "TR/TD/DIV",
            "TR/TD/FONT",
            "TR/TD/HR",
            "TR/TD/IFRAME",
            "TR/TD/IMG",
            "TR/TD/INPUT-button",
            "TR/TD/INPUT-checkbox",
            "TR/TD/INPUT-hidden",
            "TR/TD/INPUT-null",
            "TR/TD/INPUT-radio",
            "TR/TD/OBJECT",
            "TR/TD/SCRIPT",
            "TR/TD/SELECT",
            "TR/TD/SPAN",
            "TR/TD/TABLE",
            "TR/TD/TEXTAREA",
            "TR/TD/UL",
            "UL/TABLE/TBODY"
          ],
          [
            "-/-/FORM",
            "-/-/IFRAME",
            "-/-/LINK",
            "-/-/OBJECT",
            "-/-/SCRIPT",
            "-/FORM/BR",
            "-/FORM/DIV",
            "-/FORM/IFRAME",
            "-/FORM/SCRIPT",
            "-/FORM/TABLE",
            "-/OBJECT/PARAM",
            "DIV/B/FONT",
            "FORM/DIV/B",
            "FORM/DIV/BR",
            "FORM/TABLE/TBODY",
            "TABLE/TBODY/TR",
            "TBODY/TR/TD",
            "TD/B/FONT",
            "TD/DIV/B",
            "TD/DIV/FONT",
            "TD/DIV/INPUT-button",
            "TD/OBJECT/PARAM",
            "TD/SPAN/B",
            "TD/SPAN/IMG",
            "TD/SPAN/TEXTAREA",
            "TD/TABLE/TBODY",
            "TD/UL/TABLE",
            "TR/TD/B",
            "TR/TD/BR",
            "TR/TD/DIV",
            "TR/TD/FONT",
            "TR/TD/IFRAME",
            "TR/TD/IMG",
            "TR/TD/INPUT-button",
            "TR/TD/INPUT-checkbox",
            "TR/TD/INPUT-null",
            "TR/TD/OBJECT",
            "TR/TD/SCRIPT",
            "TR/TD/SPAN",
            "TR/TD/TABLE",
            "TR/TD/TEXTAREA",
            "TR/TD/UL",
            "UL/TABLE/TBODY"
          ],
          [
            "-/-/FORM",
            "-/-/IFRAME",
            "-/-/LINK",
            "-/-/OBJECT",
            "-/-/SCRIPT",
            "-/FORM/BR",
            "-/FORM/DIV",
            "-/FORM/IFRAME",
            "-/FORM/SCRIPT",
            "-/FORM/TABLE",
            "-/OBJECT/PARAM",
            "DIV/B/FONT",
            "DIV/TABLE/TBODY",
            "FORM/DIV/B",
            "FORM/TABLE/TBODY",
            "TABLE/TBODY/TR",
            "TBODY/TR/TD",
            "TD/B/FONT",
            "TD/DIV/B",
            "TD/DIV/FONT",
            "TD/DIV/INPUT-button",
            "TD/DIV/TABLE",
            "TD/FONT/A",
            "TD/OBJECT/PARAM",
            "TD/P/BR",
            "TD/P/INPUT-button",
            "TD/P/SCRIPT",
            "TD/SPAN/TEXTAREA",
            "TD/TABLE/TBODY",
            "TD/UL/TABLE",
            "TR/TD/A",
            "TR/TD/B",
            "TR/TD/BR",
            "TR/TD/DIV",
            "TR/TD/FONT",
            "TR/TD/IMG",
            "TR/TD/INPUT-button",
            "TR/TD/INPUT-null",
            "TR/TD/OBJECT",
            "TR/TD/P",
            "TR/TD/SCRIPT",
            "TR/TD/SPAN",
            "TR/TD/TABLE",
            "TR/TD/TEXTAREA",
            "TR/TD/UL",
            "UL/TABLE/TBODY"
          ],
          [
            "-/-/FORM",
            "-/-/IFRAME",
            "-/-/LINK",
            "-/-/OBJECT",
            "-/-/SCRIPT",
            "-/FORM/BR",
            "-/FORM/DIV",
            "-/FORM/IFRAME",
            "-/FORM/SCRIPT",
            "-/FORM/TABLE",
            "-/OBJECT/PARAM",
            "DIV/B/FONT",
            "DIV/TABLE/TBODY",
            "FORM/DIV/B",
            "FORM/TABLE/TBODY",
            "TABLE/TBODY/TR",
            "TBODY/TR/TD",
            "TD/B/FONT",
            "TD/DIV/B",
            "TD/DIV/FONT",
            "TD/DIV/INPUT-button",
            "TD/DIV/TABLE",
            "TD/FONT/A",
            "TD/OBJECT/PARAM",
            "TD/P/BR",
            "TD/P/INPUT-button",
            "TD/P/SCRIPT",
            "TD/SPAN/TEXTAREA",
            "TD/TABLE/TBODY",
            "TD/UL/TABLE",
            "TR/TD/A",
            "TR/TD/B",
            "TR/TD/BR",
            "TR/TD/DIV",
            "TR/TD/FONT",
            "TR/TD/IFRAME",
            "TR/TD/IMG",
            "TR/TD/INPUT-button",
            "TR/TD/INPUT-checkbox",
            "TR/TD/INPUT-null",
            "TR/TD/OBJECT",
            "TR/TD/P",
            "TR/TD/SCRIPT",
            "TR/TD/SPAN",
            "TR/TD/TABLE",
            "TR/TD/TEXTAREA",
            "TR/TD/UL",
            "UL/TABLE/TBODY"
          ],
          [
            "-/-/FORM",
            "-/-/IFRAME",
            "-/-/LINK",
            "-/-/OBJECT",
            "-/-/SCRIPT",
            "-/FORM/BR",
            "-/FORM/DIV",
            "-/FORM/TABLE",
            "-/OBJECT/PARAM",
            "DIV/A/IMG",
            "DIV/B/FONT",
            "FORM/DIV/B",
            "FORM/DIV/BR",
            "FORM/TABLE/TBODY",
            "TABLE/TBODY/TR",
            "TBODY/TR/TD",
            "TD/B/FONT",
            "TD/DIV/A",
            "TD/DIV/B",
            "TD/DIV/BR",
            "TD/DIV/FONT",
            "TD/DIV/INPUT-button",
            "TD/OBJECT/PARAM",
            "TD/SPAN/B",
            "TD/SPAN/IMG",
            "TD/SPAN/TEXTAREA",
            "TD/TABLE/TBODY",
            "TD/UL/BR",
            "TD/UL/IFRAME",
            "TD/UL/SCRIPT",
            "TD/UL/TABLE",
            "TR/TD/B",
            "TR/TD/BR",
            "TR/TD/DIV",
            "TR/TD/FONT",
            "TR/TD/IFRAME",
            "TR/TD/IMG",
            "TR/TD/INPUT-button",
            "TR/TD/INPUT-checkbox",
            "TR/TD/INPUT-null",
            "TR/TD/OBJECT",
            "TR/TD/SCRIPT",
            "TR/TD/SPAN",
            "TR/TD/TABLE",
            "TR/TD/TEXTAREA",
            "TR/TD/UL",
            "UL/TABLE/TBODY"
          ],
          [
            "-/-/FORM",
            "-/-/IFRAME",
            "-/-/LINK",
            "-/-/OBJECT",
            "-/-/SCRIPT",
            "-/FORM/BR",
            "-/FORM/DIV",
            "-/FORM/IFRAME",
            "-/FORM/SCRIPT",
            "-/FORM/TABLE",
            "-/OBJECT/PARAM",
            "A/B/IMG",
            "DIV/B/FONT",
            "DIV/TABLE/TBODY",
            "FORM/DIV/B",
            "FORM/TABLE/TBODY",
            "SPAN/SPAN/SPAN",
            "TABLE/TBODY/TR",
            "TBODY/TR/TD",
            "TD/A/B",
            "TD/B/FONT",
            "TD/DIV/B",
            "TD/DIV/FONT",
            "TD/DIV/INPUT-button",
            "TD/DIV/TABLE",
            "TD/FONT/BR",
            "TD/OBJECT/PARAM",
            "TD/P/BR",
            "TD/P/INPUT-button",
            "TD/P/SCRIPT",
            "TD/SPAN/B",
            "TD/SPAN/IMG",
            "TD/SPAN/SPAN",
            "TD/SPAN/TEXTAREA",
            "TD/TABLE/TBODY",
            "TD/UL/TABLE",
            "TR/TD/A",
            "TR/TD/B",
            "TR/TD/BR",
            "TR/TD/DIV",
            "TR/TD/FONT",
            "TR/TD/IFRAME",
            "TR/TD/IMG",
            "TR/TD/INPUT-button",
            "TR/TD/INPUT-checkbox",
            "TR/TD/INPUT-null",
            "TR/TD/OBJECT",
            "TR/TD/P",
            "TR/TD/SCRIPT",
            "TR/TD/SPAN",
            "TR/TD/TABLE",
            "TR/TD/TEXTAREA",
            "TR/TD/UL",
            "UL/TABLE/TBODY"
          ],
          [
            "-/-/FORM",
            "-/-/IFRAME",
            "-/-/LINK",
            "-/-/OBJECT",
            "-/-/SCRIPT",
            "-/FORM/BR",
            "-/FORM/DIV",
            "-/FORM/TABLE",
            "-/OBJECT/PARAM",
            "DIV/B/FONT",
            "FONT/FONT/B",
            "FORM/DIV/B",
            "FORM/TABLE/TBODY",
            "TABLE/TBODY/TR",
            "TBODY/TR/TD",
            "TD/B/FONT",
            "TD/DIV/B",
            "TD/DIV/FONT",
            "TD/DIV/INPUT-button",
            "TD/FONT/BR",
            "TD/FONT/FONT",
            "TD/OBJECT/PARAM",
            "TD/P/BR",
            "TD/P/INPUT-button",
            "TD/P/SCRIPT",
            "TD/SPAN/IMG",
            "TD/SPAN/TEXTAREA",
            "TD/TABLE/TBODY",
            "TD/UL/BR",
            "TD/UL/IFRAME",
            "TD/UL/SCRIPT",
            "TD/UL/TABLE",
            "TR/TD/A",
            "TR/TD/B",
            "TR/TD/BR",
            "TR/TD/DIV",
            "TR/TD/FONT",
            "TR/TD/IFRAME",
            "TR/TD/IMG",
            "TR/TD/INPUT-button",
            "TR/TD/INPUT-checkbox",
            "TR/TD/INPUT-null",
            "TR/TD/OBJECT",
            "TR/TD/P",
            "TR/TD/SCRIPT",
            "TR/TD/SPAN",
            "TR/TD/TABLE",
            "TR/TD/TEXTAREA",
            "TR/TD/UL",
            "UL/TABLE/TBODY"
          ],
          [
            "-/-/FORM",
            "-/-/IFRAME",
            "-/-/LINK",
            "-/-/OBJECT",
            "-/-/SCRIPT",
            "-/FORM/BR",
            "-/FORM/DIV",
            "-/FORM/IFRAME",
            "-/FORM/SCRIPT",
            "-/FORM/TABLE",
            "-/OBJECT/PARAM",
            "DIV/B/FONT",
            "FORM/DIV/B",
            "FORM/TABLE/TBODY",
            "TABLE/TBODY/TR",
            "TBODY/TR/TD",
            "TD/B/FONT",
            "TD/DIV/B",
            "TD/DIV/FONT",
            "TD/DIV/INPUT-button",
            "TD/OBJECT/PARAM",
            "TD/P/BR",
            "TD/P/INPUT-button",
            "TD/P/SCRIPT",
            "TD/SPAN/TEXTAREA",
            "TD/TABLE/TBODY",
            "TD/UL/TABLE",
            "TR/TD/A",
            "TR/TD/B",
            "TR/TD/BR",
            "TR/TD/DIV",
            "TR/TD/FONT",
            "TR/TD/IFRAME",
            "TR/TD/IMG",
            "TR/TD/INPUT-button",
            "TR/TD/INPUT-checkbox",
            "TR/TD/INPUT-null",
            "TR/TD/OBJECT",
            "TR/TD/P",
            "TR/TD/SCRIPT",
            "TR/TD/SPAN",
            "TR/TD/TABLE",
            "TR/TD/TEXTAREA",
            "TR/TD/UL",
            "UL/TABLE/TBODY"
          ],
          [
            "-/-/FORM",
            "-/-/IFRAME",
            "-/-/LINK",
            "-/-/OBJECT",
            "-/-/SCRIPT",
            "-/FORM/BR",
            "-/FORM/DIV",
            "-/FORM/IFRAME",
            "-/FORM/SCRIPT",
            "-/FORM/TABLE",
            "-/OBJECT/PARAM",
            "A/B/IMG",
            "DIV/A/IMG",
            "DIV/B/FONT",
            "DIV/TABLE/TBODY",
            "FORM/DIV/B",
            "FORM/TABLE/TBODY",
            "SPAN/SPAN/SPAN",
            "TABLE/TBODY/TR",
            "TBODY/TR/TD",
            "TD/A/B",
            "TD/B/FONT",
            "TD/DIV/A",
            "TD/DIV/B",
            "TD/DIV/BR",
            "TD/DIV/FONT",
            "TD/DIV/INPUT-button",
            "TD/DIV/TABLE",
            "TD/FONT/A",
            "TD/OBJECT/PARAM",
            "TD/P/BR",
            "TD/P/INPUT-button",
            "TD/P/SCRIPT",
            "TD/SPAN/B",
            "TD/SPAN/IMG",
            "TD/SPAN/SPAN",
            "TD/SPAN/TEXTAREA",
            "TD/TABLE/TBODY",
            "TD/UL/TABLE",
            "TR/TD/A",
            "TR/TD/B",
            "TR/TD/BR",
            "TR/TD/DIV",
            "TR/TD/FONT",
            "TR/TD/IFRAME",
            "TR/TD/IMG",
            "TR/TD/INPUT-button",
            "TR/TD/INPUT-checkbox",
            "TR/TD/INPUT-null",
            "TR/TD/OBJECT",
            "TR/TD/P",
            "TR/TD/SCRIPT",
            "TR/TD/SPAN",
            "TR/TD/TABLE",
            "TR/TD/TEXTAREA",
            "TR/TD/UL",
            "UL/TABLE/TBODY"
          ],
          [
            "-/-/FORM",
            "-/-/IFRAME",
            "-/-/LINK",
            "-/-/OBJECT",
            "-/-/SCRIPT",
            "-/FORM/BR",
            "-/FORM/DIV",
            "-/FORM/IFRAME",
            "-/FORM/SCRIPT",
            "-/FORM/TABLE",
            "-/OBJECT/PARAM",
            "DIV/B/FONT",
            "DIV/TABLE/TBODY",
            "FONT/FONT/B",
            "FORM/DIV/B",
            "FORM/TABLE/TBODY",
            "TABLE/TBODY/TR",
            "TBODY/TR/TD",
            "TD/B/FONT",
            "TD/DIV/B",
            "TD/DIV/FONT",
            "TD/DIV/INPUT-button",
            "TD/DIV/TABLE",
            "TD/FONT/A",
            "TD/FONT/B",
            "TD/FONT/BR",
            "TD/FONT/FONT",
            "TD/OBJECT/PARAM",
            "TD/P/BR",
            "TD/P/INPUT-button",
            "TD/P/SCRIPT",
            "TD/SPAN/TEXTAREA",
            "TD/TABLE/TBODY",
            "TD/UL/TABLE",
            "TR/TD/A",
            "TR/TD/B",
            "TR/TD/BR",
            "TR/TD/DIV",
            "TR/TD/FONT",
            "TR/TD/IFRAME",
            "TR/TD/IMG",
            "TR/TD/INPUT-button",
            "TR/TD/INPUT-checkbox",
            "TR/TD/INPUT-null",
            "TR/TD/OBJECT",
            "TR/TD/P",
            "TR/TD/SCRIPT",
            "TR/TD/SPAN",
            "TR/TD/TABLE",
            "TR/TD/TEXTAREA",
            "TR/TD/UL",
            "UL/TABLE/TBODY"
          ],
          [
            "-/-/FORM",
            "-/-/SCRIPT",
            "-/FORM/BR",
            "-/FORM/CENTER",
            "-/FORM/DIV",
            "-/FORM/SCRIPT",
            "-/FORM/TABLE",
            "A/B/IMG",
            "CENTER/TABLE/TBODY",
            "DIV/B/FONT",
            "DIV/TABLE/TBODY",
            "FONT/FONT/B",
            "FORM/CENTER/DIV",
            "FORM/CENTER/TABLE",
            "FORM/DIV/B",
            "FORM/TABLE/TBODY",
            "P/OBJECT/PARAM",
            "P/TABLE/TBODY",
            "TABLE/TBODY/TR",
            "TBODY/TR/TD",
            "TD/A/B",
            "TD/DIV/B",
            "TD/DIV/FONT",
            "TD/DIV/INPUT-button",
            "TD/DIV/TABLE",
            "TD/FONT/A",
            "TD/FONT/B",
            "TD/FONT/BR",
            "TD/FONT/FONT",
            "TD/FONT/SPAN",
            "TD/P/BR",
            "TD/P/FONT",
            "TD/P/INPUT-button",
            "TD/P/OBJECT",
            "TD/P/SCRIPT",
            "TD/P/SPAN",
            "TD/P/TABLE",
            "TD/SELECT/OPTION",
            "TD/SPAN/B",
            "TD/SPAN/IMG",
            "TD/SPAN/INPUT-button",
            "TD/SPAN/TEXTAREA",
            "TD/TABLE/TBODY",
            "TR/TD/A",
            "TR/TD/B",
            "TR/TD/BR",
            "TR/TD/DIV",
            "TR/TD/FONT",
            "TR/TD/IFRAME",
            "TR/TD/IMG",
            "TR/TD/INPUT-button",
            "TR/TD/INPUT-null",
            "TR/TD/P",
            "TR/TD/SCRIPT",
            "TR/TD/SELECT",
            "TR/TD/SPAN",
            "TR/TD/STYLE",
            "TR/TD/TABLE",
            "TR/TD/TEXTAREA",
            "TR/TD/UL"
          ]
        ]
      }
    }
  }
}