{
  "version": "0.1",
  "id": "noPermission",
  "targetURL": "http://oa.sec.com.cn/lks/koa/lks_publish.nsf/FM_GZZhouBao?OpenForm",
  "jsFile": "index.js",
  "chineseName": "无权限打开",
  "description": "",
  "controls": {
    "control195_oHpiz3": {
      "location": {
        "data": {
          "tagName": "TABLE"
        },
        "userData": {
          "data": [],
          "force": false
        },
        "locators": [
          {
            "id": "@id/word",
            "prob": 3,
            "value": "descendant::TABLE[@id=\"unauthor\"]"
          },
          {
            "id": "path/ordinal",
            "prob": 1,
            "value": "/HTML[1]/BODY[1]/FORM[1]/TABLE[2]"
          }
        ]
      },
      "intendedRole": "fragment",
      "roles": "element,fragment",
      "monitored": true,
      "frameXPath": "",
      "componentType": "fragment"
    },
    "control196_C8iiPg": {
      "location": {
        "data": {
          "tagName": "SPAN"
        },
        "userData": {
          "data": [],
          "force": false
        },
        "locators": [
          {
            "id": "@id/word",
            "prob": 2,
            "value": [
              "descendant::TABLE[@id=\"unauthor\"]/TBODY[1]/TR[1]/TD[2]/SPAN[1]",
              "descendant::TABLE[@id=\"unauthor\"]//SPAN"
            ]
          },
          {
            "id": "path/ordinal",
            "prob": 1,
            "value": "/HTML[1]/BODY[1]/FORM[1]/TABLE[2]/TBODY[1]/TR[1]/TD[2]/SPAN[1]"
          },
          {
            "id": "elderLevel",
            "value": {
              "level": 0
            }
          }
        ]
      },
      "events": {
        "onGetData": "getData_control196_C8iiPg"
      },
      "intendedRole": "custom",
      "roles": "element,custom",
      "monitored": true,
      "frameXPath": "",
      "componentType": "custom"
    }
  },
  "contexts": {
    "context27_StsetT": {
      "controls": [
        "control195_oHpiz3",
        "control196_C8iiPg"
      ],
      "anchors": [],
      "urlAnchor": []
    }
  },
  "flows": {
    "flow123_OHpxJS": {
      "toContexts": [
        {
          "toContextId": "context27_StsetT"
        }
      ]
    }
  },
  "pages": {
    "page27_OtpDwW": {
      "contextId": "context27_StsetT",
      "layout": [
        {
          "id": "uiControl212_aglgT9",
          "controlId": "control196_C8iiPg",
          "display": {
            "adapterId": "custom",
            "type": "custom",
            "adapter": {
              "templateType": "react",
              "events": {
                "onDoAction": "doAction_uiControl212_aglgT9",
                "onGetTemplate": "getTemplate_uiControl212_aglgT9"
              }
            }
          }
        },
        {
          "id": "uiControl211_RXm7Pb",
          "controlId": "control195_oHpiz3",
          "display": {
            "adapterId": "fragment",
            "type": "fragment",
            "adapter": {
              "templateType": ""
            }
          }
        }
      ]
    }
  },
  "matchers": {
    "page/title": {
      "contexts": {
        "context27_StsetT": [
          "请登录深圳能源OA系统"
        ]
      }
    },
    "page/urls": {
      "contexts": {
        "context27_StsetT": [
          "oa.sec.com.cn/lks/koa/lks_publish.nsf/FM_GZZhouBao?OpenForm"
        ]
      }
    },
    "page/ids": {
      "contexts": {
        "context27_StsetT": [
          [
            "unauthor"
          ]
        ]
      }
    },
    "page/classes": {
      "contexts": {
        "context27_StsetT": [
          []
        ]
      }
    },
    "page/tagTriplets": {
      "contexts": {
        "context27_StsetT": [
          [
            "-/-/FORM",
            "-/-/SCRIPT",
            "-/FORM/INPUT-hidden",
            "-/FORM/INPUT-null",
            "-/FORM/SCRIPT",
            "-/FORM/STYLE",
            "-/FORM/TABLE",
            "FORM/TABLE/TBODY",
            "TABLE/TBODY/TR",
            "TBODY/TR/TD",
            "TR/TD/BR",
            "TR/TD/IMG",
            "TR/TD/INPUT-null",
            "TR/TD/INPUT-submit",
            "TR/TD/SPAN"
          ]
        ]
      }
    }
  }
}