{
  "version": "0.1",
  "id": "lks_Distribute_Choice",
  "targetURL": "http://oa.sec.com.cn/lks/sys/lks_public.nsf/FM_GWSwitchServerList?openForm&select=1",
  "jsFile": "index.js",
  "requires": {
    "lks_Choice_Two": "../lks_Choice_Two/index.json",
    "lks_archivemngnewex": "../lks_archivemngnewex/index.json"
  },
  "chineseName": "分发选择",
  "description": "分发选择",
  "controls": {
    "control49_gStPNk": {
      "location": {
        "data": {
          "tagName": "CENTER"
        },
        "userData": {
          "data": [],
          "force": false
        },
        "locators": [
          {
            "id": "path/ordinal",
            "prob": 1,
            "value": "/HTML[1]/BODY[1]/FORM[1]/CENTER[1]"
          }
        ]
      },
      "events": {
        "onGetData": "getData_control49_gStPNk"
      },
      "intendedRole": "custom",
      "roles": "element,custom",
      "monitored": true,
      "frameXPath": "",
      "componentType": "custom"
    },
    "control53_pLD1yE": {
      "location": {
        "data": {
          "tagName": "TABLE"
        },
        "userData": {
          "data": [],
          "force": false
        },
        "locators": [
          {
            "id": "path/ordinal",
            "prob": 1,
            "value": "/HTML[1]/BODY[1]/FORM[1]/TABLE[3]"
          }
        ]
      },
      "events": {
        "onGetData": "getData_control53_pLD1yE"
      },
      "intendedRole": "custom",
      "roles": "element,link,custom",
      "monitored": true,
      "frameXPath": "",
      "componentType": "custom"
    },
    "control54_sBmUPs": {
      "location": {
        "data": {
          "tagName": "DIV"
        },
        "userData": {
          "data": [],
          "force": false
        },
        "locators": [
          {
            "id": "@class/word",
            "prob": 1,
            "value": "TD.tbmenudoc DIV"
          },
          {
            "id": "path/ordinal",
            "prob": 1,
            "value": "/HTML[1]/BODY[1]/FORM[1]/TABLE[2]/TBODY[1]/TR[1]/TD[1]/DIV[1]"
          }
        ]
      },
      "events": {
        "onGetData": "getData_control54_sBmUPs"
      },
      "intendedRole": "custom",
      "roles": "element,custom",
      "monitored": true,
      "frameXPath": "",
      "componentType": "custom"
    }
  },
  "contexts": {
    "context8_yfsSG0": {
      "controls": [
        "control49_gStPNk",
        "control53_pLD1yE",
        "control54_sBmUPs"
      ],
      "anchors": [],
      "urlAnchor": []
    }
  },
  "flows": {
    "flow39_WsDIt6": {
      "toContexts": [
        {
          "toContextId": "context8_yfsSG0"
        },
        {
          "toContextId": "context10_FNn6JV",
          "toModelId": "lks_Choice_Two"
        },
        {
          "toContextId": "context5_3qQbFO",
          "toModelId": "lks_archivemngnewex"
        }
      ]
    },
    "flow40_dB84Pe": {
      "fromContextId": "context8_yfsSG0",
      "fromAction": "doAction",
      "fromControlId": "control53_pLD1yE",
      "toContexts": [
        {
          "toContextId": "context8_yfsSG0"
        },
        {
          "toContextId": "context10_FNn6JV",
          "toModelId": "lks_Choice_Two"
        }
      ]
    },
    "flow45_oawBfU": {
      "fromContextId": "context8_yfsSG0",
      "fromAction": "doAction",
      "fromControlId": "control54_sBmUPs",
      "toContexts": [
        {
          "toContextId": "context8_yfsSG0"
        },
        {
          "toContextId": "context5_3qQbFO",
          "toModelId": "lks_archivemngnewex"
        }
      ]
    }
  },
  "pages": {
    "page8_7SU7nn": {
      "contextId": "context8_yfsSG0",
      "layout": [
        {
          "id": "uiControl62_iWDklR",
          "controlId": "control49_gStPNk",
          "display": {
            "adapterId": "custom",
            "type": "custom",
            "adapter": {
              "templateType": "react",
              "events": {
                "onDoAction": "doAction_uiControl62_iWDklR",
                "onGetTemplate": "getTemplate_uiControl62_iWDklR"
              }
            }
          }
        },
        {
          "id": "uiControl66_u1RKrZ",
          "controlId": "control53_pLD1yE",
          "display": {
            "adapterId": "custom",
            "type": "custom",
            "adapter": {
              "templateType": "react",
              "events": {
                "onDoAction": "doAction_uiControl66_u1RKrZ",
                "onGetTemplate": "getTemplate_uiControl66_u1RKrZ"
              }
            }
          }
        },
        {
          "id": "uiControl21_43pQ8r",
          "display": {
            "type": "sticky",
            "adapterId": "sticky",
            "class": "ui-footer-button",
            "adapter": {
              "templateType": ""
            }
          },
          "layout": [
            {
              "id": "uiControl21_43pQ8rbody",
              "display": {
                "type": "stickyBody",
                "adapterId": "stickyBody",
                "adapter": {
                  "templateType": ""
                }
              },
              "layout": [
                {
                  "id": "uiControl67_zlREhU",
                  "controlId": "control54_sBmUPs",
                  "display": {
                    "adapterId": "custom",
                    "type": "custom",
                    "adapter": {
                      "templateType": "react",
                      "events": {
                        "onDoAction": "doAction_uiControl67_zlREhU",
                        "onGetTemplate": "getTemplate_uiControl67_zlREhU"
                      }
                    }
                  }
                }
              ]
            }
          ]
        }
      ]
    }
  },
  "matchers": {
    "page/title": {
      "contexts": {
        "context8_yfsSG0": [
          "选择单位名称"
        ]
      }
    },
    "page/urls": {
      "contexts": {
        "context8_yfsSG0": [
          "oa.sec.com.cn/lks/sys/lks_public.nsf/FM_GWSwitchServerList?openForm&select=1",
          "oa.sec.com.cn/lks/sys/lks_public.nsf/FM_GWSwitchServerList?openForm&ParentUNID=249F52F2F191A874482582820004B0DA&dbpath=lks/koa/lks_archivemngnewex.nsf",
          "oa.sec.com.cn/lks/sys/lks_public.nsf/FM_GWSwitchServerList?openForm&ParentUNID=AFC848613086110C4825828200037E41&dbpath=lks/koa/lks_archivemngnewex.nsf"
        ]
      }
    },
    "page/ids": {
      "contexts": {
        "context8_yfsSG0": [
          [
            "Calendar_SWFObjectName",
            "FlashPopWin"
          ]
        ]
      }
    },
    "page/classes": {
      "contexts": {
        "context8_yfsSG0": [
          [
            "btnmenudoc",
            "tadoc",
            "tbmenudoc"
          ]
        ]
      }
    },
    "page/tagTriplets": {
      "contexts": {
        "context8_yfsSG0": [
          [
            "-/-/FORM",
            "-/-/IFRAME",
            "-/-/LINK",
            "-/-/OBJECT",
            "-/-/SCRIPT",
            "-/-/STYLE",
            "-/FORM/BR",
            "-/FORM/CENTER",
            "-/FORM/DIV",
            "-/FORM/INPUT-hidden",
            "-/FORM/TABLE",
            "-/OBJECT/PARAM",
            "CENTER/B/FONT",
            "FORM/CENTER/B",
            "FORM/DIV/BR",
            "FORM/TABLE/TBODY",
            "TABLE/TBODY/TR",
            "TBODY/TR/TD",
            "TD/DIV/FONT",
            "TD/DIV/INPUT-button",
            "TD/TABLE/TBODY",
            "TD/UL/BR",
            "TD/UL/FONT",
            "TD/UL/SCRIPT",
            "TR/TD/A",
            "TR/TD/BR",
            "TR/TD/DIV",
            "TR/TD/FONT",
            "TR/TD/IMG",
            "TR/TD/INPUT-button",
            "TR/TD/INPUT-checkbox",
            "TR/TD/INPUT-hidden",
            "TR/TD/INPUT-null",
            "TR/TD/INPUT-radio",
            "TR/TD/TABLE",
            "TR/TD/TEXTAREA",
            "TR/TD/UL",
            "UL/FONT/INPUT-null"
          ]
        ]
      }
    }
  }
}