{"version":"0.1","id":"sotre_info","targetURL":"https://7.carpoly.com/ekp/cm/store/cm_storefront_runstore/cmStorefrontRunstore.do?method=view&fdId=15d36b41b3909d32e71d194454ab3e74","jsFile":"index.js","requires":{"store_revoke_list":"../store_revoke_list/index.json"},"chineseName":"店面申请详情","description":"","controls":{"control8_73V4Fv":{"location":{"data":{"tagName":"DIV"},"userData":{"data":[],"force":false},"locators":[{"id":"@class/word","prob":1,"value":"DIV.lui_form_title_frame DIV.lui_form_subject"},{"id":"path/ordinal","prob":1,"value":"/HTML[1]/BODY[1]/FORM[1]/DIV[1]/DIV[1]"},{"id":"style/color","value":[62,158,206]},{"id":"elderLevel","value":{"level":0}}]},"events":{"onGetData":"getData_control8_73V4Fv"},"intendedRole":"custom","roles":"element,custom","monitored":false,"frameXPath":""},"control9_n6x6De":{"location":{"data":{"tagName":"TABLE"},"userData":{"data":[],"force":false},"locators":[{"id":"@class/word","prob":1,"ordinal":[0,3],"value":"DIV.lui_form_content_frame TABLE.tb_normal"},{"id":"path/ordinal","prob":1,"value":"/HTML[1]/BODY[1]/FORM[1]/DIV[2]/TABLE[1]"}]},"events":{"onGetData":"getData_control9_n6x6De"},"intendedRole":"custom","roles":"element,custom","monitored":true,"frameXPath":""},"control10_qoISlM":{"location":{"data":{"tagName":"TABLE"},"userData":{"data":[],"force":false},"locators":[{"id":"@id/word","prob":2,"value":["descendant::DIV[@id=\"process_review_tabcontent\"]/TABLE[1]","descendant::DIV[@id=\"process_review_tabcontent\"]//TABLE"]},{"id":"@class/word","prob":1,"value":"DIV.lui_panel_content_inside DIV.lui-component TABLE.tb_normal.process_review_panel"},{"id":"path/ordinal","prob":1,"value":"/HTML[1]/BODY[1]/FORM[1]/DIV[3]/DIV[1]/DIV[1]/DIV[1]/DIV[2]/DIV[1]/DIV[1]/DIV[1]/DIV[1]/DIV[1]/TABLE[1]"}]},"events":{"onGetData":"getData_control10_qoISlM"},"intendedRole":"custom","roles":"element,custom","monitored":true,"frameXPath":""},"control22_HTRAyy":{"location":{"data":{"tagName":"TABLE"},"userData":{"data":[],"force":false},"locators":[{"id":"@id/word","prob":3,"value":"descendant::TABLE[@id=\"TABLE_Item\"]"},{"id":"@class/word","prob":1,"ordinal":[0,2],"value":"DIV.lui_form_content_frame TABLE.tb_normal TABLE.tb_normal"},{"id":"path/ordinal","prob":1,"value":"/HTML[1]/BODY[1]/FORM[1]/DIV[2]/TABLE[1]/TBODY[1]/TR[17]/TD[1]/TABLE[1]"}]},"events":{"onGetData":"getData_control22_HTRAyy"},"intendedRole":"custom","roles":"element,custom","monitored":true,"frameXPath":""},"control27_WkakJI":{"location":{"data":{"tagName":"TABLE"},"userData":{"data":[],"force":false},"locators":[{"id":"@class/word","prob":1,"ordinal":[0,3],"value":"DIV.lui_form_content_frame TABLE.tb_normal"},{"id":"path/ordinal","prob":1,"value":"/HTML[1]/BODY[1]/FORM[1]/DIV[2]/TABLE[1]"}]},"events":{"onGetData":"getData_control27_WkakJI"},"intendedRole":"custom","roles":"element,custom","monitored":true,"frameXPath":""},"control29_yMNgkw":{"location":{"data":{"tagName":"TR"},"userData":{"data":[],"force":false},"locators":[{"id":"@id/word","prob":3,"value":["descendant::DIV[@id=\"process_review_tabcontent\"]//TR[@id=\"showDetails\"]","descendant::TR[@id=\"showDetails\"]"]},{"id":"@class/word","prob":1,"ordinal":[6,10],"value":"DIV.lui_panel_content_inside DIV.lui-component TABLE.tb_normal.process_review_panel TBODY TR"},{"id":"path/ordinal","prob":1,"value":"/HTML[1]/BODY[1]/FORM[1]/DIV[3]/DIV[1]/DIV[1]/DIV[1]/DIV[2]/DIV[1]/DIV[1]/DIV[1]/DIV[1]/DIV[1]/TABLE[1]/TBODY[1]/TR[7]"}]},"events":{"onGetData":"getData_control29_yMNgkw"},"intendedRole":"custom","roles":"element,custom","ignoreVisibility":true,"monitored":true,"frameXPath":""}},"contexts":{"context2_d3geo2":{"controls":["control8_73V4Fv","control9_n6x6De","control10_qoISlM","control22_HTRAyy","control27_WkakJI","control29_yMNgkw"],"anchors":[],"urlAnchor":["^https:\\/\\/7\\.carpoly\\.com\\/ekp\\/cm\\/store\\/cm_storefront_runstore\\/cmStorefrontRunstore\\.do\\?method=view&fdId=.*"]}},"flows":{"flow7_bps3bs":{"toContexts":[{"toContextId":"context2_d3geo2"},{"toContextId":"context1_1d6sM8","toModelId":"store_revoke_list"}]},"flow8_JOpgR9":{"fromContextId":"context2_d3geo2","fromAction":"doAction","fromControlId":"control10_qoISlM","toContexts":[{"toContextId":"context2_d3geo2"}]},"flow19_brnD5K":{"fromContextId":"context2_d3geo2","fromAction":"doAction","fromControlId":"control9_n6x6De","toContexts":[{"toContextId":"context2_d3geo2"}]},"flow24_ACKwB8":{"fromContextId":"context2_d3geo2","fromAction":"doAction","fromControlId":"control27_WkakJI","toContexts":[{"toContextId":"context2_d3geo2"}]},"flow27_zGod4X":{"fromContextId":"context2_d3geo2","fromAction":"doAction","fromControlId":"control29_yMNgkw","toContexts":[{"toContextId":"context2_d3geo2"},{"toContextId":"context1_1d6sM8","toModelId":"store_revoke_list"}]}},"pages":{"page2_6MKNS6":{"contextId":"context2_d3geo2","layout":[{"id":"uiControl8_WxUsGV","controlId":"control8_73V4Fv","display":{"adapterId":"custom","type":"custom","adapter":{"templateType":"react","events":{"onDoAction":"doAction_uiControl8_WxUsGV","onGetTemplate":"getTemplate_uiControl8_WxUsGV"}}}},{"id":"uiControl9_MdrwkO","controlId":"control9_n6x6De","display":{"adapterId":"custom","type":"custom","adapter":{"templateType":"react","events":{"onDoAction":"doAction_uiControl9_MdrwkO","onGetTemplate":"getTemplate_uiControl9_MdrwkO"}}}},{"id":"uiControl22_9M9Otp","controlId":"control22_HTRAyy","display":{"adapterId":"custom","type":"custom","adapter":{"templateType":"react","events":{"onDoAction":"doAction_uiControl22_9M9Otp","onGetTemplate":"getTemplate_uiControl22_9M9Otp"}}}},{"id":"uiControl27_ygooia","controlId":"control27_WkakJI","display":{"adapterId":"custom","type":"custom","adapter":{"templateType":"react","events":{"onDoAction":"doAction_uiControl27_ygooia","onGetTemplate":"getTemplate_uiControl27_ygooia"}}}},{"id":"uiControl10_46gab5","controlId":"control10_qoISlM","display":{"adapterId":"custom","type":"custom","adapter":{"templateType":"react","events":{"onDoAction":"doAction_uiControl10_46gab5","onGetTemplate":"getTemplate_uiControl10_46gab5"}}}},{"id":"uiControl30_IlBR7H","controlId":"control29_yMNgkw","display":{"adapterId":"custom","type":"custom","adapter":{"templateType":"react","events":{"onDoAction":"doAction_uiControl30_IlBR7H","onGetTemplate":"getTemplate_uiControl30_IlBR7H"}}}}]}},"matchers":{"page/title":{"contexts":{"context2_d3geo2":["店面管理"]}},"page/urls":{"contexts":{"context2_d3geo2":["7.carpoly.com/ekp/cm/store/cm_storefront_runstore/cmStorefrontRunstore.do?method=view&fdId=15d36b41b3909d32e71d194454ab3e74","7.carpoly.com/ekp/cm/store/cm_storefront_runstore/cmStorefrontRunstore.do?method=view&fdId=1604f2fca78f8e1b66483854a14851cd"]}},"page/ids":{"contexts":{"context2_d3geo2":[["Label_Tabel_Workflow_Info","Label_Tabel_Workflow_Info_Label_Btn_","Label_Tabel_Workflow_Info_Label_Img__","TABLE_Item","WF_IFrame","WF_TableIFrame","att_xtable_cmStorefrontRunstoreDimensional","att_xtable_cmStorefrontRunstoreJCV","att_xtable_cmStorefrontRunstoreLeaseContract","att_xtable_cmStorefrontRunstoreOther","att_xtable_designRequirementList","att_xtable_storeLayoutPic","attachmentObject_cmStorefrontRunstoreDimensional_content_div","attachmentObject_cmStorefrontRunstoreJCV_content_div","attachmentObject_cmStorefrontRunstoreLeaseContract_content_div","attachmentObject_cmStorefrontRunstoreOther_content_div","attachmentObject_designRequirementList_content_div","attachmentObject_storeLayoutPic_content_div","cmBaseCompanyName_id","cmBaseCustomerInfoAreaLevel_id","cmBaseCustomerInfoCode_id","dbddaeaeccebec","dbdeeedcbcdc","designRequirementList","dimensionalPic","docStatus","fdFlowDescription","flowGraphic","flowGraphicShowCheckbox","flowLogTableTD","historyInfoTableIframe","historyInfoTableTD","historyTableTR","jcvPic","jdznImg","leaseAgreement","lui-id-","process_review_tabcontent","showDetails","storeLayoutPic","sysWfBusinessForm.canStartProcess","sysWfBusinessForm.fdAdditionsParameterJson","sysWfBusinessForm.fdAuditNoteFdId","sysWfBusinessForm.fdCurHanderId","sysWfBusinessForm.fdCurNodeSavedXML","sysWfBusinessForm.fdCurNodeXML","sysWfBusinessForm.fdDraftorId","sysWfBusinessForm.fdDraftorName","sysWfBusinessForm.fdFlowContent","sysWfBusinessForm.fdHandlerRoleInfoIds","sysWfBusinessForm.fdHandlerRoleInfoNames","sysWfBusinessForm.fdIdentityId","sysWfBusinessForm.fdIsModify","sysWfBusinessForm.fdKey","sysWfBusinessForm.fdModelId","sysWfBusinessForm.fdModelName","sysWfBusinessForm.fdParameterJson","sysWfBusinessForm.fdProcessId","sysWfBusinessForm.fdProcessStatus","sysWfBusinessForm.fdTemplateKey","sysWfBusinessForm.fdTemplateModelName","sysWfBusinessForm.fdTranProcessXML","toolbar","workflowInfoTD","workflowTableTD"],["Label_Tabel_Workflow_Info","Label_Tabel_Workflow_Info_Label_Btn_","Label_Tabel_Workflow_Info_Label_Img__","SWFUpload_","TABLE_Item","WF_IFrame","WF_TableIFrame","_List_dadcdf_Attachment_Table","assignmentRow","att_xtable_cmStorefrontRunstoreDimensional","att_xtable_cmStorefrontRunstoreJCV","att_xtable_cmStorefrontRunstoreLeaseContract","att_xtable_cmStorefrontRunstoreOther","att_xtable_dadcdf","att_xtable_designRequirementList","att_xtable_storeLayoutPic","attachmentObject_cmStorefrontRunstoreDimensional_content_div","attachmentObject_cmStorefrontRunstoreJCV_content_div","attachmentObject_cmStorefrontRunstoreLeaseContract_content_div","attachmentObject_cmStorefrontRunstoreOther_content_div","attachmentObject_dadcdf_content_div","attachmentObject_designRequirementList_content_div","attachmentObject_storeLayoutPic_content_div","authorityOptButton","cmBaseCompanyName_id","cmBaseCustomerInfoAreaLevel_id","cmBaseCustomerInfoCode_id","currentHandlersLabel","currentHandlersRow","currentNodeDescription","descriptionRow","designRequirementList","dimensionalPic","docStatus","drafterOptButton","extendRoleOptRow","fdFlowDescription","fdabcbbeeb","fdeaabdedbd","flowGraphic","flowGraphicShowCheckbox","flowLogTableTD","historyHandlersLabel","historyHandlersRow","historyInfoTableIframe","historyInfoTableTD","historyTableTR","historyhandlerOpt","jcvPic","jdznImg","leaseAgreement","lui-id-","notifyLevelRow","notifyLevelTD","operationItemsRow","operationMethodsGroup","operationMethodsRow","operationsRow","operationsRow_Scope","operationsTDContent","operationsTDContent_Scope","operationsTDTitle","operationsTDTitle_Scope","optionButtons","processStatusLabel","processStatusRow","process_review_button","process_review_tabcontent","saveDraftButton","showDetails","storeLayoutPic","sysWfBusinessForm.canStartProcess","sysWfBusinessForm.fdAdditionsParameterJson","sysWfBusinessForm.fdAuditNoteFdId","sysWfBusinessForm.fdCurHanderId","sysWfBusinessForm.fdCurNodeSavedXML","sysWfBusinessForm.fdCurNodeXML","sysWfBusinessForm.fdDraftorId","sysWfBusinessForm.fdDraftorName","sysWfBusinessForm.fdFlowContent","sysWfBusinessForm.fdHandlerRoleInfoIds","sysWfBusinessForm.fdHandlerRoleInfoNames","sysWfBusinessForm.fdIdentityId","sysWfBusinessForm.fdIsModify","sysWfBusinessForm.fdKey","sysWfBusinessForm.fdModelId","sysWfBusinessForm.fdModelName","sysWfBusinessForm.fdParameterJson","sysWfBusinessForm.fdProcessId","sysWfBusinessForm.fdProcessStatus","sysWfBusinessForm.fdTemplateKey","sysWfBusinessForm.fdTemplateModelName","sysWfBusinessForm.fdTranProcessXML","toolbar","workflowInfoTD","workflowTableTD"],["Label_Tabel_Workflow_Info","Label_Tabel_Workflow_Info_Label_Btn_","Label_Tabel_Workflow_Info_Label_Img__","SWFUpload_","TABLE_Item","WF_IFrame","WF_TableIFrame","_List_edadbcabacc_Attachment_Table","assignmentRow","att_xtable_cmStorefrontRunstoreDimensional","att_xtable_cmStorefrontRunstoreJCV","att_xtable_cmStorefrontRunstoreLeaseContract","att_xtable_cmStorefrontRunstoreOther","att_xtable_designRequirementList","att_xtable_edadbcabacc","att_xtable_storeLayoutPic","attachmentObject_cmStorefrontRunstoreDimensional_content_div","attachmentObject_cmStorefrontRunstoreJCV_content_div","attachmentObject_cmStorefrontRunstoreLeaseContract_content_div","attachmentObject_cmStorefrontRunstoreOther_content_div","attachmentObject_designRequirementList_content_div","attachmentObject_edadbcabacc_content_div","attachmentObject_storeLayoutPic_content_div","authorityOptButton","cmBaseCompanyName_id","cmBaseCustomerInfoAreaLevel_id","cmBaseCustomerInfoCode_id","currentHandlersLabel","currentHandlersRow","currentNodeDescription","descriptionRow","designRequirementList","dimensionalPic","docStatus","drafterOptButton","extendRoleOptRow","fdFlowDescription","fdabcbbeeb","fdeaabdedbd","flowGraphic","flowGraphicShowCheckbox","flowLogTableTD","historyHandlersLabel","historyHandlersRow","historyInfoTableIframe","historyInfoTableTD","historyTableTR","historyhandlerOpt","jcvPic","jdznImg","leaseAgreement","lui-id-","notifyLevelRow","notifyLevelTD","operationItemsRow","operationMethodsGroup","operationMethodsRow","operationsRow","operationsRow_Scope","operationsTDContent","operationsTDContent_Scope","operationsTDTitle","operationsTDTitle_Scope","optionButtons","processStatusLabel","processStatusRow","process_review_button","process_review_tabcontent","saveDraftButton","showDetails","storeLayoutPic","sysWfBusinessForm.canStartProcess","sysWfBusinessForm.fdAdditionsParameterJson","sysWfBusinessForm.fdAuditNoteFdId","sysWfBusinessForm.fdCurHanderId","sysWfBusinessForm.fdCurNodeSavedXML","sysWfBusinessForm.fdCurNodeXML","sysWfBusinessForm.fdDraftorId","sysWfBusinessForm.fdDraftorName","sysWfBusinessForm.fdFlowContent","sysWfBusinessForm.fdHandlerRoleInfoIds","sysWfBusinessForm.fdHandlerRoleInfoNames","sysWfBusinessForm.fdIdentityId","sysWfBusinessForm.fdIsModify","sysWfBusinessForm.fdKey","sysWfBusinessForm.fdModelId","sysWfBusinessForm.fdModelName","sysWfBusinessForm.fdParameterJson","sysWfBusinessForm.fdProcessId","sysWfBusinessForm.fdProcessStatus","sysWfBusinessForm.fdTemplateKey","sysWfBusinessForm.fdTemplateModelName","sysWfBusinessForm.fdTranProcessXML","toolbar","workflowInfoTD","workflowTableTD"]]}},"page/classes":{"contexts":{"context2_d3geo2":[["btnlabel","clearfloat","fdExperienceRequiresHidden","fdFuncAreaRequiresHidden","fdOtherAreaHidden","fdSignSaleContHidden","isDesign","isDraw","lui-component","lui_form_baseinfo","lui_form_content_frame","lui_form_subject","lui_form_title_frame","lui_panel_content_inside","lui_portlet_operations","lui_tabpage_float_content","lui_tabpage_float_content_c","lui_tabpage_float_content_l","lui_tabpage_float_content_r","lui_tabpage_float_contents","lui_tabpage_float_footer_c","lui_tabpage_float_footer_l","lui_tabpage_float_footer_r","lui_tabpage_float_header_c","lui_tabpage_float_header_close","lui_tabpage_float_header_l","lui_tabpage_float_header_r","lui_tabpage_float_header_text","lui_tabpage_float_header_title","lui_tabpage_float_nav_item","lui_tabpage_float_nav_item_c","lui_tabpage_float_nav_item_l","lui_tabpage_float_nav_item_r","lui_tabpage_float_navs","lui_tabpage_float_navs_c","lui_tabpage_float_navs_l","lui_tabpage_float_navs_mark","lui_tabpage_float_navs_r","lui_tabpage_frame","lui_toolbar_btn","lui_toolbar_btn_c","lui_toolbar_btn_l","lui_toolbar_btn_r","lui_toolbar_content","lui_toolbar_frame_float","lui_toolbar_frame_float_mark","lui_toolbar_left","lui_toolbar_right","lui_widget_btn","lui_widget_btn_txt","nodeinfo_box","process_review_panel","selected","tb_label","tb_noborder","tb_normal","td_label","td_normal_title","tr_normal_title","upload_list_filename_view","upload_list_icon","upload_list_operation","upload_list_size","upload_list_tr","upload_opt_down","upload_opt_view"],["btnlabel","clearfloat","com_ap_bar_bottom","com_ap_bar_centre","com_approval_bar","com_author","com_btn_link","isDesign","isDraw","lbpm_error_info_div","lui-component","lui_form_baseinfo","lui_form_content_frame","lui_form_subject","lui_form_title_frame","lui_panel_content_inside","lui_portlet_operations","lui_tabpage_float_content","lui_tabpage_float_content_c","lui_tabpage_float_content_l","lui_tabpage_float_content_r","lui_tabpage_float_contents","lui_tabpage_float_footer_c","lui_tabpage_float_footer_l","lui_tabpage_float_footer_r","lui_tabpage_float_header_c","lui_tabpage_float_header_close","lui_tabpage_float_header_l","lui_tabpage_float_header_r","lui_tabpage_float_header_text","lui_tabpage_float_header_title","lui_tabpage_float_nav_item","lui_tabpage_float_nav_item_c","lui_tabpage_float_nav_item_l","lui_tabpage_float_nav_item_r","lui_tabpage_float_navs","lui_tabpage_float_navs_c","lui_tabpage_float_navs_l","lui_tabpage_float_navs_mark","lui_tabpage_float_navs_r","lui_tabpage_frame","lui_toolbar_btn","lui_toolbar_btn_c","lui_toolbar_btn_l","lui_toolbar_btn_r","lui_toolbar_content","lui_toolbar_frame_float","lui_toolbar_frame_float_mark","lui_toolbar_left","lui_toolbar_right","lui_widget_btn","lui_widget_btn_txt","nodeinfo_box","process_review_button","process_review_content","process_review_panel","selected","swfupload","swfuploadbutton","swfuploadtext","tb_label","tb_noborder","tb_normal","td_label","td_normal_title","tr_normal_title","upload_list_filename_view","upload_list_icon","upload_list_operation","upload_list_size","upload_list_tr","upload_opt_down","upload_opt_view","uploadinfotext"]]}},"page/tagTriplets":{"contexts":{"context2_d3geo2":[["-/-/DIV","-/-/FORM","-/-/SCRIPT","-/DIV/DIV","-/FORM/DIV","-/FORM/SCRIPT","DIV/DIV/DIV","DIV/DIV/IFRAME","DIV/DIV/INPUT-hidden","DIV/DIV/LINK","DIV/DIV/SCRIPT","DIV/DIV/TABLE","DIV/TABLE/TBODY","FORM/DIV/DIV","FORM/DIV/TABLE","NOBR/LABEL/INPUT-checkbox","NOBR/LABEL/INPUT-radio","TABLE/TBODY/TR","TBODY/TR/SCRIPT","TBODY/TR/TD","TD/DIV/DIV","TD/DIV/TABLE","TD/LABEL/INPUT-checkbox","TD/NOBR/IMG","TD/NOBR/INPUT-button","TD/NOBR/LABEL","TD/TABLE/TBODY","TR/TD/DIV","TR/TD/IFRAME","TR/TD/IMG","TR/TD/INPUT-hidden","TR/TD/LABEL","TR/TD/LINK","TR/TD/NOBR","TR/TD/SCRIPT","TR/TD/SPAN","TR/TD/TABLE"],["-/-/DIV","-/-/FORM","-/-/SCRIPT","-/DIV/DIV","-/FORM/DIV","-/FORM/SCRIPT","DIV/DIV/DIV","DIV/DIV/IFRAME","DIV/DIV/INPUT-hidden","DIV/DIV/LINK","DIV/DIV/OBJECT","DIV/DIV/SCRIPT","DIV/DIV/SPAN","DIV/DIV/TABLE","DIV/OBJECT/PARAM","DIV/TABLE/TBODY","FORM/DIV/DIV","FORM/DIV/TABLE","NOBR/LABEL/INPUT-radio","TABLE/TBODY/TR","TBODY/TR/SCRIPT","TBODY/TR/TD","TD/DIV/DIV","TD/DIV/INPUT-hidden","TD/DIV/TABLE","TD/LABEL/A","TD/LABEL/INPUT-checkbox","TD/LABEL/INPUT-radio","TD/LABEL/SPAN","TD/NOBR/IMG","TD/NOBR/INPUT-button","TD/NOBR/LABEL","TD/SELECT/OPTION","TD/TABLE/TBODY","TR/TD/A","TR/TD/DIV","TR/TD/IFRAME","TR/TD/IMG","TR/TD/INPUT-button","TR/TD/INPUT-hidden","TR/TD/LABEL","TR/TD/LINK","TR/TD/NOBR","TR/TD/SCRIPT","TR/TD/SELECT","TR/TD/SPAN","TR/TD/TABLE","TR/TD/TEXTAREA"]]}}}}