{"version":"0.1","id":"work_report_new","targetURL":"https://7.carpoly.com/ekp/cm/daily/cm_daily_eng_work_report/cmDailyEngWorkReport.do?method=add&s_css=default","jsFile":"index.js","requires":{"lbpm_usage":"../lbpm_usage/index.json","success":"../success/index.json","work_report_info":"../work_report_info/index.json"},"chineseName":"新建工作汇报","description":"","controls":{"control13_5Vgn2A":{"location":{"data":{"tagName":"IFRAME"},"userData":{"data":[],"force":false},"locators":[{"id":"@id/word","prob":2,"value":["descendant::DIV[@id=\"dialog_iframe\"]/DIV[1]/DIV[1]/IFRAME[1]","descendant::DIV[@id=\"dialog_iframe\"]//IFRAME"]},{"id":"@class/word","prob":1,"value":"DIV.lui_dialog_container.clearfloat DIV.lui-component DIV.lui_dialog_content IFRAME"},{"id":"path/ordinal","prob":1,"value":"/HTML[1]/BODY[1]/DIV[1]/DIV[1]/DIV[2]/DIV[1]/DIV[1]/DIV[1]/DIV[1]/DIV[1]/DIV[1]/IFRAME[1]"},{"id":"elderLevel","value":{"level":0}}]},"intendedRole":"dialog","roles":"element,dialog","monitored":false,"frameXPath":""},"control15_LEnZ2M":{"location":{"data":{"tagName":"DIV"},"userData":{"data":[],"force":false},"locators":[{"id":"@class/word","prob":1,"value":"DIV.lui_dialog_headL DIV.lui_dialog_headR DIV.lui_dialog_head"},{"id":"path/ordinal","prob":1,"value":"/HTML[1]/BODY[1]/DIV[1]/DIV[1]/DIV[1]/DIV[1]/DIV[1]"}]},"events":{"onGetData":"getData_control15_LEnZ2M"},"intendedRole":"custom","roles":"element,custom","monitored":false,"frameXPath":""},"control16_HtBF4a":{"location":{"data":{"tagName":"DIV"},"userData":{"data":[],"force":false},"locators":[{"id":"path/ordinal","prob":1,"value":"/HTML[1]/BODY[1]/DIV[1]/DIV[1]"},{"id":"shield","value":{"zIndex":"auto","width":890,"height":286}}]},"events":{"onGetData":"getData_control16_HtBF4a"},"intendedRole":"custom","roles":"element,custom","monitored":false,"frameXPath":"//iframe[1]<<IFRAME>>"},"control17_fS7efD":{"location":{"data":{"tagName":"P"},"userData":{"data":[],"force":false},"locators":[{"id":"@class/word","prob":1,"value":"DIV.lui_form_content DIV.lui_form_content_frame P.txttitle"},{"id":"path/ordinal","prob":1,"value":"/HTML[1]/BODY[1]/TABLE[1]/TBODY[1]/TR[1]/TD[1]/DIV[1]/FORM[1]/DIV[1]/DIV[1]/P[1]"},{"id":"style/color","value":[62,158,206]},{"id":"elderLevel","value":{"level":0}}]},"events":{"onGetData":"getData_control17_fS7efD"},"intendedRole":"custom","roles":"element,custom","monitored":true,"frameXPath":""},"control18_WFhE3f":{"location":{"data":{"tagName":"TABLE"},"userData":{"data":[],"force":false},"locators":[{"id":"@id/word","prob":3,"value":"descendant::TABLE[@id=\"MainTable\"]"},{"id":"@class/word","prob":1,"value":"DIV.lui_form_content DIV.lui_form_content_frame TABLE.tb_normal"},{"id":"path/ordinal","prob":1,"value":"/HTML[1]/BODY[1]/TABLE[1]/TBODY[1]/TR[1]/TD[1]/DIV[1]/FORM[1]/DIV[1]/TABLE[1]"}]},"events":{"onGetData":"getData_control18_WFhE3f"},"intendedRole":"custom","roles":"element,custom","monitored":true,"frameXPath":""},"control19_aUe9hd":{"location":{"data":{"tagName":"TABLE"},"userData":{"data":[],"force":false},"locators":[{"id":"@id/word","prob":2,"value":["descendant::DIV[@id=\"process_review_tabcontent\"]/TABLE[1]","descendant::DIV[@id=\"process_review_tabcontent\"]//TABLE"]},{"id":"@class/word","prob":1,"value":"DIV.lui_panel_content_inside DIV.lui-component TABLE.tb_normal.process_review_panel"},{"id":"path/ordinal","prob":1,"value":"/HTML[1]/BODY[1]/TABLE[1]/TBODY[1]/TR[1]/TD[1]/DIV[1]/FORM[1]/DIV[2]/DIV[1]/DIV[1]/DIV[1]/DIV[2]/DIV[1]/DIV[1]/DIV[1]/DIV[1]/DIV[1]/TABLE[1]"}]},"events":{"onGetData":"getData_control19_aUe9hd"},"intendedRole":"custom","roles":"element,custom","monitored":true,"frameXPath":""},"control20_7IuJM1":{"location":{"data":{"tagName":"TABLE"},"userData":{"data":[],"force":false},"locators":[{"id":"@class/word","prob":1,"value":"DIV.lui_toolbar_left DIV.lui_toolbar_right DIV.lui_toolbar_content TABLE"},{"id":"path/ordinal","prob":1,"value":"/HTML[1]/BODY[1]/DIV[1]/DIV[1]/DIV[1]/DIV[1]/DIV[1]/DIV[1]/TABLE[1]"}]},"events":{"onGetData":"getData_control20_7IuJM1"},"intendedRole":"custom","roles":"element,custom","monitored":true,"frameXPath":""},"control22_SCMQFR":{"location":{"data":{"tagName":"DIV"},"userData":{"data":[],"force":false},"locators":[{"id":"@class/word","prob":1,"value":"DIV.lui_dialog_container.clearfloat DIV.lui-component DIV.lui_dialog_common_content_right"},{"id":"path/ordinal","prob":1,"value":"/HTML[1]/BODY[1]/DIV[1]/DIV[1]/DIV[2]/DIV[1]/DIV[1]/DIV[1]/DIV[1]/DIV[2]"}]},"intendedRole":"dialog","roles":"element,dialog","monitored":true,"frameXPath":""},"control23_6fT3iN":{"location":{"data":{"tagName":"DIV"},"userData":{"data":[],"force":false},"locators":[{"id":"text","prob":3,"value":{"text":["当前页面处于编辑状态，你的数据可能未保存，是否仍要关闭窗口？"],"visText":["当前页面处于编辑状态，你的数据可能未保存，是否仍要关闭窗口？"]}},{"id":"@class/word","prob":1,"value":"DIV.lui-component DIV.lui_dialog_common_content_right DIV.lui_dialog_common_content_inside"},{"id":"path/ordinal","prob":1,"value":"/HTML[1]/BODY[1]/DIV[1]/DIV[1]/DIV[2]/DIV[1]/DIV[1]/DIV[1]/DIV[1]/DIV[2]/DIV[1]"},{"id":"elderLevel","value":{"level":0}}]},"roles":"element","content":true,"monitored":true,"frameXPath":""},"control24_w8XqCU":{"location":{"data":{"tagName":"DIV"},"userData":{"data":[],"force":false},"locators":[{"id":"@class/word","prob":1,"value":"DIV.lui_dialog_common_content_right DIV.lui_dialog_common_buttons.clearfloat DIV.lui_dialog_buttons_container"},{"id":"path/ordinal","prob":1,"value":"/HTML[1]/BODY[1]/DIV[1]/DIV[1]/DIV[2]/DIV[1]/DIV[1]/DIV[1]/DIV[1]/DIV[2]/DIV[2]/DIV[1]"}]},"events":{"onGetData":"getData_control24_w8XqCU"},"intendedRole":"custom","roles":"element,custom","monitored":true,"frameXPath":""},"control33_iozbTP":{"location":{"data":{"tagName":"IFRAME"},"userData":{"data":[],"force":false},"locators":[{"id":"@id/word","prob":2,"value":["descendant::DIV[@id=\"dialog_iframe\"]/DIV[1]/DIV[1]/IFRAME[1]","descendant::DIV[@id=\"dialog_iframe\"]//IFRAME"]},{"id":"@class/word","prob":1,"value":"DIV.lui_dialog_container.clearfloat DIV.lui-component DIV.lui_dialog_content IFRAME"},{"id":"path/ordinal","prob":1,"value":"/HTML[1]/BODY[1]/DIV[1]/DIV[1]/DIV[2]/DIV[1]/DIV[1]/DIV[1]/DIV[1]/DIV[1]/DIV[1]/IFRAME[1]"},{"id":"elderLevel","value":{"level":0}}]},"events":{"onGetData":"getData_control33_iozbTP"},"intendedRole":"custom","roles":"element,custom","monitored":true,"frameXPath":""},"control40_s7hnEf":{"location":{"data":{"tagName":"TABLE"},"userData":{"data":[],"force":false},"locators":[{"id":"@id/word","prob":3,"value":"descendant::TABLE[@id=\"MainTable\"]"},{"id":"@class/word","prob":1,"ordinal":[0,3],"value":"DIV.lui_form_content DIV.lui_form_content_frame TABLE.tb_normal"},{"id":"path/ordinal","prob":1,"value":"/HTML[1]/BODY[1]/TABLE[1]/TBODY[1]/TR[1]/TD[1]/DIV[1]/FORM[1]/DIV[1]/TABLE[1]"}]},"events":{"onGetData":"getData_control40_s7hnEf"},"intendedRole":"custom","roles":"element,custom","monitored":true,"frameXPath":""},"control43_TQyzvQ":{"location":{"data":{"tagName":"TABLE"},"userData":{"data":[],"force":false},"locators":[{"id":"@id/word","prob":3,"value":"descendant::TABLE[@id=\"MainTable\"]"},{"id":"@class/word","prob":1,"ordinal":[0,3],"value":"DIV.lui_form_content DIV.lui_form_content_frame TABLE.tb_normal"},{"id":"path/ordinal","prob":1,"value":"/HTML[1]/BODY[1]/TABLE[1]/TBODY[1]/TR[1]/TD[1]/DIV[1]/FORM[1]/DIV[1]/TABLE[1]"}]},"events":{"onGetData":"getData_control43_TQyzvQ"},"intendedRole":"custom","roles":"element,custom","monitored":true,"frameXPath":""}},"contexts":{"context2_htk8BV":{"controls":["control13_5Vgn2A","control15_LEnZ2M","control16_HtBF4a","control17_fS7efD","control18_WFhE3f","control19_aUe9hd","control20_7IuJM1","control22_SCMQFR","control23_6fT3iN","control24_w8XqCU","control33_iozbTP","control40_s7hnEf","control43_TQyzvQ"],"anchors":[],"urlAnchor":[]}},"flows":{"flow11_Mre2Lg":{"toContexts":[{"toContextId":"context2_htk8BV"}]},"flow12_0BBWQB":{"fromContextId":"context2_htk8BV","fromAction":"click","fromControlId":"control13_5Vgn2A","toContexts":[{"toContextId":"context2_htk8BV"}]},"flow13_f2nNKD":{"fromContextId":"context2_htk8BV","fromAction":"doAction","fromControlId":"control16_HtBF4a","toContexts":[{"toContextId":"context2_htk8BV"}]},"flow14_Acv6ca":{"fromContextId":"context2_htk8BV","fromAction":"doAction","fromControlId":"control18_WFhE3f","toContexts":[{"toContextId":"context2_htk8BV"},{"toContextId":"context4_UClZX6","toModelId":"work_report_info"}]},"flow17_onE7Nt":{"fromContextId":"context2_htk8BV","fromAction":"doAction","fromControlId":"control15_LEnZ2M","toContexts":[{"toContextId":"context2_htk8BV"}]},"flow18_NLywAm":{"fromContextId":"context2_htk8BV","fromAction":"doAction","fromControlId":"control19_aUe9hd","toContexts":[{"toContextId":"context2_htk8BV"},{"toContextId":"context3_fbHeAS","toModelId":"lbpm_usage"}]},"flow19_kKGgS5":{"fromContextId":"context2_htk8BV","fromAction":"doAction","fromControlId":"control20_7IuJM1","toContexts":[{"toContextId":"context2_htk8BV"},{"toContextId":"context6_89mKlb","toModelId":"success"}]},"flow20_O3heMX":{"fromContextId":"context2_htk8BV","fromAction":"click","fromControlId":"control22_SCMQFR","toContexts":[{"toContextId":"context2_htk8BV"}]},"flow21_b3aKuE":{"fromContextId":"context2_htk8BV","fromAction":"doAction","fromControlId":"control24_w8XqCU","toContexts":[{"toContextId":"context2_htk8BV"}]},"flow32_TbShG4":{"fromContextId":"context2_htk8BV","fromAction":"doAction","fromControlId":"control33_iozbTP","toContexts":[{"toContextId":"context2_htk8BV"}]},"flow36_A2bGzk":{"fromContextId":"context2_htk8BV","fromAction":"doAction","fromControlId":"control43_TQyzvQ","toContexts":[{"toContextId":"context2_htk8BV"}]}},"pages":{"page2_mJr3dQ":{"contextId":"context2_htk8BV","layout":[{"id":"uiControl21_sK4KBd","controlId":"control17_fS7efD","display":{"adapterId":"custom","type":"custom","adapter":{"templateType":"react","events":{"onDoAction":"doAction_uiControl21_sK4KBd","onGetTemplate":"getTemplate_uiControl21_sK4KBd"}}}},{"id":"uiControl16_sLGliD","controlId":"control13_5Vgn2A","display":{"adapterId":"dialog","type":"dialog","class":"ui-dialog","adapter":{"templateType":""}},"layout":[{"id":"uiControl16_sLGliDbody","display":{"type":"dialogBody","adapterId":"dialogBody","adapter":{"templateType":""}},"layout":[{"id":"uiControl19_dqma1r","controlId":"control15_LEnZ2M","display":{"adapterId":"custom","type":"custom","adapter":{"templateType":"react","events":{"onDoAction":"doAction_uiControl19_dqma1r","onGetTemplate":"getTemplate_uiControl19_dqma1r"}}}}]},{"id":"uiControl16_sLGliDfooter","display":{"type":"dialogFooter","adapterId":"dialogFooter","adapter":{"templateType":""}},"layout":[{"id":"uiControl38_WsCmQr","controlId":"control33_iozbTP","display":{"adapterId":"custom","type":"custom","adapter":{"templateType":"react","events":{"onDoAction":"doAction_uiControl38_WsCmQr","onGetTemplate":"getTemplate_uiControl38_WsCmQr"}}}},{"id":"uiControl20_w0o5Qd","controlId":"control16_HtBF4a","display":{"adapterId":"custom","type":"custom","adapter":{"templateType":"react","events":{"onDoAction":"doAction_uiControl20_w0o5Qd","onGetTemplate":"getTemplate_uiControl20_w0o5Qd"}}}}]}]},{"id":"uiControl22_iMy9UB","controlId":"control18_WFhE3f","display":{"adapterId":"custom","type":"custom","adapter":{"templateType":"react","events":{"onDoAction":"doAction_uiControl22_iMy9UB","onGetTemplate":"getTemplate_uiControl22_iMy9UB"}}}},{"id":"uiControl45_Quqd8G","controlId":"control43_TQyzvQ","display":{"adapterId":"custom","type":"custom","adapter":{"templateType":"react","events":{"onDoAction":"doAction_uiControl45_Quqd8G","onGetTemplate":"getTemplate_uiControl45_Quqd8G"}}}},{"id":"uiControl42_HV2k6F","controlId":"control40_s7hnEf","display":{"adapterId":"custom","type":"custom","adapter":{"templateType":"react","events":{"onDoAction":"doAction_uiControl42_HV2k6F","onGetTemplate":"getTemplate_uiControl42_HV2k6F"}}}},{"id":"uiControl23_n4Sdm0","controlId":"control19_aUe9hd","display":{"adapterId":"custom","type":"custom","adapter":{"templateType":"react","events":{"onDoAction":"doAction_uiControl23_n4Sdm0","onGetTemplate":"getTemplate_uiControl23_n4Sdm0"}}}},{"id":"uiControl26_MehIPJ","controlId":"control22_SCMQFR","display":{"adapterId":"dialog","type":"dialog","adapter":{"templateType":""}},"layout":[{"id":"uiControl26_MehIPJbody","display":{"type":"dialogBody","adapterId":"dialogBody","adapter":{"templateType":""}},"layout":[{"id":"uiControl27_kTTmVF","controlId":"control23_6fT3iN","display":{"adapterId":"content","type":"content","adapter":{"templateType":""}}}]},{"id":"uiControl26_MehIPJfooter","display":{"type":"dialogFooter","adapterId":"dialogFooter","adapter":{"templateType":""}},"layout":[{"id":"uiControl28_M5cnS6","controlId":"control24_w8XqCU","display":{"adapterId":"custom","type":"custom","adapter":{"templateType":"react","events":{"onDoAction":"doAction_uiControl28_M5cnS6","onGetTemplate":"getTemplate_uiControl28_M5cnS6"}}}}]}]},{"id":"uiControl24_TRPDJH","display":{"type":"sticky","adapterId":"sticky","adapter":{"templateType":""}},"layout":[{"id":"uiControl24_TRPDJHbody","display":{"type":"stickyBody","adapterId":"stickyBody","adapter":{"templateType":""}},"layout":[{"id":"uiControl25_9SiMl0","controlId":"control20_7IuJM1","display":{"adapterId":"custom","type":"custom","adapter":{"templateType":"react","events":{"onDoAction":"doAction_uiControl25_9SiMl0","onGetTemplate":"getTemplate_uiControl25_9SiMl0"}}}}]}]}]}},"matchers":{"page/title":{"contexts":{"context2_htk8BV":["新建 - 工程漆工作汇报"]}},"page/urls":{"contexts":{"context2_htk8BV":["7.carpoly.com/ekp/cm/daily/cm_daily_eng_work_report/cmDailyEngWorkReport.do?method=add&s_css=default","7.carpoly.com/ekp/cm/daily/cm_daily_eng_work_report/cmDailyEngWorkReport.do?method=add&fdReportType=2","7.carpoly.com/ekp/cm/daily/cm_daily_eng_work_report/cmDailyEngWorkReport.do?method=add&fdReportType=1","7.carpoly.com/ekp/cm/daily/cm_daily_eng_work_report/cmDailyEngWorkReport.do?method=add&fdReportType=2&fdMonthReportId=1622da3609b0dea029a7e7644dab72a1","7.carpoly.com/ekp/cm/daily/cm_daily_eng_work_report/cmDailyEngWorkReport.do?method=add&fdReportType=3"],"context6_89mKlb":["7.carpoly.com/ekp/cm/store/cm_storefront_acceptance/cmStorefrontAcceptance.do?method=update&fdId=161278339635371d3e3cff04acdba249&s_css=default&s_seq=1","7.carpoly.com/ekp/cm/store/cm_storefront_acceptance/cmStorefrontAcceptance.do?method=save&cmBaseDeptId=15615df39bfb129024358eb4359a0302&s_seq=1","7.carpoly.com/ekp/cm/store/cm_storefront_runstore/cmStorefrontRunstore.do?method=update&fdId=161452ab725662eea2f71154de8bccb6&s_css=default&s_seq=1","7.carpoly.com/ekp/cm/store/cm_storefront_runstore/cmStorefrontRunstore.do?method=save&cmBaseDeptId=15615df39bfb129024358eb4359a0302&s_seq=1","7.carpoly.com/ekp/cm/store/cm_storefront_upgrade/cmStorefrontUpgrade.do?method=update&fdId=16126cc77063735c1e1b0ca486aa20f9&s_css=default&s_seq=1","7.carpoly.com/ekp/cm/store/cm_storefront_revoke/cmStorefrontRevoke.do?method=update&fdId=161275a9cbf8778ac3394d94c8492213&s_css=default&s_seq=1","7.carpoly.com/ekp/cm/store/cm_storefront_revoke/cmStorefrontRevoke.do?method=save&cmBaseDeptId=15615df39bfb129024358eb4359a0302&s_seq=1","7.carpoly.com/ekp/cm/store/cm_storefront_replenish/cmStorefrontReplenish.do?method=update&fdId=16127096fca8ec843e50f4e4168a6e1e&s_css=default&s_seq=1","7.carpoly.com/ekp/cm/store/cm_storefront_replenish/cmStorefrontReplenish.do?method=save&s_css=default&s_seq=1","7.carpoly.com/ekp/cm/fee/cm_fee_ad_apply/cmFeeAdApply.do?method=save&cmBaseDeptId=15615df39bfb129024358eb4359a0302&s_seq=1","7.carpoly.com/ekp/cm/daily/cm_daily_eng_work_report/cmDailyEngWorkReport.do?method=save&fdReportType=1&s_seq=1"]}},"page/ids":{"contexts":{"context2_htk8BV":[["Label_Tabel_Workflow_Info","Label_Tabel_Workflow_Info_Label_Btn_","Label_Tabel_Workflow_Info_Label_Img__","MainTable","WF_IFrame","WF_TableIFrame","__notify_type_aeadefdca_sysWfBusinessForm.fdSystemNotifyType","changeProcessorDIV","checkChangeFlowTR","currentNodeDescription","dayOfNotifyDrafter","descriptionRow","dialog_iframe","fdFlowDescription","flowGraphic","flowGraphicShowCheckbox","flowLogTableTD","handlerIdentityRow","handlerShowNames[]","hourOfNotifyDrafter","lbpm_highLevelTab","lui-id-","lui_validate_message","manualBranchNodeRow","manualNodeSelectTD","minuteOfNotifyDrafter","modifyFlowDIV","nextNodeName[]","nextNodeTD","nodeCanViewCurNodeTR","notifyDraftOnFinish","notifyLevelRow","notifyLevelTD","notifyTypeRow","operationMethodsGroup","operationMethodsRow","optionButtons","otherCanViewCurNodeTR","process_review_tabcontent","showDetails","sysWfBusinessForm.canStartProcess","sysWfBusinessForm.fdAdditionsParameterJson","sysWfBusinessForm.fdAuditNoteFdId","sysWfBusinessForm.fdCurHanderId","sysWfBusinessForm.fdCurNodeSavedXML","sysWfBusinessForm.fdCurNodeXML","sysWfBusinessForm.fdDraftorId","sysWfBusinessForm.fdDraftorName","sysWfBusinessForm.fdFlowContent","sysWfBusinessForm.fdHandlerRoleInfoIds","sysWfBusinessForm.fdHandlerRoleInfoNames","sysWfBusinessForm.fdIdentityId","sysWfBusinessForm.fdIsModify","sysWfBusinessForm.fdKey","sysWfBusinessForm.fdModelId","sysWfBusinessForm.fdModelName","sysWfBusinessForm.fdParameterJson","sysWfBusinessForm.fdProcessId","sysWfBusinessForm.fdProcessStatus","sysWfBusinessForm.fdTemplateKey","sysWfBusinessForm.fdTemplateModelName","sysWfBusinessForm.fdTranProcessXML","systemNotifyTypeTD","toolbar","top","workflowInfoTD","workflowTableTD"],["Label_Tabel_Workflow_Info","Label_Tabel_Workflow_Info_Label_Btn_","Label_Tabel_Workflow_Info_Label_Img__","MainTable","WF_IFrame","WF_TableIFrame","__notify_type_ddcbdbcfbacb_sysWfBusinessForm.fdSystemNotifyType","changeProcessorDIV","checkChangeFlowTR","currentNodeDescription","dayOfNotifyDrafter","descriptionRow","fdFlowDescription","fdLastPeriodUrl","fdMonthReportUrl","flowGraphic","flowGraphicShowCheckbox","flowLogTableTD","handlerIdentityRow","handlerShowNames[]","hourOfNotifyDrafter","lbpm_highLevelTab","lui-id-","lui_validate_message","manualBranchNodeRow","manualNodeSelectTD","minuteOfNotifyDrafter","modifyFlowDIV","nextNodeName[]","nextNodeTD","nodeCanViewCurNodeTR","notifyDraftOnFinish","notifyLevelRow","notifyLevelTD","notifyTypeRow","operationMethodsGroup","operationMethodsRow","optionButtons","otherCanViewCurNodeTR","process_review_tabcontent","showDetails","sysWfBusinessForm.canStartProcess","sysWfBusinessForm.fdAdditionsParameterJson","sysWfBusinessForm.fdAuditNoteFdId","sysWfBusinessForm.fdCurHanderId","sysWfBusinessForm.fdCurNodeSavedXML","sysWfBusinessForm.fdCurNodeXML","sysWfBusinessForm.fdDraftorId","sysWfBusinessForm.fdDraftorName","sysWfBusinessForm.fdFlowContent","sysWfBusinessForm.fdHandlerRoleInfoIds","sysWfBusinessForm.fdHandlerRoleInfoNames","sysWfBusinessForm.fdIdentityId","sysWfBusinessForm.fdIsModify","sysWfBusinessForm.fdKey","sysWfBusinessForm.fdModelId","sysWfBusinessForm.fdModelName","sysWfBusinessForm.fdParameterJson","sysWfBusinessForm.fdProcessId","sysWfBusinessForm.fdProcessStatus","sysWfBusinessForm.fdTemplateKey","sysWfBusinessForm.fdTemplateModelName","sysWfBusinessForm.fdTranProcessXML","systemNotifyTypeTD","toolbar","top","workflowInfoTD","workflowTableTD"],["Label_Tabel_Workflow_Info","Label_Tabel_Workflow_Info_Label_Btn_","Label_Tabel_Workflow_Info_Label_Img__","MainTable","WF_IFrame","WF_TableIFrame","__notify_type_cedcdcaa_sysWfBusinessForm.fdSystemNotifyType","changeProcessorDIV","checkChangeFlowTR","currentNodeDescription","dayOfNotifyDrafter","descriptionRow","fdFlowDescription","flowGraphic","flowGraphicShowCheckbox","flowLogTableTD","handlerIdentityRow","handlerShowNames[]","hourOfNotifyDrafter","lbpm_highLevelTab","lui-id-","lui_validate_message","manualBranchNodeRow","manualNodeSelectTD","minuteOfNotifyDrafter","modifyFlowDIV","nextNodeName[]","nextNodeTD","nodeCanViewCurNodeTR","notifyDraftOnFinish","notifyLevelRow","notifyLevelTD","notifyTypeRow","operationMethodsGroup","operationMethodsRow","optionButtons","otherCanViewCurNodeTR","process_review_tabcontent","showDetails","sysWfBusinessForm.canStartProcess","sysWfBusinessForm.fdAdditionsParameterJson","sysWfBusinessForm.fdAuditNoteFdId","sysWfBusinessForm.fdCurHanderId","sysWfBusinessForm.fdCurNodeSavedXML","sysWfBusinessForm.fdCurNodeXML","sysWfBusinessForm.fdDraftorId","sysWfBusinessForm.fdDraftorName","sysWfBusinessForm.fdFlowContent","sysWfBusinessForm.fdHandlerRoleInfoIds","sysWfBusinessForm.fdHandlerRoleInfoNames","sysWfBusinessForm.fdIdentityId","sysWfBusinessForm.fdIsModify","sysWfBusinessForm.fdKey","sysWfBusinessForm.fdModelId","sysWfBusinessForm.fdModelName","sysWfBusinessForm.fdParameterJson","sysWfBusinessForm.fdProcessId","sysWfBusinessForm.fdProcessStatus","sysWfBusinessForm.fdTemplateKey","sysWfBusinessForm.fdTemplateModelName","sysWfBusinessForm.fdTranProcessXML","systemNotifyTypeTD","toolbar","top","workflowInfoTD","workflowTableTD"],["Label_Tabel_Workflow_Info","Label_Tabel_Workflow_Info_Label_Btn_","Label_Tabel_Workflow_Info_Label_Img__","MainTable","TABLE_DAILY_PLAN","WF_IFrame","WF_TableIFrame","__notify_type_eaeadeedec_sysWfBusinessForm.fdSystemNotifyType","changeProcessorDIV","checkChangeFlowTR","currentNodeDescription","dayOfNotifyDrafter","descriptionRow","fdFlowDescription","fdLastPeriodUrl","fdMonthReportUrl","flowGraphic","flowGraphicShowCheckbox","flowLogTableTD","handlerIdentityRow","handlerShowNames[]","hourOfNotifyDrafter","lbpm_highLevelTab","lui-id-","lui_validate_message","manualBranchNodeRow","manualNodeSelectTD","minuteOfNotifyDrafter","modifyFlowDIV","nextNodeName[]","nextNodeTD","nodeCanViewCurNodeTR","notifyDraftOnFinish","notifyLevelRow","notifyLevelTD","notifyTypeRow","operationMethodsGroup","operationMethodsRow","optionButtons","otherCanViewCurNodeTR","process_review_tabcontent","showDetails","sysWfBusinessForm.canStartProcess","sysWfBusinessForm.fdAdditionsParameterJson","sysWfBusinessForm.fdAuditNoteFdId","sysWfBusinessForm.fdCurHanderId","sysWfBusinessForm.fdCurNodeSavedXML","sysWfBusinessForm.fdCurNodeXML","sysWfBusinessForm.fdDraftorId","sysWfBusinessForm.fdDraftorName","sysWfBusinessForm.fdFlowContent","sysWfBusinessForm.fdHandlerRoleInfoIds","sysWfBusinessForm.fdHandlerRoleInfoNames","sysWfBusinessForm.fdIdentityId","sysWfBusinessForm.fdIsModify","sysWfBusinessForm.fdKey","sysWfBusinessForm.fdModelId","sysWfBusinessForm.fdModelName","sysWfBusinessForm.fdParameterJson","sysWfBusinessForm.fdProcessId","sysWfBusinessForm.fdProcessStatus","sysWfBusinessForm.fdTemplateKey","sysWfBusinessForm.fdTemplateModelName","sysWfBusinessForm.fdTranProcessXML","systemNotifyTypeTD","toolbar","top","workflowInfoTD","workflowTableTD"],["Label_Tabel_Workflow_Info","Label_Tabel_Workflow_Info_Label_Btn_","Label_Tabel_Workflow_Info_Label_Img__","MainTable","WF_IFrame","WF_TableIFrame","__notify_type_ebdefcbba_sysWfBusinessForm.fdSystemNotifyType","changeProcessorDIV","checkChangeFlowTR","currentNodeDescription","dayOfNotifyDrafter","descriptionRow","dialog_iframe","fdFlowDescription","fdLastPeriodUrl","fdMonthReportUrl","flowGraphic","flowGraphicShowCheckbox","flowLogTableTD","handlerIdentityRow","handlerShowNames[]","hourOfNotifyDrafter","lbpm_highLevelTab","lui-id-","lui_validate_message","manualBranchNodeRow","manualNodeSelectTD","minuteOfNotifyDrafter","modifyFlowDIV","nextNodeName[]","nextNodeTD","nodeCanViewCurNodeTR","notifyDraftOnFinish","notifyLevelRow","notifyLevelTD","notifyTypeRow","operationMethodsGroup","operationMethodsRow","optionButtons","otherCanViewCurNodeTR","process_review_tabcontent","showDetails","sysWfBusinessForm.canStartProcess","sysWfBusinessForm.fdAdditionsParameterJson","sysWfBusinessForm.fdAuditNoteFdId","sysWfBusinessForm.fdCurHanderId","sysWfBusinessForm.fdCurNodeSavedXML","sysWfBusinessForm.fdCurNodeXML","sysWfBusinessForm.fdDraftorId","sysWfBusinessForm.fdDraftorName","sysWfBusinessForm.fdFlowContent","sysWfBusinessForm.fdHandlerRoleInfoIds","sysWfBusinessForm.fdHandlerRoleInfoNames","sysWfBusinessForm.fdIdentityId","sysWfBusinessForm.fdIsModify","sysWfBusinessForm.fdKey","sysWfBusinessForm.fdModelId","sysWfBusinessForm.fdModelName","sysWfBusinessForm.fdParameterJson","sysWfBusinessForm.fdProcessId","sysWfBusinessForm.fdProcessStatus","sysWfBusinessForm.fdTemplateKey","sysWfBusinessForm.fdTemplateModelName","sysWfBusinessForm.fdTranProcessXML","systemNotifyTypeTD","toolbar","top","workflowInfoTD","workflowTableTD"],["Label_Tabel_Workflow_Info","Label_Tabel_Workflow_Info_Label_Btn_","Label_Tabel_Workflow_Info_Label_Img__","MainTable","SWFUpload_","TABLE_LAST_MONTH_PLAN","TABLE_MONTH_PLAN","WF_IFrame","WF_TableIFrame","_List_cmDailyEngWorkReportAttachment_Attachment_Table","__notify_type_bbaadebe_sysWfBusinessForm.fdSystemNotifyType","att_xtable_cmDailyEngWorkReportAttachment","attachmentObject_cmDailyEngWorkReportAttachment_content_div","changeProcessorDIV","checkChangeFlowTR","currentNodeDescription","dayOfNotifyDrafter","descriptionRow","fdFlowDescription","flowGraphic","flowGraphicShowCheckbox","flowLogTableTD","handlerIdentityRow","handlerShowNames[]","hourOfNotifyDrafter","lbpm_highLevelTab","lui-id-","lui_validate_message","manualBranchNodeRow","manualNodeSelectTD","minuteOfNotifyDrafter","modifyFlowDIV","nextNodeName[]","nextNodeTD","nodeCanViewCurNodeTR","notifyDraftOnFinish","notifyLevelRow","notifyLevelTD","notifyTypeRow","operationMethodsGroup","operationMethodsRow","optionButtons","otherCanViewCurNodeTR","process_review_tabcontent","showDetails","sysWfBusinessForm.canStartProcess","sysWfBusinessForm.fdAdditionsParameterJson","sysWfBusinessForm.fdAuditNoteFdId","sysWfBusinessForm.fdCurHanderId","sysWfBusinessForm.fdCurNodeSavedXML","sysWfBusinessForm.fdCurNodeXML","sysWfBusinessForm.fdDraftorId","sysWfBusinessForm.fdDraftorName","sysWfBusinessForm.fdFlowContent","sysWfBusinessForm.fdHandlerRoleInfoIds","sysWfBusinessForm.fdHandlerRoleInfoNames","sysWfBusinessForm.fdIdentityId","sysWfBusinessForm.fdIsModify","sysWfBusinessForm.fdKey","sysWfBusinessForm.fdModelId","sysWfBusinessForm.fdModelName","sysWfBusinessForm.fdParameterJson","sysWfBusinessForm.fdProcessId","sysWfBusinessForm.fdProcessStatus","sysWfBusinessForm.fdTemplateKey","sysWfBusinessForm.fdTemplateModelName","sysWfBusinessForm.fdTranProcessXML","systemNotifyTypeTD","toolbar","top","workflowInfoTD","workflowTableTD"],["Label_Tabel_Workflow_Info","Label_Tabel_Workflow_Info_Label_Btn_","Label_Tabel_Workflow_Info_Label_Img__","MainTable","SWFUpload_","TABLE_LAST_MONTH_PLAN","TABLE_MONTH_PLAN","WF_IFrame","WF_TableIFrame","_List_cmDailyEngWorkReportAttachment_Attachment_Table","__notify_type_bfbadabedfddcdd_sysWfBusinessForm.fdSystemNotifyType","att_xtable_cmDailyEngWorkReportAttachment","attachmentObject_cmDailyEngWorkReportAttachment_content_div","changeProcessorDIV","checkChangeFlowTR","currentNodeDescription","dayOfNotifyDrafter","descriptionRow","fdFlowDescription","flowGraphic","flowGraphicShowCheckbox","flowLogTableTD","handlerIdentityRow","handlerShowNames[]","hourOfNotifyDrafter","lbpm_highLevelTab","lui-id-","lui_validate_message","manualBranchNodeRow","manualNodeSelectTD","minuteOfNotifyDrafter","modifyFlowDIV","nextNodeName[]","nextNodeTD","nodeCanViewCurNodeTR","notifyDraftOnFinish","notifyLevelRow","notifyLevelTD","notifyTypeRow","operationMethodsGroup","operationMethodsRow","optionButtons","otherCanViewCurNodeTR","process_review_tabcontent","showDetails","sysWfBusinessForm.canStartProcess","sysWfBusinessForm.fdAdditionsParameterJson","sysWfBusinessForm.fdAuditNoteFdId","sysWfBusinessForm.fdCurHanderId","sysWfBusinessForm.fdCurNodeSavedXML","sysWfBusinessForm.fdCurNodeXML","sysWfBusinessForm.fdDraftorId","sysWfBusinessForm.fdDraftorName","sysWfBusinessForm.fdFlowContent","sysWfBusinessForm.fdHandlerRoleInfoIds","sysWfBusinessForm.fdHandlerRoleInfoNames","sysWfBusinessForm.fdIdentityId","sysWfBusinessForm.fdIsModify","sysWfBusinessForm.fdKey","sysWfBusinessForm.fdModelId","sysWfBusinessForm.fdModelName","sysWfBusinessForm.fdParameterJson","sysWfBusinessForm.fdProcessId","sysWfBusinessForm.fdProcessStatus","sysWfBusinessForm.fdTemplateKey","sysWfBusinessForm.fdTemplateModelName","sysWfBusinessForm.fdTranProcessXML","systemNotifyTypeTD","toolbar","top","workflowInfoTD","workflowTableTD"]]}},"page/classes":{"contexts":{"context2_htk8BV":[["btnlabel","clearfloat","clr","com_btn_link","com_goto","com_gototop","com_help","handlerNamesLabel","inputMul","inputSgl","lbpmNextRouteInfoRow","lui-component","lui_dialog_bottomC","lui_dialog_bottomL","lui_dialog_bottomR","lui_dialog_buttons","lui_dialog_centerC","lui_dialog_centerL","lui_dialog_centerR","lui_dialog_container","lui_dialog_content","lui_dialog_frame","lui_dialog_head","lui_dialog_headL","lui_dialog_headR","lui_dialog_head_left","lui_dialog_head_right","lui_form_content","lui_form_content_frame","lui_form_path_frame","lui_form_sidebar","lui_icon_s","lui_icon_s_home","lui_item","lui_item_content","lui_item_left","lui_item_right","lui_item_txt","lui_menu_content","lui_menu_frame_nav","lui_menu_item","lui_menu_item_split","lui_menu_left","lui_menu_right","lui_panel_content_inside","lui_portlet_operations","lui_tabpage_float_content","lui_tabpage_float_content_c","lui_tabpage_float_content_l","lui_tabpage_float_content_r","lui_tabpage_float_contents","lui_tabpage_float_footer_c","lui_tabpage_float_footer_l","lui_tabpage_float_footer_r","lui_tabpage_float_header_c","lui_tabpage_float_header_close","lui_tabpage_float_header_l","lui_tabpage_float_header_r","lui_tabpage_float_header_text","lui_tabpage_float_header_title","lui_tabpage_float_nav_item","lui_tabpage_float_nav_item_c","lui_tabpage_float_nav_item_l","lui_tabpage_float_nav_item_r","lui_tabpage_float_navs","lui_tabpage_float_navs_c","lui_tabpage_float_navs_l","lui_tabpage_float_navs_mark","lui_tabpage_float_navs_r","lui_tabpage_frame","lui_toolbar_btn","lui_toolbar_btn_c","lui_toolbar_btn_l","lui_toolbar_btn_r","lui_toolbar_content","lui_toolbar_frame_float","lui_toolbar_frame_float_mark","lui_toolbar_left","lui_toolbar_right","lui_widget_btn","lui_widget_btn_txt","nodeinfo_box","process_review_panel","selected","tb_label","tb_noborder","tb_normal","td_label","td_normal_title","tr_normal_title","txttitle"],["btnlabel","clearfloat","com_btn_link","com_goto","com_gototop","com_help","handlerNamesLabel","input","inputMul","inputSgl","inputselectsgl","lbpmNextRouteInfoRow","lui-component","lui_form_content","lui_form_content_frame","lui_form_path_frame","lui_form_sidebar","lui_icon_s","lui_icon_s_home","lui_item","lui_item_content","lui_item_left","lui_item_right","lui_item_txt","lui_menu_content","lui_menu_frame_nav","lui_menu_item","lui_menu_item_split","lui_menu_left","lui_menu_right","lui_panel_content_inside","lui_portlet_operations","lui_tabpage_float_content","lui_tabpage_float_content_c","lui_tabpage_float_content_l","lui_tabpage_float_content_r","lui_tabpage_float_contents","lui_tabpage_float_footer_c","lui_tabpage_float_footer_l","lui_tabpage_float_footer_r","lui_tabpage_float_header_c","lui_tabpage_float_header_close","lui_tabpage_float_header_l","lui_tabpage_float_header_r","lui_tabpage_float_header_text","lui_tabpage_float_header_title","lui_tabpage_float_nav_item","lui_tabpage_float_nav_item_c","lui_tabpage_float_nav_item_l","lui_tabpage_float_nav_item_r","lui_tabpage_float_navs","lui_tabpage_float_navs_c","lui_tabpage_float_navs_l","lui_tabpage_float_navs_mark","lui_tabpage_float_navs_r","lui_tabpage_frame","lui_toolbar_btn","lui_toolbar_btn_c","lui_toolbar_btn_l","lui_toolbar_btn_r","lui_toolbar_content","lui_toolbar_frame_float","lui_toolbar_frame_float_mark","lui_toolbar_left","lui_toolbar_right","lui_widget_btn","lui_widget_btn_txt","nodeinfo_box","process_review_panel","selected","selectitem","tb_label","tb_noborder","tb_normal","td_label","td_normal_title","tr_normal_title","txttitle"],["btnlabel","clearfloat","com_btn_link","com_goto","com_gototop","com_help","handlerNamesLabel","inputMul","inputSgl","lbpmNextRouteInfoRow","lui-component","lui_form_content","lui_form_content_frame","lui_form_path_frame","lui_form_sidebar","lui_icon_on","lui_icon_s","lui_icon_s_home","lui_item","lui_item_content","lui_item_left","lui_item_right","lui_item_txt","lui_menu_content","lui_menu_frame_nav","lui_menu_item","lui_menu_item_split","lui_menu_left","lui_menu_right","lui_panel_content_inside","lui_portlet_operations","lui_tabpage_float_content","lui_tabpage_float_content_c","lui_tabpage_float_content_l","lui_tabpage_float_content_r","lui_tabpage_float_contents","lui_tabpage_float_footer_c","lui_tabpage_float_footer_l","lui_tabpage_float_footer_r","lui_tabpage_float_header_c","lui_tabpage_float_header_close","lui_tabpage_float_header_l","lui_tabpage_float_header_r","lui_tabpage_float_header_text","lui_tabpage_float_header_title","lui_tabpage_float_nav_item","lui_tabpage_float_nav_item_c","lui_tabpage_float_nav_item_l","lui_tabpage_float_nav_item_r","lui_tabpage_float_navs","lui_tabpage_float_navs_c","lui_tabpage_float_navs_l","lui_tabpage_float_navs_mark","lui_tabpage_float_navs_r","lui_tabpage_frame","lui_toolbar_btn","lui_toolbar_btn_c","lui_toolbar_btn_l","lui_toolbar_btn_on","lui_toolbar_btn_r","lui_toolbar_content","lui_toolbar_frame_float","lui_toolbar_frame_float_mark","lui_toolbar_left","lui_toolbar_right","lui_widget_btn","lui_widget_btn_txt","nodeinfo_box","process_review_panel","selected","tb_label","tb_noborder","tb_normal","td_label","td_normal_title","tr_normal_title","txtstrong","txttitle"],["btnlabel","clearfloat","clr","com_btn_link","com_goto","com_gototop","com_help","handlerNamesLabel","input","inputMul","inputSgl","inputselectsgl","lbpmNextRouteInfoRow","lui-component","lui_dialog_bottomC","lui_dialog_bottomL","lui_dialog_bottomR","lui_dialog_buttons_container","lui_dialog_centerC","lui_dialog_centerL","lui_dialog_centerR","lui_dialog_common_buttons","lui_dialog_common_content_inside","lui_dialog_common_content_right","lui_dialog_container","lui_dialog_content_question","lui_dialog_frame","lui_dialog_head","lui_dialog_headL","lui_dialog_headR","lui_dialog_head_left","lui_dialog_head_right","lui_form_content","lui_form_content_frame","lui_form_path_frame","lui_form_sidebar","lui_icon_s","lui_icon_s_home","lui_item","lui_item_content","lui_item_left","lui_item_right","lui_item_txt","lui_menu_content","lui_menu_frame_nav","lui_menu_item","lui_menu_item_split","lui_menu_left","lui_menu_right","lui_panel_content_inside","lui_portlet_operations","lui_tabpage_float_content","lui_tabpage_float_content_c","lui_tabpage_float_content_l","lui_tabpage_float_content_r","lui_tabpage_float_contents","lui_tabpage_float_footer_c","lui_tabpage_float_footer_l","lui_tabpage_float_footer_r","lui_tabpage_float_header_c","lui_tabpage_float_header_close","lui_tabpage_float_header_l","lui_tabpage_float_header_r","lui_tabpage_float_header_text","lui_tabpage_float_header_title","lui_tabpage_float_nav_item","lui_tabpage_float_nav_item_c","lui_tabpage_float_nav_item_l","lui_tabpage_float_nav_item_r","lui_tabpage_float_navs","lui_tabpage_float_navs_c","lui_tabpage_float_navs_l","lui_tabpage_float_navs_mark","lui_tabpage_float_navs_r","lui_tabpage_frame","lui_toolbar_btn","lui_toolbar_btn_c","lui_toolbar_btn_def","lui_toolbar_btn_gray","lui_toolbar_btn_l","lui_toolbar_btn_r","lui_toolbar_content","lui_toolbar_frame_float","lui_toolbar_frame_float_mark","lui_toolbar_left","lui_toolbar_right","lui_widget_btn","lui_widget_btn_txt","nodeinfo_box","process_review_panel","selected","selectitem","tb_label","tb_noborder","tb_normal","td_label","td_normal_title","tr_normal_title","txtstrong","txttitle"],["btnlabel","clearfloat","clr","com_btn_link","com_goto","com_gototop","com_help","handlerNamesLabel","input","inputMul","inputSgl","inputselectsgl","lbpmNextRouteInfoRow","lui-component","lui_dialog_bottomC","lui_dialog_bottomL","lui_dialog_bottomR","lui_dialog_buttons","lui_dialog_centerC","lui_dialog_centerL","lui_dialog_centerR","lui_dialog_container","lui_dialog_content","lui_dialog_frame","lui_dialog_head","lui_dialog_headL","lui_dialog_headR","lui_dialog_head_left","lui_dialog_head_right","lui_form_content","lui_form_content_frame","lui_form_path_frame","lui_form_sidebar","lui_icon_s","lui_icon_s_home","lui_item","lui_item_content","lui_item_left","lui_item_right","lui_item_txt","lui_menu_content","lui_menu_frame_nav","lui_menu_item","lui_menu_item_split","lui_menu_left","lui_menu_right","lui_panel_content_inside","lui_portlet_operations","lui_tabpage_float_content","lui_tabpage_float_content_c","lui_tabpage_float_content_l","lui_tabpage_float_content_r","lui_tabpage_float_contents","lui_tabpage_float_footer_c","lui_tabpage_float_footer_l","lui_tabpage_float_footer_r","lui_tabpage_float_header_c","lui_tabpage_float_header_close","lui_tabpage_float_header_l","lui_tabpage_float_header_r","lui_tabpage_float_header_text","lui_tabpage_float_header_title","lui_tabpage_float_nav_item","lui_tabpage_float_nav_item_c","lui_tabpage_float_nav_item_l","lui_tabpage_float_nav_item_r","lui_tabpage_float_navs","lui_tabpage_float_navs_c","lui_tabpage_float_navs_l","lui_tabpage_float_navs_mark","lui_tabpage_float_navs_r","lui_tabpage_frame","lui_toolbar_btn","lui_toolbar_btn_c","lui_toolbar_btn_l","lui_toolbar_btn_r","lui_toolbar_content","lui_toolbar_frame_float","lui_toolbar_frame_float_mark","lui_toolbar_left","lui_toolbar_right","lui_widget_btn","lui_widget_btn_txt","nodeinfo_box","process_review_panel","selected","selectitem","tb_label","tb_noborder","tb_normal","td_label","td_normal_title","tr_normal_title","txttitle"],["btnlabel","clearfloat","com_btn_link","com_goto","com_gototop","com_help","handlerNamesLabel","inputMul","inputSgl","inputsgl","lbpmNextRouteInfoRow","lui-component","lui_form_content","lui_form_content_frame","lui_form_path_frame","lui_form_sidebar","lui_icon_s","lui_icon_s_home","lui_item","lui_item_content","lui_item_left","lui_item_right","lui_item_txt","lui_menu_content","lui_menu_frame_nav","lui_menu_item","lui_menu_item_split","lui_menu_left","lui_menu_right","lui_panel_content_inside","lui_portlet_operations","lui_tabpage_float_content","lui_tabpage_float_content_c","lui_tabpage_float_content_l","lui_tabpage_float_content_r","lui_tabpage_float_contents","lui_tabpage_float_footer_c","lui_tabpage_float_footer_l","lui_tabpage_float_footer_r","lui_tabpage_float_header_c","lui_tabpage_float_header_close","lui_tabpage_float_header_l","lui_tabpage_float_header_r","lui_tabpage_float_header_text","lui_tabpage_float_header_title","lui_tabpage_float_nav_item","lui_tabpage_float_nav_item_c","lui_tabpage_float_nav_item_l","lui_tabpage_float_nav_item_r","lui_tabpage_float_navs","lui_tabpage_float_navs_c","lui_tabpage_float_navs_l","lui_tabpage_float_navs_mark","lui_tabpage_float_navs_r","lui_tabpage_frame","lui_toolbar_btn","lui_toolbar_btn_c","lui_toolbar_btn_l","lui_toolbar_btn_r","lui_toolbar_content","lui_toolbar_frame_float","lui_toolbar_frame_float_mark","lui_toolbar_left","lui_toolbar_right","lui_widget_btn","lui_widget_btn_txt","nodeinfo_box","process_review_panel","selected","swfupload","swfuploadbutton","swfuploadtext","tb_label","tb_noborder","tb_normal","td_label","td_normal_title","tr_normal_title","txtstrong","txttitle","uploadinfotext"]]}},"page/tagTriplets":{"contexts":{"context2_htk8BV":[["-/-/DIV","-/-/SCRIPT","-/-/TABLE","-/DIV/DIV","-/DIV/IFRAME","-/TABLE/TBODY","DIV/DIV/DIV","DIV/DIV/IFRAME","DIV/DIV/INPUT-hidden","DIV/DIV/LINK","DIV/DIV/P","DIV/DIV/SCRIPT","DIV/DIV/TABLE","DIV/FORM/DIV","DIV/FORM/INPUT-hidden","DIV/FORM/P","DIV/LABEL/B","DIV/NOBR/LABEL","DIV/TABLE/TBODY","FORM/DIV/DIV","FORM/DIV/TABLE","NOBR/LABEL/INPUT-radio","TABLE/TBODY/SCRIPT","TABLE/TBODY/TR","TBODY/TR/TD","TD/DIV/DIV","TD/DIV/FORM","TD/DIV/INPUT-hidden","TD/DIV/LABEL","TD/DIV/LINK","TD/DIV/NOBR","TD/DIV/SCRIPT","TD/LABEL/A","TD/LABEL/INPUT-checkbox","TD/LABEL/INPUT-radio","TD/LABEL/SPAN","TD/NOBR/IMG","TD/NOBR/INPUT-button","TD/SELECT/OPTION","TD/TABLE/TBODY","TR/TD/A","TR/TD/BR","TR/TD/DIV","TR/TD/IFRAME","TR/TD/INPUT-hidden","TR/TD/INPUT-text","TR/TD/LABEL","TR/TD/NOBR","TR/TD/SCRIPT","TR/TD/SELECT","TR/TD/SPAN","TR/TD/TABLE","TR/TD/TEXTAREA"],["-/-/DIV","-/-/SCRIPT","-/-/TABLE","-/DIV/DIV","-/TABLE/TBODY","DIV/DIV/DIV","DIV/DIV/IFRAME","DIV/DIV/INPUT-hidden","DIV/DIV/INPUT-text","DIV/DIV/LINK","DIV/DIV/P","DIV/DIV/SCRIPT","DIV/DIV/TABLE","DIV/FORM/DIV","DIV/FORM/INPUT-hidden","DIV/FORM/P","DIV/LABEL/B","DIV/NOBR/LABEL","DIV/TABLE/TBODY","FORM/DIV/DIV","FORM/DIV/TABLE","NOBR/LABEL/INPUT-radio","TABLE/TBODY/SCRIPT","TABLE/TBODY/TR","TBODY/TR/TD","TD/DIV/DIV","TD/DIV/FORM","TD/DIV/INPUT-hidden","TD/DIV/LABEL","TD/DIV/LINK","TD/DIV/NOBR","TD/DIV/SCRIPT","TD/LABEL/A","TD/LABEL/INPUT-checkbox","TD/LABEL/INPUT-radio","TD/LABEL/SPAN","TD/NOBR/IMG","TD/NOBR/INPUT-button","TD/SELECT/OPTION","TD/TABLE/TBODY","TR/TD/A","TR/TD/BR","TR/TD/DIV","TR/TD/IFRAME","TR/TD/INPUT-hidden","TR/TD/INPUT-text","TR/TD/LABEL","TR/TD/NOBR","TR/TD/SCRIPT","TR/TD/SELECT","TR/TD/SPAN","TR/TD/TABLE","TR/TD/TEXTAREA"],["-/-/DIV","-/-/SCRIPT","-/-/TABLE","-/DIV/DIV","-/TABLE/TBODY","DIV/DIV/DIV","DIV/DIV/IFRAME","DIV/DIV/INPUT-hidden","DIV/DIV/LINK","DIV/DIV/P","DIV/DIV/SCRIPT","DIV/DIV/TABLE","DIV/FORM/DIV","DIV/FORM/INPUT-hidden","DIV/FORM/P","DIV/LABEL/B","DIV/NOBR/LABEL","DIV/TABLE/TBODY","FORM/DIV/DIV","FORM/DIV/TABLE","NOBR/LABEL/INPUT-radio","TABLE/TBODY/SCRIPT","TABLE/TBODY/TR","TBODY/TR/TD","TD/DIV/DIV","TD/DIV/FORM","TD/DIV/INPUT-hidden","TD/DIV/LABEL","TD/DIV/LINK","TD/DIV/NOBR","TD/DIV/SCRIPT","TD/LABEL/A","TD/LABEL/INPUT-checkbox","TD/LABEL/INPUT-radio","TD/LABEL/SPAN","TD/NOBR/IMG","TD/NOBR/INPUT-button","TD/SELECT/OPTION","TD/TABLE/TBODY","TR/TD/A","TR/TD/BR","TR/TD/DIV","TR/TD/IFRAME","TR/TD/INPUT-hidden","TR/TD/INPUT-text","TR/TD/LABEL","TR/TD/NOBR","TR/TD/SCRIPT","TR/TD/SELECT","TR/TD/SPAN","TR/TD/TABLE","TR/TD/TEXTAREA"],["-/-/DIV","-/-/SCRIPT","-/-/TABLE","-/DIV/DIV","-/DIV/IFRAME","-/TABLE/TBODY","DIV/DIV/DIV","DIV/DIV/IFRAME","DIV/DIV/INPUT-hidden","DIV/DIV/INPUT-text","DIV/DIV/LINK","DIV/DIV/P","DIV/DIV/SCRIPT","DIV/DIV/TABLE","DIV/FORM/DIV","DIV/FORM/INPUT-hidden","DIV/FORM/P","DIV/LABEL/B","DIV/NOBR/LABEL","DIV/TABLE/TBODY","FORM/DIV/DIV","FORM/DIV/TABLE","NOBR/LABEL/INPUT-radio","TABLE/TBODY/SCRIPT","TABLE/TBODY/TR","TBODY/TR/INPUT-hidden","TBODY/TR/TD","TD/DIV/A","TD/DIV/DIV","TD/DIV/FORM","TD/DIV/INPUT-hidden","TD/DIV/LABEL","TD/DIV/LINK","TD/DIV/NOBR","TD/DIV/SCRIPT","TD/LABEL/A","TD/LABEL/INPUT-checkbox","TD/LABEL/INPUT-radio","TD/LABEL/SPAN","TD/NOBR/IMG","TD/NOBR/INPUT-button","TD/SELECT/OPTION","TD/TABLE/TBODY","TR/TD/A","TR/TD/BR","TR/TD/DIV","TR/TD/IFRAME","TR/TD/INPUT-hidden","TR/TD/INPUT-text","TR/TD/LABEL","TR/TD/NOBR","TR/TD/SCRIPT","TR/TD/SELECT","TR/TD/SPAN","TR/TD/TABLE","TR/TD/TEXTAREA"],["-/-/DIV","-/-/SCRIPT","-/-/TABLE","-/DIV/DIV","-/DIV/IFRAME","-/TABLE/TBODY","DIV/DIV/DIV","DIV/DIV/IFRAME","DIV/DIV/INPUT-hidden","DIV/DIV/INPUT-text","DIV/DIV/LINK","DIV/DIV/P","DIV/DIV/SCRIPT","DIV/DIV/TABLE","DIV/FORM/DIV","DIV/FORM/INPUT-hidden","DIV/FORM/P","DIV/LABEL/B","DIV/NOBR/LABEL","DIV/TABLE/TBODY","FORM/DIV/DIV","FORM/DIV/TABLE","NOBR/LABEL/INPUT-radio","TABLE/TBODY/SCRIPT","TABLE/TBODY/TR","TBODY/TR/TD","TD/DIV/DIV","TD/DIV/FORM","TD/DIV/INPUT-hidden","TD/DIV/LABEL","TD/DIV/LINK","TD/DIV/NOBR","TD/DIV/SCRIPT","TD/LABEL/A","TD/LABEL/INPUT-checkbox","TD/LABEL/INPUT-radio","TD/LABEL/SPAN","TD/NOBR/IMG","TD/NOBR/INPUT-button","TD/SELECT/OPTION","TD/TABLE/TBODY","TR/TD/A","TR/TD/BR","TR/TD/DIV","TR/TD/IFRAME","TR/TD/INPUT-hidden","TR/TD/INPUT-text","TR/TD/LABEL","TR/TD/NOBR","TR/TD/SCRIPT","TR/TD/SELECT","TR/TD/SPAN","TR/TD/TABLE","TR/TD/TEXTAREA"],["-/-/DIV","-/-/SCRIPT","-/-/TABLE","-/DIV/DIV","-/TABLE/TBODY","DIV/DIV/DIV","DIV/DIV/IFRAME","DIV/DIV/INPUT-hidden","DIV/DIV/LINK","DIV/DIV/OBJECT","DIV/DIV/P","DIV/DIV/SCRIPT","DIV/DIV/TABLE","DIV/FORM/DIV","DIV/FORM/INPUT-hidden","DIV/FORM/P","DIV/LABEL/B","DIV/NOBR/LABEL","DIV/OBJECT/PARAM","DIV/TABLE/TBODY","FORM/DIV/DIV","FORM/DIV/TABLE","NOBR/LABEL/INPUT-radio","TABLE/TBODY/SCRIPT","TABLE/TBODY/TR","TBODY/TR/INPUT-hidden","TBODY/TR/TD","TD/DIV/DIV","TD/DIV/FORM","TD/DIV/INPUT-hidden","TD/DIV/LABEL","TD/DIV/LINK","TD/DIV/NOBR","TD/DIV/SCRIPT","TD/DIV/TABLE","TD/LABEL/A","TD/LABEL/INPUT-checkbox","TD/LABEL/INPUT-radio","TD/LABEL/SPAN","TD/NOBR/IMG","TD/NOBR/INPUT-button","TD/SELECT/OPTION","TD/TABLE/TBODY","TR/TD/A","TR/TD/BR","TR/TD/DIV","TR/TD/IFRAME","TR/TD/INPUT-hidden","TR/TD/INPUT-text","TR/TD/LABEL","TR/TD/LINK","TR/TD/NOBR","TR/TD/SCRIPT","TR/TD/SELECT","TR/TD/SPAN","TR/TD/TABLE","TR/TD/TEXTAREA"]]}}}}