{"version":"0.1","id":"lbpm_usage","targetURL":"https://7.carpoly.com/ekp/sys/lbpmservice/support/lbpm_usage/lbpmUsage_mainframe.jsp","jsFile":"index.js","chineseName":"常用审批语","description":"","controls":{"control9_iBzARJ":{"location":{"data":{"tagName":"P"},"userData":{"data":[],"force":false},"locators":[{"id":"@class/word","prob":1,"ordinal":[0,3],"value":"P.txttitle"},{"id":"path/ordinal","prob":1,"value":"/HTML[1]/BODY[1]/FORM[1]/P[1]"},{"id":"style/color","value":[62,158,206]},{"id":"elderLevel","value":{"level":0}}]},"events":{"onGetData":"getData_control9_iBzARJ"},"intendedRole":"custom","roles":"element,custom","monitored":false,"frameXPath":"//frame[@id='topFrame']<<IFRAME>>"},"control10_qObC8A":{"location":{"data":{"tagName":"TABLE"},"userData":{"data":[],"force":false},"locators":[{"id":"@class/word","prob":1,"ordinal":[0,3],"value":"TABLE.tb_normal"},{"id":"path/ordinal","prob":1,"value":"/HTML[1]/BODY[1]/FORM[1]/CENTER[1]/TABLE[1]"}]},"events":{"onGetData":"getData_control10_qObC8A"},"intendedRole":"custom","roles":"element,custom","monitored":true,"frameXPath":"//frame[@id='topFrame']<<IFRAME>>"},"control34_ZNduTu":{"location":{"data":{"tagName":"DIV"},"userData":{"data":[],"force":false},"locators":[{"id":"@class/word","prob":1,"ordinal":[0,10],"value":"DIV.lui_dialog_container.clearfloat DIV.lui-component DIV.lui_dialog_common_content_right"},{"id":"path/ordinal","prob":1,"value":"/HTML[1]/BODY[1]/DIV[1]/DIV[1]/DIV[2]/DIV[1]/DIV[1]/DIV[1]/DIV[1]/DIV[2]"}]},"intendedRole":"dialog","roles":"element,dialog","monitored":false,"frameXPath":"//frame[@id='topFrame']<<IFRAME>>"},"control35_EapTkt":{"location":{"data":{"tagName":"DIV"},"userData":{"data":[],"force":false},"locators":[{"id":"text","prob":3,"ordinal":[0,2],"value":{"text":["当前页面处于编辑状态，你的数据可能未保存，是否仍要关闭窗口？"],"visText":["当前页面处于编辑状态，你的数据可能未保存，是否仍要关闭窗口？"]}},{"id":"@class/word","prob":1,"ordinal":[0,10],"value":"DIV.lui-component DIV.lui_dialog_common_content_right DIV.lui_dialog_common_content_inside"},{"id":"path/ordinal","prob":1,"value":"/HTML[1]/BODY[1]/DIV[1]/DIV[1]/DIV[2]/DIV[1]/DIV[1]/DIV[1]/DIV[1]/DIV[2]/DIV[1]"},{"id":"elderLevel","value":{"level":0}}]},"roles":"element","content":true,"monitored":false,"frameXPath":"//frame[@id='topFrame']<<IFRAME>>"},"control14_wIZuXI":{"location":{"data":{"tagName":"TABLE"},"userData":{"data":[],"force":false},"locators":[{"id":"@id/partialWord","prob":1,"disabled":true,"value":{"elemId":"lui-id-2","tagName":"DIV","prefix":"","suffix":"/DIV[1]/DIV[1]/DIV[1]/DIV[1]/DIV[1]/TABLE[1]","ratio":0.264}},{"id":"@class/word","prob":1,"ordinal":[0,3],"value":"DIV.lui_toolbar_left DIV.lui_toolbar_right DIV.lui_toolbar_content TABLE"},{"id":"path/ordinal","prob":1,"value":"/HTML[1]/BODY[1]/FORM[1]/DIV[1]/DIV[1]/DIV[1]/DIV[1]/DIV[1]/DIV[1]/TABLE[1]"}]},"events":{"onGetData":"getData_control14_wIZuXI"},"intendedRole":"custom","roles":"element,custom","monitored":true,"frameXPath":"//frame[@id='topFrame']<<IFRAME>>"},"control21_7fIA9A":{"location":{"data":{"tagName":"DIV"},"userData":{"data":[],"force":false},"locators":[{"id":"@class/word","prob":1,"ordinal":[0,4],"value":"DIV.lui_dialog_common_content_right DIV.lui_dialog_common_buttons.clearfloat DIV.lui_dialog_buttons_container"},{"id":"path/ordinal","prob":1,"value":"/HTML[1]/BODY[1]/DIV[1]/DIV[1]/DIV[2]/DIV[1]/DIV[1]/DIV[1]/DIV[1]/DIV[2]/DIV[2]/DIV[1]"}]},"events":{"onGetData":"getData_control21_7fIA9A"},"intendedRole":"custom","roles":"element,custom","monitored":true,"frameXPath":"//frame[@id='topFrame']<<IFRAME>>"}},"contexts":{"context3_fbHeAS":{"controls":["control9_iBzARJ","control10_qObC8A","control34_ZNduTu","control35_EapTkt","control14_wIZuXI","control21_7fIA9A"],"anchors":[],"urlAnchor":[]}},"flows":{"flow9_UoeBpc":{"toContexts":[{"toContextId":"context3_fbHeAS"}]},"flow10_8wRRP7":{"fromContextId":"context3_fbHeAS","fromAction":"doAction","fromControlId":"control10_qObC8A","toContexts":[{"toContextId":"context3_fbHeAS"}]},"flow28_0VQEDi":{"fromContextId":"context3_fbHeAS","fromAction":"click","fromControlId":"control34_ZNduTu","toContexts":[{"toContextId":"context3_fbHeAS"}]},"flow15_9rfR1s":{"fromContextId":"context3_fbHeAS","fromAction":"doAction","fromControlId":"control14_wIZuXI","toContexts":[{"toContextId":"context3_fbHeAS"}]},"flow16_si5xiZ":{"fromContextId":"context3_fbHeAS","fromAction":"doAction","fromControlId":"control21_7fIA9A","toContexts":[{"toContextId":"context3_fbHeAS"}]}},"pages":{"page3_SzscSQ":{"contextId":"context3_fbHeAS","layout":[{"id":"uiControl9_G2Vw46","controlId":"control9_iBzARJ","display":{"adapterId":"custom","type":"custom","adapter":{"templateType":"react","events":{"onDoAction":"doAction_uiControl9_G2Vw46","onGetTemplate":"getTemplate_uiControl9_G2Vw46"}}}},{"id":"uiControl10_n7ACMk","controlId":"control10_qObC8A","display":{"adapterId":"custom","type":"custom","adapter":{"templateType":"react","events":{"onDoAction":"doAction_uiControl10_n7ACMk","onGetTemplate":"getTemplate_uiControl10_n7ACMk"}}}},{"id":"uiControl11_zEtvuh","display":{"type":"sticky","adapterId":"sticky","adapter":{"templateType":""}},"layout":[{"id":"uiControl11_zEtvuhbody","display":{"type":"stickyBody","adapterId":"stickyBody","adapter":{"templateType":""}},"layout":[{"id":"uiControl17_xyC4P2","controlId":"control14_wIZuXI","display":{"adapterId":"custom","type":"custom","adapter":{"templateType":"react","events":{"onDoAction":"doAction_uiControl17_xyC4P2","onGetTemplate":"getTemplate_uiControl17_xyC4P2"}}}}]}]},{"id":"uiControl46_cWHAgP","controlId":"control34_ZNduTu","display":{"adapterId":"dialog","type":"dialog","adapter":{"templateType":""}},"layout":[{"id":"uiControl46_cWHAgPbody","display":{"type":"dialogBody","adapterId":"dialogBody","adapter":{"templateType":""}},"layout":[{"id":"uiControl47_yv9DTZ","controlId":"control35_EapTkt","display":{"adapterId":"content","type":"content","adapter":{"templateType":""}}}]},{"id":"uiControl46_cWHAgPfooter","display":{"type":"dialogFooter","adapterId":"dialogFooter","adapter":{"templateType":""}},"layout":[{"id":"uiControl18_cOWCCM","controlId":"control21_7fIA9A","display":{"adapterId":"custom","type":"custom","adapter":{"templateType":"react","events":{"onDoAction":"doAction_uiControl18_cOWCCM","onGetTemplate":"getTemplate_uiControl18_cOWCCM"}}}}]}]}]}},"matchers":{"page/title":{"contexts":{"context3_fbHeAS":["自定义审批语"]}},"page/urls":{"contexts":{"context3_fbHeAS":["7.carpoly.com/ekp/sys/lbpmservice/support/lbpm_usage/lbpmUsage_mainframe.jsp"]}},"page/ids":{"contexts":{"context3_fbHeAS":[["topFrame"]]}},"page/classes":{"contexts":{"context3_fbHeAS":[[]]}},"page/tagTriplets":{"contexts":{"context3_fbHeAS":[["-/-/FRAME"]]}}}}