{
  "version": "0.1",
  "id": "GroupList",
  "targetURL": "http://218.203.103.203:8082/oc/bes/sm/login/operator_ctz.html?type=2",
  "jsFile": "index.js",
  "chineseName": "集团成员管理-集团用户列表",
  "description": "集团成员管理-集团用户列表",
  "controls": {
    "control295_HCaxSg": {
      "location": {
        "data": {
          "tagName": "DIV"
        },
        "userData": {
          "data": [],
          "force": false
        },
        "locators": [
          {
            "id": "@id/word",
            "prob": 4,
            "value": [
              "descendant::DIV[@id=\"popwin_top\"]//DIV[@id=\"popwin_top_center\"]//DIV[@id=\"popwin_title\"]",
              "descendant::DIV[@id=\"popwin_top_center\"]//DIV[@id=\"popwin_title\"]",
              "descendant::DIV[@id=\"popwin_title\"]"
            ]
          },
          {
            "id": "path/ordinal",
            "prob": 1,
            "value": "/HTML[1]/BODY[1]/DIV[27]/DIV[1]/DIV[1]/DIV[2]/DIV[1]"
          },
          {
            "id": "elderLevel",
            "value": {
              "level": 0
            }
          }
        ]
      },
      "events": {
        "onGetData": "getData_control295_HCaxSg"
      },
      "intendedRole": "custom",
      "roles": "element,custom",
      "monitored": true,
      "frameXPath": "//iframe[1]<<IFRAME>>",
      "componentType": "custom"
    },
    "control296_mpsEmC": {
      "location": {
        "data": {
          "tagName": "DIV"
        },
        "userData": {
          "data": [],
          "force": false
        },
        "locators": [
          {
            "id": "@id/word",
            "prob": 3,
            "value": "descendant::DIV[@id=\"search_subscriber\"]"
          }
        ]
      },
      "events": {
        "onGetData": "getData_control296_mpsEmC"
      },
      "intendedRole": "custom",
      "roles": "element,custom",
      "monitored": true,
      "frameXPath": "//iframe[1]<<IFRAME>>",
      "componentType": "custom"
    },
    "control297_rk4Hp9": {
      "location": {
        "data": {
          "tagName": "SPAN"
        },
        "userData": {
          "data": [],
          "force": false
        },
        "locators": [
          {
            "id": "button/text",
            "prob": 3,
            "ordinal": [
              2,
              3
            ],
            "value": {
              "text": [
                "查询"
              ],
              "visText": [
                "查询"
              ]
            }
          },
          {
            "id": "@id/word",
            "prob": 3,
            "value": "descendant::SPAN[@id=\"search_subs\"]"
          }
        ]
      },
      "intendedRole": "button",
      "roles": "element,button",
      "monitored": true,
      "frameXPath": "//iframe[1]<<IFRAME>>",
      "componentType": "button"
    },
    "control298_V0LtvK": {
      "location": {
        "data": {
          "tagName": "SPAN"
        },
        "userData": {
          "data": [],
          "force": false
        },
        "locators": [
          {
            "id": "text",
            "prob": 3,
            "value": {
              "text": [
                "用户信息"
              ],
              "visText": [
                "用户信息"
              ]
            }
          },
          {
            "id": "@id/partialWord",
            "prob": 1,
            "disabled": true,
            "value": {
              "elemId": "win3",
              "tagName": "DIV",
              "prefix": "",
              "suffix": "/DIV[1]/DIV[2]/DIV[3]/DIV[1]/DIV[1]/UEE:INCLUDE[1]/DIV[1]/DIV[3]/SPAN[1]",
              "ratio": 0.213
            }
          },
          {
            "id": "elderLevel",
            "value": {
              "level": 0
            }
          }
        ]
      },
      "roles": "element",
      "content": true,
      "monitored": true,
      "frameXPath": "//iframe[1]<<IFRAME>>",
      "componentType": "content"
    },
    "control299_Pdwkb2": {
      "location": {
        "data": {
          "tagName": "DIV"
        },
        "userData": {
          "data": [],
          "force": false
        },
        "locators": [
          {
            "id": "@id/word",
            "prob": 2,
            "value": [
              "descendant::DIV[@id=\"prominfo_pageSplitDiv\"]//DIV[@id=\"pages_subslist\"]/DIV[1]/DIV[3]",
              "descendant::DIV[@id=\"prominfo_pageSplitDiv\"]//DIV[@id=\"pages_subslist\"]//DIV",
              "descendant::DIV[@id=\"pages_subslist\"]//DIV"
            ]
          }
        ]
      },
      "events": {
        "onGetData": "getData_control299_Pdwkb2"
      },
      "intendedRole": "custom",
      "roles": "element,custom",
      "monitored": true,
      "frameXPath": "//iframe[1]<<IFRAME>>",
      "componentType": "custom"
    },
    "control283_KRvH0O": {
      "location": {
        "data": {
          "tagName": "DIV"
        },
        "userData": {
          "data": [],
          "force": false
        },
        "locators": [
          {
            "id": "@class/word",
            "prob": 1,
            "value": "DIV.main-right.ng-scope"
          },
          {
            "id": "shield",
            "value": {
              "zIndex": "auto",
              "width": 1450,
              "height": 812
            }
          }
        ]
      },
      "events": {
        "onGetData": "getData_control283_KRvH0O"
      },
      "intendedRole": "custom",
      "roles": "element,custom",
      "monitored": true,
      "frameXPath": "",
      "componentType": "custom"
    },
    "control286_wUprZ5": {
      "location": {
        "data": {
          "tagName": "DIV"
        },
        "userData": {
          "data": [],
          "force": false
        },
        "locators": [
          {
            "id": "@id/word",
            "prob": 3,
            "value": "descendant::DIV[@id=\"search_subscriber\"]"
          }
        ]
      },
      "events": {
        "onGetData": "getData_control286_wUprZ5"
      },
      "intendedRole": "custom",
      "roles": "element,custom",
      "monitored": true,
      "frameXPath": "//iframe[1]<<IFRAME>>",
      "componentType": "custom"
    }
  },
  "contexts": {
    "context37_ZNWteK": {
      "controls": [
        "control295_HCaxSg",
        "control296_mpsEmC",
        "control297_rk4Hp9",
        "control298_V0LtvK",
        "control299_Pdwkb2",
        "control283_KRvH0O",
        "control286_wUprZ5"
      ],
      "anchors": [],
      "urlAnchor": []
    }
  },
  "flows": {
    "flow176_BfH22V": {
      "toContexts": [
        {
          "toContextId": "context37_ZNWteK"
        }
      ]
    },
    "flow177_cAbztl": {
      "fromContextId": "context37_ZNWteK",
      "fromAction": "doAction",
      "fromControlId": "control299_Pdwkb2",
      "toContexts": [
        {
          "toContextId": "context37_ZNWteK"
        }
      ]
    },
    "flow178_ixb83G": {
      "fromContextId": "context37_ZNWteK",
      "fromAction": "doAction",
      "fromControlId": "control295_HCaxSg",
      "toContexts": [
        {
          "toContextId": "context37_ZNWteK"
        }
      ]
    },
    "flow179_mPXVsu": {
      "fromContextId": "context37_ZNWteK",
      "fromAction": "doAction",
      "fromControlId": "control283_KRvH0O",
      "toContexts": [
        {
          "toContextId": "context37_ZNWteK"
        }
      ]
    },
    "flow180_HIFdTC": {
      "fromContextId": "context37_ZNWteK",
      "fromAction": "doAction",
      "fromControlId": "control296_mpsEmC",
      "toContexts": [
        {
          "toContextId": "context37_ZNWteK"
        }
      ]
    }
  },
  "pages": {
    "page37_OueHOL": {
      "contextId": "context37_ZNWteK",
      "layout": [
        {
          "id": "uiControl295_EQzwhN",
          "controlId": "control283_KRvH0O",
          "display": {
            "adapterId": "custom",
            "type": "custom",
            "adapter": {
              "templateType": "react",
              "events": {
                "onDoAction": "doAction_uiControl295_EQzwhN",
                "onGetTemplate": "getTemplate_uiControl295_EQzwhN"
              }
            }
          }
        },
        {
          "id": "uiControl312_hoicRo",
          "controlId": "control295_HCaxSg",
          "display": {
            "adapterId": "custom",
            "type": "custom",
            "adapter": {
              "templateType": "react",
              "events": {
                "onDoAction": "doAction_uiControl312_hoicRo",
                "onGetTemplate": "getTemplate_uiControl312_hoicRo"
              }
            }
          }
        },
        {
          "id": "uiControl313_dLzVAU",
          "display": {
            "type": "card",
            "adapterId": "card",
            "adapter": {
              "templateType": ""
            }
          },
          "layout": [
            {
              "id": "uiControl313_dLzVAUheader",
              "display": {
                "type": "cardHeader",
                "text": "",
                "adapterId": "cardHeader",
                "adapter": {
                  "templateType": ""
                }
              },
              "layout": []
            },
            {
              "id": "uiControl313_dLzVAUbody",
              "display": {
                "type": "cardBody",
                "adapterId": "cardBody",
                "adapter": {
                  "templateType": ""
                }
              },
              "layout": [
                {
                  "id": "uiControl315_lzND4r",
                  "controlId": "control296_mpsEmC",
                  "display": {
                    "adapterId": "custom",
                    "type": "custom",
                    "adapter": {
                      "templateType": "react",
                      "events": {
                        "onDoAction": "doAction_uiControl315_lzND4r",
                        "onGetTemplate": "getTemplate_uiControl315_lzND4r"
                      }
                    }
                  }
                },
                {
                  "id": "uiControl316_0h71Nv",
                  "controlId": "control297_rk4Hp9",
                  "display": {
                    "adapterId": "clickable",
                    "type": "button",
                    "amStyle": "success",
                    "adapter": {
                      "templateType": ""
                    }
                  }
                }
              ]
            },
            {
              "id": "uiControl313_dLzVAUfooter",
              "display": {
                "type": "cardFooter",
                "adapterId": "cardFooter",
                "adapter": {
                  "templateType": ""
                }
              },
              "layout": []
            }
          ]
        },
        {
          "id": "uiControl314_EWPD97",
          "display": {
            "type": "card",
            "adapterId": "card",
            "adapter": {
              "templateType": ""
            }
          },
          "layout": [
            {
              "id": "uiControl314_EWPD97header",
              "display": {
                "type": "cardHeader",
                "text": "",
                "adapterId": "cardHeader",
                "adapter": {
                  "templateType": ""
                }
              },
              "layout": []
            },
            {
              "id": "uiControl314_EWPD97body",
              "display": {
                "type": "cardBody",
                "adapterId": "cardBody",
                "adapter": {
                  "templateType": ""
                }
              },
              "layout": [
                {
                  "id": "uiControl317_ObTvTI",
                  "controlId": "control298_V0LtvK",
                  "display": {
                    "adapterId": "content",
                    "type": "content",
                    "class": "w-tit",
                    "adapter": {
                      "templateType": ""
                    }
                  }
                },
                {
                  "id": "uiControl297_qPb43U",
                  "controlId": "control286_wUprZ5",
                  "display": {
                    "adapterId": "custom",
                    "type": "custom",
                    "adapter": {
                      "templateType": "react",
                      "events": {
                        "onDoAction": "doAction_uiControl297_qPb43U",
                        "onGetTemplate": "getTemplate_uiControl297_qPb43U"
                      }
                    }
                  }
                },
                {
                  "id": "uiControl318_GMTPgy",
                  "controlId": "control299_Pdwkb2",
                  "display": {
                    "adapterId": "custom",
                    "type": "custom",
                    "adapter": {
                      "templateType": "react",
                      "events": {
                        "onDoAction": "doAction_uiControl318_GMTPgy",
                        "onGetTemplate": "getTemplate_uiControl318_GMTPgy"
                      }
                    }
                  }
                }
              ]
            },
            {
              "id": "uiControl314_EWPD97footer",
              "display": {
                "type": "cardFooter",
                "adapterId": "cardFooter",
                "adapter": {
                  "templateType": ""
                }
              },
              "layout": []
            }
          ]
        }
      ]
    }
  },
  "matchers": {
    "page/title": {
      "contexts": {
        "context37_ZNWteK": [
          ""
        ]
      }
    },
    "page/urls": {
      "contexts": {
        "context37_ZNWteK": [
          ""
        ]
      }
    },
    "page/ids": {
      "contexts": {
        "context37_ZNWteK": [
          [
            "SUBS_STATUS_DROPLIST",
            "ocTriggeruserstatus_divudrop",
            "user_Code",
            "user_Name",
            "usercode_div",
            "username_div",
            "userstatus_div"
          ],
          []
        ]
      }
    },
    "page/classes": {
      "contexts": {
        "context37_ZNWteK": [
          [
            "Droplist",
            "DroplistHeader",
            "font_Arial",
            "form_control",
            "form_droplist",
            "form_group",
            "form_input",
            "form_label",
            "inputbox",
            "keypressInput",
            "ng-binding",
            "per",
            "trigger"
          ],
          [
            "Droplist",
            "DroplistHeader",
            "blueBorder",
            "down",
            "font_Arial",
            "form_control",
            "form_droplist",
            "form_group",
            "form_input",
            "form_label",
            "inputbox",
            "keypressInput",
            "ng-binding",
            "per",
            "trigger"
          ],
          [
            "Droplist",
            "DroplistHeader",
            "blueBorder",
            "font_Arial",
            "form_control",
            "form_droplist",
            "form_group",
            "form_input",
            "form_label",
            "inputbox",
            "keypressInput",
            "ng-binding",
            "per",
            "trigger",
            "valid"
          ],
          [
            "Droplist",
            "DroplistHeader",
            "blueBorder",
            "font_Arial",
            "form_control",
            "form_droplist",
            "form_group",
            "form_input",
            "form_label",
            "inputbox",
            "keypressInput",
            "ng-binding",
            "per",
            "trigger",
            "uee-dirty-invalid",
            "uee-invalid",
            "valid"
          ],
          []
        ]
      }
    },
    "page/tagTriplets": {
      "contexts": {
        "context37_ZNWteK": [
          [
            "-/-/DIV",
            "-/DIV/DIV",
            "-/DIV/LABEL",
            "DIV/DIV/DIV",
            "DIV/DIV/INPUT-text",
            "DIV/DIV/SPAN"
          ],
          []
        ]
      }
    }
  }
}