{
  "version": "0.1",
  "id": "lks_Choice_Two",
  "targetURL": "http://oa.sec.com.cn/lks/sys/lks_public.nsf/fm_dialog?readform&title=%u8BF7%u9009%u62E9%u8981%u5206%u53D1%u7684%u5355%u4F4D&type=NM",
  "jsFile": "index.js",
  "requires": {
    "lks_Distribute_Choice": "../lks_Distribute_Choice/index.json"
  },
  "chineseName": "分发选择---选择单位",
  "description": "分发选择Two",
  "firstPaintEnable": false,
  "controls": {
    "control58_xoVrdi": {
      "location": {
        "data": {
          "tagName": "HTML"
        },
        "userData": {
          "data": [],
          "force": false
        },
        "locators": [
          {
            "id": "path/ordinal",
            "prob": 1,
            "value": "/HTML[1]"
          }
        ]
      },
      "events": {
        "onGetData": "getData_control58_xoVrdi"
      },
      "intendedRole": "custom",
      "roles": "element,custom",
      "monitored": true,
      "frameXPath": "//frame[@name='rightFrame']<<IFRAME>>",
      "componentType": "custom"
    },
    "control128_Kkf5hT": {
      "location": {
        "data": {
          "tagName": "SELECT"
        },
        "userData": {
          "data": [],
          "force": false
        },
        "locators": [
          {
            "id": "elem/@name",
            "prob": 2,
            "value": [
              "descendant::form[@name=\"_FM_DialogMul\"]//SELECT[@name=\"F_OptName\"]",
              "descendant::SELECT[@name=\"F_OptName\"]"
            ]
          },
          {
            "id": "@class/word",
            "prob": 1,
            "ordinal": [
              0,
              4
            ],
            "value": "SELECT.namelist"
          },
          {
            "id": "path/ordinal",
            "prob": 1,
            "value": "/HTML[1]/BODY[1]/FORM[1]/TABLE[2]/TBODY[1]/TR[2]/TD[1]/SELECT[1]"
          }
        ]
      },
      "events": {
        "onGetData": "getData_control128_Kkf5hT"
      },
      "intendedRole": "custom",
      "roles": "element,listbox,custom",
      "monitored": true,
      "frameXPath": "//frame[@name='rightFrame']<<IFRAME>>",
      "componentType": "custom"
    },
    "control14_6oA995": {
      "location": {
        "data": {
          "tagName": "FRAMESET"
        },
        "userData": {
          "data": [],
          "force": false
        },
        "locators": [
          {
            "id": "path/ordinal",
            "prob": 1,
            "value": "/HTML[1]/FRAMESET[1]"
          }
        ]
      },
      "events": {
        "onGetData": "getData_control14_6oA995"
      },
      "intendedRole": "custom",
      "roles": "element,custom",
      "monitored": true,
      "frameXPath": "",
      "componentType": "custom"
    }
  },
  "contexts": {
    "context10_FNn6JV": {
      "controls": [
        "control58_xoVrdi",
        "control128_Kkf5hT",
        "control14_6oA995"
      ],
      "anchors": [],
      "urlAnchor": []
    }
  },
  "flows": {
    "flow41_WvkXTZ": {
      "toContexts": [
        {
          "toContextId": "context10_FNn6JV"
        }
      ]
    },
    "flow44_iNhDr7": {
      "fromContextId": "context10_FNn6JV",
      "fromAction": "doAction",
      "fromControlId": "control58_xoVrdi",
      "toContexts": [
        {
          "toContextId": "context10_FNn6JV"
        },
        {
          "toContextId": "context8_yfsSG0",
          "toModelId": "lks_Distribute_Choice"
        }
      ]
    },
    "flow14_maTXTz": {
      "fromContextId": "context10_FNn6JV",
      "fromAction": "doAction",
      "fromControlId": "control14_6oA995",
      "toContexts": [
        {
          "toContextId": "context10_FNn6JV"
        }
      ]
    }
  },
  "pages": {
    "page10_omeMw4": {
      "contextId": "context10_FNn6JV",
      "layout": [
        {
          "id": "uiControl139_JqVX68",
          "controlId": "control128_Kkf5hT",
          "display": {
            "adapterId": "custom",
            "type": "custom",
            "adapter": {
              "templateType": "react",
              "events": {
                "onDoAction": "doAction_uiControl139_JqVX68",
                "onGetTemplate": "getTemplate_uiControl139_JqVX68"
              }
            }
          }
        },
        {
          "id": "uiControl65_iC95wE",
          "display": {
            "type": "sticky",
            "adapterId": "sticky",
            "class": "ui-footer-button",
            "adapter": {
              "templateType": ""
            }
          },
          "layout": [
            {
              "id": "uiControl65_iC95wEbody",
              "display": {
                "type": "stickyBody",
                "adapterId": "stickyBody",
                "adapter": {
                  "templateType": ""
                }
              },
              "layout": [
                {
                  "id": "uiControl71_qSh20V",
                  "controlId": "control58_xoVrdi",
                  "display": {
                    "adapterId": "custom",
                    "type": "custom",
                    "adapter": {
                      "templateType": "react",
                      "events": {
                        "onDoAction": "doAction_uiControl71_qSh20V",
                        "onGetTemplate": "getTemplate_uiControl71_qSh20V"
                      }
                    }
                  }
                }
              ]
            }
          ]
        },
        {
          "id": "uiControl15_VrKVwT",
          "controlId": "control14_6oA995",
          "display": {
            "adapterId": "custom",
            "type": "custom",
            "adapter": {
              "templateType": "react",
              "events": {
                "onDoAction": "doAction_uiControl15_VrKVwT",
                "onGetTemplate": "getTemplate_uiControl15_VrKVwT"
              }
            }
          }
        }
      ]
    }
  },
  "matchers": {
    "page/title": {
      "contexts": {
        "context10_FNn6JV": [
          "深圳能源集团OA系统_请选择要分发的单位"
        ]
      }
    },
    "page/urls": {
      "contexts": {
        "context10_FNn6JV": [
          "oa.sec.com.cn/lks/sys/lks_public.nsf/fm_dialog?readform&title=%u8BF7%u9009%u62E9%u8981%u5206%u53D1%u7684%u5355%u4F4D&type=NM"
        ]
      }
    },
    "page/ids": {
      "contexts": {
        "context10_FNn6JV": [
          []
        ]
      }
    },
    "page/classes": {
      "contexts": {
        "context10_FNn6JV": [
          []
        ]
      }
    },
    "page/tagTriplets": {
      "contexts": {
        "context10_FNn6JV": [
          [
            "-/-/FRAME"
          ]
        ]
      }
    }
  }
}