{
  "version": "0.1",
  "id": "BatchManagement",
  "targetURL": "http://218.203.103.203:8082/oc/bes/sm/login/operator_ctz.html?type=2",
  "jsFile": "index.js",
  "chineseName": "批量成员管理",
  "description": "批量成员管理",
  "controls": {
    "control320_EiXWlI": {
      "location": {
        "data": {
          "tagName": "UL"
        },
        "userData": {
          "data": [],
          "force": false
        },
        "locators": [
          {
            "id": "@class/word",
            "prob": 1,
            "value": "DIV.tabCon DIV.tab UL.floatCon.toLeft"
          }
        ]
      },
      "events": {
        "onGetData": "getData_control320_EiXWlI"
      },
      "intendedRole": "custom",
      "roles": "element,custom",
      "monitored": true,
      "frameXPath": "",
      "componentType": "custom"
    },
    "control323_9kDxU7": {
      "location": {
        "data": {
          "tagName": "DIV"
        },
        "userData": {
          "data": [],
          "force": false
        },
        "locators": [
          {
            "id": "text",
            "prob": 3,
            "value": {
              "text": [
                "业务信息"
              ],
              "visText": [
                "业务信息"
              ]
            }
          },
          {
            "id": "elderLevel",
            "value": {
              "level": 0
            }
          }
        ]
      },
      "roles": "element",
      "content": true,
      "monitored": true,
      "frameXPath": "//iframe[1]<<IFRAME>>",
      "componentType": "content"
    },
    "control324_cT3avu": {
      "location": {
        "data": {
          "tagName": "INPUT"
        },
        "userData": {
          "data": [],
          "force": false
        },
        "locators": [
          {
            "id": "elem/@name",
            "prob": 1,
            "value": "descendant::INPUT[@name=\"$Gadget_00B.params.showTime\"]"
          },
          {
            "id": "@id/word",
            "prob": 3,
            "value": [
              "descendant::DIV[@id=\"at__wishTime\"]//INPUT[@id=\"wishTime\"]",
              "descendant::INPUT[@id=\"wishTime\"]"
            ]
          },
          {
            "id": "input/type",
            "verifyEnabled": true,
            "value": "text"
          }
        ]
      },
      "events": {
        "onGetData": "getData_control324_cT3avu"
      },
      "intendedRole": "custom",
      "roles": "element,textbox,custom",
      "monitored": true,
      "frameXPath": "//iframe[1]<<IFRAME>>",
      "componentType": "custom"
    },
    "control325_vVpDWg": {
      "location": {
        "data": {
          "tagName": "DIV"
        },
        "userData": {
          "data": [],
          "force": false
        },
        "locators": [
          {
            "id": "@class/word",
            "prob": 1,
            "value": "DIV.main-right.ng-scope"
          },
          {
            "id": "shield",
            "value": {
              "zIndex": "auto",
              "width": 1450,
              "height": 812
            }
          }
        ]
      },
      "events": {
        "onGetData": "getData_control325_vVpDWg"
      },
      "intendedRole": "custom",
      "roles": "element,custom",
      "monitored": true,
      "frameXPath": "",
      "componentType": "custom"
    },
    "control326_T1Xy4v": {
      "location": {
        "data": {
          "tagName": "LI"
        },
        "userData": {
          "data": [],
          "force": false
        },
        "locators": [
          {
            "id": "text",
            "prob": 3,
            "value": {
              "text": [
                "批量成员管理"
              ],
              "visText": [
                "批量成员管理"
              ]
            }
          },
          {
            "id": "@title",
            "prob": 2,
            "value": {
              "text": [
                "批量成员管理"
              ]
            }
          },
          {
            "id": "@class/word",
            "prob": 1,
            "value": "DIV.tab UL.floatCon.toLeft LI.selected"
          },
          {
            "id": "style/color",
            "value": [
              42,
              142,
              231
            ]
          }
        ]
      },
      "roles": "element",
      "text": "\t\t                                                        \t\t                        批量成员管理\t                          ",
      "frameXPath": ""
    },
    "control331_HTTBPT": {
      "location": {
        "data": {
          "tagName": "SPAN"
        },
        "userData": {
          "data": [],
          "force": false
        },
        "locators": [
          {
            "id": "button/text",
            "prob": 3,
            "value": {
              "text": [
                "提交"
              ],
              "visText": [
                "提交"
              ]
            }
          },
          {
            "id": "@id/word",
            "prob": 3,
            "value": "descendant::SPAN[@id=\"btn_start\"]"
          }
        ]
      },
      "intendedRole": "button",
      "roles": "element,button",
      "monitored": true,
      "frameXPath": "//iframe[1]<<IFRAME>>",
      "componentType": "button"
    },
    "control332_8NtyuF": {
      "location": {
        "data": {
          "tagName": "DIV"
        },
        "userData": {
          "data": [],
          "force": false
        },
        "locators": [
          {
            "id": "text",
            "prob": 3,
            "value": {
              "text": [
                "文件处理"
              ],
              "visText": [
                "文件处理"
              ]
            }
          },
          {
            "id": "elderLevel",
            "value": {
              "level": 0
            }
          }
        ]
      },
      "roles": "element",
      "content": true,
      "monitored": true,
      "frameXPath": "//iframe[1]<<IFRAME>>",
      "componentType": "content"
    },
    "control336_wmWqFC": {
      "location": {
        "data": {
          "tagName": "DIV"
        },
        "userData": {
          "data": [],
          "force": false
        },
        "locators": [
          {
            "id": "@class/word",
            "prob": 1,
            "value": "DIV.main-right.ng-scope"
          },
          {
            "id": "shield",
            "value": {
              "zIndex": "auto",
              "width": 1450,
              "height": 812
            }
          }
        ]
      },
      "events": {
        "onGetData": "getData_control336_wmWqFC"
      },
      "intendedRole": "custom",
      "roles": "element,custom",
      "monitored": true,
      "frameXPath": "",
      "componentType": "custom"
    },
    "control337_SyiN8p": {
      "location": {
        "data": {
          "tagName": "DIV"
        },
        "userData": {
          "data": [],
          "force": false
        },
        "locators": [
          {
            "id": "text",
            "prob": 3,
            "value": {
              "text": [
                "生效方式"
              ],
              "visText": [
                "生效方式"
              ]
            }
          },
          {
            "id": "elderLevel",
            "value": {
              "level": 0
            }
          }
        ]
      },
      "roles": "element",
      "content": true,
      "monitored": true,
      "frameXPath": "//iframe[1]<<IFRAME>>",
      "componentType": "content"
    },
    "control338_RllmJ0": {
      "location": {
        "data": {
          "tagName": "DIV"
        },
        "userData": {
          "data": [],
          "force": false
        },
        "locators": [
          {
            "id": "@class/word",
            "prob": 1,
            "value": "DIV.main-right.ng-scope"
          },
          {
            "id": "shield",
            "value": {
              "zIndex": "auto",
              "width": 1450,
              "height": 812
            }
          }
        ]
      },
      "events": {
        "onGetData": "getData_control338_RllmJ0"
      },
      "intendedRole": "custom",
      "roles": "element,custom",
      "monitored": true,
      "frameXPath": "",
      "componentType": "custom"
    },
    "control339_XOyxhd": {
      "location": {
        "data": {
          "tagName": "SPAN"
        },
        "userData": {
          "data": [],
          "force": false
        },
        "locators": [
          {
            "id": "@id/word",
            "prob": 3,
            "value": [
              "descendant::DIV[@id=\"batch\"]//SPAN[@id=\"btn_uploadcert_clickbatch\"]",
              "descendant::SPAN[@id=\"btn_uploadcert_clickbatch\"]"
            ]
          }
        ]
      },
      "events": {
        "onGetData": "getData_control339_XOyxhd"
      },
      "intendedRole": "custom",
      "roles": "element,custom",
      "monitored": true,
      "frameXPath": "//iframe[1]<<IFRAME>>",
      "componentType": "custom"
    },
    "control340_hV84Rx": {
      "location": {
        "data": {
          "tagName": "DIV"
        },
        "userData": {
          "data": [],
          "force": false
        },
        "locators": [
          {
            "id": "text",
            "prob": 3,
            "value": {
              "text": [
                "详细的执行结果请到”批量业务监控“菜单进行查询。"
              ],
              "visText": [
                "详细的执行结果请到”批量业务监控“菜单进行查询。"
              ]
            }
          },
          {
            "id": "style/color",
            "value": [
              255,
              0,
              0
            ]
          },
          {
            "id": "elderLevel",
            "value": {
              "level": 0
            }
          }
        ]
      },
      "roles": "element",
      "content": true,
      "monitored": true,
      "frameXPath": "//iframe[1]<<IFRAME>>",
      "componentType": "content"
    },
    "control240_3VWFKK": {
      "location": {
        "data": {
          "tagName": "TABLE"
        },
        "userData": {
          "data": [],
          "force": false
        },
        "locators": [
          {
            "id": "@id/word",
            "prob": 3,
            "value": "descendant::TABLE[@id=\"tb_GroupPro\"]"
          }
        ]
      },
      "events": {
        "onGetData": "getData_control240_3VWFKK"
      },
      "intendedRole": "custom",
      "roles": "element,custom",
      "monitored": true,
      "frameXPath": "//iframe[1]<<IFRAME>>",
      "componentType": "custom"
    },
    "control333_pQqFkb": {
      "location": {
        "data": {
          "tagName": "DIV"
        },
        "userData": {
          "data": [],
          "force": false
        },
        "locators": [
          {
            "id": "text",
            "prob": 3,
            "value": {
              "text": [
                "选择成员商品 选择"
              ],
              "visText": [
                "选择成员商品 选择"
              ]
            }
          }
        ]
      },
      "roles": "element",
      "content": true,
      "monitored": true,
      "frameXPath": "//iframe[1]<<IFRAME>>",
      "componentType": "content"
    },
    "control334_EOQFCn": {
      "location": {
        "data": {
          "tagName": "SPAN"
        },
        "userData": {
          "data": [],
          "force": false
        },
        "locators": [
          {
            "id": "text",
            "prob": 3,
            "value": {
              "text": [
                "成员付费计划"
              ],
              "visText": [
                "成员付费计划"
              ]
            }
          },
          {
            "id": "@id/word",
            "prob": 2,
            "value": [
              "descendant::DIV[@id=\"main_payplan\"]//DIV[@id=\"payPlan_title\"]/SPAN[1]",
              "descendant::DIV[@id=\"main_payplan\"]//DIV[@id=\"payPlan_title\"]//SPAN",
              "descendant::DIV[@id=\"payPlan_title\"]//SPAN"
            ]
          },
          {
            "id": "elderLevel",
            "value": {
              "level": 0
            }
          }
        ]
      },
      "roles": "element",
      "content": true,
      "monitored": true,
      "frameXPath": "//iframe[1]<<IFRAME>>",
      "componentType": "content"
    },
    "control335_e0RTE9": {
      "location": {
        "data": {
          "tagName": "TABLE"
        },
        "userData": {
          "data": [],
          "force": false
        },
        "locators": [
          {
            "id": "@id/word",
            "prob": 4,
            "value": [
              "descendant::DIV[@id=\"main_payplan\"]//DIV[@id=\"payPlanList\"]//TABLE[@id=\"tb_payPlan\"]",
              "descendant::DIV[@id=\"payPlanList\"]//TABLE[@id=\"tb_payPlan\"]",
              "descendant::TABLE[@id=\"tb_payPlan\"]"
            ]
          }
        ]
      },
      "events": {
        "onGetData": "getData_control335_e0RTE9"
      },
      "intendedRole": "custom",
      "roles": "element,custom",
      "monitored": true,
      "frameXPath": "//iframe[1]<<IFRAME>>",
      "componentType": "custom"
    },
    "control165_Te8ei6": {
      "location": {
        "data": {
          "tagName": "SPAN"
        },
        "userData": {
          "data": [],
          "force": false
        },
        "locators": [
          {
            "id": "button/text",
            "prob": 3,
            "ordinal": [
              1,
              2
            ],
            "value": {
              "text": [
                "新增"
              ],
              "visText": [
                "新增"
              ]
            }
          },
          {
            "id": "@id/word",
            "prob": 4,
            "value": [
              "descendant::DIV[@id=\"main_payplan\"]//DIV[@id=\"payPlan_title\"]//SPAN[@id=\"payPlanAddBtn\"]",
              "descendant::DIV[@id=\"payPlan_title\"]//SPAN[@id=\"payPlanAddBtn\"]",
              "descendant::SPAN[@id=\"payPlanAddBtn\"]"
            ]
          },
          {
            "id": "elderLevel",
            "value": {
              "level": 0
            }
          }
        ]
      },
      "intendedRole": "button",
      "roles": "element,button",
      "monitored": true,
      "frameXPath": "//iframe[1]<<IFRAME>>",
      "componentType": "button"
    },
    "control292_f7T5S4": {
      "location": {
        "data": {
          "tagName": "DIV"
        },
        "userData": {
          "data": [],
          "force": false
        },
        "locators": [
          {
            "id": "text",
            "prob": 3,
            "value": {
              "text": [
                "成员属性"
              ],
              "visText": [
                "成员属性"
              ]
            }
          },
          {
            "id": "@id/word",
            "prob": 3,
            "value": [
              "descendant::DIV[@id=\"groupattrmain\"]//DIV[@id=\"YWXXid\"]",
              "descendant::DIV[@id=\"YWXXid\"]"
            ]
          }
        ]
      },
      "roles": "element",
      "content": true,
      "monitored": true,
      "frameXPath": "//iframe[1]<<IFRAME>>",
      "componentType": "content"
    },
    "control294_eAZLsc": {
      "location": {
        "data": {
          "tagName": "DIV"
        },
        "userData": {
          "data": [],
          "force": false
        },
        "locators": [
          {
            "id": "@id/word",
            "prob": 1,
            "value": "descendant::DIV[@id=\"groupattrmain\"]/DIV[2]/DIV[1]/DIV[1]/DIV[1]/DIV[1]"
          }
        ]
      },
      "events": {
        "onGetData": "getData_control294_eAZLsc"
      },
      "intendedRole": "custom",
      "roles": "element,custom",
      "monitored": true,
      "frameXPath": "//iframe[1]<<IFRAME>>",
      "componentType": "custom"
    },
    "control301_owTqm1": {
      "location": {
        "data": {
          "tagName": "SPAN"
        },
        "userData": {
          "data": [
            {
              "method": "XPath",
              "value": "//*[@id=\"chooseGoods\"]"
            }
          ],
          "force": true
        },
        "locators": [
          {
            "id": "button/text",
            "prob": 3,
            "ordinal": [
              0,
              2
            ],
            "value": {
              "text": [
                "选择"
              ],
              "visText": [
                "选择"
              ]
            }
          },
          {
            "id": "@id/word",
            "prob": 3,
            "value": "descendant::SPAN[@id=\"chooseGoods\"]"
          }
        ]
      },
      "intendedRole": "button",
      "roles": "element,button",
      "monitored": true,
      "frameXPath": "//iframe[1]<<IFRAME>>",
      "componentType": "button"
    },
    "control164_gEmQCP": {
      "location": {
        "data": {
          "tagName": "SPAN"
        },
        "userData": {
          "data": [],
          "force": false
        },
        "locators": [
          {
            "id": "text",
            "prob": 3,
            "value": {
              "text": [
                "modal.txt"
              ],
              "visText": [
                "modal.txt"
              ]
            }
          },
          {
            "id": "@id/word",
            "prob": 3,
            "value": [
              "descendant::DIV[@id=\"batch\"]//SPAN[@id=\"fileNamebatch\"]",
              "descendant::SPAN[@id=\"fileNamebatch\"]"
            ]
          },
          {
            "id": "elderLevel",
            "value": {
              "level": 0
            }
          }
        ]
      },
      "roles": "element",
      "content": true,
      "monitored": true,
      "frameXPath": "//iframe[1]<<IFRAME>>",
      "componentType": "content"
    }
  },
  "contexts": {
    "context42_KmopJT": {
      "controls": [
        "control320_EiXWlI",
        "control323_9kDxU7",
        "control324_cT3avu",
        "control325_vVpDWg",
        "control331_HTTBPT",
        "control332_8NtyuF",
        "control336_wmWqFC",
        "control337_SyiN8p",
        "control338_RllmJ0",
        "control339_XOyxhd",
        "control340_hV84Rx",
        "control240_3VWFKK",
        "control333_pQqFkb",
        "control334_EOQFCn",
        "control335_e0RTE9",
        "control165_Te8ei6",
        "control292_f7T5S4",
        "control294_eAZLsc",
        "control301_owTqm1",
        "control164_gEmQCP"
      ],
      "anchors": [
        "control326_T1Xy4v"
      ],
      "urlAnchor": []
    }
  },
  "flows": {
    "flow197_cZGT76": {
      "toContexts": [
        {
          "toContextId": "context42_KmopJT"
        }
      ]
    },
    "flow198_PSsXF8": {
      "fromContextId": "context42_KmopJT",
      "fromAction": "doAction",
      "fromControlId": "control325_vVpDWg",
      "toContexts": [
        {
          "toContextId": "context42_KmopJT"
        }
      ]
    },
    "flow199_dAEh00": {
      "fromContextId": "context42_KmopJT",
      "fromAction": "doAction",
      "fromControlId": "control324_cT3avu",
      "toContexts": [
        {
          "toContextId": "context42_KmopJT"
        }
      ]
    },
    "flow200_ba4sV6": {
      "fromContextId": "context42_KmopJT",
      "fromAction": "click",
      "fromControlId": "control323_9kDxU7",
      "toContexts": [
        {
          "toContextId": "context42_KmopJT"
        }
      ]
    },
    "flow201_G69DGT": {
      "fromContextId": "context42_KmopJT",
      "fromAction": "doAction",
      "fromControlId": "control320_EiXWlI",
      "toContexts": [
        {
          "toContextId": "context42_KmopJT"
        }
      ]
    },
    "flow203_mqiI6M": {
      "fromContextId": "context42_KmopJT",
      "fromAction": "doAction",
      "fromControlId": "control336_wmWqFC",
      "toContexts": [
        {
          "toContextId": "context42_KmopJT"
        }
      ]
    },
    "flow205_NBPFVy": {
      "fromContextId": "context42_KmopJT",
      "fromAction": "doAction",
      "fromControlId": "control339_XOyxhd",
      "toContexts": [
        {
          "toContextId": "context42_KmopJT"
        }
      ]
    },
    "flow204_TORXmq": {
      "fromContextId": "context42_KmopJT",
      "fromAction": "click",
      "fromControlId": "control331_HTTBPT",
      "toContexts": [
        {
          "toContextId": "context42_KmopJT"
        }
      ]
    },
    "flow185_R9O58J": {
      "fromContextId": "context42_KmopJT",
      "fromAction": "doAction",
      "fromControlId": "control294_eAZLsc",
      "toContexts": [
        {
          "toContextId": "context42_KmopJT"
        }
      ]
    },
    "flow186_EDfBOF": {
      "fromContextId": "context42_KmopJT",
      "fromAction": "click",
      "fromControlId": "control333_pQqFkb",
      "toContexts": [
        {
          "toContextId": "context42_KmopJT"
        }
      ]
    },
    "flow190_aVd7Vi": {
      "fromContextId": "context42_KmopJT",
      "fromAction": "click",
      "fromControlId": "control165_Te8ei6",
      "toContexts": [
        {
          "toContextId": "context42_KmopJT"
        }
      ]
    },
    "flow103_whRwUX": {
      "fromContextId": "context42_KmopJT",
      "fromAction": "click",
      "fromControlId": "control334_EOQFCn",
      "toContexts": [
        {
          "toContextId": "context42_KmopJT"
        }
      ]
    },
    "flow104_LU40Cz": {
      "fromContextId": "context42_KmopJT",
      "fromAction": "click",
      "fromControlId": "control301_owTqm1",
      "toContexts": [
        {
          "toContextId": "context42_KmopJT"
        }
      ]
    },
    "flow192_tvvorc": {
      "fromContextId": "context42_KmopJT",
      "fromAction": "click",
      "fromControlId": "control164_gEmQCP",
      "toContexts": [
        {
          "toContextId": "context42_KmopJT"
        }
      ]
    },
    "flow300_TSVxuO": {
      "fromContextId": "context42_KmopJT",
      "fromAction": "doAction",
      "fromControlId": "control240_3VWFKK",
      "toContexts": [
        {
          "toContextId": "context42_KmopJT"
        }
      ]
    }
  },
  "pages": {
    "page42_TgLrL8": {
      "contextId": "context42_KmopJT",
      "layout": [
        {
          "id": "uiControl340_wBJgAb",
          "controlId": "control320_EiXWlI",
          "display": {
            "adapterId": "custom",
            "type": "custom",
            "adapter": {
              "templateType": "react",
              "events": {
                "onDoAction": "doAction_uiControl340_wBJgAb",
                "onGetTemplate": "getTemplate_uiControl340_wBJgAb"
              }
            }
          }
        },
        {
          "id": "uiControl346_sqz9Zk",
          "controlId": "control325_vVpDWg",
          "display": {
            "adapterId": "custom",
            "type": "custom",
            "adapter": {
              "templateType": "react",
              "events": {
                "onDoAction": "doAction_uiControl346_sqz9Zk",
                "onGetTemplate": "getTemplate_uiControl346_sqz9Zk"
              }
            }
          }
        },
        {
          "id": "uiControl343_MCwaod",
          "display": {
            "type": "card",
            "adapterId": "card",
            "adapter": {
              "templateType": ""
            }
          },
          "layout": [
            {
              "id": "uiControl343_MCwaodheader",
              "display": {
                "type": "cardHeader",
                "text": "",
                "adapterId": "cardHeader",
                "adapter": {
                  "templateType": ""
                }
              },
              "layout": []
            },
            {
              "id": "uiControl343_MCwaodbody",
              "display": {
                "type": "cardBody",
                "adapterId": "cardBody",
                "adapter": {
                  "templateType": ""
                }
              },
              "layout": [
                {
                  "id": "uiControl344_fsua9z",
                  "controlId": "control323_9kDxU7",
                  "display": {
                    "adapterId": "content",
                    "type": "content",
                    "class": "w-tit",
                    "adapter": {
                      "templateType": ""
                    }
                  }
                },
                {
                  "id": "uiControl345_5LPorL",
                  "controlId": "control324_cT3avu",
                  "display": {
                    "adapterId": "custom",
                    "type": "custom",
                    "adapter": {
                      "templateType": "react",
                      "events": {
                        "onDoAction": "doAction_uiControl345_5LPorL",
                        "onGetTemplate": "getTemplate_uiControl345_5LPorL"
                      }
                    }
                  }
                }
              ]
            },
            {
              "id": "uiControl343_MCwaodfooter",
              "display": {
                "type": "cardFooter",
                "adapterId": "cardFooter",
                "adapter": {
                  "templateType": ""
                }
              },
              "layout": []
            }
          ]
        },
        {
          "id": "uiControl352_szTXc9",
          "display": {
            "type": "card",
            "adapterId": "card",
            "adapter": {
              "templateType": ""
            }
          },
          "layout": [
            {
              "id": "uiControl352_szTXc9header",
              "display": {
                "type": "cardHeader",
                "text": "",
                "adapterId": "cardHeader",
                "adapter": {
                  "templateType": ""
                }
              },
              "layout": []
            },
            {
              "id": "uiControl352_szTXc9body",
              "display": {
                "type": "cardBody",
                "adapterId": "cardBody",
                "adapter": {
                  "templateType": ""
                }
              },
              "layout": [
                {
                  "id": "uiControl359_TLbV4n",
                  "controlId": "control337_SyiN8p",
                  "display": {
                    "adapterId": "content",
                    "type": "content",
                    "class": "w-tit",
                    "adapter": {
                      "templateType": ""
                    }
                  }
                },
                {
                  "id": "uiControl360_40P6qQ",
                  "controlId": "control338_RllmJ0",
                  "display": {
                    "adapterId": "custom",
                    "type": "custom",
                    "adapter": {
                      "templateType": "react",
                      "events": {
                        "onDoAction": "doAction_uiControl360_40P6qQ",
                        "onGetTemplate": "getTemplate_uiControl360_40P6qQ"
                      }
                    }
                  }
                },
                {
                  "id": "uiControl301_n70E2w",
                  "controlId": "control292_f7T5S4",
                  "display": {
                    "adapterId": "content",
                    "type": "content",
                    "class": "w-tit",
                    "adapter": {
                      "templateType": ""
                    }
                  }
                },
                {
                  "id": "uiControl309_kwURCe",
                  "controlId": "control294_eAZLsc",
                  "display": {
                    "adapterId": "custom",
                    "type": "custom",
                    "adapter": {
                      "templateType": "react",
                      "events": {
                        "onDoAction": "doAction_uiControl309_kwURCe",
                        "onGetTemplate": "getTemplate_uiControl309_kwURCe"
                      }
                    }
                  }
                },
                {
                  "id": "uiControl356_0OTbTO",
                  "controlId": "control333_pQqFkb",
                  "display": {
                    "adapterId": "content",
                    "type": "content",
                    "text": "选择成员商品",
                    "class": "w-tit",
                    "adapter": {
                      "templateType": ""
                    }
                  }
                },
                {
                  "id": "uiControl355_D21Bbh",
                  "controlId": "control240_3VWFKK",
                  "display": {
                    "adapterId": "custom",
                    "type": "custom",
                    "adapter": {
                      "templateType": "react",
                      "events": {
                        "onDoAction": "doAction_uiControl355_D21Bbh",
                        "onGetTemplate": "getTemplate_uiControl355_D21Bbh"
                      }
                    }
                  }
                },
                {
                  "id": "uiControl319_Qe0JrA",
                  "controlId": "control301_owTqm1",
                  "display": {
                    "adapterId": "clickable",
                    "type": "button",
                    "amStyle": "success",
                    "amSize": "xs",
                    "class": "mar",
                    "adapter": {
                      "templateType": ""
                    }
                  }
                },
                {
                  "id": "uiControl357_IfagSK",
                  "controlId": "control334_EOQFCn",
                  "display": {
                    "adapterId": "content",
                    "type": "content",
                    "class": "w-tit",
                    "adapter": {
                      "templateType": ""
                    }
                  }
                },
                {
                  "id": "uiControl363_Of5G3C",
                  "controlId": "control335_e0RTE9",
                  "display": {
                    "adapterId": "custom",
                    "type": "custom",
                    "adapter": {
                      "templateType": "react",
                      "events": {
                        "onDoAction": "doAction_uiControl363_Of5G3C",
                        "onGetTemplate": "getTemplate_uiControl363_Of5G3C"
                      }
                    }
                  }
                },
                {
                  "id": "uiControl171_5OwCW5",
                  "controlId": "control165_Te8ei6",
                  "display": {
                    "adapterId": "clickable",
                    "type": "button",
                    "amStyle": "success",
                    "amSize": "xs",
                    "class": "mar",
                    "adapter": {
                      "templateType": ""
                    }
                  }
                },
                {
                  "id": "uiControl358_et12KF",
                  "controlId": "control336_wmWqFC",
                  "display": {
                    "adapterId": "custom",
                    "type": "custom",
                    "adapter": {
                      "templateType": "react",
                      "events": {
                        "onDoAction": "doAction_uiControl358_et12KF",
                        "onGetTemplate": "getTemplate_uiControl358_et12KF"
                      }
                    }
                  }
                }
              ]
            },
            {
              "id": "uiControl352_szTXc9footer",
              "display": {
                "type": "cardFooter",
                "adapterId": "cardFooter",
                "adapter": {
                  "templateType": ""
                }
              },
              "layout": []
            }
          ]
        },
        {
          "id": "uiControl351_CGtvLT",
          "display": {
            "type": "card",
            "adapterId": "card",
            "adapter": {
              "templateType": ""
            }
          },
          "layout": [
            {
              "id": "uiControl351_CGtvLTheader",
              "display": {
                "type": "cardHeader",
                "text": "",
                "adapterId": "cardHeader",
                "adapter": {
                  "templateType": ""
                }
              },
              "layout": []
            },
            {
              "id": "uiControl351_CGtvLTbody",
              "display": {
                "type": "cardBody",
                "adapterId": "cardBody",
                "adapter": {
                  "templateType": ""
                }
              },
              "layout": [
                {
                  "id": "uiControl354_pvENDO",
                  "controlId": "control332_8NtyuF",
                  "display": {
                    "adapterId": "content",
                    "type": "content",
                    "class": "w-tit",
                    "adapter": {
                      "templateType": ""
                    }
                  }
                },
                {
                  "id": "uiControl361_mFpBXG",
                  "controlId": "control339_XOyxhd",
                  "display": {
                    "adapterId": "custom",
                    "type": "custom",
                    "adapter": {
                      "templateType": "react",
                      "events": {
                        "onDoAction": "doAction_uiControl361_mFpBXG",
                        "onGetTemplate": "getTemplate_uiControl361_mFpBXG"
                      }
                    }
                  }
                },
                {
                  "id": "uiControl170_yT0VlI",
                  "controlId": "control164_gEmQCP",
                  "display": {
                    "adapterId": "content",
                    "type": "content",
                    "class": "red",
                    "adapter": {
                      "templateType": ""
                    }
                  }
                },
                {
                  "id": "uiControl362_2XMWm6",
                  "controlId": "control340_hV84Rx",
                  "display": {
                    "adapterId": "content",
                    "type": "content",
                    "class": "red",
                    "adapter": {
                      "templateType": ""
                    }
                  }
                }
              ]
            },
            {
              "id": "uiControl351_CGtvLTfooter",
              "display": {
                "type": "cardFooter",
                "adapterId": "cardFooter",
                "adapter": {
                  "templateType": ""
                }
              },
              "layout": []
            }
          ]
        },
        {
          "id": "uiControl353_kBQemO",
          "controlId": "control331_HTTBPT",
          "display": {
            "adapterId": "clickable",
            "type": "button",
            "hollow": false,
            "amStyle": "success",
            "class": "mar",
            "amSize": "xs",
            "adapter": {
              "templateType": ""
            }
          }
        }
      ]
    }
  },
  "matchers": {
    "page/title": {
      "contexts": {
        "context42_KmopJT": [
          "中国移动宁夏公司第三代CRM系统 页面",
          "中国移动宁夏公司第三代CRM系统"
        ]
      }
    },
    "page/urls": {
      "contexts": {
        "context42_KmopJT": [
          "218.203.103.203:8082/oc/bes/sm/login/operator_ctz.html?type=2"
        ]
      }
    },
    "page/ids": {
      "contexts": {
        "context42_KmopJT": [
          [
            "attachName",
            "bes_sm_portal_email_div",
            "bes_sm_portal_email_input",
            "bes_sm_portal_email_span",
            "bes_sm_portal_exit_pic",
            "bes_sm_portal_lock_pic",
            "bes_sm_portal_phone_div",
            "bes_sm_portal_phone_input",
            "bes_sm_portal_phone_span",
            "bes_sm_portal_updatePwd_pic",
            "bes_sm_portal_userName_div",
            "bes_sm_portal_userName_input",
            "bes_sm_portal_userName_span",
            "bes_sm_portal_welcom_div",
            "bes_sm_portal_welcome_input",
            "bes_sm_portal_welcome_span",
            "beslogo",
            "besprintiframe",
            "crt-be",
            "datetimepicker_div",
            "downloadExportExcel",
            "drag",
            "emailchoice",
            "frame_calculator",
            "frame_search_employee",
            "headerMenu",
            "helpClose",
            "helpMax",
            "helpMin",
            "helpRestore",
            "helpcenter",
            "helper_center_li",
            "helpifr",
            "helpmore",
            "helptitle",
            "helpul",
            "helpwindow",
            "img_",
            "ins_mpuiconsendsms",
            "ipt_lang",
            "ipt_loginid",
            "leftMenu",
            "leftPopBox",
            "lockPageDiv",
            "lockpage_pwd",
            "menuSearch",
            "middleFrame",
            "moreNotice",
            "mymarquee",
            "noteContent",
            "note_",
            "note_pad",
            "noticeleft",
            "noticeli",
            "noticelistdiv",
            "noticetop",
            "orderScrollbar",
            "popBox",
            "popNote",
            "popNoteBox",
            "popupTitle",
            "printdiv",
            "rightheadermenu",
            "searchReset",
            "search_button_info",
            "search_info_text",
            "shoppingcartNumber",
            "shoppingcartPlat",
            "shoppingcartcheckout",
            "showmenudiv",
            "sitemap",
            "staticshoppingcar_close",
            "staticshoppingcar_open",
            "switchberegion",
            "tab-scrollbar",
            "tip_footdiv",
            "top_gadget",
            "uee-",
            "uee-_bmeDSTImg",
            "uee-_input_img",
            "uee-_ueeDTMShowFmt",
            "uee-_value",
            "unlockpage_btn",
            "workPlace"
          ],
          [
            "bes_sm_portal_email_div",
            "bes_sm_portal_email_input",
            "bes_sm_portal_email_span",
            "bes_sm_portal_exit_pic",
            "bes_sm_portal_lock_pic",
            "bes_sm_portal_phone_div",
            "bes_sm_portal_phone_input",
            "bes_sm_portal_phone_span",
            "bes_sm_portal_updatePwd_pic",
            "bes_sm_portal_userName_div",
            "bes_sm_portal_userName_input",
            "bes_sm_portal_userName_span",
            "bes_sm_portal_welcom_div",
            "bes_sm_portal_welcome_input",
            "bes_sm_portal_welcome_span",
            "beslogo",
            "besprintiframe",
            "crt-be",
            "datetimepicker_div",
            "drag",
            "emailchoice",
            "frame_calculator",
            "frame_search_employee",
            "headerMenu",
            "helpClose",
            "helpMax",
            "helpMin",
            "helpRestore",
            "helpcenter",
            "helper_center_li",
            "helpifr",
            "helpmore",
            "helptitle",
            "helpul",
            "helpwindow",
            "ins_mpuiconsendsms",
            "ipt_lang",
            "ipt_loginid",
            "leftMenu",
            "lockPageDiv",
            "lockpage_pwd",
            "menuSearch",
            "middleFrame",
            "mymarquee",
            "note_pad",
            "noticeleft",
            "noticeli",
            "noticelistdiv",
            "noticetop",
            "orderScrollbar",
            "popBox",
            "popNote",
            "popNoteBox",
            "printdiv",
            "rightheadermenu",
            "search_button_info",
            "search_info_text",
            "shoppingcartNumber",
            "shoppingcartPlat",
            "shoppingcartcheckout",
            "showmenudiv",
            "sitemap",
            "staticshoppingcar_close",
            "staticshoppingcar_open",
            "switchberegion",
            "tab-scrollbar",
            "tip_footdiv",
            "top_gadget",
            "uee-",
            "uee-_bmeDSTImg",
            "uee-_input_img",
            "uee-_ueeDTMShowFmt",
            "uee-_value",
            "unlockpage_btn",
            "workPlace"
          ]
        ]
      }
    },
    "page/classes": {
      "contexts": {
        "context42_KmopJT": [
          [
            "LeftScrollBar",
            "LeftxScrollBar",
            "ScrollbarArrow",
            "ScrollbarHandle",
            "ScrollbarHandleC",
            "ScrollbarHandleR",
            "ScrollbarTrack",
            "accountOpt",
            "active",
            "ao-droplist",
            "ao-exit",
            "ao-header",
            "ao-lock",
            "ao-popup",
            "ao-updatepwd",
            "beforeEdit",
            "bes-ad-common-smplugin",
            "bes-ad-staticshoppingcar",
            "bes-common-pagecontext",
            "bes-oc-base-login",
            "bes-oc-base-shoppingcart",
            "bes-sm-commontools",
            "bes-sm-ctz-notice",
            "bes-sm-helpcenter",
            "bes-sm-oc-print",
            "bes-sm-sales-workbench",
            "bes-sm-sitemap",
            "bes-sm-switchbe",
            "bes-sm-unioncash",
            "bf_tips",
            "bf_tips_container",
            "bf_tips_content",
            "btn_negative",
            "cart_num",
            "checkbox",
            "checked",
            "clearfix",
            "close",
            "close_box",
            "cn_bg",
            "cn_center",
            "cn_impl",
            "cn_left",
            "cn_right",
            "content",
            "currentOrder",
            "currentOrderEmpty",
            "dateInfo",
            "datetime_input",
            "datetimepicker_DST",
            "datetimepicker_div_trigger",
            "disable",
            "disableEdit",
            "droplist",
            "droplistIcon",
            "editSpan",
            "ele_normal",
            "emailSpan",
            "even",
            "fl",
            "floatCon",
            "fontH",
            "font_blue",
            "font_left",
            "font_right",
            "foot",
            "form_notice",
            "fr",
            "ft-h",
            "hasDatepicker",
            "head",
            "headerMenu",
            "header_menu_child",
            "header_menu_grandchild",
            "helpcenter",
            "helper_center",
            "hide",
            "icon",
            "inlineTitle",
            "label",
            "last",
            "lastLiOpt",
            "left",
            "lock",
            "lock_input",
            "logo",
            "main-right",
            "max",
            "mb_",
            "menu_btn",
            "mid",
            "middle",
            "min",
            "ml_",
            "moreLink",
            "mt_",
            "navigatorBar",
            "ng-binding",
            "ng-hide",
            "ng-scope",
            "normal_img",
            "notice",
            "noticeli",
            "oclogin",
            "ocprint",
            "ocshoppingcart",
            "openwithtab",
            "order_content",
            "order_footer",
            "order_opt",
            "order_title",
            "p",
            "pgHeader",
            "phoneSpan",
            "pophelp-more",
            "pophelp_pa",
            "pre",
            "print_block",
            "print_close",
            "print_content",
            "print_header",
            "r_contnet",
            "resizeB",
            "resizeBR",
            "resizeL",
            "resizeLB",
            "resizeLT",
            "resizeR",
            "resizeT",
            "resizeTR",
            "revert",
            "right",
            "scrollbar_container",
            "scrollbar_container_inner",
            "scrollbar_container_outer",
            "searchBar",
            "searchButton",
            "searchBuyPanel",
            "searchPopup",
            "selected",
            "selector",
            "sh-inputCon",
            "sh-value",
            "shoppingCar",
            "shopping_Number",
            "shopping_close",
            "showMenuDiv",
            "switchbe",
            "tab",
            "tab-close",
            "tab-menu",
            "tab-popup",
            "tab-title",
            "tabCon",
            "tab_nav",
            "tabcontainer",
            "tc-content",
            "tc-mask",
            "tc-popup",
            "tc-tip",
            "tc_content",
            "tc_linkCon",
            "tc_mask",
            "tc_popup",
            "tc_sub_title",
            "tc_title",
            "title",
            "toLeft",
            "tool",
            "toolCon",
            "tool_v",
            "toolbar",
            "uIcon",
            "u_name",
            "u_no",
            "uee",
            "uee-border",
            "uee-datetime",
            "uee-datetime-container",
            "uee-gadget",
            "uee-input",
            "uee-input-normal",
            "uee-inputele-view",
            "uee-ipt-ele",
            "urgentIcon",
            "userNameSpan",
            "wb_title",
            "welcomeSpan",
            "win_box",
            "win_cover",
            "win_lock",
            "win_lock_bg",
            "windowBoxwrap",
            "wrap"
          ],
          [
            "LeftScrollBar",
            "LeftxScrollBar",
            "ScrollbarArrow",
            "ScrollbarHandle",
            "ScrollbarHandleC",
            "ScrollbarHandleR",
            "ScrollbarTrack",
            "accountOpt",
            "active",
            "ao-droplist",
            "ao-exit",
            "ao-header",
            "ao-lock",
            "ao-popup",
            "ao-updatepwd",
            "beforeEdit",
            "bes-ad-common-smplugin",
            "bes-ad-staticshoppingcar",
            "bes-common-pagecontext",
            "bes-oc-base-login",
            "bes-oc-base-shoppingcart",
            "bes-sm-commontools",
            "bes-sm-ctz-notice",
            "bes-sm-helpcenter",
            "bes-sm-oc-print",
            "bes-sm-sales-workbench",
            "bes-sm-sitemap",
            "bes-sm-switchbe",
            "bes-sm-unioncash",
            "bf_tips",
            "bf_tips_container",
            "bf_tips_content",
            "btn_negative",
            "cart_num",
            "checkbox",
            "checked",
            "clearfix",
            "close",
            "close_box",
            "cn_bg",
            "cn_center",
            "cn_impl",
            "cn_left",
            "cn_right",
            "content",
            "currentOrder",
            "currentOrderEmpty",
            "dateInfo",
            "datetime_input",
            "datetimepicker_DST",
            "datetimepicker_div_trigger",
            "disable",
            "disableEdit",
            "droplist",
            "droplistIcon",
            "editSpan",
            "ele_normal",
            "emailSpan",
            "even",
            "fl",
            "floatCon",
            "fontH",
            "font_blue",
            "font_left",
            "font_right",
            "foot",
            "form_notice",
            "fr",
            "ft-h",
            "hasDatepicker",
            "head",
            "headerMenu",
            "header_menu_child",
            "header_menu_grandchild",
            "helpcenter",
            "helper_center",
            "hide",
            "icon",
            "inlineTitle",
            "label",
            "last",
            "lastLiOpt",
            "left",
            "lock",
            "lock_input",
            "logo",
            "main-right",
            "max",
            "mb_",
            "menu_btn",
            "mid",
            "middle",
            "min",
            "ml_",
            "moreLink",
            "mt_",
            "navigatorBar",
            "ng-binding",
            "ng-hide",
            "ng-scope",
            "noneedopenwithtab",
            "normal_img",
            "notice",
            "noticeli",
            "oclogin",
            "ocprint",
            "ocshoppingcart",
            "openwithtab",
            "order_content",
            "order_footer",
            "order_opt",
            "order_title",
            "p",
            "pgHeader",
            "phoneSpan",
            "pophelp-more",
            "pophelp_pa",
            "pre",
            "print_block",
            "print_close",
            "print_content",
            "print_header",
            "r_contnet",
            "resizeB",
            "resizeBR",
            "resizeL",
            "resizeLB",
            "resizeLT",
            "resizeR",
            "resizeT",
            "resizeTR",
            "revert",
            "right",
            "scrollbar_container",
            "scrollbar_container_inner",
            "scrollbar_container_outer",
            "searchBar",
            "searchButton",
            "searchBuyPanel",
            "searchPopup",
            "selected",
            "selector",
            "sh-inputCon",
            "sh-value",
            "shoppingCar",
            "shopping_Number",
            "shopping_close",
            "showMenuDiv",
            "switchbe",
            "tab",
            "tab-close",
            "tab-menu",
            "tab-popup",
            "tab-title",
            "tabCon",
            "tab_nav",
            "tabcontainer",
            "tc-content",
            "tc-mask",
            "tc-popup",
            "tc-tip",
            "tc_content",
            "tc_linkCon",
            "tc_mask",
            "tc_popup",
            "tc_sub_title",
            "tc_title",
            "title",
            "toLeft",
            "tool",
            "toolCon",
            "tool_v",
            "toolbar",
            "uIcon",
            "u_name",
            "u_no",
            "uee",
            "uee-border",
            "uee-datetime",
            "uee-datetime-container",
            "uee-gadget",
            "uee-input",
            "uee-input-normal",
            "uee-inputele-view",
            "uee-ipt-ele",
            "urgentIcon",
            "userNameSpan",
            "wb_title",
            "welcomeSpan",
            "win_box",
            "win_cover",
            "win_lock",
            "win_lock_bg",
            "windowBoxwrap",
            "wrap"
          ],
          [
            "LeftScrollBar",
            "LeftxScrollBar",
            "ScrollbarArrow",
            "ScrollbarHandle",
            "ScrollbarHandleC",
            "ScrollbarHandleR",
            "ScrollbarTrack",
            "accountOpt",
            "active",
            "ao-droplist",
            "ao-exit",
            "ao-header",
            "ao-lock",
            "ao-popup",
            "ao-updatepwd",
            "beforeEdit",
            "bes-ad-common-smplugin",
            "bes-ad-staticshoppingcar",
            "bes-common-pagecontext",
            "bes-oc-base-login",
            "bes-oc-base-shoppingcart",
            "bes-sm-commontools",
            "bes-sm-ctz-notice",
            "bes-sm-helpcenter",
            "bes-sm-oc-print",
            "bes-sm-sales-workbench",
            "bes-sm-sitemap",
            "bes-sm-switchbe",
            "bes-sm-unioncash",
            "bf_tips",
            "bf_tips_container",
            "bf_tips_content",
            "btn_negative",
            "cart_num",
            "checkbox",
            "checked",
            "clearfix",
            "close",
            "cn_bg",
            "cn_center",
            "cn_impl",
            "cn_left",
            "cn_right",
            "content",
            "currentOrder",
            "currentOrderEmpty",
            "datetime_input",
            "datetimepicker_DST",
            "datetimepicker_div_trigger",
            "disable",
            "disableEdit",
            "droplist",
            "droplistIcon",
            "editSpan",
            "ele_normal",
            "emailSpan",
            "even",
            "fl",
            "floatCon",
            "fontH",
            "font_blue",
            "font_left",
            "font_right",
            "foot",
            "fr",
            "ft-h",
            "hasDatepicker",
            "head",
            "headerMenu",
            "header_menu_child",
            "header_menu_grandchild",
            "helpcenter",
            "helper_center",
            "hide",
            "icon",
            "inlineTitle",
            "label",
            "last",
            "lastLiOpt",
            "left",
            "lock",
            "lock_input",
            "logo",
            "main-right",
            "max",
            "mb_",
            "menu_btn",
            "mid",
            "middle",
            "min",
            "ml_",
            "mt_",
            "navigatorBar",
            "ng-binding",
            "ng-hide",
            "ng-scope",
            "noneedopenwithtab",
            "normal_img",
            "notice",
            "noticeli",
            "oclogin",
            "ocprint",
            "ocshoppingcart",
            "openwithtab",
            "order_content",
            "order_footer",
            "order_opt",
            "order_title",
            "p",
            "pgHeader",
            "phoneSpan",
            "pophelp-more",
            "pophelp_pa",
            "pre",
            "print_block",
            "print_close",
            "print_content",
            "print_header",
            "r_contnet",
            "resizeB",
            "resizeBR",
            "resizeL",
            "resizeLB",
            "resizeLT",
            "resizeR",
            "resizeT",
            "resizeTR",
            "revert",
            "right",
            "scrollbar_container",
            "scrollbar_container_inner",
            "scrollbar_container_outer",
            "searchBar",
            "searchButton",
            "searchBuyPanel",
            "searchPopup",
            "selected",
            "selector",
            "sh-inputCon",
            "sh-value",
            "shoppingCar",
            "shopping_Number",
            "shopping_close",
            "showMenuDiv",
            "switchbe",
            "tab",
            "tab-close",
            "tab-menu",
            "tab-popup",
            "tab-title",
            "tabCon",
            "tab_nav",
            "tabcontainer",
            "tc-content",
            "tc-mask",
            "tc-popup",
            "tc-tip",
            "tc_content",
            "tc_linkCon",
            "tc_mask",
            "tc_popup",
            "tc_sub_title",
            "tc_title",
            "title",
            "toLeft",
            "tool",
            "toolCon",
            "tool_v",
            "toolbar",
            "uIcon",
            "u_name",
            "u_no",
            "uee",
            "uee-border",
            "uee-datetime",
            "uee-datetime-container",
            "uee-gadget",
            "uee-input",
            "uee-input-normal",
            "uee-inputele-view",
            "uee-ipt-ele",
            "userNameSpan",
            "welcomeSpan",
            "win_cover",
            "win_lock",
            "win_lock_bg",
            "windowBoxwrap",
            "wrap"
          ],
          [
            "LeftScrollBar",
            "LeftxScrollBar",
            "ScrollbarArrow",
            "ScrollbarHandle",
            "ScrollbarHandleC",
            "ScrollbarHandleR",
            "ScrollbarTrack",
            "accountOpt",
            "active",
            "ao-droplist",
            "ao-exit",
            "ao-header",
            "ao-lock",
            "ao-popup",
            "ao-updatepwd",
            "beforeEdit",
            "bes-ad-common-smplugin",
            "bes-ad-staticshoppingcar",
            "bes-common-pagecontext",
            "bes-oc-base-login",
            "bes-oc-base-shoppingcart",
            "bes-sm-commontools",
            "bes-sm-ctz-notice",
            "bes-sm-helpcenter",
            "bes-sm-oc-print",
            "bes-sm-sales-workbench",
            "bes-sm-sitemap",
            "bes-sm-switchbe",
            "bes-sm-unioncash",
            "bf_tips",
            "bf_tips_container",
            "bf_tips_content",
            "btn_negative",
            "cart_num",
            "checkbox",
            "checked",
            "clearfix",
            "close",
            "cn_bg",
            "cn_center",
            "cn_impl",
            "cn_left",
            "cn_right",
            "content",
            "currentOrder",
            "currentOrderEmpty",
            "datetime_input",
            "datetimepicker_DST",
            "datetimepicker_div_trigger",
            "disable",
            "disableEdit",
            "droplist",
            "droplistIcon",
            "editSpan",
            "ele_normal",
            "emailSpan",
            "even",
            "fl",
            "floatCon",
            "fontH",
            "font_blue",
            "font_left",
            "font_right",
            "foot",
            "fr",
            "ft-h",
            "hasDatepicker",
            "head",
            "headerMenu",
            "header_menu_child",
            "header_menu_grandchild",
            "helpcenter",
            "helper_center",
            "hide",
            "icon",
            "inlineTitle",
            "label",
            "last",
            "lastLiOpt",
            "left",
            "lock",
            "lock_input",
            "logo",
            "main-right",
            "max",
            "mb_",
            "menu_btn",
            "mid",
            "middle",
            "min",
            "ml_",
            "mt_",
            "navigatorBar",
            "ng-binding",
            "ng-hide",
            "ng-scope",
            "normal_img",
            "notice",
            "noticeli",
            "oclogin",
            "ocprint",
            "ocshoppingcart",
            "openwithtab",
            "order_content",
            "order_footer",
            "order_opt",
            "order_title",
            "p",
            "pgHeader",
            "phoneSpan",
            "pophelp-more",
            "pophelp_pa",
            "pre",
            "print_block",
            "print_close",
            "print_content",
            "print_header",
            "r_contnet",
            "resizeB",
            "resizeBR",
            "resizeL",
            "resizeLB",
            "resizeLT",
            "resizeR",
            "resizeT",
            "resizeTR",
            "revert",
            "right",
            "scrollbar_container",
            "scrollbar_container_inner",
            "scrollbar_container_outer",
            "searchBar",
            "searchButton",
            "searchBuyPanel",
            "searchPopup",
            "selected",
            "selector",
            "sh-inputCon",
            "sh-value",
            "shoppingCar",
            "shopping_Number",
            "shopping_close",
            "showMenuDiv",
            "switchbe",
            "tab",
            "tab-close",
            "tab-menu",
            "tab-popup",
            "tab-title",
            "tabCon",
            "tab_nav",
            "tabcontainer",
            "tc-content",
            "tc-mask",
            "tc-popup",
            "tc-tip",
            "tc_content",
            "tc_linkCon",
            "tc_mask",
            "tc_popup",
            "tc_sub_title",
            "tc_title",
            "title",
            "toLeft",
            "tool",
            "toolCon",
            "tool_v",
            "toolbar",
            "uIcon",
            "u_name",
            "u_no",
            "uee",
            "uee-border",
            "uee-datetime",
            "uee-datetime-container",
            "uee-gadget",
            "uee-input",
            "uee-input-normal",
            "uee-inputele-view",
            "uee-ipt-ele",
            "userNameSpan",
            "welcomeSpan",
            "win_cover",
            "win_lock",
            "win_lock_bg",
            "windowBoxwrap",
            "wrap"
          ]
        ]
      }
    },
    "page/tagTriplets": {
      "contexts": {
        "context42_KmopJT": [
          [
            "-/-/DIV",
            "-/-/SCRIPT",
            "-/-/UEE:FIRE",
            "-/-/UEE:INCLUDE",
            "-/DIV/DIV",
            "-/UEE:FIRE/SCRIPT",
            "-/UEE:INCLUDE/DIV",
            "-/UEE:INCLUDE/LINK",
            "-/UEE:INCLUDE/META",
            "-/UEE:INCLUDE/STYLE",
            "-/UEE:INCLUDE/UEE:FIRE",
            "A/SPAN/UEE:FIRE",
            "DIV/A/IMG",
            "DIV/A/SPAN",
            "DIV/A/UEE:FIRE",
            "DIV/DIV/A",
            "DIV/DIV/BR",
            "DIV/DIV/DIV",
            "DIV/DIV/H2",
            "DIV/DIV/H3",
            "DIV/DIV/IFRAME",
            "DIV/DIV/IMG",
            "DIV/DIV/INPUT-null",
            "DIV/DIV/INPUT-password",
            "DIV/DIV/INPUT-text",
            "DIV/DIV/LABEL",
            "DIV/DIV/LINK",
            "DIV/DIV/MARQUEE",
            "DIV/DIV/P",
            "DIV/DIV/SPAN",
            "DIV/DIV/UEE:FIRE",
            "DIV/DIV/UEE:INCLUDE",
            "DIV/DIV/UEE：GADGET",
            "DIV/DIV/UL",
            "DIV/LABEL/INS",
            "DIV/LABEL/SPAN",
            "DIV/LI/A",
            "DIV/LI/DIV",
            "DIV/MARQUEE/SPAN",
            "DIV/NG:SWITCH/DIV",
            "DIV/NG:SWITCH/INPUT-hidden",
            "DIV/P/BR",
            "DIV/P/SPAN",
            "DIV/SPAN/DIV",
            "DIV/SPAN/EM",
            "DIV/SPAN/SPAN",
            "DIV/SPAN/UEE:FIRE",
            "DIV/UEE:INCLUDE/DIV",
            "DIV/UEE:INCLUDE/LINK",
            "DIV/UEE:INCLUDE/UEE:FIRE",
            "DIV/UL/DIV",
            "DIV/UL/LI",
            "LABEL/INS/UEE:FIRE",
            "LABEL/SPAN/UEE:FIRE",
            "LI/DIV/DIV",
            "LI/DIV/INPUT-text",
            "LI/DIV/SPAN",
            "MARQUEE/SPAN/IMG",
            "NG:SWITCH/DIV/DIV",
            "SPAN/DIV/DIV",
            "SPAN/DIV/NG:SWITCH",
            "UEE:INCLUDE/DIV/A",
            "UEE:INCLUDE/DIV/DIV",
            "UEE:INCLUDE/DIV/IFRAME",
            "UEE:INCLUDE/DIV/LINK",
            "UEE:INCLUDE/DIV/SPAN",
            "UEE:INCLUDE/DIV/UEE:FIRE",
            "UEE:INCLUDE/DIV/UL",
            "UL/DIV/LI",
            "UL/DIV/LINK",
            "UL/DIV/UEE:FIRE",
            "UL/LI/DIV",
            "UL/LI/LABEL",
            "UL/LI/SPAN"
          ],
          [
            "-/-/DIV",
            "-/-/SCRIPT",
            "-/-/UEE:FIRE",
            "-/-/UEE:INCLUDE",
            "-/DIV/DIV",
            "-/UEE:FIRE/SCRIPT",
            "-/UEE:INCLUDE/DIV",
            "-/UEE:INCLUDE/LINK",
            "-/UEE:INCLUDE/META",
            "-/UEE:INCLUDE/STYLE",
            "-/UEE:INCLUDE/UEE:FIRE",
            "A/SPAN/UEE:FIRE",
            "DIV/A/IMG",
            "DIV/A/SPAN",
            "DIV/A/UEE:FIRE",
            "DIV/DIV/A",
            "DIV/DIV/BR",
            "DIV/DIV/DIV",
            "DIV/DIV/H2",
            "DIV/DIV/H3",
            "DIV/DIV/IFRAME",
            "DIV/DIV/IMG",
            "DIV/DIV/INPUT-null",
            "DIV/DIV/INPUT-password",
            "DIV/DIV/INPUT-text",
            "DIV/DIV/LABEL",
            "DIV/DIV/LINK",
            "DIV/DIV/MARQUEE",
            "DIV/DIV/P",
            "DIV/DIV/SPAN",
            "DIV/DIV/UEE:FIRE",
            "DIV/DIV/UEE:INCLUDE",
            "DIV/DIV/UEE：GADGET",
            "DIV/DIV/UL",
            "DIV/LABEL/INS",
            "DIV/LABEL/SPAN",
            "DIV/LI/A",
            "DIV/LI/DIV",
            "DIV/MARQUEE/SPAN",
            "DIV/NG:SWITCH/DIV",
            "DIV/NG:SWITCH/INPUT-hidden",
            "DIV/P/BR",
            "DIV/P/SPAN",
            "DIV/SPAN/DIV",
            "DIV/SPAN/EM",
            "DIV/SPAN/SPAN",
            "DIV/SPAN/UEE:FIRE",
            "DIV/UEE:INCLUDE/DIV",
            "DIV/UEE:INCLUDE/LINK",
            "DIV/UEE:INCLUDE/UEE:FIRE",
            "DIV/UL/DIV",
            "DIV/UL/LI",
            "LABEL/INS/UEE:FIRE",
            "LABEL/SPAN/UEE:FIRE",
            "LI/DIV/DIV",
            "LI/DIV/INPUT-text",
            "LI/DIV/SPAN",
            "MARQUEE/SPAN/IMG",
            "NG:SWITCH/DIV/DIV",
            "SPAN/DIV/DIV",
            "SPAN/DIV/NG:SWITCH",
            "UEE:INCLUDE/DIV/A",
            "UEE:INCLUDE/DIV/DIV",
            "UEE:INCLUDE/DIV/IFRAME",
            "UEE:INCLUDE/DIV/LINK",
            "UEE:INCLUDE/DIV/SPAN",
            "UEE:INCLUDE/DIV/UEE:FIRE",
            "UEE:INCLUDE/DIV/UL",
            "UL/DIV/LI",
            "UL/DIV/LINK",
            "UL/DIV/UEE:FIRE",
            "UL/LI/A",
            "UL/LI/DIV",
            "UL/LI/LABEL",
            "UL/LI/SPAN"
          ],
          [
            "-/-/DIV",
            "-/-/SCRIPT",
            "-/-/UEE:FIRE",
            "-/-/UEE:INCLUDE",
            "-/DIV/DIV",
            "-/UEE:FIRE/SCRIPT",
            "-/UEE:INCLUDE/DIV",
            "-/UEE:INCLUDE/LINK",
            "-/UEE:INCLUDE/META",
            "-/UEE:INCLUDE/STYLE",
            "-/UEE:INCLUDE/UEE:FIRE",
            "A/SPAN/UEE:FIRE",
            "DIV/A/IMG",
            "DIV/A/SPAN",
            "DIV/A/UEE:FIRE",
            "DIV/DIV/A",
            "DIV/DIV/DIV",
            "DIV/DIV/H2",
            "DIV/DIV/H3",
            "DIV/DIV/IFRAME",
            "DIV/DIV/IMG",
            "DIV/DIV/INPUT-null",
            "DIV/DIV/INPUT-password",
            "DIV/DIV/INPUT-text",
            "DIV/DIV/LABEL",
            "DIV/DIV/LINK",
            "DIV/DIV/MARQUEE",
            "DIV/DIV/P",
            "DIV/DIV/SPAN",
            "DIV/DIV/UEE:FIRE",
            "DIV/DIV/UEE:INCLUDE",
            "DIV/DIV/UEE：GADGET",
            "DIV/DIV/UL",
            "DIV/LABEL/INS",
            "DIV/LABEL/SPAN",
            "DIV/LI/A",
            "DIV/LI/DIV",
            "DIV/NG:SWITCH/DIV",
            "DIV/NG:SWITCH/INPUT-hidden",
            "DIV/SPAN/DIV",
            "DIV/SPAN/EM",
            "DIV/SPAN/SPAN",
            "DIV/SPAN/UEE:FIRE",
            "DIV/UEE:INCLUDE/DIV",
            "DIV/UEE:INCLUDE/LINK",
            "DIV/UEE:INCLUDE/UEE:FIRE",
            "DIV/UL/DIV",
            "DIV/UL/LI",
            "LABEL/INS/UEE:FIRE",
            "LABEL/SPAN/UEE:FIRE",
            "LI/DIV/DIV",
            "LI/DIV/INPUT-text",
            "LI/DIV/SPAN",
            "NG:SWITCH/DIV/DIV",
            "SPAN/DIV/DIV",
            "SPAN/DIV/NG:SWITCH",
            "UEE:INCLUDE/DIV/A",
            "UEE:INCLUDE/DIV/DIV",
            "UEE:INCLUDE/DIV/IFRAME",
            "UEE:INCLUDE/DIV/LINK",
            "UEE:INCLUDE/DIV/SPAN",
            "UEE:INCLUDE/DIV/UEE:FIRE",
            "UEE:INCLUDE/DIV/UL",
            "UL/DIV/LI",
            "UL/DIV/LINK",
            "UL/DIV/UEE:FIRE",
            "UL/LI/A",
            "UL/LI/DIV",
            "UL/LI/LABEL",
            "UL/LI/SPAN"
          ],
          [
            "-/-/DIV",
            "-/-/SCRIPT",
            "-/-/UEE:FIRE",
            "-/-/UEE:INCLUDE",
            "-/DIV/DIV",
            "-/UEE:FIRE/SCRIPT",
            "-/UEE:INCLUDE/DIV",
            "-/UEE:INCLUDE/LINK",
            "-/UEE:INCLUDE/META",
            "-/UEE:INCLUDE/STYLE",
            "-/UEE:INCLUDE/UEE:FIRE",
            "A/SPAN/UEE:FIRE",
            "DIV/A/IMG",
            "DIV/A/SPAN",
            "DIV/A/UEE:FIRE",
            "DIV/DIV/A",
            "DIV/DIV/DIV",
            "DIV/DIV/H2",
            "DIV/DIV/H3",
            "DIV/DIV/IFRAME",
            "DIV/DIV/IMG",
            "DIV/DIV/INPUT-null",
            "DIV/DIV/INPUT-password",
            "DIV/DIV/INPUT-text",
            "DIV/DIV/LABEL",
            "DIV/DIV/LINK",
            "DIV/DIV/MARQUEE",
            "DIV/DIV/P",
            "DIV/DIV/SPAN",
            "DIV/DIV/UEE:FIRE",
            "DIV/DIV/UEE:INCLUDE",
            "DIV/DIV/UEE：GADGET",
            "DIV/DIV/UL",
            "DIV/LABEL/INS",
            "DIV/LABEL/SPAN",
            "DIV/LI/A",
            "DIV/LI/DIV",
            "DIV/NG:SWITCH/DIV",
            "DIV/NG:SWITCH/INPUT-hidden",
            "DIV/SPAN/DIV",
            "DIV/SPAN/EM",
            "DIV/SPAN/SPAN",
            "DIV/SPAN/UEE:FIRE",
            "DIV/UEE:INCLUDE/DIV",
            "DIV/UEE:INCLUDE/LINK",
            "DIV/UEE:INCLUDE/UEE:FIRE",
            "DIV/UL/DIV",
            "DIV/UL/LI",
            "LABEL/INS/UEE:FIRE",
            "LABEL/SPAN/UEE:FIRE",
            "LI/DIV/DIV",
            "LI/DIV/INPUT-text",
            "LI/DIV/SPAN",
            "NG:SWITCH/DIV/DIV",
            "SPAN/DIV/DIV",
            "SPAN/DIV/NG:SWITCH",
            "UEE:INCLUDE/DIV/A",
            "UEE:INCLUDE/DIV/DIV",
            "UEE:INCLUDE/DIV/IFRAME",
            "UEE:INCLUDE/DIV/LINK",
            "UEE:INCLUDE/DIV/SPAN",
            "UEE:INCLUDE/DIV/UEE:FIRE",
            "UEE:INCLUDE/DIV/UL",
            "UL/DIV/LI",
            "UL/DIV/LINK",
            "UL/DIV/UEE:FIRE",
            "UL/LI/DIV",
            "UL/LI/LABEL",
            "UL/LI/SPAN"
          ]
        ]
      }
    }
  }
}