{"version":"0.1","id":"ad_expense_list","targetURL":"https://7.carpoly.com/ekp/cm/fee/cm_fee_ad_expense/index.jsp#cri.q=mydoc:create","jsFile":"index.js","requires":{"ad_expense_add":"../ad_expense_add/index.json","ad_expense_info":"../ad_expense_info/index.json","errorMsg":"../errorMsg/index.json"},"chineseName":"广告报销列表","description":"","controls":{"control4_cMcsTS":{"location":{"data":{"tagName":"DIV"},"userData":{"data":[],"force":false},"locators":[{"id":"@class/word","prob":1,"value":"BODY.lui_list_body DIV.lui_list_left_sidebar_frame"},{"id":"path/ordinal","prob":1,"value":"/HTML[1]/BODY[1]/TABLE[1]/TBODY[1]/TR[1]/TD[1]/DIV[1]"}]},"events":{"onGetData":"getData_control4_cMcsTS"},"intendedRole":"custom","roles":"element,custom","monitored":true,"frameXPath":""},"control5_BmiBRA":{"location":{"data":{"tagName":"DIV"},"userData":{"data":[],"force":false},"locators":[{"id":"@class/word","prob":1,"value":"BODY.lui_list_body DIV.lui_list_left_sidebar_frame"},{"id":"path/ordinal","prob":1,"value":"/HTML[1]/BODY[1]/TABLE[1]/TBODY[1]/TR[1]/TD[1]/DIV[1]"}]},"events":{"onGetData":"getData_control5_BmiBRA"},"intendedRole":"custom","roles":"element,custom","monitored":true,"frameXPath":""},"control6_OdGErn":{"location":{"data":{"tagName":"DIV"},"userData":{"data":[],"force":false},"locators":[{"id":"@id/word","prob":3,"value":"descendant::DIV[@id=\"queryListView\"]"},{"id":"path/ordinal","prob":1,"value":"/HTML[1]/BODY[1]/TABLE[1]/TBODY[1]/TR[1]/TD[3]/DIV[1]/DIV[1]"}]},"events":{"onGetData":"getData_control6_OdGErn"},"intendedRole":"custom","roles":"element,custom","monitored":true,"frameXPath":""},"control23_dXVl2T":{"location":{"data":{"tagName":"DIV"},"userData":{"data":[],"force":false},"locators":[{"id":"text","prob":3,"value":{"text":["很抱歉，未找到相应的记录！"],"visText":["很抱歉，未找到相应的记录！"]}},{"id":"@id/word","prob":1,"value":"descendant::DIV[@id=\"queryListView\"]//DIV[@id=\"listview\"]/DIV[1]/DIV[4]/DIV[1]/DIV[1]/DIV[1]/DIV[1]/DIV[1]/DIV[1]/DIV[2]/DIV[1]/DIV[1]"},{"id":"@class/word","prob":1,"value":"DIV.prompt_content_right DIV.prompt_content_inside DIV.msgtitle"},{"id":"path/ordinal","prob":1,"value":"/HTML[1]/BODY[1]/TABLE[1]/TBODY[1]/TR[1]/TD[3]/DIV[1]/DIV[1]/DIV[5]/DIV[1]/DIV[4]/DIV[1]/DIV[1]/DIV[1]/DIV[1]/DIV[1]/DIV[1]/DIV[2]/DIV[1]/DIV[1]"},{"id":"style/color","value":[62,158,206]},{"id":"elderLevel","value":{"level":0}}]},"roles":"element","content":true,"monitored":false,"frameXPath":""},"control24_WSk9cA":{"location":{"data":{"tagName":"TABLE"},"userData":{"data":[],"force":false},"locators":[{"id":"@id/word","prob":1,"value":["descendant::DIV[@id=\"queryListView\"]//DIV[@id=\"listview\"]/DIV[1]/DIV[4]/DIV[1]/DIV[1]/DIV[1]/TABLE[1]","descendant::DIV[@id=\"queryListView\"]//DIV[@id=\"listview\"]//TABLE","descendant::DIV[@id=\"listview\"]//TABLE"]},{"id":"@class/word","prob":1,"value":"DIV.lui_listview_centerR DIV.lui_listview_centerC TABLE.lui_listview_columntable_table"},{"id":"path/ordinal","prob":1,"value":"/HTML[1]/BODY[1]/TABLE[1]/TBODY[1]/TR[1]/TD[3]/DIV[1]/DIV[1]/DIV[5]/DIV[1]/DIV[4]/DIV[1]/DIV[1]/DIV[1]/TABLE[1]"}]},"events":{"onGetData":"getData_control24_WSk9cA"},"intendedRole":"custom","roles":"element,custom","monitored":true,"frameXPath":""},"control25_y3mum2":{"location":{"data":{"tagName":"DIV"},"userData":{"data":[],"force":false},"locators":[{"id":"@id/word","prob":1,"value":"descendant::DIV[@id=\"queryListView\"]/DIV[6]/DIV[1]/DIV[2]/DIV[1]/DIV[1]"},{"id":"@class/word","prob":1,"value":"DIV.lui_paging_content_left DIV.lui_paging_content_right DIV.lui_paging_content_centre"},{"id":"path/ordinal","prob":1,"value":"/HTML[1]/BODY[1]/TABLE[1]/TBODY[1]/TR[1]/TD[3]/DIV[1]/DIV[1]/DIV[6]/DIV[1]/DIV[2]/DIV[1]/DIV[1]"}]},"events":{"onGetData":"getData_control25_y3mum2"},"intendedRole":"custom","roles":"element,custom","monitored":true,"frameXPath":""}},"contexts":{"context1_q4yufW":{"controls":["control4_cMcsTS","control5_BmiBRA","control6_OdGErn","control23_dXVl2T","control24_WSk9cA","control25_y3mum2"],"anchors":[],"urlAnchor":[]}},"flows":{"flow3_sZXZ7T":{"toContexts":[{"toContextId":"context1_q4yufW"}]},"flow4_aIDvb3":{"fromContextId":"context1_q4yufW","fromAction":"doAction","fromControlId":"control5_BmiBRA","toContexts":[{"toContextId":"context1_q4yufW"}]},"flow6_O5t4Xs":{"fromContextId":"context1_q4yufW","fromAction":"doAction","fromControlId":"control6_OdGErn","toContexts":[{"toContextId":"context1_q4yufW"}]},"flow7_ZvF63d":{"fromContextId":"context1_q4yufW","fromAction":"doAction","fromControlId":"control4_cMcsTS","toContexts":[{"toContextId":"context1_q4yufW"},{"toContextId":"context2_mX3z0R","toModelId":"ad_expense_add"},{"toContextId":"context5_0IcqTN","toModelId":"errorMsg"}]},"flow22_x6y2zv":{"fromContextId":"context1_q4yufW","fromAction":"doAction","fromControlId":"control24_WSk9cA","toContexts":[{"toContextId":"context1_q4yufW"},{"toContextId":"context4_UKqgLL","toModelId":"ad_expense_info"}]}},"pages":{"page1_U24Xlr":{"contextId":"context1_q4yufW","layout":[{"id":"uiControl5_udCTL0","controlId":"control4_cMcsTS","display":{"adapterId":"custom","type":"custom","adapter":{"templateType":"react","events":{"onDoAction":"doAction_uiControl5_udCTL0","onGetTemplate":"getTemplate_uiControl5_udCTL0"}}}},{"id":"uiControl6_1aBZaf","controlId":"control5_BmiBRA","display":{"adapterId":"custom","type":"custom","adapter":{"templateType":"react","events":{"onDoAction":"doAction_uiControl6_1aBZaf","onGetTemplate":"getTemplate_uiControl6_1aBZaf"}}}},{"id":"uiControl7_6uTBxH","controlId":"control6_OdGErn","display":{"adapterId":"custom","type":"custom","adapter":{"templateType":"react","events":{"onDoAction":"doAction_uiControl7_6uTBxH","onGetTemplate":"getTemplate_uiControl7_6uTBxH"}}}},{"id":"uiControl28_tvz0L0","controlId":"control24_WSk9cA","display":{"adapterId":"custom","type":"custom","adapter":{"templateType":"react","events":{"onDoAction":"doAction_uiControl28_tvz0L0","onGetTemplate":"getTemplate_uiControl28_tvz0L0"}}}},{"id":"uiControl27_dPqP37","controlId":"control23_dXVl2T","display":{"adapterId":"content","type":"content","class":"text-center data-empty","adapter":{"templateType":""}}},{"id":"uiControl29_px7WQ1","controlId":"control25_y3mum2","display":{"adapterId":"custom","type":"custom","adapter":{"templateType":"react","events":{"onDoAction":"doAction_uiControl29_px7WQ1","onGetTemplate":"getTemplate_uiControl29_px7WQ1"}}}}]}},"matchers":{"page/title":{"contexts":{"context1_q4yufW":["费用支持管理"]}},"page/urls":{"contexts":{"context1_q4yufW":["7.carpoly.com/ekp/cm/fee/cm_fee_ad_expense/index.jsp?service=expense","7.carpoly.com/ekp/cm/fee/cm_fee_ad_expense/index.jsp"],"context5_0IcqTN":["7.carpoly.com/ekp/cm/sale/cm_sale_order_materiel/cmSaleOrderMateriel.do?method=save&s_css=default&s_seq=1","7.carpoly.com/ekp/cm/fee/cm_fee_ad_expense/cmFeeAdExpense.do?method=add&s_css=default"]}},"page/ids":{"contexts":{"context1_q4yufW":[["__user_info__img__","criteriaExpense","listview","lui-id-","mainContent","mainIframe","queryListView","top"],["__user_info__img__","criteriaExpense","listview","mainContent","mainIframe","queryListView","top"]]}},"page/classes":{"contexts":{"context1_q4yufW":[["arrow","arrow-inner","bottom_bar","bottom_bar_inner","bottom_bar_item","bottom_bar_wrap","cancel","checkbox","clearfloat","clr","columnTable","com_btn_link","com_goto","com_gototop","commit-action","criteria","criteria-border","criteria-extra","criteria-extra-border","criteria-extra-more","criteria-input-cancel","criteria-input-ok","criteria-input-text","criteria-popup-wapper","criteria-selected","criteria-selected-wapper","criterion","criterion-all","criterion-box-selected","criterion-calendar","criterion-collapse","criterion-expand","criterion-more","criterion-more-down","criterion-normal","criterion-options","criterion-other","criterion-selected","criterion-title","criterion-value","criterions","criterions-wapper","footer","hidden","listview","lui-component","lui_accordionpanel_content_c","lui_accordionpanel_content_frame","lui_accordionpanel_content_l","lui_accordionpanel_content_r","lui_accordionpanel_footer_c","lui_accordionpanel_footer_l","lui_accordionpanel_footer_r","lui_accordionpanel_frame","lui_accordionpanel_header_c","lui_accordionpanel_header_l","lui_accordionpanel_header_r","lui_accordionpanel_nav_c","lui_accordionpanel_nav_l","lui_accordionpanel_nav_r","lui_accordionpanel_nav_text","lui_accordionpanel_toggle_down","lui_accordionpanel_toggle_up","lui_icon_s","lui_icon_s_home","lui_icon_s_on_filter","lui_item","lui_item_content","lui_item_left","lui_item_right","lui_item_txt","lui_list_body_frame","lui_list_create_center_c","lui_list_create_center_l","lui_list_create_center_r","lui_list_create_footer_c","lui_list_create_footer_l","lui_list_create_footer_r","lui_list_create_frame","lui_list_create_header_c","lui_list_create_header_l","lui_list_create_header_r","lui_list_create_header_trig","lui_list_create_wrapper","lui_list_create_wrapper_foot","lui_list_left_sidebar_frame","lui_list_mainContent","lui_list_mainContent_close","lui_list_nav_list","lui_list_operation","lui_menu_content","lui_menu_frame_nav","lui_menu_item","lui_menu_item_split","lui_menu_left","lui_menu_right","lui_panel_content_inside","lui_popup_border_content","lui_portal_footer","lui_portal_header","lui_portal_header_icon_arrow","lui_portal_header_logo_div","lui_portal_header_logo_img","lui_portal_header_menu_c","lui_portal_header_menu_content","lui_portal_header_menu_frame","lui_portal_header_menu_item_body","lui_portal_header_menu_item_c","lui_portal_header_menu_item_div","lui_portal_header_menu_item_frame","lui_portal_header_menu_item_l","lui_portal_header_menu_item_left","lui_portal_header_menu_item_line","lui_portal_header_menu_item_r","lui_portal_header_menu_item_right","lui_portal_header_menu_l","lui_portal_header_menu_logo","lui_portal_header_menu_menu","lui_portal_header_menu_person","lui_portal_header_menu_person_c_c","lui_portal_header_menu_person_c_l","lui_portal_header_menu_person_c_r","lui_portal_header_menu_person_f_c","lui_portal_header_menu_person_f_l","lui_portal_header_menu_person_f_r","lui_portal_header_menu_person_h_c","lui_portal_header_menu_person_h_l","lui_portal_header_menu_person_h_r","lui_portal_header_menu_r","lui_portal_header_menu_search","lui_portal_header_portal","lui_portal_header_portal_content","lui_portal_header_text","lui_portal_header_userinfo","lui_portal_header_username","lui_portal_header_welcome","lui_portlet_operations","lui_toolbar_btn","lui_toolbar_btn_c","lui_toolbar_btn_l","lui_toolbar_btn_r","lui_toolbar_content","lui_toolbar_frame","lui_toolbar_frame_sort","lui_toolbar_left","lui_toolbar_right","lui_widget_btn","lui_widget_btn_icon","lui_widget_btn_txt","msgtitle","multi-option","prompt_centerC","prompt_centerL","prompt_centerR","prompt_container","prompt_content_error","prompt_content_inside","prompt_content_right","prompt_content_timer","prompt_frame","radio","selected","text","title"],["arrow","arrow-inner","bottom_bar","bottom_bar_inner","bottom_bar_item","bottom_bar_wrap","checkbox","clearfloat","clr","columnTable","com_btn_link","com_goto","com_gototop","commit-action","criteria","criteria-border","criteria-extra","criteria-extra-border","criteria-extra-more","criteria-input-cancel","criteria-input-ok","criteria-input-text","criteria-popup-wapper","criteria-selected","criteria-selected-wapper","criterion","criterion-all","criterion-box-selected","criterion-calendar","criterion-collapse","criterion-expand","criterion-more","criterion-more-down","criterion-normal","criterion-options","criterion-other","criterion-selected","criterion-title","criterion-value","criterions","criterions-wapper","footer","grid","hidden","listview","lui-component","lui_accordionpanel_content_c","lui_accordionpanel_content_frame","lui_accordionpanel_content_l","lui_accordionpanel_content_r","lui_accordionpanel_footer_c","lui_accordionpanel_footer_l","lui_accordionpanel_footer_r","lui_accordionpanel_frame","lui_accordionpanel_header_c","lui_accordionpanel_header_l","lui_accordionpanel_header_r","lui_accordionpanel_nav_c","lui_accordionpanel_nav_l","lui_accordionpanel_nav_r","lui_accordionpanel_nav_text","lui_accordionpanel_toggle_down","lui_accordionpanel_toggle_up","lui_criteria_date_li","lui_criteria_date_select","lui_criteria_date_span","lui_criteria_date_validate","lui_criteria_date_validate_container","lui_icon_s","lui_icon_s_home","lui_icon_s_icon_validator","lui_icon_s_on_filter","lui_item","lui_item_content","lui_item_left","lui_item_right","lui_item_txt","lui_list_body_frame","lui_list_create_center_c","lui_list_create_center_l","lui_list_create_center_r","lui_list_create_footer_c","lui_list_create_footer_l","lui_list_create_footer_r","lui_list_create_frame","lui_list_create_header_c","lui_list_create_header_l","lui_list_create_header_r","lui_list_create_header_trig","lui_list_create_wrapper","lui_list_create_wrapper_foot","lui_list_left_sidebar_frame","lui_list_mainContent","lui_list_mainContent_close","lui_list_nav_list","lui_list_operation","lui_menu_content","lui_menu_frame_nav","lui_menu_item","lui_menu_item_split","lui_menu_left","lui_menu_right","lui_panel_content_inside","lui_popup_border_content","lui_portal_footer","lui_portal_header","lui_portal_header_icon_arrow","lui_portal_header_logo_div","lui_portal_header_logo_img","lui_portal_header_menu_c","lui_portal_header_menu_content","lui_portal_header_menu_frame","lui_portal_header_menu_item_body","lui_portal_header_menu_item_c","lui_portal_header_menu_item_div","lui_portal_header_menu_item_frame","lui_portal_header_menu_item_l","lui_portal_header_menu_item_left","lui_portal_header_menu_item_line","lui_portal_header_menu_item_r","lui_portal_header_menu_item_right","lui_portal_header_menu_l","lui_portal_header_menu_logo","lui_portal_header_menu_menu","lui_portal_header_menu_person","lui_portal_header_menu_person_c_c","lui_portal_header_menu_person_c_l","lui_portal_header_menu_person_c_r","lui_portal_header_menu_person_f_c","lui_portal_header_menu_person_f_l","lui_portal_header_menu_person_f_r","lui_portal_header_menu_person_h_c","lui_portal_header_menu_person_h_l","lui_portal_header_menu_person_h_r","lui_portal_header_menu_r","lui_portal_header_menu_search","lui_portal_header_portal","lui_portal_header_portal_content","lui_portal_header_text","lui_portal_header_userinfo","lui_portal_header_username","lui_portal_header_welcome","lui_portlet_operations","lui_toolbar_btn","lui_toolbar_btn_c","lui_toolbar_btn_l","lui_toolbar_btn_r","lui_toolbar_content","lui_toolbar_frame","lui_toolbar_frame_sort","lui_toolbar_left","lui_toolbar_right","lui_widget_btn","lui_widget_btn_icon","lui_widget_btn_txt","msgtitle","multi-option","prompt_centerC","prompt_centerL","prompt_centerR","prompt_container","prompt_content_error","prompt_content_inside","prompt_content_right","prompt_content_timer","prompt_frame","radio","sec","selected","text"],["bottom_bar","bottom_bar_inner","bottom_bar_item","bottom_bar_wrap","clearfloat","clr","com_btn_link","footer","lui_icon_s","lui_list_body_frame","lui_list_create_center_c","lui_list_create_center_l","lui_list_create_center_r","lui_list_create_footer_c","lui_list_create_footer_l","lui_list_create_footer_r","lui_list_create_frame","lui_list_create_header_c","lui_list_create_header_l","lui_list_create_header_r","lui_list_create_header_trig","lui_list_create_wrapper","lui_list_create_wrapper_foot","lui_list_left_sidebar_frame","lui_list_mainContent","lui_list_mainContent_close","lui_list_nav_list","lui_list_operation","lui_portal_footer","lui_portal_header","lui_portal_header_icon_arrow","lui_portal_header_logo_div","lui_portal_header_logo_img","lui_portal_header_menu_content","lui_portal_header_menu_frame","lui_portal_header_menu_logo","lui_portal_header_menu_menu","lui_portal_header_menu_person","lui_portal_header_menu_person_c_c","lui_portal_header_menu_person_c_l","lui_portal_header_menu_person_c_r","lui_portal_header_menu_person_f_c","lui_portal_header_menu_person_f_l","lui_portal_header_menu_person_f_r","lui_portal_header_menu_person_h_c","lui_portal_header_menu_person_h_l","lui_portal_header_menu_person_h_r","lui_portal_header_menu_search","lui_portal_header_portal","lui_portal_header_portal_content","lui_portal_header_text","lui_portal_header_userinfo","lui_portal_header_username","lui_portal_header_welcome"],["arrow","arrow-inner","bottom_bar","bottom_bar_inner","bottom_bar_item","bottom_bar_wrap","cancel","checkbox","clearfloat","clr","columnTable","com_btn_link","com_goto","com_gototop","commit-action","criteria","criteria-border","criteria-extra","criteria-extra-border","criteria-extra-more","criteria-input-cancel","criteria-input-ok","criteria-input-text","criteria-popup-wapper","criteria-selected","criteria-selected-wapper","criterion","criterion-all","criterion-box-selected","criterion-calendar","criterion-collapse","criterion-expand","criterion-more","criterion-more-down","criterion-normal","criterion-options","criterion-other","criterion-selected","criterion-title","criterion-value","criterions","criterions-wapper","footer","grid","hidden","listview","lui-component","lui_accordionpanel_content_c","lui_accordionpanel_content_frame","lui_accordionpanel_content_l","lui_accordionpanel_content_r","lui_accordionpanel_footer_c","lui_accordionpanel_footer_l","lui_accordionpanel_footer_r","lui_accordionpanel_frame","lui_accordionpanel_header_c","lui_accordionpanel_header_l","lui_accordionpanel_header_r","lui_accordionpanel_nav_c","lui_accordionpanel_nav_l","lui_accordionpanel_nav_r","lui_accordionpanel_nav_text","lui_accordionpanel_toggle_down","lui_accordionpanel_toggle_up","lui_criteria_date_li","lui_criteria_date_select","lui_criteria_date_span","lui_criteria_date_validate","lui_criteria_date_validate_container","lui_icon_s","lui_icon_s_home","lui_icon_s_icon_validator","lui_icon_s_on_filter","lui_item","lui_item_content","lui_item_left","lui_item_right","lui_item_txt","lui_list_body_frame","lui_list_create_center_c","lui_list_create_center_l","lui_list_create_center_r","lui_list_create_footer_c","lui_list_create_footer_l","lui_list_create_footer_r","lui_list_create_frame","lui_list_create_header_c","lui_list_create_header_l","lui_list_create_header_r","lui_list_create_header_trig","lui_list_create_wrapper","lui_list_create_wrapper_foot","lui_list_left_sidebar_frame","lui_list_mainContent","lui_list_mainContent_close","lui_list_nav_list","lui_list_operation","lui_menu_content","lui_menu_frame_nav","lui_menu_item","lui_menu_item_split","lui_menu_left","lui_menu_right","lui_panel_content_inside","lui_popup_border_content","lui_portal_footer","lui_portal_header","lui_portal_header_icon_arrow","lui_portal_header_logo_div","lui_portal_header_logo_img","lui_portal_header_menu_c","lui_portal_header_menu_content","lui_portal_header_menu_frame","lui_portal_header_menu_item_body","lui_portal_header_menu_item_c","lui_portal_header_menu_item_div","lui_portal_header_menu_item_frame","lui_portal_header_menu_item_l","lui_portal_header_menu_item_left","lui_portal_header_menu_item_line","lui_portal_header_menu_item_r","lui_portal_header_menu_item_right","lui_portal_header_menu_l","lui_portal_header_menu_logo","lui_portal_header_menu_menu","lui_portal_header_menu_person","lui_portal_header_menu_person_c_c","lui_portal_header_menu_person_c_l","lui_portal_header_menu_person_c_r","lui_portal_header_menu_person_f_c","lui_portal_header_menu_person_f_l","lui_portal_header_menu_person_f_r","lui_portal_header_menu_person_h_c","lui_portal_header_menu_person_h_l","lui_portal_header_menu_person_h_r","lui_portal_header_menu_r","lui_portal_header_menu_search","lui_portal_header_portal","lui_portal_header_portal_content","lui_portal_header_text","lui_portal_header_userinfo","lui_portal_header_username","lui_portal_header_welcome","lui_portlet_operations","lui_toolbar_btn","lui_toolbar_btn_c","lui_toolbar_btn_l","lui_toolbar_btn_r","lui_toolbar_content","lui_toolbar_frame","lui_toolbar_frame_sort","lui_toolbar_left","lui_toolbar_right","lui_widget_btn","lui_widget_btn_icon","lui_widget_btn_txt","msgtitle","multi-option","prompt_centerC","prompt_centerL","prompt_centerR","prompt_container","prompt_content_error","prompt_content_inside","prompt_content_right","prompt_content_timer","prompt_frame","radio","sec","selected","text","title"],["arrow","arrow-inner","bottom_bar","bottom_bar_inner","bottom_bar_item","bottom_bar_wrap","cancel","checkbox","clearfloat","clr","columnTable","com_btn_link","com_goto","com_gototop","commit-action","criteria","criteria-border","criteria-extra","criteria-extra-border","criteria-extra-more","criteria-input-cancel","criteria-input-ok","criteria-input-text","criteria-popup-wapper","criteria-selected","criteria-selected-wapper","criterion","criterion-all","criterion-box-selected","criterion-calendar","criterion-collapse","criterion-expand","criterion-more","criterion-more-down","criterion-normal","criterion-options","criterion-other","criterion-selected","criterion-title","criterion-value","criterions","criterions-wapper","footer","hidden","listview","lui-component","lui_accordionpanel_content_c","lui_accordionpanel_content_frame","lui_accordionpanel_content_l","lui_accordionpanel_content_r","lui_accordionpanel_footer_c","lui_accordionpanel_footer_l","lui_accordionpanel_footer_r","lui_accordionpanel_frame","lui_accordionpanel_header_c","lui_accordionpanel_header_l","lui_accordionpanel_header_r","lui_accordionpanel_nav_c","lui_accordionpanel_nav_l","lui_accordionpanel_nav_r","lui_accordionpanel_nav_text","lui_accordionpanel_toggle_down","lui_accordionpanel_toggle_up","lui_icon_s","lui_icon_s_home","lui_icon_s_on_filter","lui_item","lui_item_content","lui_item_left","lui_item_right","lui_item_txt","lui_list_body_frame","lui_list_create_center_c","lui_list_create_center_l","lui_list_create_center_r","lui_list_create_footer_c","lui_list_create_footer_l","lui_list_create_footer_r","lui_list_create_frame","lui_list_create_header_c","lui_list_create_header_l","lui_list_create_header_r","lui_list_create_header_trig","lui_list_create_wrapper","lui_list_create_wrapper_foot","lui_list_left_sidebar_frame","lui_list_mainContent","lui_list_mainContent_close","lui_list_nav_list","lui_list_operation","lui_listview_body","lui_listview_centerC","lui_listview_centerL","lui_listview_centerR","lui_listview_columntable_table","lui_listview_footC","lui_listview_footL","lui_listview_footR","lui_menu_content","lui_menu_frame_nav","lui_menu_item","lui_menu_item_split","lui_menu_left","lui_menu_right","lui_paging_amount_center","lui_paging_amount_left","lui_paging_amount_right","lui_paging_box","lui_paging_btn","lui_paging_contentBox","lui_paging_content_centre","lui_paging_content_left","lui_paging_content_right","lui_paging_foot_centre","lui_paging_foot_left","lui_paging_foot_right","lui_paging_go_center","lui_paging_go_left","lui_paging_go_right","lui_paging_header_centre","lui_paging_header_left","lui_paging_header_right","lui_paging_jump_center","lui_paging_jump_left","lui_paging_jump_right","lui_paging_ml","lui_paging_mr","lui_paging_num_center","lui_paging_num_left","lui_paging_num_right","lui_paging_total_center","lui_paging_total_left","lui_paging_total_right","lui_panel_content_inside","lui_popup_border_content","lui_portal_footer","lui_portal_header","lui_portal_header_icon_arrow","lui_portal_header_logo_div","lui_portal_header_logo_img","lui_portal_header_menu_c","lui_portal_header_menu_content","lui_portal_header_menu_frame","lui_portal_header_menu_item_body","lui_portal_header_menu_item_c","lui_portal_header_menu_item_div","lui_portal_header_menu_item_frame","lui_portal_header_menu_item_l","lui_portal_header_menu_item_left","lui_portal_header_menu_item_line","lui_portal_header_menu_item_r","lui_portal_header_menu_item_right","lui_portal_header_menu_l","lui_portal_header_menu_logo","lui_portal_header_menu_menu","lui_portal_header_menu_person","lui_portal_header_menu_person_c_c","lui_portal_header_menu_person_c_l","lui_portal_header_menu_person_c_r","lui_portal_header_menu_person_f_c","lui_portal_header_menu_person_f_l","lui_portal_header_menu_person_f_r","lui_portal_header_menu_person_h_c","lui_portal_header_menu_person_h_l","lui_portal_header_menu_person_h_r","lui_portal_header_menu_r","lui_portal_header_menu_search","lui_portal_header_portal","lui_portal_header_portal_content","lui_portal_header_text","lui_portal_header_userinfo","lui_portal_header_username","lui_portal_header_welcome","lui_portlet_operations","lui_toolbar_btn","lui_toolbar_btn_c","lui_toolbar_btn_l","lui_toolbar_btn_r","lui_toolbar_content","lui_toolbar_frame","lui_toolbar_frame_sort","lui_toolbar_left","lui_toolbar_right","lui_widget_btn","lui_widget_btn_icon","lui_widget_btn_txt","multi-option","radio","selected","text","title","width"],["arrow","arrow-inner","bottom_bar","bottom_bar_inner","bottom_bar_item","bottom_bar_wrap","checkbox","clearfloat","clr","columnTable","com_btn_link","com_goto","com_gototop","commit-action","criteria","criteria-border","criteria-extra","criteria-extra-border","criteria-extra-more","criteria-input-cancel","criteria-input-ok","criteria-input-text","criteria-popup-wapper","criteria-selected","criteria-selected-wapper","criterion","criterion-all","criterion-box-selected","criterion-calendar","criterion-collapse","criterion-expand","criterion-more","criterion-more-down","criterion-normal","criterion-options","criterion-other","criterion-selected","criterion-title","criterion-value","criterions","criterions-wapper","footer","hidden","listview","lui-component","lui_accordionpanel_content_c","lui_accordionpanel_content_frame","lui_accordionpanel_content_l","lui_accordionpanel_content_r","lui_accordionpanel_footer_c","lui_accordionpanel_footer_l","lui_accordionpanel_footer_r","lui_accordionpanel_frame","lui_accordionpanel_header_c","lui_accordionpanel_header_l","lui_accordionpanel_header_r","lui_accordionpanel_nav_c","lui_accordionpanel_nav_l","lui_accordionpanel_nav_r","lui_accordionpanel_nav_text","lui_accordionpanel_toggle_down","lui_accordionpanel_toggle_up","lui_icon_s","lui_icon_s_home","lui_icon_s_on_filter","lui_item","lui_item_content","lui_item_left","lui_item_right","lui_item_txt","lui_list_body_frame","lui_list_create_center_c","lui_list_create_center_l","lui_list_create_center_r","lui_list_create_footer_c","lui_list_create_footer_l","lui_list_create_footer_r","lui_list_create_frame","lui_list_create_header_c","lui_list_create_header_l","lui_list_create_header_r","lui_list_create_header_trig","lui_list_create_wrapper","lui_list_create_wrapper_foot","lui_list_left_sidebar_frame","lui_list_mainContent","lui_list_mainContent_close","lui_list_nav_list","lui_list_operation","lui_listview_body","lui_listview_centerC","lui_listview_centerL","lui_listview_centerR","lui_listview_columntable_table","lui_listview_footC","lui_listview_footL","lui_listview_footR","lui_menu_content","lui_menu_frame_nav","lui_menu_item","lui_menu_item_split","lui_menu_left","lui_menu_right","lui_paging_amount_center","lui_paging_amount_left","lui_paging_amount_right","lui_paging_box","lui_paging_btn","lui_paging_contentBox","lui_paging_content_centre","lui_paging_content_left","lui_paging_content_right","lui_paging_foot_centre","lui_paging_foot_left","lui_paging_foot_right","lui_paging_go_center","lui_paging_go_left","lui_paging_go_right","lui_paging_header_centre","lui_paging_header_left","lui_paging_header_right","lui_paging_jump_center","lui_paging_jump_left","lui_paging_jump_right","lui_paging_ml","lui_paging_mr","lui_paging_num_center","lui_paging_num_left","lui_paging_num_right","lui_paging_total_center","lui_paging_total_left","lui_paging_total_right","lui_panel_content_inside","lui_popup_border_content","lui_portal_footer","lui_portal_header","lui_portal_header_icon_arrow","lui_portal_header_logo_div","lui_portal_header_logo_img","lui_portal_header_menu_c","lui_portal_header_menu_content","lui_portal_header_menu_frame","lui_portal_header_menu_item_body","lui_portal_header_menu_item_c","lui_portal_header_menu_item_div","lui_portal_header_menu_item_frame","lui_portal_header_menu_item_l","lui_portal_header_menu_item_left","lui_portal_header_menu_item_line","lui_portal_header_menu_item_r","lui_portal_header_menu_item_right","lui_portal_header_menu_l","lui_portal_header_menu_logo","lui_portal_header_menu_menu","lui_portal_header_menu_person","lui_portal_header_menu_person_c_c","lui_portal_header_menu_person_c_l","lui_portal_header_menu_person_c_r","lui_portal_header_menu_person_f_c","lui_portal_header_menu_person_f_l","lui_portal_header_menu_person_f_r","lui_portal_header_menu_person_h_c","lui_portal_header_menu_person_h_l","lui_portal_header_menu_person_h_r","lui_portal_header_menu_r","lui_portal_header_menu_search","lui_portal_header_portal","lui_portal_header_portal_content","lui_portal_header_text","lui_portal_header_userinfo","lui_portal_header_username","lui_portal_header_welcome","lui_portlet_operations","lui_toolbar_btn","lui_toolbar_btn_c","lui_toolbar_btn_l","lui_toolbar_btn_r","lui_toolbar_content","lui_toolbar_frame","lui_toolbar_frame_sort","lui_toolbar_left","lui_toolbar_right","lui_widget_btn","lui_widget_btn_icon","lui_widget_btn_txt","multi-option","radio","selected","text","width"]],"context5_0IcqTN":[["alt","bar","clearfloat","content","copyToClipboard","errorlist","errortitle","functions","item","line","lines","number","plain","printSource","prompt_buttons","prompt_centerC","prompt_centerL","prompt_centerR","prompt_container","prompt_content_error","prompt_content_inside","prompt_content_right","prompt_frame","prompt_message","prompt_title","promt_footerC","promt_footerL","promt_footerR","promt_headerC","promt_headerL","promt_headerR","showMoreError_plus","spaces","string","syntaxhighlighter","toolbar","viewSource"],["alt","bar","btnmsg","btnmsg_l","btnmsg_r","clearfloat","content","copyToClipboard","errorlist","errortitle","item","line","lines","number","plain","printSource","prompt_buttons","prompt_centerC","prompt_centerL","prompt_centerR","prompt_container","prompt_content_error","prompt_content_inside","prompt_content_right","prompt_frame","prompt_message","prompt_title","promt_footerC","promt_footerL","promt_footerR","promt_headerC","promt_headerL","promt_headerR","showMoreError_plus","spaces","syntaxhighlighter","toolbar","viewSource"]]}},"page/tagTriplets":{"contexts":{"context1_q4yufW":[["-/-/DIV","-/-/SCRIPT","-/-/TABLE","-/DIV/DIV","-/DIV/LINK","-/DIV/SCRIPT","-/TABLE/TBODY","A/SPAN/SPAN","DIV/A/SPAN","DIV/DIV/A","DIV/DIV/DIV","DIV/DIV/H1","DIV/DIV/I","DIV/DIV/IFRAME","DIV/DIV/IMG","DIV/DIV/LI","DIV/DIV/LINK","DIV/DIV/SCRIPT","DIV/DIV/SPAN","DIV/DIV/TABLE","DIV/DIV/UL","DIV/H1/A","DIV/LI/A","DIV/LI/SPAN","DIV/TABLE/TBODY","DIV/UL/DIV","DIV/UL/LI","LI/A/I","LI/A/SPAN","LI/DIV/DIV","LI/SPAN/INPUT-button","LI/SPAN/INPUT-text","TABLE/TBODY/TR","TBODY/TR/TD","TD/A/SPAN","TD/DIV/DIV","TD/DIV/SCRIPT","TD/TABLE/TBODY","TR/TD/A","TR/TD/DIV","TR/TD/IMG","TR/TD/SPAN","TR/TD/TABLE","UL/DIV/LI","UL/LI/A","UL/LI/DIV"],["-/-/DIV","-/-/SCRIPT","-/-/TABLE","-/DIV/DIV","-/DIV/LINK","-/DIV/SCRIPT","-/TABLE/TBODY","A/SPAN/SPAN","DIV/A/SPAN","DIV/DIV/A","DIV/DIV/DIV","DIV/DIV/H1","DIV/DIV/I","DIV/DIV/IFRAME","DIV/DIV/IMG","DIV/DIV/LI","DIV/DIV/LINK","DIV/DIV/SCRIPT","DIV/DIV/SPAN","DIV/DIV/TABLE","DIV/DIV/UL","DIV/H1/A","DIV/LI/A","DIV/LI/DIV","DIV/LI/INPUT-button","DIV/LI/SPAN","DIV/SPAN/DIV","DIV/TABLE/TBODY","DIV/UL/DIV","DIV/UL/LI","LI/A/I","LI/A/SPAN","LI/DIV/DIV","LI/DIV/SPAN","LI/SPAN/DIV","LI/SPAN/INPUT-button","LI/SPAN/INPUT-text","TABLE/TBODY/TR","TBODY/TR/TD","TD/A/SPAN","TD/DIV/DIV","TD/DIV/SCRIPT","TD/TABLE/TBODY","TR/TD/A","TR/TD/DIV","TR/TD/IMG","TR/TD/SPAN","TR/TD/TABLE","UL/DIV/LI","UL/LI/A","UL/LI/DIV"],["-/-/DIV","-/-/SCRIPT","-/-/TABLE","-/DIV/DIV","-/DIV/LINK","-/DIV/SCRIPT","-/TABLE/TBODY","DIV/DIV/DIV","DIV/DIV/H1","DIV/DIV/I","DIV/DIV/IFRAME","DIV/DIV/IMG","DIV/DIV/LINK","DIV/DIV/SCRIPT","DIV/DIV/SPAN","DIV/DIV/TABLE","DIV/DIV/UL","DIV/H1/A","DIV/TABLE/TBODY","DIV/UL/LI","TABLE/TBODY/TR","TBODY/TR/TD","TD/A/SPAN","TD/DIV/DIV","TD/DIV/SCRIPT","TD/TABLE/TBODY","TR/TD/A","TR/TD/DIV","TR/TD/IMG","TR/TD/SPAN","TR/TD/TABLE","UL/LI/A"],["-/-/DIV","-/-/SCRIPT","-/-/TABLE","-/DIV/DIV","-/DIV/LINK","-/DIV/SCRIPT","-/TABLE/TBODY","A/SPAN/SPAN","DIV/A/SPAN","DIV/DIV/A","DIV/DIV/DIV","DIV/DIV/H1","DIV/DIV/I","DIV/DIV/IFRAME","DIV/DIV/IMG","DIV/DIV/LI","DIV/DIV/LINK","DIV/DIV/SCRIPT","DIV/DIV/SPAN","DIV/DIV/TABLE","DIV/DIV/UL","DIV/H1/A","DIV/LI/A","DIV/LI/SPAN","DIV/TABLE/TBODY","DIV/TABLE/THEAD","DIV/UL/DIV","DIV/UL/LI","LI/A/I","LI/A/SPAN","LI/DIV/DIV","LI/SPAN/INPUT-button","LI/SPAN/INPUT-text","TABLE/TBODY/TR","TABLE/THEAD/TR","TBODY/TR/TD","TD/A/SPAN","TD/DIV/DIV","TD/DIV/SCRIPT","TD/TABLE/TBODY","THEAD/TR/TH","TR/TD/A","TR/TD/DIV","TR/TD/IMG","TR/TD/INPUT-checkbox","TR/TD/SPAN","TR/TD/TABLE","TR/TH/INPUT-checkbox","UL/DIV/DIV","UL/DIV/LI","UL/LI/A","UL/LI/DIV"]],"context5_0IcqTN":[["-/-/DIV","-/-/SCRIPT","-/DIV/DIV","DIV/DIV/A","DIV/DIV/DIV","DIV/DIV/EMBED","DIV/DIV/SPAN","DIV/DIV/TABLE","DIV/SPAN/BR","DIV/SPAN/DIV","DIV/SPAN/SPAN","DIV/TABLE/TBODY","SPAN/DIV/DIV","SPAN/SPAN/DIV","TABLE/TBODY/TR","TBODY/TR/TD","TR/TD/CODE"],["-/-/DIV","-/-/SCRIPT","-/DIV/DIV","DIV/DIV/A","DIV/DIV/DIV","DIV/DIV/EMBED","DIV/DIV/INPUT-button","DIV/DIV/SPAN","DIV/DIV/TABLE","DIV/SPAN/BR","DIV/SPAN/DIV","DIV/SPAN/SPAN","DIV/TABLE/TBODY","SPAN/DIV/DIV","SPAN/SPAN/DIV","TABLE/TBODY/TR","TBODY/TR/TD","TR/TD/CODE"]]}}}}