{"version":"0.1","id":"revise_list","targetURL":"https://7.carpoly.com/ekp/cm/sale/cm_sale_prodorder_revise/index.jsp?service=order#cri.q=docStatus:30","jsFile":"index.js","requires":{"cmSaleProdorderRevise":"../cmSaleProdorderRevise/index.json","secondpwd":"../secondpwd/index.json"},"chineseName":"订单确认中心列表","description":"","controls":{"control3_WRrEHW":{"location":{"data":{"tagName":"DIV"},"userData":{"data":[],"force":false},"locators":[{"id":"@class/word","prob":1,"ordinal":[0,5],"value":"BODY.lui_list_body DIV.lui_list_left_sidebar_frame DIV.lui-component"},{"id":"path/ordinal","prob":1,"value":"/HTML[1]/BODY[1]/TABLE[1]/TBODY[1]/TR[1]/TD[1]/DIV[1]/DIV[1]"}]},"events":{"onGetData":"getData_control3_WRrEHW"},"intendedRole":"custom","roles":"element,custom","monitored":true,"frameXPath":""},"control4_mw8W64":{"location":{"data":{"tagName":"DIV"},"userData":{"data":[],"force":false},"locators":[{"id":"@class/word","prob":1,"ordinal":[0,5],"value":"BODY.lui_list_body DIV.lui_list_left_sidebar_frame DIV.lui-component"},{"id":"path/ordinal","prob":1,"value":"/HTML[1]/BODY[1]/TABLE[1]/TBODY[1]/TR[1]/TD[1]/DIV[1]/DIV[1]"}]},"events":{"onGetData":"getData_control4_mw8W64"},"intendedRole":"custom","roles":"element,custom","monitored":true,"frameXPath":""},"control6_XVRonz":{"location":{"data":{"tagName":"TABLE"},"userData":{"data":[],"force":false},"locators":[{"id":"@id/word","prob":1,"value":["descendant::DIV[@id=\"queryListView\"]//DIV[@id=\"listview\"]/DIV[1]/DIV[4]/DIV[1]/DIV[1]/DIV[1]/TABLE[1]","descendant::DIV[@id=\"queryListView\"]//DIV[@id=\"listview\"]//TABLE","descendant::DIV[@id=\"listview\"]//TABLE"]},{"id":"@id/partialWord","prob":1,"disabled":true,"value":{"elemId":"lui-id-70","tagName":"DIV","prefix":"DIV[@id=\"queryListView\"]//DIV[@id=\"listview\"]//","suffix":"/DIV[4]/DIV[1]/DIV[1]/DIV[1]/TABLE[1]","ratio":0.243}},{"id":"@class/word","prob":1,"value":"DIV.lui_listview_centerR DIV.lui_listview_centerC TABLE.lui_listview_columntable_table"},{"id":"path/ordinal","prob":1,"value":"/HTML[1]/BODY[1]/TABLE[1]/TBODY[1]/TR[1]/TD[3]/DIV[1]/DIV[1]/DIV[6]/DIV[1]/DIV[4]/DIV[1]/DIV[1]/DIV[1]/TABLE[1]"}]},"events":{"onGetData":"getData_control6_XVRonz"},"intendedRole":"custom","roles":"element,custom","monitored":true,"frameXPath":""},"control7_liLvG6":{"location":{"data":{"tagName":"DIV"},"userData":{"data":[],"force":false},"locators":[{"id":"@id/word","prob":2,"value":"descendant::DIV[@id=\"queryListView\"]/DIV[7]/DIV[1]"},{"id":"@class/word","prob":1,"value":"DIV.lui_list_body_frame DIV.lui-component DIV.lui_paging_box"},{"id":"path/ordinal","prob":1,"value":"/HTML[1]/BODY[1]/TABLE[1]/TBODY[1]/TR[1]/TD[3]/DIV[1]/DIV[1]/DIV[7]/DIV[1]"}]},"events":{"onGetData":"getData_control7_liLvG6"},"intendedRole":"custom","roles":"element,custom","monitored":true,"frameXPath":""},"control24_io4Byl":{"location":{"data":{"tagName":"DIV"},"userData":{"data":[],"force":false},"locators":[{"id":"@id/word","prob":3,"value":"descendant::DIV[@id=\"queryListView\"]"},{"id":"path/ordinal","prob":1,"value":"/HTML[1]/BODY[1]/TABLE[1]/TBODY[1]/TR[1]/TD[3]/DIV[1]/DIV[1]"}]},"events":{"onGetData":"getData_control24_io4Byl"},"intendedRole":"custom","roles":"element,custom","monitored":true,"frameXPath":""},"control28_5IfPTs":{"location":{"data":{"tagName":"DIV"},"userData":{"data":[],"force":false},"locators":[{"id":"text","prob":3,"value":{"text":["很抱歉，未找到相应的记录！"],"visText":["很抱歉，未找到相应的记录！"]}},{"id":"@id/word","prob":1,"value":"descendant::DIV[@id=\"queryListView\"]//DIV[@id=\"listview\"]/DIV[1]/DIV[5]/DIV[1]/DIV[1]/DIV[1]/DIV[1]/DIV[1]/DIV[1]/DIV[2]/DIV[1]/DIV[1]"},{"id":"@class/word","prob":1,"value":"DIV.prompt_content_right DIV.prompt_content_inside DIV.msgtitle"},{"id":"path/ordinal","prob":1,"value":"/HTML[1]/BODY[1]/TABLE[1]/TBODY[1]/TR[1]/TD[3]/DIV[1]/DIV[1]/DIV[5]/DIV[1]/DIV[5]/DIV[1]/DIV[1]/DIV[1]/DIV[1]/DIV[1]/DIV[1]/DIV[2]/DIV[1]/DIV[1]"},{"id":"style/color","value":[62,158,206]},{"id":"elderLevel","value":{"level":0}}]},"roles":"element","content":true,"monitored":true,"frameXPath":""}},"contexts":{"context1_VOE93d":{"controls":["control3_WRrEHW","control4_mw8W64","control6_XVRonz","control7_liLvG6","control24_io4Byl","control28_5IfPTs"],"anchors":[],"urlAnchor":["^https:\\/\\/7\\.carpoly\\.com\\/ekp\\/cm\\/sale\\/cm_sale_prodorder_revise\\/index\\.jsp\\?.*"]}},"flows":{"flow4_t1M1G1":{"toContexts":[{"toContextId":"context1_VOE93d"}]},"flow5_uSZ0Rw":{"fromContextId":"context1_VOE93d","fromAction":"doAction","fromControlId":"control4_mw8W64","toContexts":[{"toContextId":"context1_VOE93d"}]},"flow6_tyCGUO":{"fromContextId":"context1_VOE93d","fromAction":"doAction","fromControlId":"control6_XVRonz","toContexts":[{"toContextId":"context1_VOE93d"},{"toContextId":"context2_A7MKJB","toModelId":"cmSaleProdorderRevise"},{"toContextId":"context7_tRtG0W","toModelId":"secondpwd"}]},"flow20_uXBNC7":{"fromContextId":"context1_VOE93d","fromAction":"doAction","fromControlId":"control24_io4Byl","toContexts":[{"toContextId":"context1_VOE93d"}]}},"pages":{"page1_nKAIL8":{"contextId":"context1_VOE93d","layout":[{"id":"uiControl4_hud8wl","controlId":"control3_WRrEHW","display":{"adapterId":"custom","type":"custom","adapter":{"templateType":"react","events":{"onDoAction":"doAction_uiControl4_hud8wl","onGetTemplate":"getTemplate_uiControl4_hud8wl"}}}},{"id":"uiControl5_zRD8wG","controlId":"control4_mw8W64","display":{"adapterId":"custom","type":"custom","adapter":{"templateType":"react","events":{"onDoAction":"doAction_uiControl5_zRD8wG","onGetTemplate":"getTemplate_uiControl5_zRD8wG"}}}},{"id":"uiControl25_SMTe94","controlId":"control24_io4Byl","display":{"adapterId":"custom","type":"custom","adapter":{"templateType":"react","events":{"onDoAction":"doAction_uiControl25_SMTe94","onGetTemplate":"getTemplate_uiControl25_SMTe94"}}}},{"id":"uiControl7_PGRGWq","controlId":"control6_XVRonz","display":{"adapterId":"custom","type":"custom","adapter":{"templateType":"react","events":{"onDoAction":"doAction_uiControl7_PGRGWq","onGetTemplate":"getTemplate_uiControl7_PGRGWq"}}}},{"id":"uiControl26_VAkR1T","controlId":"control28_5IfPTs","display":{"adapterId":"content","type":"content","class":"text-center data-empty","adapter":{"templateType":""}}},{"id":"uiControl8_f9TqwF","controlId":"control7_liLvG6","display":{"adapterId":"custom","type":"custom","adapter":{"templateType":"react","events":{"onDoAction":"doAction_uiControl8_f9TqwF","onGetTemplate":"getTemplate_uiControl8_f9TqwF"}}}}]}},"matchers":{"page/title":{"contexts":{"context1_VOE93d":["销售管理"]}},"page/urls":{"contexts":{"context1_VOE93d":["7.carpoly.com/ekp/cm/sale/cm_sale_prodorder_revise/index.jsp?service=order","7.carpoly.com/ekp/cm/sale/cm_sale_prodorder_info/index.jsp?service=order","7.carpoly.com/ekp/cm/sale/cm_sale_prodorder_info/cmSaleProdorderInfo.do?method=view&fdId=15b80ea10296571c09ebdcb4f98bbd9e","7.carpoly.com/ekp/cm/sale/cm_sale_prodorder_revise/index.jsp?service=order"]}},"page/ids":{"contexts":{"context1_VOE93d":[["__user_info__img__","criteria","listview","lui-id-","mainContent","mainIframe","queryListView","top"],["Label_Tabel_Workflow_Info","Label_Tabel_Workflow_Info_Label_Btn_","Label_Tabel_Workflow_Info_Label_Img__","TABLE_Adjust_Color","TABLE_Prodorder","WF_IFrame","WF_TableIFrame","addressNote","cmBaseCompanyName_id","cmBaseCustomerInfoCode_id","docStatus","fdFlowDescription","flowGraphic","flowGraphicShowCheckbox","flowLogTableTD","historyInfoTableIframe","historyInfoTableTD","historyTableTR","lui-id-","process_review_tabcontent","showDetails","sysWfBusinessForm.canStartProcess","sysWfBusinessForm.fdAdditionsParameterJson","sysWfBusinessForm.fdAuditNoteFdId","sysWfBusinessForm.fdCurHanderId","sysWfBusinessForm.fdCurNodeSavedXML","sysWfBusinessForm.fdCurNodeXML","sysWfBusinessForm.fdDraftorId","sysWfBusinessForm.fdDraftorName","sysWfBusinessForm.fdFlowContent","sysWfBusinessForm.fdHandlerRoleInfoIds","sysWfBusinessForm.fdHandlerRoleInfoNames","sysWfBusinessForm.fdIdentityId","sysWfBusinessForm.fdIsModify","sysWfBusinessForm.fdKey","sysWfBusinessForm.fdModelId","sysWfBusinessForm.fdModelName","sysWfBusinessForm.fdParameterJson","sysWfBusinessForm.fdProcessId","sysWfBusinessForm.fdProcessStatus","sysWfBusinessForm.fdTemplateKey","sysWfBusinessForm.fdTemplateModelName","sysWfBusinessForm.fdTranProcessXML","toolbar","workflowInfoTD","workflowTableTD"]]}},"page/classes":{"contexts":{"context1_VOE93d":[["arrow","arrow-inner","bottom_bar","bottom_bar_inner","bottom_bar_item","bottom_bar_wrap","cancel","checkbox","clearfloat","clr","columnTable","com_btn_link","com_goto","com_gototop","commit-action","criteria","criteria-border","criteria-extra","criteria-extra-border","criteria-extra-more","criteria-input-cancel","criteria-input-ok","criteria-input-text","criteria-popup-wapper","criteria-selected","criteria-selected-wapper","criterion","criterion-all","criterion-box-selected","criterion-calendar","criterion-collapse","criterion-expand","criterion-more","criterion-more-down","criterion-normal","criterion-options","criterion-other","criterion-selected","criterion-title","criterion-value","criterions","criterions-wapper","footer","hidden","listview","lui-component","lui_accordionpanel_content_c","lui_accordionpanel_content_frame","lui_accordionpanel_content_l","lui_accordionpanel_content_r","lui_accordionpanel_footer_c","lui_accordionpanel_footer_l","lui_accordionpanel_footer_r","lui_accordionpanel_frame","lui_accordionpanel_header_c","lui_accordionpanel_header_l","lui_accordionpanel_header_r","lui_accordionpanel_nav_c","lui_accordionpanel_nav_l","lui_accordionpanel_nav_r","lui_accordionpanel_nav_text","lui_accordionpanel_toggle_down","lui_accordionpanel_toggle_up","lui_icon_s","lui_icon_s_home","lui_icon_s_on_filter","lui_item","lui_item_content","lui_item_left","lui_item_right","lui_item_txt","lui_list_body_frame","lui_list_create_center_c","lui_list_create_center_l","lui_list_create_center_r","lui_list_create_footer_c","lui_list_create_footer_l","lui_list_create_footer_r","lui_list_create_frame","lui_list_create_header_c","lui_list_create_header_l","lui_list_create_header_r","lui_list_create_header_trig","lui_list_create_wrapper","lui_list_create_wrapper_foot","lui_list_left_sidebar_frame","lui_list_mainContent","lui_list_mainContent_close","lui_list_nav_list","lui_list_operation","lui_menu_content","lui_menu_frame_nav","lui_menu_item","lui_menu_item_split","lui_menu_left","lui_menu_right","lui_panel_content_inside","lui_popup_border_content","lui_portal_footer","lui_portal_header","lui_portal_header_icon_arrow","lui_portal_header_logo_div","lui_portal_header_logo_img","lui_portal_header_menu_c","lui_portal_header_menu_content","lui_portal_header_menu_frame","lui_portal_header_menu_item_body","lui_portal_header_menu_item_c","lui_portal_header_menu_item_div","lui_portal_header_menu_item_frame","lui_portal_header_menu_item_l","lui_portal_header_menu_item_left","lui_portal_header_menu_item_line","lui_portal_header_menu_item_r","lui_portal_header_menu_item_right","lui_portal_header_menu_l","lui_portal_header_menu_logo","lui_portal_header_menu_menu","lui_portal_header_menu_person","lui_portal_header_menu_person_c_c","lui_portal_header_menu_person_c_l","lui_portal_header_menu_person_c_r","lui_portal_header_menu_person_f_c","lui_portal_header_menu_person_f_l","lui_portal_header_menu_person_f_r","lui_portal_header_menu_person_h_c","lui_portal_header_menu_person_h_l","lui_portal_header_menu_person_h_r","lui_portal_header_menu_r","lui_portal_header_menu_search","lui_portal_header_portal","lui_portal_header_portal_content","lui_portal_header_text","lui_portal_header_userinfo","lui_portal_header_username","lui_portal_header_welcome","lui_portlet_operations","lui_toolbar_btn","lui_toolbar_btn_c","lui_toolbar_btn_l","lui_toolbar_btn_r","lui_toolbar_content","lui_toolbar_frame","lui_toolbar_frame_sort","lui_toolbar_left","lui_toolbar_right","lui_widget_btn","lui_widget_btn_icon","lui_widget_btn_txt","msgtitle","multi-option","prompt_centerC","prompt_centerL","prompt_centerR","prompt_container","prompt_content_error","prompt_content_inside","prompt_content_right","prompt_content_timer","prompt_frame","radio","selected","text","title"],["arrow","arrow-inner","bottom_bar","bottom_bar_inner","bottom_bar_item","bottom_bar_wrap","cancel","checkbox","clearfloat","clr","columnTable","com_btn_link","com_goto","com_gototop","commit-action","criteria","criteria-border","criteria-extra","criteria-extra-border","criteria-extra-more","criteria-input-cancel","criteria-input-ok","criteria-input-text","criteria-popup-wapper","criteria-selected","criteria-selected-wapper","criterion","criterion-all","criterion-box-selected","criterion-calendar","criterion-collapse","criterion-expand","criterion-more","criterion-more-down","criterion-normal","criterion-options","criterion-other","criterion-selected","criterion-title","criterion-value","criterions","criterions-wapper","footer","hidden","listview","lui-component","lui_accordionpanel_content_c","lui_accordionpanel_content_frame","lui_accordionpanel_content_l","lui_accordionpanel_content_r","lui_accordionpanel_footer_c","lui_accordionpanel_footer_l","lui_accordionpanel_footer_r","lui_accordionpanel_frame","lui_accordionpanel_header_c","lui_accordionpanel_header_l","lui_accordionpanel_header_r","lui_accordionpanel_nav_c","lui_accordionpanel_nav_l","lui_accordionpanel_nav_r","lui_accordionpanel_nav_text","lui_accordionpanel_toggle_down","lui_accordionpanel_toggle_up","lui_icon_s","lui_icon_s_home","lui_icon_s_on_filter","lui_item","lui_item_content","lui_item_left","lui_item_right","lui_item_txt","lui_list_body_frame","lui_list_create_center_c","lui_list_create_center_l","lui_list_create_center_r","lui_list_create_footer_c","lui_list_create_footer_l","lui_list_create_footer_r","lui_list_create_frame","lui_list_create_header_c","lui_list_create_header_l","lui_list_create_header_r","lui_list_create_header_trig","lui_list_create_wrapper","lui_list_create_wrapper_foot","lui_list_left_sidebar_frame","lui_list_mainContent","lui_list_mainContent_close","lui_list_nav_list","lui_list_operation","lui_listview_body","lui_listview_centerC","lui_listview_centerL","lui_listview_centerR","lui_listview_columntable_table","lui_listview_footC","lui_listview_footL","lui_listview_footR","lui_menu_content","lui_menu_frame_nav","lui_menu_item","lui_menu_item_split","lui_menu_left","lui_menu_right","lui_paging_amount_center","lui_paging_amount_left","lui_paging_amount_right","lui_paging_box","lui_paging_btn","lui_paging_contentBox","lui_paging_content_centre","lui_paging_content_left","lui_paging_content_right","lui_paging_foot_centre","lui_paging_foot_left","lui_paging_foot_right","lui_paging_go_center","lui_paging_go_left","lui_paging_go_right","lui_paging_header_centre","lui_paging_header_left","lui_paging_header_right","lui_paging_jump_center","lui_paging_jump_left","lui_paging_jump_right","lui_paging_ml","lui_paging_mr","lui_paging_next","lui_paging_next_center","lui_paging_next_left","lui_paging_next_right","lui_paging_num_center","lui_paging_num_left","lui_paging_num_right","lui_paging_total_center","lui_paging_total_left","lui_paging_total_right","lui_panel_content_inside","lui_popup_border_content","lui_portal_footer","lui_portal_header","lui_portal_header_icon_arrow","lui_portal_header_logo_div","lui_portal_header_logo_img","lui_portal_header_menu_c","lui_portal_header_menu_content","lui_portal_header_menu_frame","lui_portal_header_menu_item_body","lui_portal_header_menu_item_c","lui_portal_header_menu_item_div","lui_portal_header_menu_item_frame","lui_portal_header_menu_item_l","lui_portal_header_menu_item_left","lui_portal_header_menu_item_line","lui_portal_header_menu_item_r","lui_portal_header_menu_item_right","lui_portal_header_menu_l","lui_portal_header_menu_logo","lui_portal_header_menu_menu","lui_portal_header_menu_person","lui_portal_header_menu_person_c_c","lui_portal_header_menu_person_c_l","lui_portal_header_menu_person_c_r","lui_portal_header_menu_person_f_c","lui_portal_header_menu_person_f_l","lui_portal_header_menu_person_f_r","lui_portal_header_menu_person_h_c","lui_portal_header_menu_person_h_l","lui_portal_header_menu_person_h_r","lui_portal_header_menu_r","lui_portal_header_menu_search","lui_portal_header_portal","lui_portal_header_portal_content","lui_portal_header_text","lui_portal_header_userinfo","lui_portal_header_username","lui_portal_header_welcome","lui_portlet_operations","lui_toolbar_btn","lui_toolbar_btn_c","lui_toolbar_btn_l","lui_toolbar_btn_r","lui_toolbar_content","lui_toolbar_frame","lui_toolbar_frame_sort","lui_toolbar_left","lui_toolbar_right","lui_widget_btn","lui_widget_btn_icon","lui_widget_btn_txt","multi-option","radio","selected","text","title","width"],["arrow","arrow-inner","bottom_bar","bottom_bar_inner","bottom_bar_item","bottom_bar_wrap","checkbox","clearfloat","clr","columnTable","com_btn_link","com_goto","com_gototop","commit-action","criteria","criteria-border","criteria-extra","criteria-extra-border","criteria-extra-more","criteria-input-cancel","criteria-input-ok","criteria-input-text","criteria-popup-wapper","criteria-selected","criteria-selected-wapper","criterion","criterion-all","criterion-box-selected","criterion-calendar","criterion-collapse","criterion-expand","criterion-more","criterion-more-down","criterion-normal","criterion-options","criterion-other","criterion-selected","criterion-title","criterion-value","criterions","criterions-wapper","footer","hidden","listview","lui-component","lui_accordionpanel_content_c","lui_accordionpanel_content_frame","lui_accordionpanel_content_l","lui_accordionpanel_content_r","lui_accordionpanel_footer_c","lui_accordionpanel_footer_l","lui_accordionpanel_footer_r","lui_accordionpanel_frame","lui_accordionpanel_header_c","lui_accordionpanel_header_l","lui_accordionpanel_header_r","lui_accordionpanel_nav_c","lui_accordionpanel_nav_l","lui_accordionpanel_nav_r","lui_accordionpanel_nav_text","lui_accordionpanel_toggle_down","lui_accordionpanel_toggle_up","lui_icon_s","lui_icon_s_home","lui_icon_s_on_filter","lui_item","lui_item_content","lui_item_left","lui_item_right","lui_item_txt","lui_list_body_frame","lui_list_create_center_c","lui_list_create_center_l","lui_list_create_center_r","lui_list_create_footer_c","lui_list_create_footer_l","lui_list_create_footer_r","lui_list_create_frame","lui_list_create_header_c","lui_list_create_header_l","lui_list_create_header_r","lui_list_create_header_trig","lui_list_create_wrapper","lui_list_create_wrapper_foot","lui_list_left_sidebar_frame","lui_list_mainContent","lui_list_mainContent_close","lui_list_nav_list","lui_list_operation","lui_menu_content","lui_menu_frame_nav","lui_menu_item","lui_menu_item_split","lui_menu_left","lui_menu_right","lui_panel_content_inside","lui_popup_border_content","lui_portal_footer","lui_portal_header","lui_portal_header_icon_arrow","lui_portal_header_logo_div","lui_portal_header_logo_img","lui_portal_header_menu_c","lui_portal_header_menu_content","lui_portal_header_menu_frame","lui_portal_header_menu_item_body","lui_portal_header_menu_item_c","lui_portal_header_menu_item_div","lui_portal_header_menu_item_frame","lui_portal_header_menu_item_l","lui_portal_header_menu_item_left","lui_portal_header_menu_item_line","lui_portal_header_menu_item_r","lui_portal_header_menu_item_right","lui_portal_header_menu_l","lui_portal_header_menu_logo","lui_portal_header_menu_menu","lui_portal_header_menu_person","lui_portal_header_menu_person_c_c","lui_portal_header_menu_person_c_l","lui_portal_header_menu_person_c_r","lui_portal_header_menu_person_f_c","lui_portal_header_menu_person_f_l","lui_portal_header_menu_person_f_r","lui_portal_header_menu_person_h_c","lui_portal_header_menu_person_h_l","lui_portal_header_menu_person_h_r","lui_portal_header_menu_r","lui_portal_header_menu_search","lui_portal_header_portal","lui_portal_header_portal_content","lui_portal_header_text","lui_portal_header_userinfo","lui_portal_header_username","lui_portal_header_welcome","lui_portlet_operations","lui_toolbar_btn","lui_toolbar_btn_c","lui_toolbar_btn_l","lui_toolbar_btn_r","lui_toolbar_content","lui_toolbar_frame","lui_toolbar_frame_sort","lui_toolbar_left","lui_toolbar_right","lui_widget_btn","lui_widget_btn_icon","lui_widget_btn_txt","msgtitle","multi-option","prompt_centerC","prompt_centerL","prompt_centerR","prompt_container","prompt_content_error","prompt_content_inside","prompt_content_right","prompt_content_timer","prompt_frame","radio","selected","text"],["btnlabel","clearfloat","cmBaseMaterielCode","cmBaseMaterielSepc","cmBaseMaterielType","lui-component","lui_form_baseinfo","lui_form_content_frame","lui_form_subject","lui_form_title_frame","lui_panel_content_inside","lui_portlet_operations","lui_tabpage_float_content","lui_tabpage_float_content_c","lui_tabpage_float_content_l","lui_tabpage_float_content_r","lui_tabpage_float_contents","lui_tabpage_float_footer_c","lui_tabpage_float_footer_l","lui_tabpage_float_footer_r","lui_tabpage_float_header_c","lui_tabpage_float_header_close","lui_tabpage_float_header_l","lui_tabpage_float_header_r","lui_tabpage_float_header_text","lui_tabpage_float_header_title","lui_tabpage_float_nav_item","lui_tabpage_float_nav_item_c","lui_tabpage_float_nav_item_l","lui_tabpage_float_nav_item_r","lui_tabpage_float_navs","lui_tabpage_float_navs_c","lui_tabpage_float_navs_l","lui_tabpage_float_navs_mark","lui_tabpage_float_navs_r","lui_tabpage_frame","lui_toolbar_btn","lui_toolbar_btn_c","lui_toolbar_btn_l","lui_toolbar_btn_r","lui_toolbar_content","lui_toolbar_frame_float","lui_toolbar_frame_float_mark","lui_toolbar_left","lui_toolbar_right","lui_widget_btn","lui_widget_btn_txt","nodeinfo_box","process_review_panel","selected","tb_label","tb_normal","td_label","td_normal_title","tr_normal_title"],["arrow","arrow-inner","bottom_bar","bottom_bar_inner","bottom_bar_item","bottom_bar_wrap","cancel","checkbox","clearfloat","clr","columnTable","com_btn_link","com_goto","com_gototop","commit-action","criteria","criteria-border","criteria-extra","criteria-extra-border","criteria-extra-more","criteria-input-cancel","criteria-input-ok","criteria-input-text","criteria-popup-wapper","criteria-selected","criteria-selected-wapper","criterion","criterion-all","criterion-box-selected","criterion-calendar","criterion-collapse","criterion-expand","criterion-more","criterion-more-down","criterion-normal","criterion-options","criterion-other","criterion-selected","criterion-title","criterion-value","criterions","criterions-wapper","footer","hidden","listview","lui-component","lui_accordionpanel_content_c","lui_accordionpanel_content_frame","lui_accordionpanel_content_l","lui_accordionpanel_content_r","lui_accordionpanel_footer_c","lui_accordionpanel_footer_l","lui_accordionpanel_footer_r","lui_accordionpanel_frame","lui_accordionpanel_header_c","lui_accordionpanel_header_l","lui_accordionpanel_header_r","lui_accordionpanel_nav_c","lui_accordionpanel_nav_l","lui_accordionpanel_nav_r","lui_accordionpanel_nav_text","lui_accordionpanel_toggle_down","lui_accordionpanel_toggle_up","lui_icon_on","lui_icon_s","lui_icon_s_home","lui_icon_s_on_filter","lui_item","lui_item_content","lui_item_left","lui_item_right","lui_item_txt","lui_list_body_frame","lui_list_create_center_c","lui_list_create_center_l","lui_list_create_center_r","lui_list_create_footer_c","lui_list_create_footer_l","lui_list_create_footer_r","lui_list_create_frame","lui_list_create_header_c","lui_list_create_header_l","lui_list_create_header_r","lui_list_create_header_trig","lui_list_create_wrapper","lui_list_create_wrapper_foot","lui_list_left_sidebar_frame","lui_list_mainContent","lui_list_mainContent_close","lui_list_nav_list","lui_list_operation","lui_listview_body","lui_listview_centerC","lui_listview_centerL","lui_listview_centerR","lui_listview_columntable_table","lui_listview_footC","lui_listview_footL","lui_listview_footR","lui_menu_content","lui_menu_frame_nav","lui_menu_item","lui_menu_item_split","lui_menu_left","lui_menu_right","lui_paging_amount_center","lui_paging_amount_left","lui_paging_amount_right","lui_paging_box","lui_paging_btn","lui_paging_contentBox","lui_paging_content_centre","lui_paging_content_left","lui_paging_content_right","lui_paging_foot_centre","lui_paging_foot_left","lui_paging_foot_right","lui_paging_go_center","lui_paging_go_left","lui_paging_go_right","lui_paging_header_centre","lui_paging_header_left","lui_paging_header_right","lui_paging_jump_center","lui_paging_jump_left","lui_paging_jump_right","lui_paging_ml","lui_paging_mr","lui_paging_next","lui_paging_next_center","lui_paging_next_left","lui_paging_next_right","lui_paging_num_center","lui_paging_num_left","lui_paging_num_right","lui_paging_total_center","lui_paging_total_left","lui_paging_total_right","lui_panel_content_inside","lui_popup_border_content","lui_portal_footer","lui_portal_header","lui_portal_header_icon_arrow","lui_portal_header_logo_div","lui_portal_header_logo_img","lui_portal_header_menu_c","lui_portal_header_menu_content","lui_portal_header_menu_frame","lui_portal_header_menu_item_body","lui_portal_header_menu_item_c","lui_portal_header_menu_item_div","lui_portal_header_menu_item_frame","lui_portal_header_menu_item_l","lui_portal_header_menu_item_left","lui_portal_header_menu_item_line","lui_portal_header_menu_item_r","lui_portal_header_menu_item_right","lui_portal_header_menu_l","lui_portal_header_menu_logo","lui_portal_header_menu_menu","lui_portal_header_menu_person","lui_portal_header_menu_person_c_c","lui_portal_header_menu_person_c_l","lui_portal_header_menu_person_c_r","lui_portal_header_menu_person_f_c","lui_portal_header_menu_person_f_l","lui_portal_header_menu_person_f_r","lui_portal_header_menu_person_h_c","lui_portal_header_menu_person_h_l","lui_portal_header_menu_person_h_r","lui_portal_header_menu_r","lui_portal_header_menu_search","lui_portal_header_portal","lui_portal_header_portal_content","lui_portal_header_text","lui_portal_header_userinfo","lui_portal_header_username","lui_portal_header_welcome","lui_portlet_operations","lui_toolbar_btn","lui_toolbar_btn_c","lui_toolbar_btn_l","lui_toolbar_btn_r","lui_toolbar_content","lui_toolbar_frame","lui_toolbar_frame_sort","lui_toolbar_left","lui_toolbar_right","lui_widget_btn","lui_widget_btn_icon","lui_widget_btn_txt","multi-option","radio","selected","text","title","width"],["arrow","arrow-inner","bottom_bar","bottom_bar_inner","bottom_bar_item","bottom_bar_wrap","cancel","checkbox","clearfloat","clr","columnTable","com_btn_link","com_goto","com_gototop","commit-action","criteria","criteria-border","criteria-extra","criteria-extra-border","criteria-extra-more","criteria-input-cancel","criteria-input-ok","criteria-input-text","criteria-popup-wapper","criteria-selected","criteria-selected-wapper","criterion","criterion-all","criterion-box-selected","criterion-calendar","criterion-collapse","criterion-expand","criterion-more","criterion-more-down","criterion-normal","criterion-options","criterion-other","criterion-selected","criterion-title","criterion-value","criterions","criterions-wapper","footer","hidden","listview","lui-component","lui_accordionpanel_content_c","lui_accordionpanel_content_frame","lui_accordionpanel_content_l","lui_accordionpanel_content_r","lui_accordionpanel_footer_c","lui_accordionpanel_footer_l","lui_accordionpanel_footer_r","lui_accordionpanel_frame","lui_accordionpanel_header_c","lui_accordionpanel_header_l","lui_accordionpanel_header_r","lui_accordionpanel_nav_c","lui_accordionpanel_nav_l","lui_accordionpanel_nav_r","lui_accordionpanel_nav_text","lui_accordionpanel_toggle_down","lui_accordionpanel_toggle_up","lui_icon_s","lui_icon_s_home","lui_icon_s_on_filter","lui_item","lui_item_content","lui_item_left","lui_item_right","lui_item_txt","lui_list_body_frame","lui_list_create_center_c","lui_list_create_center_l","lui_list_create_center_r","lui_list_create_footer_c","lui_list_create_footer_l","lui_list_create_footer_r","lui_list_create_frame","lui_list_create_header_c","lui_list_create_header_l","lui_list_create_header_r","lui_list_create_header_trig","lui_list_create_wrapper","lui_list_create_wrapper_foot","lui_list_left_sidebar_frame","lui_list_mainContent","lui_list_mainContent_close","lui_list_nav_list","lui_list_operation","lui_listview_body","lui_listview_centerC","lui_listview_centerL","lui_listview_centerR","lui_listview_columntable_table","lui_listview_footC","lui_listview_footL","lui_listview_footR","lui_menu_content","lui_menu_frame_nav","lui_menu_item","lui_menu_item_split","lui_menu_left","lui_menu_right","lui_paging_amount_center","lui_paging_amount_left","lui_paging_amount_right","lui_paging_box","lui_paging_btn","lui_paging_contentBox","lui_paging_content_centre","lui_paging_content_left","lui_paging_content_right","lui_paging_foot_centre","lui_paging_foot_left","lui_paging_foot_right","lui_paging_go_center","lui_paging_go_left","lui_paging_go_right","lui_paging_header_centre","lui_paging_header_left","lui_paging_header_right","lui_paging_jump_center","lui_paging_jump_left","lui_paging_jump_right","lui_paging_ml","lui_paging_mr","lui_paging_num_center","lui_paging_num_left","lui_paging_num_right","lui_paging_total_center","lui_paging_total_left","lui_paging_total_right","lui_panel_content_inside","lui_popup_border_content","lui_portal_footer","lui_portal_header","lui_portal_header_icon_arrow","lui_portal_header_logo_div","lui_portal_header_logo_img","lui_portal_header_menu_c","lui_portal_header_menu_content","lui_portal_header_menu_frame","lui_portal_header_menu_item_body","lui_portal_header_menu_item_c","lui_portal_header_menu_item_div","lui_portal_header_menu_item_frame","lui_portal_header_menu_item_l","lui_portal_header_menu_item_left","lui_portal_header_menu_item_line","lui_portal_header_menu_item_r","lui_portal_header_menu_item_right","lui_portal_header_menu_l","lui_portal_header_menu_logo","lui_portal_header_menu_menu","lui_portal_header_menu_person","lui_portal_header_menu_person_c_c","lui_portal_header_menu_person_c_l","lui_portal_header_menu_person_c_r","lui_portal_header_menu_person_f_c","lui_portal_header_menu_person_f_l","lui_portal_header_menu_person_f_r","lui_portal_header_menu_person_h_c","lui_portal_header_menu_person_h_l","lui_portal_header_menu_person_h_r","lui_portal_header_menu_r","lui_portal_header_menu_search","lui_portal_header_portal","lui_portal_header_portal_content","lui_portal_header_text","lui_portal_header_userinfo","lui_portal_header_username","lui_portal_header_welcome","lui_portlet_operations","lui_toolbar_btn","lui_toolbar_btn_c","lui_toolbar_btn_l","lui_toolbar_btn_r","lui_toolbar_content","lui_toolbar_frame","lui_toolbar_frame_sort","lui_toolbar_left","lui_toolbar_right","lui_widget_btn","lui_widget_btn_icon","lui_widget_btn_txt","multi-option","radio","selected","text","title","width"]]}},"page/tagTriplets":{"contexts":{"context1_VOE93d":[["-/-/DIV","-/-/SCRIPT","-/-/TABLE","-/DIV/DIV","-/DIV/LINK","-/DIV/SCRIPT","-/TABLE/TBODY","A/SPAN/SPAN","DIV/A/SPAN","DIV/DIV/A","DIV/DIV/DIV","DIV/DIV/H1","DIV/DIV/I","DIV/DIV/IFRAME","DIV/DIV/IMG","DIV/DIV/LI","DIV/DIV/LINK","DIV/DIV/SCRIPT","DIV/DIV/SPAN","DIV/DIV/TABLE","DIV/DIV/UL","DIV/H1/A","DIV/LI/A","DIV/LI/SPAN","DIV/TABLE/TBODY","DIV/UL/DIV","DIV/UL/LI","LI/A/I","LI/A/SPAN","LI/DIV/DIV","LI/SPAN/INPUT-button","LI/SPAN/INPUT-text","TABLE/TBODY/TR","TBODY/TR/TD","TD/A/SPAN","TD/DIV/DIV","TD/DIV/SCRIPT","TD/TABLE/TBODY","TR/TD/A","TR/TD/DIV","TR/TD/IMG","TR/TD/SPAN","TR/TD/TABLE","UL/DIV/LI","UL/LI/A","UL/LI/DIV"],["-/-/DIV","-/-/SCRIPT","-/-/TABLE","-/DIV/DIV","-/DIV/LINK","-/DIV/SCRIPT","-/TABLE/TBODY","A/SPAN/SPAN","DIV/A/SPAN","DIV/DIV/A","DIV/DIV/DIV","DIV/DIV/H1","DIV/DIV/I","DIV/DIV/IFRAME","DIV/DIV/IMG","DIV/DIV/LI","DIV/DIV/LINK","DIV/DIV/SCRIPT","DIV/DIV/SPAN","DIV/DIV/TABLE","DIV/DIV/UL","DIV/H1/A","DIV/LI/A","DIV/LI/SPAN","DIV/TABLE/TBODY","DIV/TABLE/THEAD","DIV/UL/DIV","DIV/UL/LI","LI/A/I","LI/A/SPAN","LI/DIV/DIV","LI/SPAN/INPUT-button","LI/SPAN/INPUT-text","TABLE/TBODY/TR","TABLE/THEAD/TR","TBODY/TR/TD","TD/A/SPAN","TD/DIV/DIV","TD/DIV/SCRIPT","TD/TABLE/TBODY","THEAD/TR/TH","TR/TD/A","TR/TD/DIV","TR/TD/IMG","TR/TD/INPUT-checkbox","TR/TD/SPAN","TR/TD/TABLE","TR/TH/INPUT-checkbox","UL/DIV/DIV","UL/DIV/LI","UL/LI/A","UL/LI/DIV"],["-/-/DIV","-/-/INPUT-hidden","-/-/SCRIPT","-/DIV/DIV","-/DIV/TABLE","DIV/DIV/DIV","DIV/DIV/FORM","DIV/DIV/IFRAME","DIV/DIV/LINK","DIV/DIV/SCRIPT","DIV/DIV/TABLE","DIV/FORM/INPUT-hidden","DIV/FORM/TABLE","DIV/TABLE/TBODY","FORM/TABLE/TBODY","TABLE/TBODY/TR","TBODY/TR/TD","TD/DIV/DIV","TD/LABEL/INPUT-checkbox","TD/NOBR/IMG","TD/NOBR/INPUT-button","TD/TABLE/TBODY","TR/TD/DIV","TR/TD/IFRAME","TR/TD/INPUT-hidden","TR/TD/LABEL","TR/TD/NOBR","TR/TD/SCRIPT","TR/TD/SPAN","TR/TD/TABLE"]]}}}}