{
  "version": "0.1",
  "id": "lks_FM_LeaveReview",
  "targetURL": "http://oac1.sec.com.cn/lks/koa.xxjs/lks_review.nsf/FM_LeaveReview?openForm&type=%u6D41%u7A0B%u4E1A%u52A1%u90E8/%u6807%u51C6%u8BF7%u5047%u6D41%u7A0B%u6A21%u677F",
  "jsFile": "index.js",
  "requires": {
    "choosePeople": "../choosePeople/index.json",
    "lks_tasks": "../lks_tasks/index.json"
  },
  "chineseName": "新建请假流程",
  "description": "新建请假流程",
  "firstPaintEnable": false,
  "controls": {
    "control234_wQulXZ": {
      "location": {
        "data": {
          "tagName": "CENTER"
        },
        "userData": {
          "data": [],
          "force": false
        },
        "locators": [
          {
            "id": "path/ordinal",
            "prob": 1,
            "value": "/HTML[1]/BODY[1]/FORM[1]/CENTER[1]"
          }
        ]
      },
      "events": {
        "onGetData": "getData_control234_wQulXZ"
      },
      "intendedRole": "custom",
      "roles": "element,custom",
      "monitored": true,
      "frameXPath": "",
      "componentType": "custom"
    },
    "control258_lgbOcn": {
      "location": {
        "data": {
          "tagName": "TD"
        },
        "userData": {
          "data": [],
          "force": false
        },
        "locators": [
          {
            "id": "@id/word",
            "prob": 2,
            "value": "descendant::TABLE[@id=\"labelTable\"]/TBODY[1]/TR[1]/TD[1]"
          },
          {
            "id": "@class/word",
            "prob": 1,
            "value": "TABLE.labeltb TR.tbbg TD.tbbg"
          },
          {
            "id": "path/ordinal",
            "prob": 1,
            "ordinal": [
              0,
              2
            ],
            "value": "/HTML[1]/BODY[1]/FORM[1]/TABLE[3]/TBODY[1]/TR[1]/TD[1]"
          }
        ]
      },
      "events": {
        "onGetData": "getData_control258_lgbOcn"
      },
      "intendedRole": "custom",
      "roles": "element,custom",
      "monitored": true,
      "frameXPath": "",
      "componentType": "custom"
    },
    "control259_VNLiKy": {
      "location": {
        "data": {
          "tagName": "TABLE"
        },
        "userData": {
          "data": [],
          "force": false
        },
        "locators": [
          {
            "id": "@id/word",
            "prob": 3,
            "value": "descendant::TABLE[@id=\"labelTable\"]"
          },
          {
            "id": "@class/word",
            "prob": 1,
            "value": "TABLE.labeltb"
          },
          {
            "id": "path/ordinal",
            "prob": 1,
            "ordinal": [
              0,
              2
            ],
            "value": "/HTML[1]/BODY[1]/FORM[1]/TABLE[3]"
          }
        ]
      },
      "events": {
        "onGetData": "getData_control259_VNLiKy"
      },
      "intendedRole": "custom",
      "roles": "element,custom",
      "monitored": true,
      "frameXPath": "",
      "componentType": "custom"
    },
    "control260_shm3PZ": {
      "location": {
        "data": {
          "tagName": "TABLE"
        },
        "userData": {
          "data": [],
          "force": false
        },
        "locators": [
          {
            "id": "@id/word",
            "prob": 3,
            "value": "descendant::TABLE[@id=\"labelTable\"]"
          },
          {
            "id": "@class/word",
            "prob": 1,
            "value": "TABLE.labeltb"
          },
          {
            "id": "path/ordinal",
            "prob": 1,
            "ordinal": [
              0,
              2
            ],
            "value": "/HTML[1]/BODY[1]/FORM[1]/TABLE[3]"
          }
        ]
      },
      "events": {
        "onGetData": "getData_control260_shm3PZ"
      },
      "intendedRole": "custom",
      "roles": "element,custom",
      "monitored": true,
      "frameXPath": "",
      "componentType": "custom"
    },
    "control261_ivNdiA": {
      "location": {
        "data": {
          "tagName": "IFRAME"
        },
        "userData": {
          "data": [],
          "force": false
        },
        "locators": [
          {
            "id": "@id/word",
            "prob": 3,
            "value": [
              "descendant::TABLE[@id=\"labelTable\"]//IFRAME[@id=\"ifFlow\"]",
              "descendant::IFRAME[@id=\"ifFlow\"]"
            ]
          },
          {
            "id": "@class/word",
            "prob": 1,
            "ordinal": [
              1,
              2
            ],
            "value": "TABLE.labeltb TR.trbg TD.tdbg TABLE TBODY TR TD IFRAME"
          },
          {
            "id": "path/ordinal",
            "prob": 1,
            "value": "/HTML[1]/BODY[1]/FORM[1]/TABLE[3]/TBODY[1]/TR[4]/TD[1]/TABLE[1]/TBODY[1]/TR[2]/TD[1]/IFRAME[1]"
          },
          {
            "id": "elderLevel",
            "value": {
              "level": 0
            }
          }
        ]
      },
      "events": {
        "onGetData": "getData_control261_ivNdiA"
      },
      "intendedRole": "custom",
      "roles": "element,custom",
      "monitored": true,
      "frameXPath": "",
      "componentType": "custom"
    },
    "control262_xTAkT6": {
      "location": {
        "data": {
          "tagName": "IFRAME"
        },
        "userData": {
          "data": [],
          "force": false
        },
        "locators": [
          {
            "id": "@id/word",
            "prob": 3,
            "value": [
              "descendant::TABLE[@id=\"labelTable\"]//IFRAME[@id=\"ifFlow\"]",
              "descendant::IFRAME[@id=\"ifFlow\"]"
            ]
          },
          {
            "id": "@class/word",
            "prob": 1,
            "ordinal": [
              1,
              2
            ],
            "value": "TABLE.labeltb TR.trbg TD.tdbg TABLE TBODY TR TD IFRAME"
          },
          {
            "id": "path/ordinal",
            "prob": 1,
            "value": "/HTML[1]/BODY[1]/FORM[1]/TABLE[3]/TBODY[1]/TR[4]/TD[1]/TABLE[1]/TBODY[1]/TR[2]/TD[1]/IFRAME[1]"
          },
          {
            "id": "elderLevel",
            "value": {
              "level": 0
            }
          }
        ]
      },
      "events": {
        "onGetData": "getData_control262_xTAkT6"
      },
      "intendedRole": "custom",
      "roles": "element,custom",
      "monitored": true,
      "frameXPath": "",
      "componentType": "custom"
    },
    "control263_1TEByc": {
      "location": {
        "data": {
          "tagName": "IFRAME"
        },
        "userData": {
          "data": [],
          "force": false
        },
        "locators": [
          {
            "id": "@id/word",
            "prob": 3,
            "value": [
              "descendant::TABLE[@id=\"labelTable\"]//IFRAME[@id=\"ifFlow\"]",
              "descendant::IFRAME[@id=\"ifFlow\"]"
            ]
          },
          {
            "id": "@class/word",
            "prob": 1,
            "ordinal": [
              1,
              2
            ],
            "value": "TABLE.labeltb TR.trbg TD.tdbg TABLE TBODY TR TD IFRAME"
          },
          {
            "id": "path/ordinal",
            "prob": 1,
            "value": "/HTML[1]/BODY[1]/FORM[1]/TABLE[3]/TBODY[1]/TR[4]/TD[1]/TABLE[1]/TBODY[1]/TR[2]/TD[1]/IFRAME[1]"
          },
          {
            "id": "elderLevel",
            "value": {
              "level": 0
            }
          }
        ]
      },
      "events": {
        "onGetData": "getData_control263_1TEByc"
      },
      "intendedRole": "custom",
      "roles": "element,custom",
      "monitored": true,
      "frameXPath": "",
      "componentType": "custom"
    },
    "control264_2Inp6F": {
      "location": {
        "data": {
          "tagName": "TABLE"
        },
        "userData": {
          "data": [],
          "force": false
        },
        "locators": [
          {
            "id": "@id/word",
            "prob": 3,
            "value": "descendant::TABLE[@id=\"flowTable\"]"
          },
          {
            "id": "path/ordinal",
            "prob": 1,
            "value": "/HTML[1]/BODY[1]/FORM[1]/TABLE[3]"
          }
        ]
      },
      "events": {
        "onGetData": "getData_control264_2Inp6F"
      },
      "intendedRole": "custom",
      "roles": "element,custom",
      "monitored": true,
      "frameXPath": "//iframe[@id='ifFlow']<<IFRAME>>",
      "componentType": "custom"
    },
    "control265_ZwxQ0W": {
      "location": {
        "data": {
          "tagName": "TABLE"
        },
        "userData": {
          "data": [],
          "force": false
        },
        "locators": [
          {
            "id": "@id/word",
            "prob": 3,
            "value": "descendant::TABLE[@id=\"labelTable\"]"
          },
          {
            "id": "@class/word",
            "prob": 1,
            "value": "TABLE.labeltb"
          },
          {
            "id": "path/ordinal",
            "prob": 1,
            "ordinal": [
              0,
              2
            ],
            "value": "/HTML[1]/BODY[1]/FORM[1]/TABLE[3]"
          }
        ]
      },
      "events": {
        "onGetData": "getData_control265_ZwxQ0W"
      },
      "intendedRole": "custom",
      "roles": "element,custom",
      "monitored": true,
      "frameXPath": "",
      "componentType": "custom"
    },
    "control266_biTelf": {
      "location": {
        "data": {
          "tagName": "TABLE"
        },
        "userData": {
          "data": [],
          "force": false
        },
        "locators": [
          {
            "id": "@id/word",
            "prob": 3,
            "value": "descendant::TABLE[@id=\"labelTable\"]"
          },
          {
            "id": "@class/word",
            "prob": 1,
            "value": "TABLE.labeltb"
          },
          {
            "id": "path/ordinal",
            "prob": 1,
            "ordinal": [
              0,
              2
            ],
            "value": "/HTML[1]/BODY[1]/FORM[1]/TABLE[3]"
          }
        ]
      },
      "events": {
        "onGetData": "getData_control266_biTelf"
      },
      "intendedRole": "custom",
      "roles": "element,custom",
      "monitored": true,
      "frameXPath": "",
      "componentType": "custom"
    }
  },
  "contexts": {
    "context35_wLstsD": {
      "controls": [
        "control234_wQulXZ",
        "control258_lgbOcn",
        "control259_VNLiKy",
        "control260_shm3PZ",
        "control261_ivNdiA",
        "control262_xTAkT6",
        "control263_1TEByc",
        "control264_2Inp6F",
        "control265_ZwxQ0W",
        "control266_biTelf"
      ],
      "anchors": [],
      "urlAnchor": [
        ".*lks_review.nsf\\/FM_LeaveReview\\?[Oo]pen[Ff]orm\\&type=.*"
      ]
    }
  },
  "flows": {
    "flow161_mcSEem": {
      "toContexts": [
        {
          "toContextId": "context35_wLstsD"
        },
        {
          "toContextId": "context1_uBcbtH",
          "toModelId": "lks_tasks"
        }
      ]
    },
    "flow179_L2WerT": {
      "fromContextId": "context35_wLstsD",
      "fromAction": "doAction",
      "fromControlId": "control258_lgbOcn",
      "toContexts": [
        {
          "toContextId": "context35_wLstsD"
        }
      ]
    },
    "flow180_qSnZ3K": {
      "fromContextId": "context35_wLstsD",
      "fromAction": "doAction",
      "fromControlId": "control259_VNLiKy",
      "toContexts": [
        {
          "toContextId": "context35_wLstsD"
        },
        {
          "toContextId": "context6_m0MbOe",
          "toModelId": "choosePeople"
        }
      ]
    },
    "flow181_E9KuSV": {
      "fromContextId": "context35_wLstsD",
      "fromAction": "doAction",
      "fromControlId": "control260_shm3PZ",
      "toContexts": [
        {
          "toContextId": "context35_wLstsD"
        }
      ]
    },
    "flow182_6pfHpO": {
      "fromContextId": "context35_wLstsD",
      "fromAction": "doAction",
      "fromControlId": "control262_xTAkT6",
      "toContexts": [
        {
          "toContextId": "context35_wLstsD"
        },
        {
          "toContextId": "context6_m0MbOe",
          "toModelId": "choosePeople"
        }
      ]
    },
    "flow183_ALWLCS": {
      "fromContextId": "context35_wLstsD",
      "fromAction": "doAction",
      "fromControlId": "control264_2Inp6F",
      "toContexts": [
        {
          "toContextId": "context35_wLstsD"
        },
        {
          "toContextId": "context6_m0MbOe",
          "toModelId": "choosePeople"
        }
      ]
    }
  },
  "pages": {
    "page35_yPSQAi": {
      "contextId": "context35_wLstsD",
      "layout": [
        {
          "id": "uiControl249_hZBG6h",
          "controlId": "control234_wQulXZ",
          "display": {
            "adapterId": "custom",
            "type": "custom",
            "adapter": {
              "templateType": "react",
              "events": {
                "onDoAction": "doAction_uiControl249_hZBG6h",
                "onGetTemplate": "getTemplate_uiControl249_hZBG6h"
              }
            }
          }
        },
        {
          "id": "uiControl280_1a7sNa",
          "controlId": "control258_lgbOcn",
          "display": {
            "adapterId": "custom",
            "type": "custom",
            "adapter": {
              "templateType": "react",
              "events": {
                "onDoAction": "doAction_uiControl280_1a7sNa",
                "onGetTemplate": "getTemplate_uiControl280_1a7sNa"
              }
            }
          }
        },
        {
          "id": "uiControl281_2JnMt0",
          "controlId": "control259_VNLiKy",
          "display": {
            "adapterId": "custom",
            "type": "custom",
            "adapter": {
              "templateType": "react",
              "events": {
                "onDoAction": "doAction_uiControl281_2JnMt0",
                "onGetTemplate": "getTemplate_uiControl281_2JnMt0"
              }
            }
          }
        },
        {
          "id": "uiControl282_tpT5AW",
          "controlId": "control260_shm3PZ",
          "display": {
            "adapterId": "custom",
            "type": "custom",
            "adapter": {
              "templateType": "react",
              "events": {
                "onDoAction": "doAction_uiControl282_tpT5AW",
                "onGetTemplate": "getTemplate_uiControl282_tpT5AW"
              }
            }
          }
        },
        {
          "id": "uiControl283_TUOIH8",
          "controlId": "control261_ivNdiA",
          "display": {
            "adapterId": "custom",
            "type": "custom",
            "adapter": {
              "templateType": "react",
              "events": {
                "onDoAction": "doAction_uiControl283_TUOIH8",
                "onGetTemplate": "getTemplate_uiControl283_TUOIH8"
              }
            }
          }
        },
        {
          "id": "uiControl284_ERQlPp",
          "controlId": "control262_xTAkT6",
          "display": {
            "adapterId": "custom",
            "type": "custom",
            "adapter": {
              "templateType": "react",
              "events": {
                "onDoAction": "doAction_uiControl284_ERQlPp",
                "onGetTemplate": "getTemplate_uiControl284_ERQlPp"
              }
            }
          }
        },
        {
          "id": "uiControl285_3zpo4T",
          "controlId": "control263_1TEByc",
          "display": {
            "adapterId": "custom",
            "type": "custom",
            "adapter": {
              "templateType": "react",
              "events": {
                "onDoAction": "doAction_uiControl285_3zpo4T",
                "onGetTemplate": "getTemplate_uiControl285_3zpo4T"
              }
            }
          }
        },
        {
          "id": "uiControl286_77V6rA",
          "controlId": "control264_2Inp6F",
          "display": {
            "adapterId": "custom",
            "type": "custom",
            "adapter": {
              "templateType": "react",
              "events": {
                "onDoAction": "doAction_uiControl286_77V6rA",
                "onGetTemplate": "getTemplate_uiControl286_77V6rA"
              }
            }
          }
        },
        {
          "id": "uiControl287_x8f6ZG",
          "controlId": "control265_ZwxQ0W",
          "display": {
            "adapterId": "custom",
            "type": "custom",
            "adapter": {
              "templateType": "react",
              "events": {
                "onDoAction": "doAction_uiControl287_x8f6ZG",
                "onGetTemplate": "getTemplate_uiControl287_x8f6ZG"
              }
            }
          }
        },
        {
          "id": "uiControl288_l8pubV",
          "controlId": "control266_biTelf",
          "display": {
            "adapterId": "custom",
            "type": "custom",
            "adapter": {
              "templateType": "react",
              "events": {
                "onDoAction": "doAction_uiControl288_l8pubV",
                "onGetTemplate": "getTemplate_uiControl288_l8pubV"
              }
            }
          }
        }
      ]
    }
  },
  "matchers": {
    "page/title": {
      "contexts": {
        "context35_wLstsD": [
          "深圳能源集团OA系统_流程管理_新建审批流程"
        ]
      }
    },
    "page/urls": {
      "contexts": {
        "context35_wLstsD": [
          "oac1.sec.com.cn/lks/koa.xxjs/lks_review.nsf/FM_LeaveReview?openForm&type=%u6D41%u7A0B%u4E1A%u52A1%u90E8/%u6807%u51C6%u8BF7%u5047%u6D41%u7A0B%u6A21%u677F",
          "oac1.sec.com.cn/lks/koa.xxjs/lks_review.nsf/FM_LeaveReview?openForm&type=%E6%B5%81%E7%A8%8B%E4%B8%9A%E5%8A%A1%E9%83%A8/%E6%A0%87%E5%87%86%E8%AF%B7%E5%81%87%E6%B5%81%E7%A8%8B%E6%A8%A1%E6%9D%BF"
        ]
      }
    },
    "page/ids": {
      "contexts": {
        "context35_wLstsD": [
          [
            "AttachmentDiv",
            "AttachmentOCX",
            "Calendar_SWFObjectName",
            "F_BodyDiv",
            "F_BodyDvbbs_Container",
            "F_BodyDvbbs_TabDesign",
            "F_BodyDvbbs_TabHtml",
            "F_BodyDvbbs_TabView",
            "F_BodyDvbbs_formatSelect",
            "F_BodyExtToolbar",
            "F_BodyFontName",
            "F_BodyFontSize",
            "F_BodyIframe",
            "F_BodyPostiFrame",
            "F_BodyZoom",
            "F_Bodybackcolor",
            "F_Bodyforecolor",
            "FlashPopWin",
            "FlashTemplate",
            "ImageAlign",
            "ImageTemplate",
            "Sys_EsaField",
            "buLabel",
            "dLinks",
            "flashupload",
            "ifFlow",
            "imageupload",
            "labelTable",
            "lks_review",
            "quickdelete"
          ],
          [
            "AttachmentCheck",
            "AttachmentDiv",
            "AttachmentOCX",
            "Calendar_SWFObjectName",
            "F_BodyDiv",
            "F_BodyDvbbs_Container",
            "F_BodyDvbbs_TabDesign",
            "F_BodyDvbbs_TabHtml",
            "F_BodyDvbbs_TabView",
            "F_BodyDvbbs_formatSelect",
            "F_BodyExtToolbar",
            "F_BodyFontName",
            "F_BodyFontSize",
            "F_BodyIframe",
            "F_BodyPostiFrame",
            "F_BodyZoom",
            "F_Bodybackcolor",
            "F_Bodyforecolor",
            "FlashPopWin",
            "FlashTemplate",
            "ImageAlign",
            "ImageTemplate",
            "Sys_EsaField",
            "buLabel",
            "dLinks",
            "flashupload",
            "ifFlow",
            "imageupload",
            "labelTable",
            "lks_review",
            "quickdelete"
          ]
        ]
      }
    },
    "page/classes": {
      "contexts": {
        "context35_wLstsD": [
          [
            "ADoc",
            "Dvbbs_Body",
            "Dvbbs_Btn",
            "Dvbbs_Ico",
            "Dvbbs_TBGen",
            "Dvbbs_TabOff",
            "Dvbbs_TabOn",
            "Iframe",
            "SelectMenu",
            "btndoc",
            "btnmenudoc",
            "heading",
            "labelbg",
            "labeltb",
            "selectmenu",
            "tadoc",
            "tbbg",
            "tdbg",
            "textdocdown",
            "textdocnone",
            "trbg",
            "upload",
            "yToolbar"
          ]
        ]
      }
    },
    "page/tagTriplets": {
      "contexts": {
        "context35_wLstsD": [
          [
            "-/-/DIV",
            "-/-/FORM",
            "-/-/IFRAME",
            "-/-/LINK",
            "-/-/OBJECT",
            "-/-/SCRIPT",
            "-/-/STYLE",
            "-/FORM/BR",
            "-/FORM/CENTER",
            "-/FORM/DIV",
            "-/FORM/IFRAME",
            "-/FORM/INPUT-button",
            "-/FORM/INPUT-hidden",
            "-/FORM/SCRIPT",
            "-/FORM/TABLE",
            "-/OBJECT/PARAM",
            "B/FONT/INPUT-null",
            "CENTER/B/FONT",
            "DIV/FONT/BR",
            "DIV/TABLE/TBODY",
            "FORM/CENTER/B",
            "FORM/TABLE/TBODY",
            "TABLE/TBODY/TR",
            "TBODY/TR/TD",
            "TD/A/IMG",
            "TD/B/FONT",
            "TD/DIV/B",
            "TD/DIV/FONT",
            "TD/DIV/INPUT-button",
            "TD/DIV/TABLE",
            "TD/DIV/TEXTAREA",
            "TD/FONT/INPUT-null",
            "TD/FONT/SPAN",
            "TD/FONT/TEXTAREA",
            "TD/SELECT/OPTION",
            "TD/SPAN/A",
            "TD/SPAN/INPUT-button",
            "TD/SPAN/INPUT-null",
            "TD/TABLE/TBODY",
            "TD/UL/BR",
            "TD/UL/FONT",
            "TD/UL/INPUT-null",
            "TD/UL/OBJECT",
            "TD/UL/P",
            "TD/UL/SCRIPT",
            "TD/UL/SPAN",
            "TD/UL/TABLE",
            "TR/TD/A",
            "TR/TD/B",
            "TR/TD/BR",
            "TR/TD/DIV",
            "TR/TD/FONT",
            "TR/TD/HR",
            "TR/TD/IFRAME",
            "TR/TD/IMG",
            "TR/TD/INPUT-button",
            "TR/TD/INPUT-file",
            "TR/TD/INPUT-hidden",
            "TR/TD/INPUT-null",
            "TR/TD/SCRIPT",
            "TR/TD/SELECT",
            "TR/TD/SPAN",
            "TR/TD/TABLE",
            "TR/TD/TEXTAREA",
            "TR/TD/UL",
            "UL/OBJECT/PARAM",
            "UL/TABLE/TBODY"
          ],
          [
            "-/-/DIV",
            "-/-/FORM",
            "-/-/IFRAME",
            "-/-/LINK",
            "-/-/OBJECT",
            "-/-/SCRIPT",
            "-/-/STYLE",
            "-/FORM/BR",
            "-/FORM/CENTER",
            "-/FORM/DIV",
            "-/FORM/IFRAME",
            "-/FORM/INPUT-button",
            "-/FORM/INPUT-hidden",
            "-/FORM/SCRIPT",
            "-/FORM/TABLE",
            "-/OBJECT/PARAM",
            "B/FONT/INPUT-null",
            "CENTER/B/FONT",
            "DIV/A/IMG",
            "DIV/FONT/BR",
            "DIV/TABLE/TBODY",
            "FORM/CENTER/B",
            "FORM/TABLE/TBODY",
            "TABLE/TBODY/TR",
            "TBODY/TR/TD",
            "TD/A/IMG",
            "TD/B/FONT",
            "TD/DIV/A",
            "TD/DIV/B",
            "TD/DIV/BR",
            "TD/DIV/FONT",
            "TD/DIV/INPUT-button",
            "TD/DIV/INPUT-checkbox",
            "TD/DIV/TABLE",
            "TD/DIV/TEXTAREA",
            "TD/FONT/INPUT-null",
            "TD/FONT/SPAN",
            "TD/FONT/TEXTAREA",
            "TD/SELECT/OPTION",
            "TD/SPAN/A",
            "TD/SPAN/INPUT-button",
            "TD/SPAN/INPUT-null",
            "TD/TABLE/TBODY",
            "TD/UL/BR",
            "TD/UL/FONT",
            "TD/UL/INPUT-null",
            "TD/UL/OBJECT",
            "TD/UL/P",
            "TD/UL/SCRIPT",
            "TD/UL/SPAN",
            "TD/UL/TABLE",
            "TR/TD/A",
            "TR/TD/B",
            "TR/TD/BR",
            "TR/TD/DIV",
            "TR/TD/FONT",
            "TR/TD/HR",
            "TR/TD/IFRAME",
            "TR/TD/IMG",
            "TR/TD/INPUT-button",
            "TR/TD/INPUT-file",
            "TR/TD/INPUT-hidden",
            "TR/TD/INPUT-null",
            "TR/TD/SCRIPT",
            "TR/TD/SELECT",
            "TR/TD/SPAN",
            "TR/TD/TABLE",
            "TR/TD/TEXTAREA",
            "TR/TD/UL",
            "UL/OBJECT/PARAM",
            "UL/TABLE/TBODY"
          ]
        ]
      }
    }
  }
}