{
  "version": "0.1",
  "id": "spdg",
  "targetURL": "http://218.203.103.203:8082/oc/bes/sm/login/phone.html?type=1",
  "jsFile": "index.js",
  "requires": {
    "index": "../index/index.json",
    "form": "../form/index.json",
    "loginJump": "../loginJump/index.json",
    "broadbandFrom": "../broadbandFrom/index.json",
    "familyForm": "../familyForm/index.json"
  },
  "chineseName": "商品订购",
  "description": "",
  "firstPaintEnable": false,
  "controls": {
    "control9_kKQUJd": {
      "location": {
        "data": {
          "tagName": "LI"
        },
        "userData": {
          "data": [],
          "force": false
        },
        "locators": [
          {
            "id": "@title",
            "prob": 2,
            "value": {
              "text": [
                "商品订购"
              ]
            }
          },
          {
            "id": "@class/word",
            "prob": 1,
            "value": "DIV.tab UL.floatCon.toLeft LI.selected"
          },
          {
            "id": "style/color",
            "value": [
              42,
              142,
              231
            ]
          }
        ]
      },
      "events": {
        "onGetData": "getData_control9_kKQUJd"
      },
      "intendedRole": "custom",
      "roles": "element,custom",
      "ignoreVisibility": true,
      "monitored": true,
      "frameXPath": "",
      "componentType": "custom"
    },
    "control10_AdWk5X": {
      "location": {
        "data": {
          "tagName": "LI"
        },
        "userData": {
          "data": [],
          "force": false
        },
        "locators": [
          {
            "id": "text",
            "prob": 3,
            "value": {
              "text": [
                "商品订购"
              ],
              "visText": [
                "商品订购"
              ]
            }
          },
          {
            "id": "@title",
            "prob": 2,
            "value": {
              "text": [
                "商品订购"
              ]
            }
          },
          {
            "id": "@class/word",
            "prob": 1,
            "ordinal": [
              1,
              2
            ],
            "value": "DIV.tabCon DIV.tab UL.floatCon.toLeft LI"
          }
        ]
      },
      "roles": "element",
      "text": "\t\t                                                        \t\t                        商品订购\t                          ",
      "frameXPath": "",
      "customJS": "if($(elem).find('.tab-title').text()=='商品订购'&&$(elem).hasClass('selected') || $(elem).parent().find('li.selected .tab-title').text()=='结算'){\nreturn true;\n}else{\nreturn false;\n}"
    },
    "control11_DCumZI": {
      "location": {
        "data": {
          "tagName": "DIV"
        },
        "userData": {
          "data": [],
          "force": false
        },
        "locators": [
          {
            "id": "@class/word",
            "prob": 1,
            "ordinal": [
              1,
              2
            ],
            "value": "DIV.main-right.ng-scope DIV.tabcontainer"
          }
        ]
      },
      "roles": "element",
      "text": "\t\t\t\t                                                  ",
      "frameXPath": ""
    },
    "control16_lSA6Wf": {
      "location": {
        "data": {
          "tagName": "DIV"
        },
        "userData": {
          "data": [],
          "force": false
        },
        "locators": [
          {
            "id": "@id/word",
            "prob": 3,
            "value": "descendant::DIV[@id=\"top_gadget\"]"
          },
          {
            "id": "@class/word",
            "prob": 1,
            "ordinal": [
              2,
              20
            ],
            "value": "DIV.ng-scope"
          }
        ]
      },
      "events": {
        "onGetData": "getData_control16_lSA6Wf"
      },
      "intendedRole": "custom",
      "roles": "element,link,custom",
      "ignoreVisibility": true,
      "monitored": true,
      "frameXPath": "",
      "componentType": "custom"
    },
    "control88_OcBu1s": {
      "location": {
        "data": {
          "tagName": "DIV"
        },
        "userData": {
          "data": [],
          "force": false
        },
        "locators": [
          {
            "id": "@id/word",
            "prob": 3,
            "value": [
              "descendant::DIV[@id=\"productordermainImpl\"]//DIV[@id=\"pages\"]",
              "descendant::DIV[@id=\"pages\"]"
            ]
          }
        ]
      },
      "events": {
        "onGetData": "getData_control88_OcBu1s"
      },
      "intendedRole": "custom",
      "roles": "element,custom",
      "monitored": true,
      "frameXPath": "//iframe[1]<<IFRAME>>",
      "componentType": "custom"
    },
    "control85_CMOrFA": {
      "location": {
        "data": {
          "tagName": "DIV"
        },
        "userData": {
          "data": [],
          "force": false
        },
        "locators": [
          {
            "id": "@class/word",
            "prob": 1,
            "value": "DIV.main-right.ng-scope"
          },
          {
            "id": "shield",
            "value": {
              "zIndex": "auto",
              "width": 1450,
              "height": 839
            }
          }
        ]
      },
      "events": {
        "onGetData": "getData_control85_CMOrFA"
      },
      "intendedRole": "custom",
      "roles": "element,custom",
      "monitored": true,
      "frameXPath": "",
      "componentType": "custom"
    },
    "control89_o0DwXe": {
      "location": {
        "data": {
          "tagName": "DIV"
        },
        "userData": {
          "data": [],
          "force": false
        },
        "locators": [
          {
            "id": "@class/word",
            "prob": 1,
            "value": "DIV.main-right.ng-scope"
          },
          {
            "id": "shield",
            "value": {
              "zIndex": "auto",
              "width": 1450,
              "height": 839
            }
          }
        ]
      },
      "events": {
        "onGetData": "getData_control89_o0DwXe"
      },
      "intendedRole": "custom",
      "roles": "element,custom",
      "monitored": true,
      "frameXPath": "",
      "componentType": "custom"
    },
    "control86_zFxSyX": {
      "location": {
        "data": {
          "tagName": "SPAN"
        },
        "userData": {
          "data": [],
          "force": false
        },
        "locators": [
          {
            "id": "@id/word",
            "prob": 3,
            "value": "descendant::SPAN[@id=\"groupproduct_btn_sure\"]"
          },
          {
            "id": "elderLevel",
            "value": {
              "level": 0
            }
          }
        ]
      },
      "events": {
        "onGetData": "getData_control86_zFxSyX"
      },
      "intendedRole": "custom",
      "roles": "element,custom",
      "monitored": true,
      "frameXPath": "//iframe[1]<<IFRAME>>",
      "componentType": "custom"
    },
    "control175_CyxK1v": {
      "location": {
        "data": {
          "tagName": "DIV"
        },
        "userData": {
          "data": [],
          "force": false
        },
        "locators": [
          {
            "id": "@id/word",
            "prob": 2,
            "value": [
              "descendant::DIV[@id=\"promotionsetting\"]//DIV[@id=\"ochasRecommend\"]//DIV[@id=\"promotionsettingId\"]/DIV[1]",
              "descendant::DIV[@id=\"ochasRecommend\"]//DIV[@id=\"promotionsettingId\"]/DIV[1]",
              "descendant::DIV[@id=\"promotionsettingId\"]/DIV[1]"
            ]
          }
        ]
      },
      "events": {
        "onGetData": "getData_control175_CyxK1v"
      },
      "intendedRole": "custom",
      "roles": "element,custom",
      "monitored": true,
      "frameXPath": "//iframe[1]<<IFRAME>>",
      "componentType": "custom"
    },
    "control176_ZRRdW4": {
      "location": {
        "data": {
          "tagName": "DIV"
        },
        "userData": {
          "data": [],
          "force": false
        },
        "locators": [
          {
            "id": "@id/word",
            "prob": 2,
            "value": [
              "descendant::DIV[@id=\"promotionsetting\"]//DIV[@id=\"ochasRecommend\"]//DIV[@id=\"promotionsettingId\"]/DIV[2]",
              "descendant::DIV[@id=\"ochasRecommend\"]//DIV[@id=\"promotionsettingId\"]/DIV[2]",
              "descendant::DIV[@id=\"promotionsettingId\"]/DIV[2]"
            ]
          }
        ]
      },
      "events": {
        "onGetData": "getData_control176_ZRRdW4"
      },
      "intendedRole": "custom",
      "roles": "element,custom",
      "monitored": true,
      "frameXPath": "//iframe[1]<<IFRAME>>",
      "componentType": "custom"
    },
    "control177_GXryI5": {
      "location": {
        "data": {
          "tagName": "DIV"
        },
        "userData": {
          "data": [],
          "force": false
        },
        "locators": [
          {
            "id": "@id/word",
            "prob": 2,
            "value": [
              "descendant::DIV[@id=\"promotionsetting\"]//DIV[@id=\"ochasRecommend\"]//DIV[@id=\"promotionsettingId\"]/DIV[3]/DIV[1]",
              "descendant::DIV[@id=\"ochasRecommend\"]//DIV[@id=\"promotionsettingId\"]/DIV[3]/DIV[1]",
              "descendant::DIV[@id=\"promotionsettingId\"]/DIV[3]/DIV[1]"
            ]
          }
        ]
      },
      "events": {
        "onGetData": "getData_control177_GXryI5"
      },
      "intendedRole": "custom",
      "roles": "element,custom",
      "monitored": true,
      "frameXPath": "//iframe[1]<<IFRAME>>",
      "componentType": "custom"
    },
    "control178_tlv2wP": {
      "location": {
        "data": {
          "tagName": "DIV"
        },
        "userData": {
          "data": [],
          "force": false
        },
        "locators": [
          {
            "id": "@id/word",
            "prob": 2,
            "value": [
              "descendant::DIV[@id=\"promotionsetting\"]//DIV[@id=\"ochasRecommend\"]//DIV[@id=\"promotionsettingId\"]/DIV[3]/DIV[2]",
              "descendant::DIV[@id=\"ochasRecommend\"]//DIV[@id=\"promotionsettingId\"]/DIV[3]/DIV[2]",
              "descendant::DIV[@id=\"promotionsettingId\"]/DIV[3]/DIV[2]"
            ]
          }
        ]
      },
      "events": {
        "onGetData": "getData_control178_tlv2wP"
      },
      "intendedRole": "custom",
      "roles": "element,custom",
      "monitored": true,
      "frameXPath": "//iframe[1]<<IFRAME>>",
      "componentType": "custom"
    },
    "control179_wV8dZI": {
      "location": {
        "data": {
          "tagName": "DIV"
        },
        "userData": {
          "data": [],
          "force": false
        },
        "locators": [
          {
            "id": "@id/word",
            "prob": 2,
            "value": [
              "descendant::DIV[@id=\"promotionsetting\"]//DIV[@id=\"ochasRecommend\"]//DIV[@id=\"promotionsettingId\"]/DIV[3]/DIV[3]",
              "descendant::DIV[@id=\"ochasRecommend\"]//DIV[@id=\"promotionsettingId\"]/DIV[3]/DIV[3]",
              "descendant::DIV[@id=\"promotionsettingId\"]/DIV[3]/DIV[3]"
            ]
          }
        ]
      },
      "events": {
        "onGetData": "getData_control179_wV8dZI"
      },
      "intendedRole": "custom",
      "roles": "element,custom",
      "monitored": true,
      "frameXPath": "//iframe[1]<<IFRAME>>",
      "componentType": "custom"
    },
    "control180_T4oaDK": {
      "location": {
        "data": {
          "tagName": "SPAN"
        },
        "userData": {
          "data": [],
          "force": false
        },
        "locators": [
          {
            "id": "button/text",
            "prob": 3,
            "ordinal": [
              2,
              9
            ],
            "value": {
              "text": [
                "确定"
              ],
              "visText": [
                "确定"
              ]
            }
          },
          {
            "id": "@id/word",
            "prob": 4,
            "value": [
              "descendant::DIV[@id=\"ochasRecommend\"]//DIV[@id=\"sureBtnGo\"]//SPAN[@id=\"supplaySure\"]",
              "descendant::DIV[@id=\"sureBtnGo\"]//SPAN[@id=\"supplaySure\"]",
              "descendant::SPAN[@id=\"supplaySure\"]"
            ]
          },
          {
            "id": "elderLevel",
            "value": {
              "level": 0
            }
          }
        ]
      },
      "intendedRole": "button",
      "roles": "element,button",
      "monitored": true,
      "frameXPath": "//iframe[1]<<IFRAME>>",
      "componentType": "button"
    },
    "control181_yeNSxC": {
      "location": {
        "data": {
          "tagName": "SPAN"
        },
        "userData": {
          "data": [],
          "force": false
        },
        "locators": [
          {
            "id": "button/text",
            "prob": 3,
            "ordinal": [
              4,
              12
            ],
            "value": {
              "text": [
                "取消"
              ],
              "visText": [
                "取消"
              ]
            }
          },
          {
            "id": "@id/word",
            "prob": 4,
            "value": [
              "descendant::DIV[@id=\"ochasRecommend\"]//DIV[@id=\"sureBtnGo\"]//SPAN[@id=\"supplayCancel\"]",
              "descendant::DIV[@id=\"sureBtnGo\"]//SPAN[@id=\"supplayCancel\"]",
              "descendant::SPAN[@id=\"supplayCancel\"]"
            ]
          },
          {
            "id": "elderLevel",
            "value": {
              "level": 0
            }
          }
        ]
      },
      "intendedRole": "button",
      "roles": "element,button",
      "monitored": true,
      "frameXPath": "//iframe[1]<<IFRAME>>",
      "componentType": "button"
    },
    "control182_dxDWbx": {
      "location": {
        "data": {
          "tagName": "SPAN"
        },
        "userData": {
          "data": [],
          "force": false
        },
        "locators": [
          {
            "id": "@id/word",
            "prob": 4,
            "value": [
              "descendant::DIV[@id=\"ochasRecommend\"]//DIV[@id=\"chooseprop\"]//SPAN[@id=\"prodpropOk\"]",
              "descendant::DIV[@id=\"chooseprop\"]//SPAN[@id=\"prodpropOk\"]",
              "descendant::SPAN[@id=\"prodpropOk\"]"
            ]
          },
          {
            "id": "elderLevel",
            "value": {
              "level": 0
            }
          }
        ]
      },
      "intendedRole": "dialog",
      "roles": "element,dialog",
      "monitored": true,
      "frameXPath": "//iframe[1]<<IFRAME>>",
      "componentType": "dialog"
    },
    "control183_qKQgQH": {
      "location": {
        "data": {
          "tagName": "DIV"
        },
        "userData": {
          "data": [],
          "force": false
        },
        "locators": [
          {
            "id": "@id/word",
            "prob": 1,
            "value": [
              "descendant::DIV[@id=\"ochasRecommend\"]//DIV[@id=\"chooseprop\"]//DIV[@id=\"groupScrollBar\"]/DIV[1]/DIV[1]/DIV[1]/DIV[1]",
              "descendant::DIV[@id=\"ochasRecommend\"]//DIV[@id=\"chooseprop\"]//DIV[@id=\"groupScrollBar\"]//DIV",
              "descendant::DIV[@id=\"chooseprop\"]//DIV[@id=\"groupScrollBar\"]//DIV",
              "descendant::DIV[@id=\"groupScrollBar\"]//DIV"
            ]
          }
        ]
      },
      "events": {
        "onGetData": "getData_control183_qKQgQH"
      },
      "intendedRole": "custom",
      "roles": "element,custom",
      "monitored": true,
      "frameXPath": "//iframe[1]<<IFRAME>>",
      "componentType": "custom"
    },
    "control184_0h4Wgt": {
      "location": {
        "data": {
          "tagName": "SPAN"
        },
        "userData": {
          "data": [],
          "force": false
        },
        "locators": [
          {
            "id": "text",
            "prob": 3,
            "value": {
              "text": [
                "属性设置"
              ],
              "visText": [
                "属性设置"
              ]
            }
          },
          {
            "id": "elderLevel",
            "value": {
              "level": 0
            }
          }
        ]
      },
      "roles": "element",
      "content": true,
      "monitored": false,
      "frameXPath": "//iframe[1]<<IFRAME>>",
      "componentType": "content"
    },
    "control185_gaMqJm": {
      "location": {
        "data": {
          "tagName": "SPAN"
        },
        "userData": {
          "data": [],
          "force": false
        },
        "locators": [
          {
            "id": "button/text",
            "prob": 3,
            "ordinal": [
              4,
              9
            ],
            "value": {
              "text": [
                "确定"
              ],
              "visText": [
                "确定"
              ]
            }
          },
          {
            "id": "@id/word",
            "prob": 4,
            "value": [
              "descendant::DIV[@id=\"ochasRecommend\"]//DIV[@id=\"chooseprop\"]//SPAN[@id=\"prodpropOk\"]",
              "descendant::DIV[@id=\"chooseprop\"]//SPAN[@id=\"prodpropOk\"]",
              "descendant::SPAN[@id=\"prodpropOk\"]"
            ]
          },
          {
            "id": "elderLevel",
            "value": {
              "level": 0
            }
          }
        ]
      },
      "intendedRole": "button",
      "roles": "element,button",
      "monitored": true,
      "frameXPath": "//iframe[1]<<IFRAME>>",
      "componentType": "button"
    },
    "control186_fk0XKT": {
      "location": {
        "data": {
          "tagName": "SPAN"
        },
        "userData": {
          "data": [],
          "force": false
        },
        "locators": [
          {
            "id": "button/text",
            "prob": 3,
            "ordinal": [
              6,
              12
            ],
            "value": {
              "text": [
                "取消"
              ],
              "visText": [
                "取消"
              ]
            }
          },
          {
            "id": "@id/word",
            "prob": 4,
            "value": [
              "descendant::DIV[@id=\"ochasRecommend\"]//DIV[@id=\"chooseprop\"]//SPAN[@id=\"prodpropCancel\"]",
              "descendant::DIV[@id=\"chooseprop\"]//SPAN[@id=\"prodpropCancel\"]",
              "descendant::SPAN[@id=\"prodpropCancel\"]"
            ]
          },
          {
            "id": "elderLevel",
            "value": {
              "level": 0
            }
          }
        ]
      },
      "intendedRole": "button",
      "roles": "element,button",
      "monitored": true,
      "frameXPath": "//iframe[1]<<IFRAME>>",
      "componentType": "button"
    },
    "control187_TriUgg": {
      "location": {
        "data": {
          "tagName": "BODY"
        },
        "userData": {
          "data": [],
          "force": false
        },
        "locators": [
          {
            "id": "path/ordinal",
            "prob": 1,
            "value": "/HTML[1]/BODY[1]"
          }
        ]
      },
      "events": {
        "onGetData": "getData_control187_TriUgg"
      },
      "intendedRole": "custom",
      "roles": "element,custom",
      "monitored": true,
      "frameXPath": "",
      "componentType": "custom"
    },
    "control240_0ZK3lG": {
      "location": {
        "data": {
          "tagName": "DIV"
        },
        "userData": {
          "data": [],
          "force": false
        },
        "locators": [
          {
            "id": "@id/word",
            "prob": 1,
            "value": "descendant::DIV[@id=\"productordermainImpl\"]/DIV[1]/DIV[2]/DIV[1]/DIV[1]"
          }
        ]
      },
      "events": {
        "onGetData": "getData_control240_0ZK3lG"
      },
      "intendedRole": "custom",
      "roles": "element,custom",
      "monitored": true,
      "frameXPath": "//iframe[1]<<IFRAME>>",
      "componentType": "custom"
    },
    "control223_FJX6aL": {
      "location": {
        "data": {
          "tagName": "DIV"
        },
        "userData": {
          "data": [],
          "force": false
        },
        "locators": [
          {
            "id": "@id/word",
            "prob": 1,
            "value": "descendant::DIV[@id=\"productordermainImpl\"]/DIV[1]/DIV[2]/DIV[2]/DIV[1]"
          }
        ]
      },
      "events": {
        "onGetData": "getData_control223_FJX6aL"
      },
      "intendedRole": "custom",
      "roles": "element,custom",
      "monitored": true,
      "frameXPath": "//iframe[1]<<IFRAME>>",
      "componentType": "custom"
    },
    "control255_8Vp1zS": {
      "location": {
        "data": {
          "tagName": "BODY"
        },
        "userData": {
          "data": [],
          "force": false
        },
        "locators": [
          {
            "id": "path/ordinal",
            "prob": 1,
            "value": "/HTML[1]/BODY[1]"
          }
        ]
      },
      "events": {
        "onGetData": "getData_control255_8Vp1zS"
      },
      "intendedRole": "custom",
      "roles": "element,custom",
      "ignoreVisibility": false,
      "monitored": true,
      "frameXPath": "",
      "componentType": "custom"
    }
  },
  "contexts": {
    "context2_F579Qi": {
      "controls": [
        "control9_kKQUJd",
        "control16_lSA6Wf",
        "control88_OcBu1s",
        "control85_CMOrFA",
        "control89_o0DwXe",
        "control86_zFxSyX",
        "control175_CyxK1v",
        "control176_ZRRdW4",
        "control177_GXryI5",
        "control178_tlv2wP",
        "control179_wV8dZI",
        "control180_T4oaDK",
        "control181_yeNSxC",
        "control182_dxDWbx",
        "control183_qKQgQH",
        "control184_0h4Wgt",
        "control185_gaMqJm",
        "control186_fk0XKT",
        "control187_TriUgg",
        "control240_0ZK3lG",
        "control223_FJX6aL",
        "control255_8Vp1zS"
      ],
      "anchors": [
        "control10_AdWk5X"
      ],
      "urlAnchor": []
    }
  },
  "flows": {
    "flow7_AOg4aI": {
      "toContexts": [
        {
          "toContextId": "context2_F579Qi"
        }
      ]
    },
    "flow8_WRDHLU": {
      "fromContextId": "context2_F579Qi",
      "fromAction": "doAction",
      "fromControlId": "control9_kKQUJd",
      "toContexts": [
        {
          "toContextId": "context2_F579Qi",
          "toModelId": "spdg"
        },
        {
          "toContextId": "context2_F579Qi"
        },
        {
          "toContextId": "context0_502oGB",
          "toModelId": "index"
        }
      ]
    },
    "flow10_bTyODn": {
      "fromContextId": "context2_F579Qi",
      "fromAction": "doAction",
      "fromControlId": "control16_lSA6Wf",
      "toContexts": [
        {
          "toContextId": "context2_F579Qi"
        },
        {
          "toContextId": "context11_f7uZdI",
          "toModelId": "loginJump"
        }
      ]
    },
    "flow49_r12igU": {
      "fromContextId": "context2_F579Qi",
      "fromAction": "doAction",
      "fromControlId": "control89_o0DwXe",
      "toContexts": [
        {
          "toContextId": "context2_F579Qi"
        },
        {
          "toContextId": "context11_f7uZdI",
          "toModelId": "loginJump"
        },
        {
          "toContextId": "context0_502oGB",
          "toModelId": "index"
        },
        {
          "toContextId": "context13_N9xuH3",
          "toModelId": "broadbandFrom"
        }
      ]
    },
    "flow102_Jh5vDX": {
      "fromContextId": "context2_F579Qi",
      "fromAction": "doAction",
      "fromControlId": "control177_GXryI5",
      "toContexts": [
        {
          "toContextId": "context2_F579Qi"
        }
      ]
    },
    "flow103_g6qebJ": {
      "fromContextId": "context2_F579Qi",
      "fromAction": "click",
      "fromControlId": "control180_T4oaDK",
      "toContexts": [
        {
          "toContextId": "context2_F579Qi"
        }
      ]
    },
    "flow104_7NPPeD": {
      "fromContextId": "context2_F579Qi",
      "fromAction": "doAction",
      "fromControlId": "control85_CMOrFA",
      "toContexts": [
        {
          "toContextId": "context2_F579Qi"
        }
      ]
    },
    "flow105_G7hsBG": {
      "fromContextId": "context2_F579Qi",
      "fromAction": "doAction",
      "fromControlId": "control176_ZRRdW4",
      "toContexts": [
        {
          "toContextId": "context2_F579Qi"
        }
      ]
    },
    "flow106_6TqwDB": {
      "fromContextId": "context2_F579Qi",
      "fromAction": "doAction",
      "fromControlId": "control178_tlv2wP",
      "toContexts": [
        {
          "toContextId": "context2_F579Qi"
        }
      ]
    },
    "flow107_5lqJNe": {
      "fromContextId": "context2_F579Qi",
      "fromAction": "click",
      "fromControlId": "control186_fk0XKT",
      "toContexts": [
        {
          "toContextId": "context2_F579Qi"
        }
      ]
    },
    "flow108_zV1CTy": {
      "fromContextId": "context2_F579Qi",
      "fromAction": "click",
      "fromControlId": "control181_yeNSxC",
      "toContexts": [
        {
          "toContextId": "context2_F579Qi"
        }
      ]
    },
    "flow109_TLJlu2": {
      "fromContextId": "context2_F579Qi",
      "fromAction": "doAction",
      "fromControlId": "control86_zFxSyX",
      "toContexts": [
        {
          "toContextId": "context2_F579Qi"
        }
      ]
    },
    "flow110_OmCmDm": {
      "fromContextId": "context2_F579Qi",
      "fromAction": "doAction",
      "fromControlId": "control187_TriUgg",
      "toContexts": [
        {
          "toContextId": "context2_F579Qi"
        }
      ]
    },
    "flow133_vpfQxl": {
      "fromContextId": "context2_F579Qi",
      "fromAction": "doAction",
      "fromControlId": "control240_0ZK3lG",
      "toContexts": [
        {
          "toContextId": "context2_F579Qi"
        },
        {
          "toContextId": "context13_N9xuH3",
          "toModelId": "broadbandFrom"
        },
        {
          "toContextId": "context12_ZnF7uz",
          "toModelId": "form"
        }
      ]
    },
    "flow145_4UfDBG": {
      "fromContextId": "context2_F579Qi",
      "fromAction": "doAction",
      "fromControlId": "control223_FJX6aL",
      "toContexts": [
        {
          "toContextId": "context2_F579Qi"
        },
        {
          "toContextId": "context13_N9xuH3",
          "toModelId": "broadbandFrom"
        },
        {
          "toContextId": "context0_502oGB",
          "toModelId": "index"
        },
        {
          "toContextId": "context12_ZnF7uz",
          "toModelId": "form"
        }
      ]
    },
    "flow149_xBkTCZ": {
      "fromContextId": "context2_F579Qi",
      "fromAction": "doAction",
      "fromControlId": "control255_8Vp1zS",
      "toContexts": [
        {
          "toContextId": "context2_F579Qi"
        }
      ]
    }
  },
  "pages": {
    "page2_BxhVbK": {
      "contextId": "context2_F579Qi",
      "layout": [
        {
          "id": "uiControl10_yoFPvX",
          "controlId": "control16_lSA6Wf",
          "display": {
            "adapterId": "custom",
            "type": "custom",
            "adapter": {
              "templateType": "react",
              "events": {
                "onDoAction": "doAction_uiControl10_yoFPvX",
                "onGetTemplate": "getTemplate_uiControl10_yoFPvX"
              }
            }
          }
        },
        {
          "id": "uiControl186_2DEX8F",
          "controlId": "control187_TriUgg",
          "display": {
            "adapterId": "custom",
            "type": "custom",
            "adapter": {
              "templateType": "react",
              "events": {
                "onDoAction": "doAction_uiControl186_2DEX8F",
                "onGetTemplate": "getTemplate_uiControl186_2DEX8F"
              }
            }
          }
        },
        {
          "id": "uiControl243_eKLwad",
          "controlId": "control255_8Vp1zS",
          "display": {
            "adapterId": "custom",
            "type": "custom",
            "adapter": {
              "templateType": "react",
              "events": {
                "onDoAction": "doAction_uiControl243_eKLwad",
                "onGetTemplate": "getTemplate_uiControl243_eKLwad"
              }
            }
          }
        },
        {
          "id": "uiControl7_ZuBlVO",
          "controlId": "control9_kKQUJd",
          "display": {
            "adapterId": "custom",
            "type": "custom",
            "adapter": {
              "templateType": "react",
              "events": {
                "onDoAction": "doAction_uiControl7_ZuBlVO",
                "onGetTemplate": "getTemplate_uiControl7_ZuBlVO"
              }
            }
          }
        },
        {
          "id": "uiControl81_wJEvDz",
          "controlId": "control86_zFxSyX",
          "display": {
            "adapterId": "custom",
            "type": "custom",
            "adapter": {
              "templateType": "react",
              "events": {
                "onDoAction": "doAction_uiControl81_wJEvDz",
                "onGetTemplate": "getTemplate_uiControl81_wJEvDz"
              }
            }
          }
        },
        {
          "id": "uiControl84_UJ2XIo",
          "controlId": "control89_o0DwXe",
          "display": {
            "adapterId": "custom",
            "type": "custom",
            "adapter": {
              "templateType": "react",
              "events": {
                "onDoAction": "doAction_uiControl84_UJ2XIo",
                "onGetTemplate": "getTemplate_uiControl84_UJ2XIo"
              }
            }
          }
        },
        {
          "id": "uiControl230_X7IyPJ",
          "controlId": "control240_0ZK3lG",
          "display": {
            "adapterId": "custom",
            "type": "custom",
            "adapter": {
              "templateType": "react",
              "events": {
                "onDoAction": "doAction_uiControl230_X7IyPJ",
                "onGetTemplate": "getTemplate_uiControl230_X7IyPJ"
              }
            }
          }
        },
        {
          "id": "uiControl217_HiJgGz",
          "controlId": "control223_FJX6aL",
          "display": {
            "adapterId": "custom",
            "type": "custom",
            "adapter": {
              "templateType": "react",
              "events": {
                "onDoAction": "doAction_uiControl217_HiJgGz",
                "onGetTemplate": "getTemplate_uiControl217_HiJgGz"
              }
            }
          }
        },
        {
          "id": "uiControl83_BTtZMP",
          "controlId": "control88_OcBu1s",
          "display": {
            "adapterId": "custom",
            "type": "custom",
            "adapter": {
              "templateType": "react",
              "events": {
                "onDoAction": "doAction_uiControl83_BTtZMP",
                "onGetTemplate": "getTemplate_uiControl83_BTtZMP"
              }
            }
          }
        },
        {
          "id": "uiControl165_8n7Nx9",
          "controlId": "control175_CyxK1v",
          "display": {
            "adapterId": "custom",
            "type": "custom",
            "adapter": {
              "templateType": "react",
              "events": {
                "onDoAction": "doAction_uiControl165_8n7Nx9",
                "onGetTemplate": "getTemplate_uiControl165_8n7Nx9"
              }
            }
          }
        },
        {
          "id": "uiControl173_6AgFiP",
          "controlId": "control176_ZRRdW4",
          "display": {
            "adapterId": "custom",
            "type": "custom",
            "adapter": {
              "templateType": "react",
              "events": {
                "onDoAction": "doAction_uiControl173_6AgFiP",
                "onGetTemplate": "getTemplate_uiControl173_6AgFiP"
              }
            }
          }
        },
        {
          "id": "uiControl174_mGvZFJ",
          "controlId": "control177_GXryI5",
          "display": {
            "adapterId": "custom",
            "type": "custom",
            "adapter": {
              "templateType": "react",
              "events": {
                "onDoAction": "doAction_uiControl174_mGvZFJ",
                "onGetTemplate": "getTemplate_uiControl174_mGvZFJ"
              }
            }
          }
        },
        {
          "id": "uiControl175_r3I3UB",
          "controlId": "control178_tlv2wP",
          "display": {
            "adapterId": "custom",
            "type": "custom",
            "adapter": {
              "templateType": "react",
              "events": {
                "onDoAction": "doAction_uiControl175_r3I3UB",
                "onGetTemplate": "getTemplate_uiControl175_r3I3UB"
              }
            }
          }
        },
        {
          "id": "uiControl176_sDCx9g",
          "controlId": "control179_wV8dZI",
          "display": {
            "adapterId": "custom",
            "type": "custom",
            "adapter": {
              "templateType": "react",
              "events": {
                "onDoAction": "doAction_uiControl176_sDCx9g",
                "onGetTemplate": "getTemplate_uiControl176_sDCx9g"
              }
            }
          }
        },
        {
          "id": "uiControl80_9lrECF",
          "controlId": "control85_CMOrFA",
          "display": {
            "adapterId": "custom",
            "type": "custom",
            "adapter": {
              "templateType": "react",
              "events": {
                "onDoAction": "doAction_uiControl80_9lrECF",
                "onGetTemplate": "getTemplate_uiControl80_9lrECF"
              }
            }
          }
        },
        {
          "id": "uiControl180_yw2mfe",
          "controlId": "control182_dxDWbx",
          "display": {
            "adapterId": "dialog",
            "type": "dialog",
            "adapter": {
              "templateType": ""
            }
          },
          "layout": [
            {
              "id": "uiControl180_yw2mfebody",
              "display": {
                "type": "dialogBody",
                "adapterId": "dialogBody",
                "adapter": {
                  "templateType": ""
                }
              },
              "layout": [
                {
                  "id": "uiControl182_4PTzkT",
                  "controlId": "control184_0h4Wgt",
                  "display": {
                    "adapterId": "content",
                    "type": "content",
                    "adapter": {
                      "templateType": ""
                    }
                  }
                }
              ]
            },
            {
              "id": "uiControl180_yw2mfefooter",
              "display": {
                "type": "dialogFooter",
                "adapterId": "dialogFooter",
                "adapter": {
                  "templateType": ""
                }
              },
              "layout": [
                {
                  "id": "uiControl181_WOHUq0",
                  "controlId": "control183_qKQgQH",
                  "display": {
                    "adapterId": "custom",
                    "type": "custom",
                    "adapter": {
                      "templateType": "react",
                      "events": {
                        "onDoAction": "doAction_uiControl181_WOHUq0",
                        "onGetTemplate": "getTemplate_uiControl181_WOHUq0"
                      }
                    }
                  }
                },
                {
                  "id": "uiControl183_4L1412",
                  "display": {
                    "type": "grid",
                    "adapterId": "grid",
                    "adapter": {
                      "templateType": ""
                    }
                  },
                  "layout": [
                    {
                      "id": "uiControl183_4L1412row0",
                      "display": {
                        "cols": 3,
                        "type": "col",
                        "adapterId": "col",
                        "adapter": {
                          "templateType": ""
                        }
                      },
                      "layout": [
                        {
                          "id": "uiControl184_E5Pa05",
                          "controlId": "control185_gaMqJm",
                          "display": {
                            "adapterId": "clickable",
                            "type": "button",
                            "amStyle": "success",
                            "adapter": {
                              "templateType": ""
                            }
                          }
                        }
                      ]
                    },
                    {
                      "id": "uiControl183_4L1412row1",
                      "display": {
                        "cols": 3,
                        "type": "col",
                        "adapterId": "col",
                        "adapter": {
                          "templateType": ""
                        }
                      },
                      "layout": [
                        {
                          "id": "uiControl185_TiJy2s",
                          "controlId": "control186_fk0XKT",
                          "display": {
                            "adapterId": "clickable",
                            "type": "button",
                            "amStyle": "dark",
                            "adapter": {
                              "templateType": ""
                            }
                          }
                        }
                      ]
                    }
                  ]
                }
              ]
            }
          ]
        },
        {
          "id": "uiControl177_Xo6u4k",
          "display": {
            "type": "grid",
            "adapterId": "grid",
            "adapter": {
              "templateType": ""
            }
          },
          "layout": [
            {
              "id": "uiControl177_Xo6u4krow0",
              "display": {
                "cols": 3,
                "type": "col",
                "adapterId": "col",
                "adapter": {
                  "templateType": ""
                }
              },
              "layout": [
                {
                  "id": "uiControl178_7Mw0Gb",
                  "controlId": "control180_T4oaDK",
                  "display": {
                    "adapterId": "clickable",
                    "type": "button",
                    "amStyle": "success",
                    "adapter": {
                      "templateType": ""
                    }
                  }
                }
              ]
            },
            {
              "id": "uiControl177_Xo6u4krow1",
              "display": {
                "cols": 3,
                "type": "col",
                "adapterId": "col",
                "adapter": {
                  "templateType": ""
                }
              },
              "layout": [
                {
                  "id": "uiControl179_R2qz43",
                  "controlId": "control181_yeNSxC",
                  "display": {
                    "adapterId": "clickable",
                    "type": "button",
                    "amStyle": "dark",
                    "adapter": {
                      "templateType": ""
                    }
                  }
                }
              ]
            }
          ]
        }
      ]
    }
  },
  "matchers": {
    "page/title": {
      "contexts": {
        "context2_F579Qi": [
          "中国移动宁夏公司第三代CRM系统",
          ""
        ]
      }
    },
    "page/urls": {
      "contexts": {
        "context2_F579Qi": [
          "218.203.103.203:8082/oc/bes/sm/login/phone.html?type=1",
          "",
          "218.203.103.203:8082/oc/bes/sm/login/phone.html?timestamp=1536132847922"
        ]
      }
    },
    "page/ids": {
      "contexts": {
        "context2_F579Qi": [
          [
            "datetimepicker_div",
            "emailchoice",
            "ins_mpuiconsendsms",
            "lockPageDiv",
            "lockpage_pwd",
            "middleFrame",
            "oclogin",
            "orderScrollbar",
            "popBox",
            "popNote",
            "popNoteBox",
            "rightheadermenu",
            "shoppingcartNumber",
            "shoppingcartPlat",
            "shoppingcartcheckout",
            "staticshoppingcar_close",
            "staticshoppingcar_open",
            "tab-scrollbar",
            "tip_footdiv",
            "top_gadget",
            "uee-",
            "uee-_bmeDSTImg",
            "uee-_input_img",
            "uee-_ueeDTMShowFmt",
            "uee-_value",
            "unlockpage_btn",
            "workPlace"
          ],
          [
            "rightheadermenu",
            "shoppingcartNumber",
            "shoppingcartPlat"
          ],
          [
            "attachChildsOperCancel",
            "datetimepicker_div",
            "day",
            "emailchoice",
            "iconclass",
            "ins_checkbox",
            "ins_mpuiconsendsms",
            "lockPageDiv",
            "lockpage_pwd",
            "middleFrame",
            "oclogin",
            "orderScrollbar",
            "popBox",
            "popNote",
            "popNoteBox",
            "rightheadermenu",
            "shoppingCartModify",
            "shoppingcartNumber",
            "shoppingcartPlat",
            "shoppingcartcheckout",
            "staticshoppingcar_close",
            "staticshoppingcar_open",
            "tab-scrollbar",
            "tip_footdiv",
            "top_gadget",
            "uee-",
            "uee-_bmeDSTImg",
            "uee-_input_img",
            "uee-_ueeDTMShowFmt",
            "uee-_value",
            "unlockpage_btn",
            "workPlace"
          ],
          [
            "ShowBolightBox",
            "datetimepicker_div",
            "dvMsgBottom",
            "dvMsgBox",
            "dvMsgBtns",
            "dvMsgCT",
            "dvMsgClose",
            "dvMsgTitle",
            "emailchoice",
            "ins_mpuiconsendsms",
            "lockPageDiv",
            "lockpage_pwd",
            "middleFrame",
            "oclogin",
            "orderScrollbar",
            "popBox",
            "popNote",
            "popNoteBox",
            "rightheadermenu",
            "shoppingcartNumber",
            "shoppingcartPlat",
            "shoppingcartcheckout",
            "staticshoppingcar_close",
            "staticshoppingcar_open",
            "tab-scrollbar",
            "tip_footdiv",
            "top_gadget",
            "uee-",
            "uee-_bmeDSTImg",
            "uee-_input_img",
            "uee-_ueeDTMShowFmt",
            "uee-_value",
            "unlockpage_btn",
            "workPlace"
          ],
          [
            "attachChildsOperCancel",
            "datetimepicker_div",
            "day",
            "emailchoice",
            "iconclass",
            "ins_checkbox",
            "ins_mpuiconsendsms",
            "loadingcover",
            "lockPageDiv",
            "lockpage_pwd",
            "middleFrame",
            "oclogin",
            "orderScrollbar",
            "popBox",
            "popNote",
            "popNoteBox",
            "rightheadermenu",
            "shoppingCartModify",
            "shoppingcartNumber",
            "shoppingcartPlat",
            "shoppingcartcheckout",
            "staticshoppingcar_close",
            "staticshoppingcar_open",
            "tab-scrollbar",
            "tip_footdiv",
            "top_gadget",
            "uee-",
            "uee-_bmeDSTImg",
            "uee-_input_img",
            "uee-_ueeDTMShowFmt",
            "uee-_value",
            "unlockpage_btn",
            "workPlace"
          ],
          [
            "attachChildsOperCancel",
            "datetimepicker_div",
            "day",
            "emailchoice",
            "iconclass",
            "ins_checkbox",
            "ins_mpuiconsendsms",
            "loadingcover",
            "lockPageDiv",
            "lockpage_pwd",
            "middleFrame",
            "oclogin",
            "orderScrollbar",
            "popBox",
            "popNote",
            "popNoteBox",
            "popwin_close",
            "popwin_title",
            "popwin_top",
            "popwin_top_center",
            "promptMessage",
            "rightheadermenu",
            "shoppingCartModify",
            "shoppingcartNumber",
            "shoppingcartPlat",
            "shoppingcartcheckout",
            "staticshoppingcar_close",
            "staticshoppingcar_open",
            "suggIcon",
            "tab-scrollbar",
            "tip_footdiv",
            "top_gadget",
            "uee-",
            "uee-_bmeDSTImg",
            "uee-_input_img",
            "uee-_ueeDTMShowFmt",
            "uee-_value",
            "unlockpage_btn",
            "win",
            "workPlace"
          ]
        ]
      }
    },
    "page/classes": {
      "contexts": {
        "context2_F579Qi": [
          [
            "LeftScrollBar",
            "LeftxScrollBar",
            "ScrollbarArrow",
            "ScrollbarHandle",
            "ScrollbarHandleC",
            "ScrollbarHandleR",
            "ScrollbarTrack",
            "bes-ad-staticshoppingcar",
            "bes-common-pagecontext",
            "bes-oc-base-sectionright",
            "bes-oc-base-shoppingcart",
            "bf_tips",
            "bf_tips_container",
            "bf_tips_content",
            "btn_negative",
            "caiDanLianJie",
            "cart_num",
            "checkbox",
            "checked",
            "cn_bg",
            "cn_center",
            "cn_impl",
            "cn_left",
            "cn_right",
            "currentOrder",
            "currentOrderEmpty",
            "datetime_input",
            "datetimepicker_DST",
            "datetimepicker_div_trigger",
            "disable",
            "ele_normal",
            "fl",
            "floatCon",
            "font_left",
            "font_right",
            "foot",
            "fr",
            "hasDatepicker",
            "head",
            "header_menu_child",
            "header_menu_grandchild",
            "hide",
            "icon",
            "label",
            "left",
            "lock",
            "lock_input",
            "main-right",
            "mb_",
            "menu_btn",
            "mid",
            "middle",
            "ml_",
            "mt_",
            "navigatorBar",
            "ng-binding",
            "ng-hide",
            "ng-scope",
            "normal_img",
            "ocshoppingcart",
            "order_content",
            "order_footer",
            "order_opt",
            "order_title",
            "p",
            "panel",
            "panel_login",
            "pgHeader",
            "pl_content",
            "pl_title",
            "r_contnet",
            "right",
            "scrollbar_container",
            "scrollbar_container_inner",
            "scrollbar_container_outer",
            "selected",
            "selector",
            "shoppingCar",
            "shopping_Number",
            "shopping_close",
            "tab",
            "tab-close",
            "tab-menu",
            "tab-popup",
            "tab-title",
            "tabCon",
            "tabcontainer",
            "toLeft",
            "uIcon",
            "u_name",
            "u_no",
            "uee",
            "uee-border",
            "uee-datetime",
            "uee-datetime-container",
            "uee-gadget",
            "uee-input",
            "uee-input-normal",
            "uee-inputele-view",
            "uee-ipt-ele",
            "w_right",
            "win_cover",
            "win_lock",
            "win_lock_bg",
            "windowBoxwrap",
            "wrap"
          ],
          [
            "bes-oc-base-shoppingcart",
            "cart_num",
            "cn_bg",
            "cn_center",
            "cn_impl",
            "cn_left",
            "cn_right",
            "header_menu_child",
            "header_menu_grandchild",
            "ng-scope",
            "ocshoppingcart",
            "right",
            "uee-gadget"
          ],
          [
            "LeftScrollBar",
            "LeftxScrollBar",
            "ScrollbarArrow",
            "ScrollbarHandle",
            "ScrollbarHandleC",
            "ScrollbarHandleR",
            "ScrollbarTrack",
            "bes-ad-staticshoppingcar",
            "bes-common-pagecontext",
            "bes-oc-base-sectionright",
            "bes-oc-base-shoppingcart",
            "bf_tips",
            "bf_tips_container",
            "bf_tips_content",
            "btn_positive",
            "caiDanLianJie",
            "cart_num",
            "checkbox",
            "checked",
            "cn_bg",
            "cn_center",
            "cn_impl",
            "cn_left",
            "cn_right",
            "currentOrder",
            "currentOrderEmpty",
            "datetime_input",
            "datetimepicker_DST",
            "datetimepicker_div_trigger",
            "ele_normal",
            "fl",
            "floatCon",
            "font_left",
            "font_right",
            "foot",
            "form_control",
            "fr",
            "hasDatepicker",
            "hasSubItem",
            "head",
            "header_menu_child",
            "header_menu_grandchild",
            "icon",
            "icon_subscribe",
            "icon_unsubscribe",
            "label",
            "left",
            "lock",
            "lock_input",
            "main-right",
            "mb_",
            "menu_btn",
            "mid",
            "middle",
            "ml_",
            "mt_",
            "navigatorBar",
            "ng-binding",
            "ng-hide",
            "ng-scope",
            "normal_img",
            "ocshoppingcart",
            "orderList",
            "orderPkg",
            "order_content",
            "order_footer",
            "order_monthFree",
            "order_name",
            "order_opt",
            "order_time",
            "order_time_arrow",
            "order_title",
            "orderwrapper",
            "p",
            "panel",
            "panel_login",
            "pgHeader",
            "pl_content",
            "pl_title",
            "r_contnet",
            "right",
            "scrollbar_container",
            "scrollbar_container_inner",
            "scrollbar_container_outer",
            "selected",
            "selector",
            "shoppingCar",
            "shopping_Number",
            "shopping_close",
            "sub_ul",
            "tab",
            "tab-close",
            "tab-menu",
            "tab-popup",
            "tab-title",
            "tabCon",
            "tabcontainer",
            "toLeft",
            "uIcon",
            "u_name",
            "u_no",
            "uee",
            "uee-border",
            "uee-datetime",
            "uee-datetime-container",
            "uee-gadget",
            "uee-input",
            "uee-input-normal",
            "uee-inputele-view",
            "uee-ipt-ele",
            "w_right",
            "win_cover",
            "win_lock",
            "win_lock_bg",
            "windowBoxwrap",
            "wrap"
          ],
          [
            "LeftScrollBar",
            "LeftxScrollBar",
            "ScrollbarArrow",
            "ScrollbarHandle",
            "ScrollbarHandleC",
            "ScrollbarHandleR",
            "ScrollbarTrack",
            "_ysp_top",
            "bes-ad-staticshoppingcar",
            "bes-common-pagecontext",
            "bes-oc-base-sectionright",
            "bes-oc-base-shoppingcart",
            "bf_tips",
            "bf_tips_container",
            "bf_tips_content",
            "body",
            "bottom",
            "btn",
            "btn_negative",
            "caiDanLianJie",
            "cart_num",
            "checkbox",
            "checked",
            "cn_bg",
            "cn_center",
            "cn_impl",
            "cn_left",
            "cn_right",
            "ct",
            "currentOrder",
            "currentOrderEmpty",
            "datetime_input",
            "datetimepicker_DST",
            "datetimepicker_div_trigger",
            "disable",
            "ele_normal",
            "fl",
            "floatCon",
            "font_left",
            "font_right",
            "foot",
            "fr",
            "hasDatepicker",
            "head",
            "header_menu_child",
            "header_menu_grandchild",
            "height",
            "hide",
            "icon",
            "infoImg",
            "infoText",
            "label",
            "left",
            "lock",
            "lock_input",
            "main-right",
            "mb_",
            "menu_btn",
            "mid",
            "middle",
            "ml_",
            "mt_",
            "navigatorBar",
            "ng-binding",
            "ng-hide",
            "ng-scope",
            "normal_img",
            "ocshoppingcart",
            "order_content",
            "order_footer",
            "order_opt",
            "order_title",
            "p",
            "panel",
            "panel_login",
            "pgHeader",
            "pl_content",
            "pl_title",
            "popwin_close",
            "r_contnet",
            "right",
            "scrollbar_container",
            "scrollbar_container_inner",
            "scrollbar_container_outer",
            "selected",
            "selector",
            "shoppingCar",
            "shopping_Number",
            "shopping_close",
            "tab",
            "tab-close",
            "tab-menu",
            "tab-popup",
            "tab-title",
            "tabCon",
            "tabcontainer",
            "title",
            "toLeft",
            "uIcon",
            "u_name",
            "u_no",
            "uee",
            "uee-border",
            "uee-datetime",
            "uee-datetime-container",
            "uee-gadget",
            "uee-input",
            "uee-input-normal",
            "uee-inputele-view",
            "uee-ipt-ele",
            "uee-popup-close",
            "w_right",
            "win_cover",
            "win_lock",
            "win_lock_bg",
            "windowBoxwrap",
            "wrap"
          ],
          [
            "LeftScrollBar",
            "LeftxScrollBar",
            "ScrollbarArrow",
            "ScrollbarHandle",
            "ScrollbarHandleC",
            "ScrollbarHandleR",
            "ScrollbarTrack",
            "bes-ad-staticshoppingcar",
            "bes-common-pagecontext",
            "bes-oc-base-sectionright",
            "bes-oc-base-shoppingcart",
            "bf_tips",
            "bf_tips_container",
            "bf_tips_content",
            "btn_positive",
            "caiDanLianJie",
            "cart_num",
            "checkbox",
            "checked",
            "cn_bg",
            "cn_center",
            "cn_impl",
            "cn_left",
            "cn_right",
            "currentOrder",
            "currentOrderEmpty",
            "datetime_input",
            "datetimepicker_DST",
            "datetimepicker_div_trigger",
            "ele_normal",
            "fl",
            "floatCon",
            "font_left",
            "font_right",
            "foot",
            "form_control",
            "fr",
            "fullcover",
            "hasDatepicker",
            "hasSubItem",
            "head",
            "header_menu_child",
            "header_menu_grandchild",
            "icon",
            "icon_subscribe",
            "label",
            "left",
            "loading",
            "lock",
            "lock_input",
            "main-right",
            "mb_",
            "menu_btn",
            "mid",
            "middle",
            "ml_",
            "mt_",
            "navigatorBar",
            "ng-binding",
            "ng-hide",
            "ng-scope",
            "normal_img",
            "ocshoppingcart",
            "orderList",
            "orderPkg",
            "order_content",
            "order_footer",
            "order_monthFree",
            "order_name",
            "order_opt",
            "order_time",
            "order_time_arrow",
            "order_title",
            "orderwrapper",
            "p",
            "panel",
            "panel_login",
            "pgHeader",
            "pl_content",
            "pl_title",
            "r_contnet",
            "right",
            "scrollbar_container",
            "scrollbar_container_inner",
            "scrollbar_container_outer",
            "selected",
            "selector",
            "shoppingCar",
            "shopping_Number",
            "shopping_close",
            "sub_ul",
            "tab",
            "tab-close",
            "tab-menu",
            "tab-popup",
            "tab-title",
            "tabCon",
            "tabcontainer",
            "toLeft",
            "uIcon",
            "u_name",
            "u_no",
            "uee",
            "uee-border",
            "uee-datetime",
            "uee-datetime-container",
            "uee-gadget",
            "uee-input",
            "uee-input-normal",
            "uee-inputele-view",
            "uee-ipt-ele",
            "w_right",
            "win_cover",
            "win_lock",
            "win_lock_bg",
            "windowBoxwrap",
            "wrap"
          ],
          [
            "LeftScrollBar",
            "LeftxScrollBar",
            "ScrollbarArrow",
            "ScrollbarHandle",
            "ScrollbarHandleC",
            "ScrollbarHandleR",
            "ScrollbarTrack",
            "_container",
            "bes-ad-staticshoppingcar",
            "bes-ad-tipserror",
            "bes-common-pagecontext",
            "bes-oc-base-sectionright",
            "bes-oc-base-shoppingcart",
            "bf_tips",
            "bf_tips_container",
            "bf_tips_content",
            "boldNo",
            "btn_negative",
            "btn_positive",
            "caiDanLianJie",
            "cart_num",
            "checkbox",
            "checked",
            "cn_bg",
            "cn_center",
            "cn_impl",
            "cn_left",
            "cn_right",
            "currentOrder",
            "currentOrderEmpty",
            "datetime_input",
            "datetimepicker_DST",
            "datetimepicker_div_trigger",
            "ele_normal",
            "fl",
            "floatCon",
            "font_left",
            "font_right",
            "foot",
            "form_control",
            "fr",
            "fullcover",
            "hasDatepicker",
            "hasSubItem",
            "head",
            "header_menu_child",
            "header_menu_grandchild",
            "icon",
            "icon_subscribe",
            "label",
            "left",
            "lineBox",
            "loading",
            "lock",
            "lock_input",
            "log_track_code",
            "main-right",
            "mb_",
            "menu_btn",
            "mid",
            "middle",
            "ml_",
            "mt_",
            "navigatorBar",
            "ng-binding",
            "ng-hide",
            "ng-scope",
            "nofloat",
            "normal_img",
            "ocshoppingcart",
            "orderList",
            "orderPkg",
            "order_content",
            "order_footer",
            "order_monthFree",
            "order_name",
            "order_opt",
            "order_time",
            "order_time_arrow",
            "order_title",
            "orderwrapper",
            "p",
            "panel",
            "panel_login",
            "pgHeader",
            "pl_content",
            "pl_title",
            "popwin",
            "popwin_bottom",
            "popwin_bottom_center",
            "popwin_bottom_left",
            "popwin_bottom_right",
            "popwin_close",
            "popwin_content_ifra",
            "popwin_iframe",
            "popwin_iframe_inner",
            "popwin_masker",
            "popwin_middle",
            "popwin_middle_center",
            "popwin_middle_left",
            "popwin_middle_masker",
            "popwin_middle_right",
            "popwin_resize",
            "popwin_title",
            "popwin_top",
            "popwin_top_center",
            "popwin_top_left",
            "popwin_top_right",
            "r_contnet",
            "right",
            "scrollbar_container",
            "scrollbar_container_inner",
            "scrollbar_container_outer",
            "selected",
            "selector",
            "shoppingCar",
            "shopping_Number",
            "shopping_close",
            "sub_ul",
            "suggContent",
            "suggIcon",
            "suggTitle",
            "suggestBox",
            "tab",
            "tab-close",
            "tab-menu",
            "tab-popup",
            "tab-title",
            "tabCon",
            "tabcontainer",
            "tipsTall_window_block",
            "tips_wb_opt",
            "toLeft",
            "uIcon",
            "u_name",
            "u_no",
            "uee",
            "uee-border",
            "uee-datetime",
            "uee-datetime-container",
            "uee-gadget",
            "uee-input",
            "uee-input-normal",
            "uee-inputele-view",
            "uee-ipt-ele",
            "uee-popup-close",
            "uee-popwin-noresize",
            "w_right",
            "wb_content",
            "win_box",
            "win_cover",
            "win_lock",
            "win_lock_bg",
            "windowBoxwrap",
            "wrap"
          ]
        ]
      }
    },
    "page/tagTriplets": {
      "contexts": {
        "context2_F579Qi": [
          [
            "-/-/DIV",
            "-/-/SCRIPT",
            "-/-/UEE:INCLUDE",
            "-/DIV/DIV",
            "-/UEE:INCLUDE/DIV",
            "-/UEE:INCLUDE/LINK",
            "-/UEE:INCLUDE/META",
            "-/UEE:INCLUDE/STYLE",
            "-/UEE:INCLUDE/UEE:FIRE",
            "A/SPAN/UEE:FIRE",
            "DIV/A/SPAN",
            "DIV/DIV/A",
            "DIV/DIV/DIV",
            "DIV/DIV/H3",
            "DIV/DIV/IFRAME",
            "DIV/DIV/IMG",
            "DIV/DIV/INPUT-null",
            "DIV/DIV/INPUT-password",
            "DIV/DIV/LABEL",
            "DIV/DIV/P",
            "DIV/DIV/SPAN",
            "DIV/DIV/UEE:FIRE",
            "DIV/DIV/UEE:INCLUDE",
            "DIV/DIV/UL",
            "DIV/LABEL/INS",
            "DIV/LABEL/SPAN",
            "DIV/NG:SWITCH/DIV",
            "DIV/NG:SWITCH/INPUT-hidden",
            "DIV/SPAN/DIV",
            "DIV/SPAN/EM",
            "DIV/SPAN/SPAN",
            "DIV/SPAN/UEE:FIRE",
            "DIV/UEE:INCLUDE/DIV",
            "DIV/UEE:INCLUDE/UEE:FIRE",
            "DIV/UL/LI",
            "LABEL/INS/UEE:FIRE",
            "LABEL/SPAN/UEE:FIRE",
            "LI/DIV/SPAN",
            "NG:SWITCH/DIV/DIV",
            "SPAN/DIV/DIV",
            "SPAN/DIV/NG:SWITCH",
            "UEE:INCLUDE/DIV/A",
            "UEE:INCLUDE/DIV/BR",
            "UEE:INCLUDE/DIV/DIV",
            "UEE:INCLUDE/DIV/IFRAME",
            "UEE:INCLUDE/DIV/LINK",
            "UEE:INCLUDE/DIV/SPAN",
            "UEE:INCLUDE/DIV/UEE:FIRE",
            "UL/LI/DIV"
          ],
          [
            "-/-/DIV",
            "-/DIV/DIV",
            "DIV/DIV/DIV",
            "DIV/DIV/UEE:FIRE"
          ],
          [
            "-/-/DIV",
            "-/-/SCRIPT",
            "-/-/UEE:INCLUDE",
            "-/DIV/DIV",
            "-/UEE:INCLUDE/DIV",
            "-/UEE:INCLUDE/LINK",
            "-/UEE:INCLUDE/META",
            "-/UEE:INCLUDE/STYLE",
            "-/UEE:INCLUDE/UEE:FIRE",
            "A/SPAN/UEE:FIRE",
            "DIV/A/SPAN",
            "DIV/DIV/A",
            "DIV/DIV/DIV",
            "DIV/DIV/H3",
            "DIV/DIV/IFRAME",
            "DIV/DIV/IMG",
            "DIV/DIV/INPUT-null",
            "DIV/DIV/INPUT-password",
            "DIV/DIV/LABEL",
            "DIV/DIV/P",
            "DIV/DIV/SPAN",
            "DIV/DIV/UEE:FIRE",
            "DIV/DIV/UEE:INCLUDE",
            "DIV/DIV/UL",
            "DIV/LABEL/INS",
            "DIV/LABEL/SPAN",
            "DIV/NG:SWITCH/DIV",
            "DIV/NG:SWITCH/INPUT-hidden",
            "DIV/SPAN/DIV",
            "DIV/SPAN/EM",
            "DIV/SPAN/SPAN",
            "DIV/SPAN/UEE:FIRE",
            "DIV/UEE:INCLUDE/DIV",
            "DIV/UEE:INCLUDE/UEE:FIRE",
            "DIV/UL/LI",
            "LABEL/INS/UEE:FIRE",
            "LABEL/SPAN/UEE:FIRE",
            "LI/DIV/DIV",
            "LI/DIV/SPAN",
            "LI/UL/LI",
            "NG:SWITCH/DIV/DIV",
            "SPAN/DIV/DIV",
            "SPAN/DIV/NG:SWITCH",
            "UEE:INCLUDE/DIV/A",
            "UEE:INCLUDE/DIV/BR",
            "UEE:INCLUDE/DIV/DIV",
            "UEE:INCLUDE/DIV/IFRAME",
            "UEE:INCLUDE/DIV/LINK",
            "UEE:INCLUDE/DIV/SPAN",
            "UEE:INCLUDE/DIV/UEE:FIRE",
            "UL/LI/DIV",
            "UL/LI/UL"
          ],
          [
            "-/-/DIV",
            "-/-/SCRIPT",
            "-/-/UEE:INCLUDE",
            "-/DIV/DIV",
            "-/DIV/IMG",
            "-/UEE:INCLUDE/DIV",
            "-/UEE:INCLUDE/LINK",
            "-/UEE:INCLUDE/META",
            "-/UEE:INCLUDE/STYLE",
            "-/UEE:INCLUDE/UEE:FIRE",
            "A/SPAN/UEE:FIRE",
            "DIV/A/SPAN",
            "DIV/DIV/A",
            "DIV/DIV/DIV",
            "DIV/DIV/H3",
            "DIV/DIV/IFRAME",
            "DIV/DIV/IMG",
            "DIV/DIV/INPUT-null",
            "DIV/DIV/INPUT-password",
            "DIV/DIV/LABEL",
            "DIV/DIV/P",
            "DIV/DIV/SPAN",
            "DIV/DIV/UEE:FIRE",
            "DIV/DIV/UEE:INCLUDE",
            "DIV/DIV/UL",
            "DIV/LABEL/INS",
            "DIV/LABEL/SPAN",
            "DIV/NG:SWITCH/DIV",
            "DIV/NG:SWITCH/INPUT-hidden",
            "DIV/SPAN/DIV",
            "DIV/SPAN/EM",
            "DIV/SPAN/SPAN",
            "DIV/SPAN/UEE:FIRE",
            "DIV/UEE:INCLUDE/DIV",
            "DIV/UEE:INCLUDE/UEE:FIRE",
            "DIV/UL/LI",
            "LABEL/INS/UEE:FIRE",
            "LABEL/SPAN/UEE:FIRE",
            "LI/DIV/DIV",
            "LI/DIV/SPAN",
            "LI/UL/LI",
            "NG:SWITCH/DIV/DIV",
            "SPAN/DIV/DIV",
            "SPAN/DIV/NG:SWITCH",
            "UEE:INCLUDE/DIV/A",
            "UEE:INCLUDE/DIV/BR",
            "UEE:INCLUDE/DIV/DIV",
            "UEE:INCLUDE/DIV/IFRAME",
            "UEE:INCLUDE/DIV/LINK",
            "UEE:INCLUDE/DIV/SPAN",
            "UEE:INCLUDE/DIV/UEE:FIRE",
            "UL/LI/DIV",
            "UL/LI/UL"
          ],
          [
            "-/-/DIV",
            "-/-/SCRIPT",
            "-/-/UEE:INCLUDE",
            "-/DIV/DIV",
            "-/DIV/IMG",
            "-/UEE:INCLUDE/DIV",
            "-/UEE:INCLUDE/LINK",
            "-/UEE:INCLUDE/META",
            "-/UEE:INCLUDE/STYLE",
            "-/UEE:INCLUDE/UEE:FIRE",
            "A/SPAN/UEE:FIRE",
            "DIV/A/SPAN",
            "DIV/DIV/A",
            "DIV/DIV/DIV",
            "DIV/DIV/H3",
            "DIV/DIV/IFRAME",
            "DIV/DIV/IMG",
            "DIV/DIV/INPUT-null",
            "DIV/DIV/INPUT-password",
            "DIV/DIV/LABEL",
            "DIV/DIV/P",
            "DIV/DIV/SPAN",
            "DIV/DIV/UEE:FIRE",
            "DIV/DIV/UEE:INCLUDE",
            "DIV/DIV/UL",
            "DIV/LABEL/INS",
            "DIV/LABEL/SPAN",
            "DIV/NG:SWITCH/DIV",
            "DIV/NG:SWITCH/INPUT-hidden",
            "DIV/P/SPAN",
            "DIV/SPAN/DIV",
            "DIV/SPAN/EM",
            "DIV/SPAN/SPAN",
            "DIV/SPAN/UEE:FIRE",
            "DIV/UEE:INCLUDE/DIV",
            "DIV/UEE:INCLUDE/STYLE",
            "DIV/UEE:INCLUDE/UEE:FIRE",
            "DIV/UL/LI",
            "LABEL/INS/UEE:FIRE",
            "LABEL/SPAN/UEE:FIRE",
            "LI/DIV/DIV",
            "LI/DIV/SPAN",
            "LI/UL/LI",
            "NG:SWITCH/DIV/DIV",
            "P/SPAN/SPAN",
            "SPAN/DIV/DIV",
            "SPAN/DIV/NG:SWITCH",
            "SPAN/SPAN/SPAN",
            "UEE:INCLUDE/DIV/A",
            "UEE:INCLUDE/DIV/BR",
            "UEE:INCLUDE/DIV/DIV",
            "UEE:INCLUDE/DIV/IFRAME",
            "UEE:INCLUDE/DIV/LINK",
            "UEE:INCLUDE/DIV/SPAN",
            "UEE:INCLUDE/DIV/UEE:FIRE",
            "UEE:INCLUDE/DIV/UEE:INCLUDE",
            "UL/LI/DIV",
            "UL/LI/UL"
          ]
        ]
      }
    }
  }
}