{
  "version": "0.1",
  "id": "Lender_Schedule",
  "targetURL": "http://oa.sec.com.cn/lks/koa/lks_publish.nsf/FM_GZZhouBao?OpenForm",
  "jsFile": "index.js",
  "chineseName": "领导日程",
  "description": "",
  "controls": {
    "control66_734AtA": {
      "location": {
        "data": {
          "tagName": "FORM"
        },
        "userData": {
          "data": [],
          "force": false
        },
        "locators": [
          {
            "id": "path/ordinal",
            "prob": 1,
            "value": "/HTML[1]/BODY[1]/FORM[1]"
          }
        ]
      },
      "events": {
        "onGetData": "getData_control66_734AtA"
      },
      "intendedRole": "custom",
      "roles": "element,custom",
      "monitored": false,
      "frameXPath": "",
      "componentType": "custom"
    },
    "control67_cUVwec": {
      "location": {
        "data": {
          "tagName": "TABLE"
        },
        "userData": {
          "data": [],
          "force": false
        },
        "locators": [
          {
            "id": "@id/word",
            "prob": 3,
            "value": "descendant::TABLE[@id=\"content_tab\"]"
          },
          {
            "id": "@class/word",
            "prob": 1,
            "value": "TABLE.date_td"
          },
          {
            "id": "path/ordinal",
            "prob": 1,
            "value": "/HTML[1]/BODY[1]/FORM[1]/TABLE[3]/TBODY[1]/TR[2]/TD[1]/TABLE[1]"
          }
        ]
      },
      "events": {
        "onGetData": "getData_control67_cUVwec"
      },
      "intendedRole": "custom",
      "roles": "element,custom",
      "ignoreVisibility": false,
      "monitored": true,
      "frameXPath": "",
      "componentType": "custom"
    },
    "control68_SZZBvJ": {
      "location": {
        "data": {
          "tagName": "FONT"
        },
        "userData": {
          "data": [],
          "force": false
        },
        "locators": [
          {
            "id": "path/ordinal",
            "prob": 1,
            "value": "/HTML[1]/BODY[1]/FORM[1]/DIV[1]/B[1]/FONT[1]"
          },
          {
            "id": "elderLevel",
            "value": {
              "level": 0
            }
          }
        ]
      },
      "intendedRole": "fragment",
      "roles": "element,fragment",
      "monitored": true,
      "frameXPath": "",
      "componentType": "fragment"
    },
    "control69_PEg9CU": {
      "location": {
        "data": {
          "tagName": "FONT"
        },
        "userData": {
          "data": [],
          "force": false
        },
        "locators": [
          {
            "id": "path/ordinal",
            "prob": 1,
            "value": "/HTML[1]/BODY[1]/FORM[1]/DIV[1]/FONT[1]"
          },
          {
            "id": "elderLevel",
            "value": {
              "level": 0
            }
          }
        ]
      },
      "intendedRole": "fragment",
      "roles": "element,fragment",
      "monitored": true,
      "frameXPath": "",
      "componentType": "fragment"
    },
    "control70_kVvnTb": {
      "location": {
        "data": {
          "tagName": "DIV"
        },
        "userData": {
          "data": [],
          "force": false
        },
        "locators": [
          {
            "id": "@class/word",
            "prob": 1,
            "value": "TD.tbmenudoc.notprint DIV"
          },
          {
            "id": "path/ordinal",
            "prob": 1,
            "value": "/HTML[1]/BODY[1]/FORM[1]/TABLE[2]/TBODY[1]/TR[1]/TD[1]/DIV[1]"
          }
        ]
      },
      "events": {
        "onGetData": "getData_control70_kVvnTb"
      },
      "intendedRole": "custom",
      "roles": "element,custom",
      "monitored": true,
      "frameXPath": "",
      "componentType": "custom"
    },
    "control71_Phatxx": {
      "location": {
        "data": {
          "tagName": "DIV"
        },
        "userData": {
          "data": [],
          "force": false
        },
        "locators": [
          {
            "id": "@class/word",
            "prob": 1,
            "ordinal": [
              1,
              2
            ],
            "value": "TD.notprint DIV"
          },
          {
            "id": "path/ordinal",
            "prob": 1,
            "value": "/HTML[1]/BODY[1]/FORM[1]/TABLE[3]/TBODY[1]/TR[1]/TD[1]/DIV[1]"
          }
        ]
      },
      "events": {
        "onGetData": "getData_control71_Phatxx"
      },
      "intendedRole": "custom",
      "roles": "element,custom",
      "monitored": true,
      "frameXPath": "",
      "componentType": "custom"
    },
    "control0_3Wn19t": {
      "location": {
        "data": {
          "tagName": "TABLE"
        },
        "userData": {
          "data": [],
          "force": false
        },
        "locators": [
          {
            "id": "@id/word",
            "prob": 3,
            "value": "descendant::TABLE[@id=\"unauthor\"]"
          },
          {
            "id": "path/ordinal",
            "prob": 1,
            "value": "/HTML[1]/BODY[1]/FORM[1]/TABLE[2]"
          }
        ]
      },
      "intendedRole": "fragment",
      "roles": "element,fragment",
      "monitored": true,
      "frameXPath": "",
      "componentType": "fragment"
    }
  },
  "contexts": {
    "context12_MT9LTo": {
      "controls": [
        "control66_734AtA",
        "control67_cUVwec",
        "control68_SZZBvJ",
        "control69_PEg9CU",
        "control70_kVvnTb",
        "control71_Phatxx",
        "control0_3Wn19t"
      ],
      "anchors": [],
      "urlAnchor": []
    }
  },
  "flows": {
    "flow49_yK0PdN": {
      "toContexts": [
        {
          "toContextId": "context12_MT9LTo"
        }
      ]
    },
    "flow50_37OAPb": {
      "fromContextId": "context12_MT9LTo",
      "fromAction": "doAction",
      "fromControlId": "control67_cUVwec",
      "toContexts": [
        {
          "toContextId": "context12_MT9LTo"
        }
      ]
    },
    "flow51_3PVFRN": {
      "fromContextId": "context12_MT9LTo",
      "fromAction": "doAction",
      "fromControlId": "control70_kVvnTb",
      "toContexts": [
        {
          "toContextId": "context12_MT9LTo"
        }
      ]
    },
    "flow52_B1USPf": {
      "fromContextId": "context12_MT9LTo",
      "fromAction": "click",
      "fromControlId": "control68_SZZBvJ",
      "toContexts": [
        {
          "toContextId": "context12_MT9LTo"
        }
      ]
    },
    "flow53_FyfZL7": {
      "fromContextId": "context12_MT9LTo",
      "fromAction": "doAction",
      "fromControlId": "control71_Phatxx",
      "toContexts": [
        {
          "toContextId": "context12_MT9LTo"
        }
      ]
    },
    "flow54_XaG92A": {
      "fromContextId": "context12_MT9LTo",
      "fromAction": "click",
      "fromControlId": "control69_PEg9CU",
      "toContexts": [
        {
          "toContextId": "context12_MT9LTo"
        }
      ]
    }
  },
  "pages": {
    "page12_haUHNd": {
      "contextId": "context12_MT9LTo",
      "layout": [
        {
          "id": "uiControl81_KD4qex",
          "controlId": "control66_734AtA",
          "display": {
            "adapterId": "custom",
            "type": "custom",
            "adapter": {
              "templateType": "react",
              "events": {
                "onDoAction": "doAction_uiControl81_KD4qex",
                "onGetTemplate": "getTemplate_uiControl81_KD4qex"
              }
            }
          }
        },
        {
          "id": "uiControl86_LRQ5bc",
          "display": {
            "type": "card",
            "adapterId": "card",
            "class": "ui-card-landerSchedule-title",
            "adapter": {
              "templateType": ""
            }
          },
          "layout": [
            {
              "id": "uiControl86_LRQ5bcheader",
              "display": {
                "type": "cardHeader",
                "text": "",
                "adapterId": "cardHeader",
                "adapter": {
                  "templateType": ""
                }
              },
              "layout": []
            },
            {
              "id": "uiControl86_LRQ5bcbody",
              "display": {
                "type": "cardBody",
                "adapterId": "cardBody",
                "adapter": {
                  "templateType": ""
                }
              },
              "layout": [
                {
                  "id": "uiControl83_7TzlPv",
                  "controlId": "control68_SZZBvJ",
                  "display": {
                    "adapterId": "fragment",
                    "type": "fragment",
                    "class": "ui-text-landerSchedule-titleTop",
                    "adapter": {
                      "templateType": ""
                    }
                  }
                },
                {
                  "id": "uiControl84_ZT1vQM",
                  "controlId": "control69_PEg9CU",
                  "display": {
                    "adapterId": "fragment",
                    "type": "fragment",
                    "class": "ui-text-landerSchedule-titlebuttom",
                    "adapter": {
                      "templateType": ""
                    }
                  }
                },
                {
                  "id": "uiControl0_xCXFTe",
                  "controlId": "control0_3Wn19t",
                  "display": {
                    "adapterId": "fragment",
                    "type": "fragment",
                    "adapter": {
                      "templateType": ""
                    }
                  }
                }
              ]
            },
            {
              "id": "uiControl86_LRQ5bcfooter",
              "display": {
                "type": "cardFooter",
                "adapterId": "cardFooter",
                "adapter": {
                  "templateType": ""
                }
              },
              "layout": []
            }
          ]
        },
        {
          "id": "uiControl85_XfTb01",
          "controlId": "control71_Phatxx",
          "display": {
            "adapterId": "custom",
            "type": "custom",
            "adapter": {
              "templateType": "react",
              "events": {
                "onDoAction": "doAction_uiControl85_XfTb01",
                "onGetTemplate": "getTemplate_uiControl85_XfTb01"
              }
            }
          }
        },
        {
          "id": "uiControl82_VAKznm",
          "controlId": "control67_cUVwec",
          "display": {
            "adapterId": "custom",
            "type": "custom",
            "adapter": {
              "templateType": "react",
              "events": {
                "onDoAction": "doAction_uiControl82_VAKznm",
                "onGetTemplate": "getTemplate_uiControl82_VAKznm"
              }
            }
          }
        },
        {
          "id": "uiControl87_cu9Cgf",
          "controlId": "control70_kVvnTb",
          "display": {
            "adapterId": "custom",
            "type": "custom",
            "adapter": {
              "templateType": "react",
              "events": {
                "onDoAction": "doAction_uiControl87_cu9Cgf",
                "onGetTemplate": "getTemplate_uiControl87_cu9Cgf"
              }
            }
          }
        }
      ]
    }
  },
  "matchers": {
    "page/title": {
      "contexts": {
        "context12_MT9LTo": [
          "深圳能源集团OA系统_工作安排",
          "请登录深圳能源OA系统",
          ""
        ]
      }
    },
    "page/urls": {
      "contexts": {
        "context12_MT9LTo": [
          "oa.sec.com.cn/lks/koa/lks_publish.nsf/FM_GZZhouBao?OpenForm",
          "oa.sec.com.cn/lks/koa/lks_publish.nsf/FM_GZZhouBao?OpenForm&CSDWRQi=",
          "oa.sec.com.cn/lks/koa/lks_publish.nsf/FM_GZZhouBao?OpenForm&CSDWRQi=2018-05-08&CSDWQHZBiao=1",
          "oa.sec.com.cn/lks/koa/lks_publish.nsf/FM_GZZhouBao?OpenForm&CSDWRQi=2018-05-15&CSDWQHZBiao=-1",
          "",
          "oa.sec.com.cn/lks/koa/lks_publish.nsf/0/FED97562B0B9672848258378000D925E"
        ]
      }
    },
    "page/ids": {
      "contexts": {
        "context12_MT9LTo": [
          [
            "Calendar_SWFObjectName",
            "F_HitsDiv",
            "F_Hits_div_id",
            "F_ReadHistoryDiv",
            "F_ReadHistory_div_id",
            "F_VisitorDiv",
            "F_Visitor_div_id",
            "FlashPopWin",
            "Sys_EsaField",
            "content_tab",
            "readHistory",
            "readRec",
            "readSpan",
            "readSpanH",
            "readTimes"
          ],
          [
            "loaddata_div",
            "mainTable",
            "unauthor",
            "xtts"
          ],
          [
            "unauthor"
          ]
        ]
      }
    },
    "page/classes": {
      "contexts": {
        "context12_MT9LTo": [
          [
            "btnmenudoc",
            "date_td",
            "notprint",
            "tbmenudoc",
            "textdocdown"
          ],
          [
            "btnmenudoc",
            "btnmenudocmouseover",
            "date_td",
            "notprint",
            "tbmenudoc",
            "textdocdown"
          ],
          [
            "field"
          ],
          []
        ]
      }
    },
    "page/tagTriplets": {
      "contexts": {
        "context12_MT9LTo": [
          [
            "-/-/FORM",
            "-/-/IFRAME",
            "-/-/OBJECT",
            "-/-/SCRIPT",
            "-/FORM/BR",
            "-/FORM/DIV",
            "-/FORM/INPUT-hidden",
            "-/FORM/TABLE",
            "-/OBJECT/PARAM",
            "DIV/B/FONT",
            "FORM/DIV/B",
            "FORM/DIV/BR",
            "FORM/DIV/FONT",
            "FORM/TABLE/TBODY",
            "TABLE/TBODY/TR",
            "TBODY/TR/TD",
            "TD/DIV/A",
            "TD/DIV/FONT",
            "TD/DIV/INPUT-button",
            "TD/DIV/INPUT-text",
            "TD/DIV/SPAN",
            "TD/P/BR",
            "TD/P/FONT",
            "TD/P/INPUT-null",
            "TD/SPAN/IMG",
            "TD/SPAN/TEXTAREA",
            "TD/TABLE/TBODY",
            "TR/TD/BR",
            "TR/TD/DIV",
            "TR/TD/FONT",
            "TR/TD/INPUT-button",
            "TR/TD/INPUT-null",
            "TR/TD/P",
            "TR/TD/SCRIPT",
            "TR/TD/SPAN",
            "TR/TD/STYLE",
            "TR/TD/TABLE"
          ],
          [
            "-/-/FORM",
            "-/-/SCRIPT",
            "-/FORM/DIV",
            "-/FORM/INPUT-hidden",
            "-/FORM/INPUT-null",
            "-/FORM/SCRIPT",
            "-/FORM/STYLE",
            "-/FORM/TABLE",
            "DIV/FONT/B",
            "FORM/DIV/FONT",
            "FORM/DIV/IMG",
            "FORM/TABLE/TBODY",
            "TABLE/TBODY/TR",
            "TBODY/TR/TD",
            "TD/TABLE/TBODY",
            "TR/TD/BR",
            "TR/TD/IMG",
            "TR/TD/INPUT-checkbox",
            "TR/TD/INPUT-hidden",
            "TR/TD/INPUT-null",
            "TR/TD/INPUT-password",
            "TR/TD/INPUT-submit",
            "TR/TD/SPAN",
            "TR/TD/TABLE"
          ],
          [
            "-/-/FORM",
            "-/-/SCRIPT",
            "-/FORM/INPUT-hidden",
            "-/FORM/INPUT-null",
            "-/FORM/SCRIPT",
            "-/FORM/STYLE",
            "-/FORM/TABLE",
            "FORM/TABLE/TBODY",
            "TABLE/TBODY/TR",
            "TBODY/TR/TD",
            "TR/TD/BR",
            "TR/TD/IMG",
            "TR/TD/INPUT-null",
            "TR/TD/INPUT-submit",
            "TR/TD/SPAN"
          ],
          [
            "-/-/FORM",
            "-/-/IFRAME",
            "-/-/OBJECT",
            "-/-/SCRIPT",
            "-/FORM/BR",
            "-/FORM/DIV",
            "-/FORM/TABLE",
            "-/OBJECT/PARAM",
            "DIV/B/FONT",
            "FORM/DIV/B",
            "FORM/DIV/BR",
            "FORM/DIV/FONT",
            "FORM/TABLE/TBODY",
            "TABLE/TBODY/TR",
            "TBODY/TR/TD",
            "TD/DIV/A",
            "TD/DIV/FONT",
            "TD/DIV/INPUT-button",
            "TD/DIV/INPUT-text",
            "TD/DIV/SPAN",
            "TD/P/BR",
            "TD/P/FONT",
            "TD/SPAN/IMG",
            "TR/TD/BR",
            "TR/TD/DIV",
            "TR/TD/FONT",
            "TR/TD/INPUT-button",
            "TR/TD/P",
            "TR/TD/SCRIPT",
            "TR/TD/SPAN",
            "TR/TD/STYLE"
          ],
          [
            "-/-/FORM",
            "-/-/IFRAME",
            "-/-/OBJECT",
            "-/-/SCRIPT",
            "-/FORM/BR",
            "-/FORM/DIV",
            "-/FORM/TABLE",
            "-/OBJECT/PARAM",
            "DIV/B/FONT",
            "FORM/DIV/B",
            "FORM/DIV/BR",
            "FORM/DIV/FONT",
            "FORM/TABLE/TBODY",
            "TABLE/TBODY/TR",
            "TBODY/TR/TD",
            "TD/DIV/A",
            "TD/DIV/FONT",
            "TD/DIV/INPUT-button",
            "TD/DIV/INPUT-text",
            "TD/DIV/SPAN",
            "TD/P/BR",
            "TD/P/FONT",
            "TD/SPAN/IMG",
            "TD/SPAN/TEXTAREA",
            "TR/TD/BR",
            "TR/TD/DIV",
            "TR/TD/FONT",
            "TR/TD/INPUT-button",
            "TR/TD/P",
            "TR/TD/SCRIPT",
            "TR/TD/SPAN",
            "TR/TD/STYLE"
          ]
        ]
      }
    }
  }
}