{
  "version": "0.1",
  "id": "secondary_menu",
  "targetURL": "http://oa.sec.com.cn/lks/koa/lks_filemng.nsf?opendatabase",
  "jsFile": "index.js",
  "requires": {
    "lks_filemng_list": "../lks_filemng_list/index.json"
  },
  "chineseName": "二级菜单",
  "description": "",
  "controls": {
    "control3_QVtoU7": {
      "location": {
        "data": {
          "tagName": "DIV"
        },
        "userData": {
          "data": [],
          "force": false
        },
        "locators": [
          {
            "id": "@id/word",
            "prob": 3,
            "value": "descendant::DIV[@id=\"treeDiv\"]"
          },
          {
            "id": "@class/word",
            "prob": 1,
            "ordinal": [
              0,
              6
            ],
            "value": "DIV.leftpagediv"
          },
          {
            "id": "path/ordinal",
            "prob": 1,
            "value": "/HTML[1]/BODY[1]/DIV[1]"
          }
        ]
      },
      "events": {
        "onGetData": "getData_control3_QVtoU7"
      },
      "intendedRole": "custom",
      "roles": "element,custom",
      "monitored": true,
      "frameXPath": "//frame[@name='bodyFrame']<<IFRAME>>//frame[@name='treeFrame']<<IFRAME>>",
      "componentType": "custom"
    },
    "control4_W3BT1E": {
      "location": {
        "data": {
          "tagName": "DIV"
        },
        "userData": {
          "data": [],
          "force": false
        },
        "locators": [
          {
            "id": "@id/word",
            "prob": 3,
            "value": "descendant::DIV[@id=\"treeDiv\"]"
          },
          {
            "id": "@class/word",
            "prob": 1,
            "ordinal": [
              0,
              6
            ],
            "value": "DIV.leftpagediv"
          },
          {
            "id": "path/ordinal",
            "prob": 1,
            "value": "/HTML[1]/BODY[1]/DIV[1]"
          }
        ]
      },
      "events": {
        "onGetData": "getData_control4_W3BT1E"
      },
      "intendedRole": "custom",
      "roles": "element,custom",
      "monitored": true,
      "frameXPath": "//frame[@name='bodyFrame']<<IFRAME>>//frame[@name='treeFrame']<<IFRAME>>",
      "componentType": "custom"
    },
    "control5_mWn7Kk": {
      "location": {
        "data": {
          "tagName": "DIV"
        },
        "userData": {
          "data": [],
          "force": false
        },
        "locators": [
          {
            "id": "@id/word",
            "prob": 3,
            "value": "descendant::DIV[@id=\"treeDiv\"]"
          },
          {
            "id": "@class/word",
            "prob": 1,
            "ordinal": [
              0,
              6
            ],
            "value": "DIV.leftpagediv"
          },
          {
            "id": "path/ordinal",
            "prob": 1,
            "value": "/HTML[1]/BODY[1]/DIV[1]"
          }
        ]
      },
      "intendedRole": "section",
      "roles": "element,section",
      "monitored": false,
      "frameXPath": "//frame[@name='bodyFrame']<<IFRAME>>//frame[@name='treeFrame']<<IFRAME>>",
      "componentType": "section"
    }
  },
  "contexts": {
    "context1_pZn9yn": {
      "controls": [
        "control3_QVtoU7",
        "control4_W3BT1E",
        "control5_mWn7Kk"
      ],
      "anchors": [],
      "urlAnchor": []
    }
  },
  "flows": {
    "flow3_dWBnrS": {
      "toContexts": [
        {
          "toContextId": "context1_pZn9yn"
        }
      ]
    },
    "flow4_TeOVq5": {
      "fromContextId": "context1_pZn9yn",
      "fromAction": "doAction",
      "fromControlId": "control4_W3BT1E",
      "toContexts": [
        {
          "toContextId": "context1_pZn9yn"
        }
      ]
    },
    "flow5_JDBD5n": {
      "fromContextId": "context1_pZn9yn",
      "fromAction": "section",
      "fromControlId": "control4_W3BT1E",
      "toContexts": [
        {
          "toContextId": "context2_Ub77es",
          "toModelId": "lks_filemng_list"
        }
      ]
    }
  },
  "pages": {
    "page1_6SEkRP": {
      "contextId": "context1_pZn9yn",
      "layout": [
        {
          "id": "uiControl4_rLiGel",
          "controlId": "control3_QVtoU7",
          "display": {
            "adapterId": "custom",
            "type": "custom",
            "adapter": {
              "templateType": "react",
              "events": {
                "onDoAction": "doAction_uiControl4_rLiGel",
                "onGetTemplate": "getTemplate_uiControl4_rLiGel"
              }
            }
          }
        },
        {
          "id": "uiControl5_fbgrgt",
          "controlId": "control4_W3BT1E",
          "display": {
            "adapterId": "custom",
            "type": "custom",
            "adapter": {
              "templateType": "react",
              "events": {
                "onDoAction": "doAction_uiControl5_fbgrgt",
                "onGetTemplate": "getTemplate_uiControl5_fbgrgt"
              }
            }
          }
        },
        {
          "id": "uiControl6_kZi6x8",
          "controlId": "control5_mWn7Kk",
          "display": {
            "adapterId": "section",
            "type": "section",
            "adapter": {
              "templateType": ""
            }
          },
          "layout": []
        }
      ]
    }
  },
  "matchers": {
    "page/title": {
      "contexts": {
        "context1_pZn9yn": [
          "深圳能源集团OA系统_知识中心"
        ]
      }
    },
    "page/urls": {
      "contexts": {
        "context1_pZn9yn": [
          "oa.sec.com.cn/lks/koa/lks_filemng.nsf?opendatabase"
        ]
      }
    },
    "page/ids": {
      "contexts": {
        "context1_pZn9yn": [
          []
        ]
      }
    },
    "page/classes": {
      "contexts": {
        "context1_pZn9yn": [
          []
        ]
      }
    },
    "page/tagTriplets": {
      "contexts": {
        "context1_pZn9yn": [
          [
            "-/-/FRAME"
          ]
        ]
      }
    }
  }
}