{"version":"0.1","id":"login","targetURL":"https://7.carpoly.com/ekp/login.jsp;jsessionid=443BE1208F1DA5604A02ED8EED22E066","jsFile":"index.js","requires":{"renovate_index":"../renovate_index/index.json"},"chineseName":"登录页","description":"","controls":{"control0_ag6cpf":{"location":{"data":{"tagName":"INPUT"},"userData":{"data":[],"force":false},"locators":[{"id":"elem/@name","prob":2,"value":"descendant::INPUT[@name=\"j_username\"]"},{"id":"@class/word","prob":1,"value":"TD.lui_login_input_td DIV.lui_login_input_div INPUT.form-control.lui_login_input_username"},{"id":"path/ordinal","prob":1,"value":"/HTML[1]/BODY[1]/DIV[2]/DIV[1]/DIV[3]/DIV[1]/FORM[1]/TABLE[1]/TBODY[1]/TR[2]/TD[1]/DIV[2]/INPUT[1]"},{"id":"input/type","verifyEnabled":true,"value":"text"}]},"intendedRole":"textbox","roles":"element,textbox","monitored":true,"frameXPath":""},"control1_hd4sRh":{"location":{"data":{"tagName":"INPUT"},"userData":{"data":[],"force":false},"locators":[{"id":"elem/@name","prob":2,"value":"descendant::INPUT[@name=\"j_password\"]"},{"id":"@class/word","prob":1,"value":"TD.lui_login_input_td DIV.lui_login_input_div INPUT.form-control.lui_login_input_password"},{"id":"path/ordinal","prob":1,"value":"/HTML[1]/BODY[1]/DIV[2]/DIV[1]/DIV[3]/DIV[1]/FORM[1]/TABLE[1]/TBODY[1]/TR[3]/TD[1]/DIV[2]/INPUT[1]"},{"id":"input/type","verifyEnabled":true,"value":"password"}]},"intendedRole":"passwordbox","roles":"element,passwordbox,textbox","monitored":true,"frameXPath":""},"control2_22JJMS":{"location":{"data":{"tagName":"A"},"userData":{"data":[],"force":false},"locators":[{"id":"button/text","prob":3,"value":{"text":["登录"],"visText":["登录"]}},{"id":"text","prob":3,"value":{"text":["登录"],"visText":["登录"]}},{"id":"@class/word","prob":1,"value":"DIV.lui_login_button_div_l DIV.lui_login_button_div_r DIV.lui_login_button_div_c A"},{"id":"path/ordinal","prob":1,"value":"/HTML[1]/BODY[1]/DIV[2]/DIV[1]/DIV[3]/DIV[1]/FORM[1]/TABLE[1]/TBODY[1]/TR[4]/TD[1]/DIV[1]/DIV[1]/DIV[1]/A[1]"},{"id":"elderLevel","value":{"level":0}}]},"intendedRole":"button","roles":"element,button,link","monitored":false,"frameXPath":""}},"contexts":{"context0_To5N7i":{"controls":["control0_ag6cpf","control1_hd4sRh","control2_22JJMS"],"anchors":[],"urlAnchor":[]}},"flows":{"flow0_ldP7NZ":{"toContexts":[{"toContextId":"context0_To5N7i"}]},"flow1_cBfawU":{"fromContextId":"context0_To5N7i","fromAction":"click","fromControlId":"control0_ag6cpf","toContexts":[{"toContextId":"context0_To5N7i"}]},"flow2_9XHbXA":{"fromContextId":"context0_To5N7i","fromAction":"click","fromControlId":"control2_22JJMS","toContexts":[{"toContextId":"context0_To5N7i"},{"toContextId":"context1_izaxs0","toModelId":"renovate_index"}]}},"pages":{"page0_ZC1AkF":{"contextId":"context0_To5N7i","layout":[{"id":"uiControl0_w6xbpG","display":{"type":"card","adapterId":"card","adapter":{"templateType":""}},"layout":[{"id":"uiControl0_w6xbpGheader","display":{"type":"cardHeader","text":"","adapterId":"cardHeader","adapter":{"templateType":""}},"layout":[]},{"id":"uiControl0_w6xbpGbody","display":{"type":"cardBody","adapterId":"cardBody","adapter":{"templateType":""}},"layout":[{"id":"uiControl1_JbcfCh","controlId":"control0_ag6cpf","display":{"adapterId":"textbox","type":"textbox","label":"用户名","adapter":{"templateType":""}}},{"id":"uiControl2_Cp87Ux","controlId":"control1_hd4sRh","display":{"adapterId":"passwordbox","type":"passwordbox","label":"密码","adapter":{"templateType":""}}},{"id":"uiControl4_cwpCCX","controlId":"control2_22JJMS","display":{"adapterId":"clickable","type":"button","adapter":{"templateType":""}}}]},{"id":"uiControl0_w6xbpGfooter","display":{"type":"cardFooter","adapterId":"cardFooter","adapter":{"templateType":""}},"layout":[]}]}]}},"matchers":{"page/title":{"contexts":{"context0_To5N7i":["登陆营销云平台"]}},"page/urls":{"contexts":{"context0_To5N7i":["7.carpoly.com/ekp/login.jsp;jsessionid=443BE1208F1DA5604A02ED8EED22E066","7.carpoly.com/ekp/login.jsp","7.carpoly.com/ekp/login.jsp;jsessionid=4D5CECCD9BDDF2AD0E47FE686B6502C2"],"context5_0IcqTN":["7.carpoly.com/ekp/cm/sale/cm_sale_order_materiel/cmSaleOrderMateriel.do?method=save&s_css=default&s_seq=1","7.carpoly.com/ekp/cm/renovate/index.jsp"]}},"page/ids":{"contexts":{"context0_To5N7i":[["floatPanel"]],"context5_0IcqTN":[["highlighter_","highlighter__clipboard","moreErrInfo"],[]]}},"page/classes":{"contexts":{"context0_To5N7i":[["arrow","arrowPanel","backstretch","con","ctrolPanel","deleteable","footer","form-control","kh","login","login_con","logo","lui_login_button_div_c","lui_login_button_div_l","lui_login_button_div_r","lui_login_button_td","lui_login_form_table","lui_login_input_div","lui_login_input_password","lui_login_input_td","lui_login_input_title","lui_login_input_username","lui_login_message_div","lui_login_message_td","popPanel","popPanel-inner","qrcodePanel","wechatQrcode","wraper"],["arrow","arrowPanel","backstretch","con","ctrolPanel","footer","form-control","kh","login","login_con","logo","lui_login_button_div_c","lui_login_button_div_l","lui_login_button_div_r","lui_login_button_td","lui_login_form_table","lui_login_input_div","lui_login_input_password","lui_login_input_td","lui_login_input_title","lui_login_input_username","lui_login_message_div","lui_login_message_td","popPanel","popPanel-inner","qrcodePanel","wechatQrcode","wraper"]],"context5_0IcqTN":[["alt","bar","clearfloat","content","copyToClipboard","errorlist","errortitle","functions","item","line","lines","number","plain","printSource","prompt_buttons","prompt_centerC","prompt_centerL","prompt_centerR","prompt_container","prompt_content_error","prompt_content_inside","prompt_content_right","prompt_frame","prompt_message","prompt_title","promt_footerC","promt_footerL","promt_footerR","promt_headerC","promt_headerL","promt_headerR","showMoreError_plus","spaces","string","syntaxhighlighter","toolbar","viewSource"],["clearfloat","msgtitle","prompt_centerC","prompt_centerL","prompt_centerR","prompt_container","prompt_content_error","prompt_content_inside","prompt_content_right","prompt_frame"]]}},"page/tagTriplets":{"contexts":{"context0_To5N7i":[["-/-/DIV","-/-/SCRIPT","-/-/STYLE","-/DIV/DIV","-/DIV/IMG","DIV/A/SPAN","DIV/DIV/A","DIV/DIV/BR","DIV/DIV/DIV","DIV/DIV/FORM","DIV/DIV/IMG","DIV/DIV/P","DIV/DIV/SCRIPT","DIV/FORM/INPUT-hidden","DIV/FORM/INPUT-submit","DIV/FORM/TABLE","FORM/TABLE/TBODY","TABLE/TBODY/TR","TBODY/TR/TD","TD/DIV/DIV","TD/DIV/INPUT-password","TD/DIV/INPUT-text","TR/TD/DIV"]],"context5_0IcqTN":[["-/-/DIV","-/-/SCRIPT","-/DIV/DIV","DIV/DIV/A","DIV/DIV/DIV","DIV/DIV/EMBED","DIV/DIV/SPAN","DIV/DIV/TABLE","DIV/SPAN/BR","DIV/SPAN/DIV","DIV/SPAN/SPAN","DIV/TABLE/TBODY","SPAN/DIV/DIV","SPAN/SPAN/DIV","TABLE/TBODY/TR","TBODY/TR/TD","TR/TD/CODE"],["-/-/DIV","-/-/SCRIPT","-/DIV/DIV","DIV/DIV/DIV"]]}}}}