{
  "version": "0.1",
  "id": "fm_authorizeframe",
  "targetURL": "http://oa.sec.com.cn/lks/sys/lks_public.nsf/fm_authorizeframe?readform&dbpath=lks/koa/lks_plflowreview.nsf&docid=BB9DB334C0C22DC9482582940005FCDC&reader=F_ReadDocName:F_ReadDoc&editor=undefined:undefined",
  "jsFile": "index.js",
  "requires": {
    "choosePeople": "../choosePeople/index.json",
    "lks_review": "../lks_review/index.json"
  },
  "chineseName": "修改权限",
  "description": "",
  "controls": {
    "control140_9iBFTI": {
      "location": {
        "data": {
          "tagName": "TABLE"
        },
        "userData": {
          "data": [],
          "force": false
        },
        "locators": [
          {
            "id": "@id/word",
            "prob": 3,
            "value": "descendant::TABLE[@id=\"mainTable\"]"
          },
          {
            "id": "path/ordinal",
            "prob": 1,
            "value": "/HTML[1]/BODY[1]/FORM[1]/DIV[1]/TABLE[1]"
          }
        ]
      },
      "events": {
        "onGetData": "getData_control140_9iBFTI"
      },
      "intendedRole": "custom",
      "roles": "element,custom",
      "monitored": true,
      "frameXPath": "//frame[1]<<IFRAME>>",
      "componentType": "custom"
    },
    "control141_C9rCdo": {
      "location": {
        "data": {
          "tagName": "TABLE"
        },
        "userData": {
          "data": [],
          "force": false
        },
        "locators": [
          {
            "id": "@id/word",
            "prob": 3,
            "value": "descendant::TABLE[@id=\"mainTable\"]"
          },
          {
            "id": "path/ordinal",
            "prob": 1,
            "value": "/HTML[1]/BODY[1]/FORM[1]/DIV[1]/TABLE[1]"
          }
        ]
      },
      "events": {
        "onGetData": "getData_control141_C9rCdo"
      },
      "intendedRole": "custom",
      "roles": "element,custom",
      "monitored": true,
      "frameXPath": "//frame[1]<<IFRAME>>",
      "componentType": "custom"
    },
    "control142_WJoSOP": {
      "location": {
        "data": {
          "tagName": "TABLE"
        },
        "userData": {
          "data": [],
          "force": false
        },
        "locators": [
          {
            "id": "@class/word",
            "prob": 1,
            "ordinal": [
              0,
              2
            ],
            "value": "TABLE.tbmenudoc"
          },
          {
            "id": "path/ordinal",
            "prob": 1,
            "value": "/HTML[1]/BODY[1]/FORM[1]/TABLE[2]"
          }
        ]
      },
      "events": {
        "onGetData": "getData_control142_WJoSOP"
      },
      "intendedRole": "custom",
      "roles": "element,custom",
      "monitored": true,
      "frameXPath": "//frame[1]<<IFRAME>>",
      "componentType": "custom"
    },
    "control127_iHNIaJ": {
      "location": {
        "data": {
          "tagName": "DIV"
        },
        "userData": {
          "data": [],
          "force": false
        },
        "locators": [
          {
            "id": "text",
            "prob": 3,
            "value": {
              "text": [
                "fm_authorize"
              ],
              "visText": [
                "fm_authorize"
              ]
            }
          },
          {
            "id": "@id/word",
            "prob": 3,
            "value": "descendant::DIV[@id=\"fm_authorize\"]"
          },
          {
            "id": "path/ordinal",
            "prob": 1,
            "value": "/HTML[1]/BODY[1]/DIV[1]"
          },
          {
            "id": "elderLevel",
            "value": {
              "level": 0
            }
          }
        ]
      },
      "roles": "element",
      "text": "fm_authorize",
      "frameXPath": "//frame[1]<<IFRAME>>"
    }
  },
  "contexts": {
    "context19_zVZDnP": {
      "controls": [
        "control140_9iBFTI",
        "control141_C9rCdo",
        "control142_WJoSOP"
      ],
      "anchors": [
        "control127_iHNIaJ"
      ],
      "urlAnchor": []
    }
  },
  "flows": {
    "flow88_6CxICQ": {
      "toContexts": [
        {
          "toContextId": "context19_zVZDnP"
        },
        {
          "toContextId": "context0_2puPsG",
          "toModelId": "lks_review"
        }
      ]
    },
    "flow95_bDmk9p": {
      "fromContextId": "context19_zVZDnP",
      "fromAction": "doAction",
      "fromControlId": "control140_9iBFTI",
      "toContexts": [
        {
          "toContextId": "context19_zVZDnP"
        },
        {
          "toContextId": "context6_m0MbOe",
          "toModelId": "choosePeople"
        }
      ]
    },
    "flow96_SCTc3V": {
      "fromContextId": "context19_zVZDnP",
      "fromAction": "doAction",
      "fromControlId": "control142_WJoSOP",
      "toContexts": [
        {
          "toContextId": "context19_zVZDnP"
        },
        {
          "toContextId": "context0_2puPsG",
          "toModelId": "lks_review"
        }
      ]
    }
  },
  "pages": {
    "page19_np3mLg": {
      "contextId": "context19_zVZDnP",
      "layout": [
        {
          "id": "uiControl154_0woCaa",
          "controlId": "control141_C9rCdo",
          "display": {
            "adapterId": "custom",
            "type": "custom",
            "adapter": {
              "templateType": "react",
              "events": {
                "onDoAction": "doAction_uiControl154_0woCaa",
                "onGetTemplate": "getTemplate_uiControl154_0woCaa"
              }
            }
          }
        },
        {
          "id": "uiControl153_Vlh6e7",
          "controlId": "control140_9iBFTI",
          "display": {
            "adapterId": "custom",
            "type": "custom",
            "adapter": {
              "templateType": "react",
              "events": {
                "onDoAction": "doAction_uiControl153_Vlh6e7",
                "onGetTemplate": "getTemplate_uiControl153_Vlh6e7"
              }
            }
          }
        },
        {
          "id": "uiControl160_Nei1oQ",
          "display": {
            "type": "sticky",
            "adapterId": "sticky",
            "class": "ui-footer-button",
            "adapter": {
              "templateType": ""
            }
          },
          "layout": [
            {
              "id": "uiControl160_Nei1oQbody",
              "display": {
                "type": "stickyBody",
                "adapterId": "stickyBody",
                "adapter": {
                  "templateType": ""
                }
              },
              "layout": [
                {
                  "id": "uiControl155_Vpx131",
                  "controlId": "control142_WJoSOP",
                  "display": {
                    "adapterId": "custom",
                    "type": "custom",
                    "adapter": {
                      "templateType": "react",
                      "events": {
                        "onDoAction": "doAction_uiControl155_Vpx131",
                        "onGetTemplate": "getTemplate_uiControl155_Vpx131"
                      }
                    }
                  }
                }
              ]
            }
          ]
        }
      ]
    }
  },
  "matchers": {
    "page/title": {
      "contexts": {
        "context19_zVZDnP": [
          "深圳能源集团OA系统_授权"
        ]
      }
    },
    "page/urls": {
      "contexts": {
        "context19_zVZDnP": [
          "oa.sec.com.cn/lks/sys/lks_public.nsf/fm_authorizeframe?readform&dbpath=lks/koa/lks_plflowreview.nsf&docid=BB9DB334C0C22DC9482582940005FCDC&reader=F_ReadDocName:F_ReadDoc&editor=undefined:undefined",
          "oa.sec.com.cn/lks/sys/lks_public.nsf/fm_authorizeframe?readform&dbpath=lks/koa/lks_review.nsf&docid=AC491A2A24137FCB48258296002A477F&reader=F_ReadDocName:F_ReadDoc&editor=undefined:undefined",
          "oa.sec.com.cn/lks/sys/lks_public.nsf/fm_authorizeframe?readform&dbpath=lks/koa/lks_archivemngnewex.nsf&docid=614A86C3859759B9482582AD002F55D2&reader=F_DisReader:F_Reader&editor=undefined:undefined"
        ]
      }
    },
    "page/ids": {
      "contexts": {
        "context19_zVZDnP": [
          []
        ]
      }
    },
    "page/classes": {
      "contexts": {
        "context19_zVZDnP": [
          []
        ]
      }
    },
    "page/tagTriplets": {
      "contexts": {
        "context19_zVZDnP": [
          [
            "-/-/FRAME"
          ]
        ]
      }
    }
  }
}