{"version":"0.1","id":"login","targetURL":"https://7.carpoly.com/ekp/login.jsp;jsessionid=DA17CC3C4E4743529D6080CEF0C07E0C#cri.q=docStatus:30","jsFile":"index.js","requires":{"revise_list":"../revise_list/index.json","product_order-info":"../product_order-info/index.json","cmSaleProdorderRevise":"../cmSaleProdorderRevise/index.json"},"chineseName":"登录页","description":"","controls":{"control0_mawcVZ":{"location":{"data":{"tagName":"INPUT"},"userData":{"data":[],"force":false},"locators":[{"id":"elem/@name","prob":2,"value":"descendant::INPUT[@name=\"j_username\"]"},{"id":"@class/word","prob":1,"value":"TD.lui_login_input_td DIV.lui_login_input_div INPUT.form-control.lui_login_input_username"},{"id":"path/ordinal","prob":1,"value":"/HTML[1]/BODY[1]/DIV[2]/DIV[1]/DIV[3]/DIV[1]/FORM[1]/TABLE[1]/TBODY[1]/TR[2]/TD[1]/DIV[2]/INPUT[1]"},{"id":"input/type","verifyEnabled":true,"value":"text"}]},"intendedRole":"textbox","roles":"element,textbox","monitored":true,"frameXPath":""},"control1_0bVQoL":{"location":{"data":{"tagName":"INPUT"},"userData":{"data":[],"force":false},"locators":[{"id":"elem/@name","prob":2,"value":"descendant::INPUT[@name=\"j_password\"]"},{"id":"@class/word","prob":1,"value":"TD.lui_login_input_td DIV.lui_login_input_div INPUT.form-control.lui_login_input_password"},{"id":"path/ordinal","prob":1,"value":"/HTML[1]/BODY[1]/DIV[2]/DIV[1]/DIV[3]/DIV[1]/FORM[1]/TABLE[1]/TBODY[1]/TR[3]/TD[1]/DIV[2]/INPUT[1]"},{"id":"input/type","verifyEnabled":true,"value":"password"}]},"intendedRole":"passwordbox","roles":"element,passwordbox,textbox","monitored":true,"frameXPath":""},"control2_198o7B":{"location":{"data":{"tagName":"A"},"userData":{"data":[],"force":false},"locators":[{"id":"button/text","prob":3,"value":{"text":["登录"],"visText":["登录"]}},{"id":"text","prob":3,"value":{"text":["登录"],"visText":["登录"]}},{"id":"@class/word","prob":1,"value":"DIV.lui_login_button_div_l DIV.lui_login_button_div_r DIV.lui_login_button_div_c A"},{"id":"path/ordinal","prob":1,"value":"/HTML[1]/BODY[1]/DIV[2]/DIV[1]/DIV[3]/DIV[1]/FORM[1]/TABLE[1]/TBODY[1]/TR[4]/TD[1]/DIV[1]/DIV[1]/DIV[1]/A[1]"},{"id":"elderLevel","value":{"level":0}}]},"intendedRole":"button","roles":"element,button,link","monitored":true,"frameXPath":""}},"contexts":{"context0_wECJrQ":{"controls":["control0_mawcVZ","control1_0bVQoL","control2_198o7B"],"anchors":[],"urlAnchor":[]}},"flows":{"flow0_3lpszq":{"toContexts":[{"toContextId":"context0_wECJrQ"},{"toContextId":"context2_DfsXf4","toModelId":"product_order-info"},{"toContextId":"context2_A7MKJB","toModelId":"cmSaleProdorderRevise"}]},"flow1_4r7dhN":{"fromContextId":"context0_wECJrQ","fromAction":"click","fromControlId":"control0_mawcVZ","toContexts":[{"toContextId":"context0_wECJrQ"}]},"flow2_kDMpMo":{"fromContextId":"context0_wECJrQ","fromAction":"click","fromControlId":"control1_0bVQoL","toContexts":[{"toContextId":"context0_wECJrQ"}]},"flow3_LEsPDS":{"fromContextId":"context0_wECJrQ","fromAction":"click","fromControlId":"control2_198o7B","toContexts":[{"toContextId":"context0_wECJrQ"},{"toContextId":"context1_VOE93d","toModelId":"revise_list"}]}},"pages":{"page0_swH1Nl":{"contextId":"context0_wECJrQ","layout":[{"id":"uiControl3_exGCJk","display":{"type":"card","adapterId":"card","adapter":{"templateType":""}},"layout":[{"id":"uiControl3_exGCJkheader","display":{"type":"cardHeader","text":"","adapterId":"cardHeader","adapter":{"templateType":""}},"layout":[]},{"id":"uiControl3_exGCJkbody","display":{"type":"cardBody","adapterId":"cardBody","adapter":{"templateType":""}},"layout":[{"id":"uiControl0_OMF9TA","controlId":"control0_mawcVZ","display":{"adapterId":"textbox","type":"textbox","label":"用户名","adapter":{"templateType":""}}},{"id":"uiControl1_K680wQ","controlId":"control1_0bVQoL","display":{"adapterId":"passwordbox","type":"passwordbox","value":"","label":"密码","adapter":{"templateType":""}}},{"id":"uiControl2_0KdVcV","controlId":"control2_198o7B","display":{"adapterId":"clickable","type":"button","adapter":{"templateType":""}}}]},{"id":"uiControl3_exGCJkfooter","display":{"type":"cardFooter","adapterId":"cardFooter","adapter":{"templateType":""}},"layout":[]}]}]}},"matchers":{"page/title":{"contexts":{"context0_wECJrQ":["登陆营销云平台"]}},"page/urls":{"contexts":{"context0_wECJrQ":["7.carpoly.com/ekp/login.jsp;jsessionid=DA17CC3C4E4743529D6080CEF0C07E0C","7.carpoly.com/ekp/login.jsp;jsessionid=8394A12A8EF334629EF361BEAEFB111D","7.carpoly.com/ekp/login.jsp;jsessionid=F0226035290D620FA38CD6C9BCB5FD7B","7.carpoly.com/ekp/login.jsp"],"context2_DfsXf4":["7.carpoly.com/ekp/cm/sale/cm_sale_prodorder_info/cmSaleProdorderInfo.do?method=view&fdId=15f7ad7230c39ffa567e5af4cc899280","7.carpoly.com/ekp/cm/sale/cm_sale_prodorder_info/cmSaleProdorderInfo.do?method=view&fdId=15f248881743c9dcc79805a41b6b9001","7.carpoly.com/ekp/cm/sale/cm_sale_prodorder_info/cmSaleProdorderInfo.do?method=view&fdId=15b907793d533293a0a1d2142068107e","7.carpoly.com/ekp/cm/sale/cm_sale_prodorder_info/cmSaleProdorderInfo.do?method=view&fdId=15f9ebefac4b10f6ad86d7945529ae5d","7.carpoly.com/ekp/cm/sale/cm_sale_prodorder_info/cmSaleProdorderInfo.do?method=view&fdId=15e2c9413f9a709be74bbd34ffaa7b81","7.carpoly.com/ekp/cm/sale/cm_sale_prodorder_info/cmSaleProdorderInfo.do?method=view&fdId=15fc81669a411924c77e3074764b92ed","7.carpoly.com/ekp/cm/sale/cm_sale_prodorder_info/cmSaleProdorderInfo.do?method=view&fdId=15b80ea10296571c09ebdcb4f98bbd9e","7.carpoly.com/ekp/cm/sale/cm_sale_prodorder_revise/cmSaleProdorderRevise.do?method=view&fdId=15b810977c1c68c71f642e945aa8f352"],"context2_A7MKJB":["7.carpoly.com/ekp/cm/sale/cm_sale_prodorder_revise/cmSaleProdorderRevise.do?method=view&fdId=15b810a845d96ff7ba3c10c4b2dab0a3","7.carpoly.com/ekp/cm/sale/cm_sale_prodorder_revise/cmSaleProdorderRevise.do?method=view&fdId=15b8109e618a6f763676cea4586aee5f","","7.carpoly.com/ekp/cm/sale/cm_sale_order_materiel/cmSaleOrderMateriel.do?method=view&fdId=15b80ee42cfef0fd39cc7f74eabbd7ec","7.carpoly.com/ekp/cm/sale/cm_sale_prodorder_revise/cmSaleProdorderRevise.do?method=view&fdId=15b810977c1c68c71f642e945aa8f352"]}},"page/ids":{"contexts":{"context0_wECJrQ":[["floatPanel"],["floatPanel","login-bgImg"]],"context2_DfsXf4":[["Label_Tabel_Workflow_Info","Label_Tabel_Workflow_Info_Label_Btn_","Label_Tabel_Workflow_Info_Label_Img__","SWFUpload_","TABLE_Adjust_Color","TABLE_Prodorder","WF_IFrame","WF_TableIFrame","_List_ffdfdac_Attachment_Table","addressNote","assignmentRow","att_xtable_ffdfdac","attachmentObject_ffdfdac_content_div","authorityOptButton","cmBaseCompanyName_id","cmBaseCustomerInfoCode_id","cmProjectInfoMainUrl","cmProjectInfoNumber","currentHandlersLabel","currentHandlersRow","currentNodeDescription","descriptionRow","docStatus","drafterOptButton","extendRoleOptRow","fdFlowDescription","flowGraphic","flowGraphicShowCheckbox","flowLogTableTD","historyHandlersLabel","historyHandlersRow","historyInfoTableIframe","historyInfoTableTD","historyTableTR","historyhandlerOpt","lui-id-","notifyLevelRow","notifyLevelTD","operationItemsRow","operationMethodsGroup","operationMethodsRow","operationsRow","operationsRow_Scope","operationsTDContent","operationsTDContent_Scope","operationsTDTitle","operationsTDTitle_Scope","optionButtons","processStatusLabel","processStatusRow","process_review_button","process_review_tabcontent","saveDraftButton","showDetails","sysWfBusinessForm.canStartProcess","sysWfBusinessForm.fdAdditionsParameterJson","sysWfBusinessForm.fdAuditNoteFdId","sysWfBusinessForm.fdCurHanderId","sysWfBusinessForm.fdCurNodeSavedXML","sysWfBusinessForm.fdCurNodeXML","sysWfBusinessForm.fdDraftorId","sysWfBusinessForm.fdDraftorName","sysWfBusinessForm.fdFlowContent","sysWfBusinessForm.fdHandlerRoleInfoIds","sysWfBusinessForm.fdHandlerRoleInfoNames","sysWfBusinessForm.fdIdentityId","sysWfBusinessForm.fdIsModify","sysWfBusinessForm.fdKey","sysWfBusinessForm.fdModelId","sysWfBusinessForm.fdModelName","sysWfBusinessForm.fdParameterJson","sysWfBusinessForm.fdProcessId","sysWfBusinessForm.fdProcessStatus","sysWfBusinessForm.fdTemplateKey","sysWfBusinessForm.fdTemplateModelName","sysWfBusinessForm.fdTranProcessXML","toolbar","workflowInfoTD","workflowTableTD"],["Label_Tabel_Workflow_Info","Label_Tabel_Workflow_Info_Label_Btn_","Label_Tabel_Workflow_Info_Label_Img__","TABLE_Adjust_Color","TABLE_Prodorder","WF_IFrame","WF_TableIFrame","addressNote","cmBaseCompanyName_id","cmBaseCustomerInfoCode_id","cmProjectInfoMainUrl","cmProjectInfoNumber","docStatus","fdFlowDescription","flowGraphic","flowGraphicShowCheckbox","flowLogTableTD","historyInfoTableIframe","historyInfoTableTD","historyTableTR","lui-id-","process_review_tabcontent","showDetails","sysWfBusinessForm.canStartProcess","sysWfBusinessForm.fdAdditionsParameterJson","sysWfBusinessForm.fdAuditNoteFdId","sysWfBusinessForm.fdCurHanderId","sysWfBusinessForm.fdCurNodeSavedXML","sysWfBusinessForm.fdCurNodeXML","sysWfBusinessForm.fdDraftorId","sysWfBusinessForm.fdDraftorName","sysWfBusinessForm.fdFlowContent","sysWfBusinessForm.fdHandlerRoleInfoIds","sysWfBusinessForm.fdHandlerRoleInfoNames","sysWfBusinessForm.fdIdentityId","sysWfBusinessForm.fdIsModify","sysWfBusinessForm.fdKey","sysWfBusinessForm.fdModelId","sysWfBusinessForm.fdModelName","sysWfBusinessForm.fdParameterJson","sysWfBusinessForm.fdProcessId","sysWfBusinessForm.fdProcessStatus","sysWfBusinessForm.fdTemplateKey","sysWfBusinessForm.fdTemplateModelName","sysWfBusinessForm.fdTranProcessXML","toolbar","workflowInfoTD","workflowTableTD"],["Label_Tabel_Workflow_Info","Label_Tabel_Workflow_Info_Label_Btn_","Label_Tabel_Workflow_Info_Label_Img__","SWFUpload_","TABLE_Adjust_Color","TABLE_Prodorder","WF_IFrame","WF_TableIFrame","_List_feccffbbd_Attachment_Table","__notify_type_fbdffadeae_sysWfBusinessForm.fdSystemNotifyType","addressNote","assignmentRow","att_xtable_feccffbbd","attachmentObject_feccffbbd_content_div","authorityOptButton","changeProcessorDIV","checkChangeFlowTR","cmBaseCompanyName_id","cmBaseCustomerInfoCode_id","cmProjectInfoMainUrl","cmProjectInfoNumber","currentHandlersLabel","currentHandlersRow","currentNodeDescription","descriptionRow","docStatus","drafterOptButton","extendRoleOptRow","fdFlowDescription","flowGraphic","flowGraphicShowCheckbox","flowLogTableTD","historyHandlersLabel","historyHandlersRow","historyInfoTableIframe","historyInfoTableTD","historyTableTR","historyhandlerOpt","lbpm_highLevelTab","lui-id-","modifyFlowDIV","nodeCanViewCurNodeTR","notifyLevelRow","notifyLevelTD","notifyOnFinish","notifyOptionTR","notifyTypeRow","operationItemsRow","operationMethodsGroup","operationMethodsRow","operationsRow","operationsRow_Scope","operationsTDContent","operationsTDContent_Scope","operationsTDTitle","operationsTDTitle_Scope","optionButtons","otherCanViewCurNodeTR","processStatusLabel","processStatusRow","process_review_button","process_review_tabcontent","saveDraftButton","showDetails","sysWfBusinessForm.canStartProcess","sysWfBusinessForm.fdAdditionsParameterJson","sysWfBusinessForm.fdAuditNoteFdId","sysWfBusinessForm.fdCurHanderId","sysWfBusinessForm.fdCurNodeSavedXML","sysWfBusinessForm.fdCurNodeXML","sysWfBusinessForm.fdDraftorId","sysWfBusinessForm.fdDraftorName","sysWfBusinessForm.fdFlowContent","sysWfBusinessForm.fdHandlerRoleInfoIds","sysWfBusinessForm.fdHandlerRoleInfoNames","sysWfBusinessForm.fdIdentityId","sysWfBusinessForm.fdIsModify","sysWfBusinessForm.fdKey","sysWfBusinessForm.fdModelId","sysWfBusinessForm.fdModelName","sysWfBusinessForm.fdParameterJson","sysWfBusinessForm.fdProcessId","sysWfBusinessForm.fdProcessStatus","sysWfBusinessForm.fdTemplateKey","sysWfBusinessForm.fdTemplateModelName","sysWfBusinessForm.fdTranProcessXML","systemNotifyTypeTD","toolbar","workflowInfoTD","workflowTableTD"],["Label_Tabel_Workflow_Info","Label_Tabel_Workflow_Info_Label_Btn_","Label_Tabel_Workflow_Info_Label_Img__","SWFUpload_","TABLE_Adjust_Color","TABLE_Prodorder","WF_IFrame","WF_TableIFrame","_List_fbcadcabac_Attachment_Table","__notify_type_fbdbbfacbbe_sysWfBusinessForm.fdSystemNotifyType","addressNote","assignmentRow","att_xtable_fbcadcabac","attachmentObject_fbcadcabac_content_div","authorityOptButton","changeProcessorDIV","checkChangeFlowTR","cmBaseCompanyName_id","cmBaseCustomerInfoCode_id","currentHandlersLabel","currentHandlersRow","currentNodeDescription","descriptionRow","dialog_iframe","docStatus","drafterOptButton","extendRoleOptRow","fdFlowDescription","flowGraphic","flowGraphicShowCheckbox","flowLogTableTD","historyHandlersLabel","historyHandlersRow","historyInfoTableIframe","historyInfoTableTD","historyTableTR","historyhandlerOpt","lbpm_highLevelTab","lui-id-","modifyFlowDIV","nodeCanViewCurNodeTR","notifyLevelRow","notifyLevelTD","notifyOnFinish","notifyOptionTR","notifyTypeRow","operationItemsRow","operationMethodsGroup","operationMethodsRow","operationsRow","operationsRow_Scope","operationsTDContent","operationsTDContent_Scope","operationsTDTitle","operationsTDTitle_Scope","optionButtons","otherCanViewCurNodeTR","processStatusLabel","processStatusRow","process_review_button","process_review_tabcontent","saveDraftButton","showDetails","sysWfBusinessForm.canStartProcess","sysWfBusinessForm.fdAdditionsParameterJson","sysWfBusinessForm.fdAuditNoteFdId","sysWfBusinessForm.fdCurHanderId","sysWfBusinessForm.fdCurNodeSavedXML","sysWfBusinessForm.fdCurNodeXML","sysWfBusinessForm.fdDraftorId","sysWfBusinessForm.fdDraftorName","sysWfBusinessForm.fdFlowContent","sysWfBusinessForm.fdHandlerRoleInfoIds","sysWfBusinessForm.fdHandlerRoleInfoNames","sysWfBusinessForm.fdIdentityId","sysWfBusinessForm.fdIsModify","sysWfBusinessForm.fdKey","sysWfBusinessForm.fdModelId","sysWfBusinessForm.fdModelName","sysWfBusinessForm.fdParameterJson","sysWfBusinessForm.fdProcessId","sysWfBusinessForm.fdProcessStatus","sysWfBusinessForm.fdTemplateKey","sysWfBusinessForm.fdTemplateModelName","sysWfBusinessForm.fdTranProcessXML","systemNotifyTypeTD","toOtherHandlerIds","toOtherHandlerNames","toolbar","workflowInfoTD","workflowTableTD"],["Label_Tabel_Workflow_Info","Label_Tabel_Workflow_Info_Label_Btn_","Label_Tabel_Workflow_Info_Label_Img__","SWFUpload_","TABLE_Adjust_Color","TABLE_Prodorder","WF_IFrame","WF_TableIFrame","_List_fafce_Attachment_Table","__notify_type_fabfbddfcac_sysWfBusinessForm.fdSystemNotifyType","addressNote","assignmentRow","att_xtable_fafce","attachmentObject_fafce_content_div","authorityOptButton","changeProcessorDIV","checkChangeFlowTR","cmBaseCompanyName_id","cmBaseCustomerInfoCode_id","currentHandlersLabel","currentHandlersRow","currentNodeDescription","descriptionRow","dialog_iframe","docStatus","drafterOptButton","extendRoleOptRow","fdFlowDescription","flowGraphic","flowGraphicShowCheckbox","flowLogTableTD","historyHandlersLabel","historyHandlersRow","historyInfoTableIframe","historyInfoTableTD","historyTableTR","historyhandlerOpt","lbpm_highLevelTab","lui-id-","modifyFlowDIV","nodeCanViewCurNodeTR","notifyLevelRow","notifyLevelTD","notifyOnFinish","notifyOptionTR","notifyTypeRow","operationItemsRow","operationMethodsGroup","operationMethodsRow","operationsRow","operationsRow_Scope","operationsTDContent","operationsTDContent_Scope","operationsTDTitle","operationsTDTitle_Scope","optionButtons","otherCanViewCurNodeTR","processStatusLabel","processStatusRow","process_review_button","process_review_tabcontent","saveDraftButton","showDetails","sysWfBusinessForm.canStartProcess","sysWfBusinessForm.fdAdditionsParameterJson","sysWfBusinessForm.fdAuditNoteFdId","sysWfBusinessForm.fdCurHanderId","sysWfBusinessForm.fdCurNodeSavedXML","sysWfBusinessForm.fdCurNodeXML","sysWfBusinessForm.fdDraftorId","sysWfBusinessForm.fdDraftorName","sysWfBusinessForm.fdFlowContent","sysWfBusinessForm.fdHandlerRoleInfoIds","sysWfBusinessForm.fdHandlerRoleInfoNames","sysWfBusinessForm.fdIdentityId","sysWfBusinessForm.fdIsModify","sysWfBusinessForm.fdKey","sysWfBusinessForm.fdModelId","sysWfBusinessForm.fdModelName","sysWfBusinessForm.fdParameterJson","sysWfBusinessForm.fdProcessId","sysWfBusinessForm.fdProcessStatus","sysWfBusinessForm.fdTemplateKey","sysWfBusinessForm.fdTemplateModelName","sysWfBusinessForm.fdTranProcessXML","systemNotifyTypeTD","toOtherHandlerIds","toOtherHandlerNames","toolbar","workflowInfoTD","workflowTableTD"],["Label_Tabel_Workflow_Info","Label_Tabel_Workflow_Info_Label_Btn_","Label_Tabel_Workflow_Info_Label_Img__","SWFUpload_","TABLE_Adjust_Color","TABLE_Prodorder","WF_IFrame","WF_TableIFrame","_List_fafbaebabd_Attachment_Table","__notify_type_fabadcedab_sysWfBusinessForm.fdSystemNotifyType","addressNote","assignmentRow","att_xtable_fafbaebabd","attachmentObject_fafbaebabd_content_div","authorityOptButton","changeProcessorDIV","checkChangeFlowTR","cmBaseCompanyName_id","cmBaseCustomerInfoCode_id","currentHandlersLabel","currentHandlersRow","currentNodeDescription","descriptionRow","dialog_iframe","docStatus","drafterOptButton","extendRoleOptRow","fdFlowDescription","flowGraphic","flowGraphicShowCheckbox","flowLogTableTD","historyHandlersLabel","historyHandlersRow","historyInfoTableIframe","historyInfoTableTD","historyTableTR","historyhandlerOpt","lbpm_highLevelTab","lui-id-","modifyFlowDIV","nodeCanViewCurNodeTR","notifyLevelRow","notifyLevelTD","notifyOnFinish","notifyOptionTR","notifyTypeRow","operationItemsRow","operationMethodsGroup","operationMethodsRow","operationsRow","operationsRow_Scope","operationsTDContent","operationsTDContent_Scope","operationsTDTitle","operationsTDTitle_Scope","optionButtons","otherCanViewCurNodeTR","processStatusLabel","processStatusRow","process_review_button","process_review_tabcontent","saveDraftButton","showDetails","sysWfBusinessForm.canStartProcess","sysWfBusinessForm.fdAdditionsParameterJson","sysWfBusinessForm.fdAuditNoteFdId","sysWfBusinessForm.fdCurHanderId","sysWfBusinessForm.fdCurNodeSavedXML","sysWfBusinessForm.fdCurNodeXML","sysWfBusinessForm.fdDraftorId","sysWfBusinessForm.fdDraftorName","sysWfBusinessForm.fdFlowContent","sysWfBusinessForm.fdHandlerRoleInfoIds","sysWfBusinessForm.fdHandlerRoleInfoNames","sysWfBusinessForm.fdIdentityId","sysWfBusinessForm.fdIsModify","sysWfBusinessForm.fdKey","sysWfBusinessForm.fdModelId","sysWfBusinessForm.fdModelName","sysWfBusinessForm.fdParameterJson","sysWfBusinessForm.fdProcessId","sysWfBusinessForm.fdProcessStatus","sysWfBusinessForm.fdTemplateKey","sysWfBusinessForm.fdTemplateModelName","sysWfBusinessForm.fdTranProcessXML","systemNotifyTypeTD","toOtherHandlerIds","toOtherHandlerNames","toolbar","workflowInfoTD","workflowTableTD"],["Label_Tabel_Workflow_Info","Label_Tabel_Workflow_Info_Label_Btn_","Label_Tabel_Workflow_Info_Label_Img__","SWFUpload_","TABLE_Adjust_Color","TABLE_Prodorder","WF_IFrame","WF_TableIFrame","_List_fafcabffffcffd_Attachment_Table","__notify_type_fafedebfdaf_sysWfBusinessForm.fdSystemNotifyType","addressNote","assignmentRow","att_xtable_fafcabffffcffd","attachmentObject_fafcabffffcffd_content_div","authorityOptButton","changeProcessorDIV","checkChangeFlowTR","cmBaseCompanyName_id","cmBaseCustomerInfoCode_id","currentHandlersLabel","currentHandlersRow","currentNodeDescription","descriptionRow","dialog_iframe","docStatus","drafterOptButton","extendRoleOptRow","fdFlowDescription","flowGraphic","flowGraphicShowCheckbox","flowLogTableTD","historyHandlersLabel","historyHandlersRow","historyInfoTableIframe","historyInfoTableTD","historyTableTR","historyhandlerOpt","lbpm_highLevelTab","lui-id-","modifyFlowDIV","nodeCanViewCurNodeTR","notifyLevelRow","notifyLevelTD","notifyOnFinish","notifyOptionTR","notifyTypeRow","operationItemsRow","operationMethodsGroup","operationMethodsRow","operationsRow","operationsRow_Scope","operationsTDContent","operationsTDContent_Scope","operationsTDTitle","operationsTDTitle_Scope","optionButtons","otherCanViewCurNodeTR","processStatusLabel","processStatusRow","process_review_button","process_review_tabcontent","saveDraftButton","showDetails","sysWfBusinessForm.canStartProcess","sysWfBusinessForm.fdAdditionsParameterJson","sysWfBusinessForm.fdAuditNoteFdId","sysWfBusinessForm.fdCurHanderId","sysWfBusinessForm.fdCurNodeSavedXML","sysWfBusinessForm.fdCurNodeXML","sysWfBusinessForm.fdDraftorId","sysWfBusinessForm.fdDraftorName","sysWfBusinessForm.fdFlowContent","sysWfBusinessForm.fdHandlerRoleInfoIds","sysWfBusinessForm.fdHandlerRoleInfoNames","sysWfBusinessForm.fdIdentityId","sysWfBusinessForm.fdIsModify","sysWfBusinessForm.fdKey","sysWfBusinessForm.fdModelId","sysWfBusinessForm.fdModelName","sysWfBusinessForm.fdParameterJson","sysWfBusinessForm.fdProcessId","sysWfBusinessForm.fdProcessStatus","sysWfBusinessForm.fdTemplateKey","sysWfBusinessForm.fdTemplateModelName","sysWfBusinessForm.fdTranProcessXML","systemNotifyTypeTD","toOtherHandlerIds","toOtherHandlerNames","toolbar","workflowInfoTD","workflowTableTD"],["Label_Tabel_Workflow_Info","Label_Tabel_Workflow_Info_Label_Btn_","Label_Tabel_Workflow_Info_Label_Img__","SWFUpload_","TABLE_Adjust_Color","TABLE_Prodorder","WF_IFrame","WF_TableIFrame","_List_faaadbbfbadfe_Attachment_Table","__notify_type_faaadbbdcbbdb_sysWfBusinessForm.fdSystemNotifyType","addressNote","assignmentRow","att_xtable_faaadbbfbadfe","attachmentObject_faaadbbfbadfe_content_div","authorityOptButton","changeProcessorDIV","checkChangeFlowTR","cmBaseCompanyName_id","cmBaseCustomerInfoCode_id","cmProjectInfoMainUrl","cmProjectInfoNumber","currentHandlersLabel","currentHandlersRow","currentNodeDescription","descriptionRow","dialog_iframe","docStatus","drafterOptButton","extendRoleOptRow","fdFlowDescription","flowGraphic","flowGraphicShowCheckbox","flowLogTableTD","historyHandlersLabel","historyHandlersRow","historyInfoTableIframe","historyInfoTableTD","historyTableTR","historyhandlerOpt","lbpm_highLevelTab","lui-id-","modifyFlowDIV","nodeCanViewCurNodeTR","notifyLevelRow","notifyLevelTD","notifyOnFinish","notifyOptionTR","notifyTypeRow","operationItemsRow","operationMethodsGroup","operationMethodsRow","operationsRow","operationsRow_Scope","operationsTDContent","operationsTDContent_Scope","operationsTDTitle","operationsTDTitle_Scope","optionButtons","otherCanViewCurNodeTR","processStatusLabel","processStatusRow","process_review_button","process_review_tabcontent","saveDraftButton","showDetails","sysWfBusinessForm.canStartProcess","sysWfBusinessForm.fdAdditionsParameterJson","sysWfBusinessForm.fdAuditNoteFdId","sysWfBusinessForm.fdCurHanderId","sysWfBusinessForm.fdCurNodeSavedXML","sysWfBusinessForm.fdCurNodeXML","sysWfBusinessForm.fdDraftorId","sysWfBusinessForm.fdDraftorName","sysWfBusinessForm.fdFlowContent","sysWfBusinessForm.fdHandlerRoleInfoIds","sysWfBusinessForm.fdHandlerRoleInfoNames","sysWfBusinessForm.fdIdentityId","sysWfBusinessForm.fdIsModify","sysWfBusinessForm.fdKey","sysWfBusinessForm.fdModelId","sysWfBusinessForm.fdModelName","sysWfBusinessForm.fdParameterJson","sysWfBusinessForm.fdProcessId","sysWfBusinessForm.fdProcessStatus","sysWfBusinessForm.fdTemplateKey","sysWfBusinessForm.fdTemplateModelName","sysWfBusinessForm.fdTranProcessXML","systemNotifyTypeTD","toOtherHandlerIds","toOtherHandlerNames","toolbar","workflowInfoTD","workflowTableTD"],["Label_Tabel_Workflow_Info","Label_Tabel_Workflow_Info_Label_Btn_","Label_Tabel_Workflow_Info_Label_Img__","SWFUpload_","TABLE_Adjust_Color","TABLE_Prodorder","WF_IFrame","WF_TableIFrame","_List_faddffaacbeda_Attachment_Table","__notify_type_faddaabeb_sysWfBusinessForm.fdSystemNotifyType","addressNote","assignmentRow","att_xtable_faddffaacbeda","attachmentObject_faddffaacbeda_content_div","authorityOptButton","changeProcessorDIV","checkChangeFlowTR","cmBaseCompanyName_id","cmBaseCustomerInfoCode_id","cmProjectInfoMainUrl","cmProjectInfoNumber","currentHandlersLabel","currentHandlersRow","currentNodeDescription","descriptionRow","dialog_iframe","docStatus","drafterOptButton","extendRoleOptRow","fdFlowDescription","flowGraphic","flowGraphicShowCheckbox","flowLogTableTD","historyHandlersLabel","historyHandlersRow","historyInfoTableIframe","historyInfoTableTD","historyTableTR","historyhandlerOpt","lbpm_highLevelTab","lui-id-","modifyFlowDIV","nodeCanViewCurNodeTR","notifyLevelRow","notifyLevelTD","notifyOnFinish","notifyOptionTR","notifyTypeRow","operationItemsRow","operationMethodsGroup","operationMethodsRow","operationsRow","operationsRow_Scope","operationsTDContent","operationsTDContent_Scope","operationsTDTitle","operationsTDTitle_Scope","optionButtons","otherCanViewCurNodeTR","processStatusLabel","processStatusRow","process_review_button","process_review_tabcontent","saveDraftButton","showDetails","sysWfBusinessForm.canStartProcess","sysWfBusinessForm.fdAdditionsParameterJson","sysWfBusinessForm.fdAuditNoteFdId","sysWfBusinessForm.fdCurHanderId","sysWfBusinessForm.fdCurNodeSavedXML","sysWfBusinessForm.fdCurNodeXML","sysWfBusinessForm.fdDraftorId","sysWfBusinessForm.fdDraftorName","sysWfBusinessForm.fdFlowContent","sysWfBusinessForm.fdHandlerRoleInfoIds","sysWfBusinessForm.fdHandlerRoleInfoNames","sysWfBusinessForm.fdIdentityId","sysWfBusinessForm.fdIsModify","sysWfBusinessForm.fdKey","sysWfBusinessForm.fdModelId","sysWfBusinessForm.fdModelName","sysWfBusinessForm.fdParameterJson","sysWfBusinessForm.fdProcessId","sysWfBusinessForm.fdProcessStatus","sysWfBusinessForm.fdTemplateKey","sysWfBusinessForm.fdTemplateModelName","sysWfBusinessForm.fdTranProcessXML","systemNotifyTypeTD","toOtherHandlerIds","toOtherHandlerNames","toolbar","workflowInfoTD","workflowTableTD"],["Label_Tabel_Workflow_Info","Label_Tabel_Workflow_Info_Label_Btn_","Label_Tabel_Workflow_Info_Label_Img__","SWFUpload_","TABLE_Adjust_Color","TABLE_Prodorder","WF_IFrame","WF_TableIFrame","_List_fbbcfcafbbbaf_Attachment_Table","__notify_type_fbbcbddcfab_sysWfBusinessForm.fdSystemNotifyType","addressNote","assignmentRow","att_xtable_fbbcfcafbbbaf","attachmentObject_fbbcfcafbbbaf_content_div","authorityOptButton","changeProcessorDIV","checkChangeFlowTR","cmBaseCompanyName_id","cmBaseCustomerInfoCode_id","cmProjectInfoMainUrl","cmProjectInfoNumber","currentHandlersLabel","currentHandlersRow","currentNodeDescription","descriptionRow","docStatus","drafterOptButton","extendRoleOptRow","fdFlowDescription","flowGraphic","flowGraphicShowCheckbox","flowLogTableTD","historyHandlersLabel","historyHandlersRow","historyInfoTableIframe","historyInfoTableTD","historyTableTR","historyhandlerOpt","lbpm_highLevelTab","lui-id-","modifyFlowDIV","nodeCanViewCurNodeTR","notifyLevelRow","notifyLevelTD","notifyOnFinish","notifyOptionTR","notifyTypeRow","operationItemsRow","operationMethodsGroup","operationMethodsRow","operationsRow","operationsRow_Scope","operationsTDContent","operationsTDContent_Scope","operationsTDTitle","operationsTDTitle_Scope","optionButtons","otherCanViewCurNodeTR","processStatusLabel","processStatusRow","process_review_button","process_review_tabcontent","saveDraftButton","showDetails","sysWfBusinessForm.canStartProcess","sysWfBusinessForm.fdAdditionsParameterJson","sysWfBusinessForm.fdAuditNoteFdId","sysWfBusinessForm.fdCurHanderId","sysWfBusinessForm.fdCurNodeSavedXML","sysWfBusinessForm.fdCurNodeXML","sysWfBusinessForm.fdDraftorId","sysWfBusinessForm.fdDraftorName","sysWfBusinessForm.fdFlowContent","sysWfBusinessForm.fdHandlerRoleInfoIds","sysWfBusinessForm.fdHandlerRoleInfoNames","sysWfBusinessForm.fdIdentityId","sysWfBusinessForm.fdIsModify","sysWfBusinessForm.fdKey","sysWfBusinessForm.fdModelId","sysWfBusinessForm.fdModelName","sysWfBusinessForm.fdParameterJson","sysWfBusinessForm.fdProcessId","sysWfBusinessForm.fdProcessStatus","sysWfBusinessForm.fdTemplateKey","sysWfBusinessForm.fdTemplateModelName","sysWfBusinessForm.fdTranProcessXML","systemNotifyTypeTD","toOtherHandlerIds","toOtherHandlerNames","toolbar","workflowInfoTD","workflowTableTD"],["Label_Tabel_Workflow_Info","Label_Tabel_Workflow_Info_Label_Btn_","Label_Tabel_Workflow_Info_Label_Img__","SWFUpload_","TABLE_Adjust_Color","TABLE_Prodorder","WF_IFrame","WF_TableIFrame","_List_fbefcfcfcfaf_Attachment_Table","__notify_type_fbefcdfbcdaab_sysWfBusinessForm.fdSystemNotifyType","addressNote","assignmentRow","att_xtable_fbefcfcfcfaf","attachmentObject_fbefcfcfcfaf_content_div","authorityOptButton","changeProcessorDIV","checkChangeFlowTR","cmBaseCompanyName_id","cmBaseCustomerInfoCode_id","currentHandlersLabel","currentHandlersRow","currentNodeDescription","descriptionRow","dialog_iframe","docStatus","drafterOptButton","extendRoleOptRow","fdFlowDescription","flowGraphic","flowGraphicShowCheckbox","flowLogTableTD","historyHandlersLabel","historyHandlersRow","historyInfoTableIframe","historyInfoTableTD","historyTableTR","historyhandlerOpt","lbpm_highLevelTab","lui-id-","modifyFlowDIV","nodeCanViewCurNodeTR","notifyLevelRow","notifyLevelTD","notifyOnFinish","notifyOptionTR","notifyTypeRow","operationItemsRow","operationMethodsGroup","operationMethodsRow","operationsRow","operationsRow_Scope","operationsTDContent","operationsTDContent_Scope","operationsTDTitle","operationsTDTitle_Scope","optionButtons","otherCanViewCurNodeTR","processStatusLabel","processStatusRow","process_review_button","process_review_tabcontent","saveDraftButton","showDetails","sysWfBusinessForm.canStartProcess","sysWfBusinessForm.fdAdditionsParameterJson","sysWfBusinessForm.fdAuditNoteFdId","sysWfBusinessForm.fdCurHanderId","sysWfBusinessForm.fdCurNodeSavedXML","sysWfBusinessForm.fdCurNodeXML","sysWfBusinessForm.fdDraftorId","sysWfBusinessForm.fdDraftorName","sysWfBusinessForm.fdFlowContent","sysWfBusinessForm.fdHandlerRoleInfoIds","sysWfBusinessForm.fdHandlerRoleInfoNames","sysWfBusinessForm.fdIdentityId","sysWfBusinessForm.fdIsModify","sysWfBusinessForm.fdKey","sysWfBusinessForm.fdModelId","sysWfBusinessForm.fdModelName","sysWfBusinessForm.fdParameterJson","sysWfBusinessForm.fdProcessId","sysWfBusinessForm.fdProcessStatus","sysWfBusinessForm.fdTemplateKey","sysWfBusinessForm.fdTemplateModelName","sysWfBusinessForm.fdTranProcessXML","systemNotifyTypeTD","toOtherHandlerIds","toOtherHandlerNames","toolbar","workflowInfoTD","workflowTableTD"],["Label_Tabel_Workflow_Info","Label_Tabel_Workflow_Info_Label_Btn_","Label_Tabel_Workflow_Info_Label_Img__","SWFUpload_","TABLE_Adjust_Color","TABLE_Prodorder","WF_IFrame","WF_TableIFrame","_List_fbffaccbbfeeadd_Attachment_Table","__notify_type_fbffadfedc_sysWfBusinessForm.fdSystemNotifyType","addressNote","assignmentRow","att_xtable_fbffaccbbfeeadd","attachmentObject_fbffaccbbfeeadd_content_div","authorityOptButton","changeProcessorDIV","checkChangeFlowTR","cmBaseCompanyName_id","cmBaseCustomerInfoCode_id","cmProjectInfoMainUrl","cmProjectInfoNumber","currentHandlersLabel","currentHandlersRow","currentNodeDescription","descriptionRow","dialog_iframe","docStatus","drafterOptButton","extendRoleOptRow","fdFlowDescription","flowGraphic","flowGraphicShowCheckbox","flowLogTableTD","historyHandlersLabel","historyHandlersRow","historyInfoTableIframe","historyInfoTableTD","historyTableTR","historyhandlerOpt","lbpm_highLevelTab","lui-id-","modifyFlowDIV","nodeCanViewCurNodeTR","notifyLevelRow","notifyLevelTD","notifyOnFinish","notifyOptionTR","notifyTypeRow","operationItemsRow","operationMethodsGroup","operationMethodsRow","operationsRow","operationsRow_Scope","operationsTDContent","operationsTDContent_Scope","operationsTDTitle","operationsTDTitle_Scope","optionButtons","otherCanViewCurNodeTR","processStatusLabel","processStatusRow","process_review_button","process_review_tabcontent","saveDraftButton","showDetails","sysWfBusinessForm.canStartProcess","sysWfBusinessForm.fdAdditionsParameterJson","sysWfBusinessForm.fdAuditNoteFdId","sysWfBusinessForm.fdCurHanderId","sysWfBusinessForm.fdCurNodeSavedXML","sysWfBusinessForm.fdCurNodeXML","sysWfBusinessForm.fdDraftorId","sysWfBusinessForm.fdDraftorName","sysWfBusinessForm.fdFlowContent","sysWfBusinessForm.fdHandlerRoleInfoIds","sysWfBusinessForm.fdHandlerRoleInfoNames","sysWfBusinessForm.fdIdentityId","sysWfBusinessForm.fdIsModify","sysWfBusinessForm.fdKey","sysWfBusinessForm.fdModelId","sysWfBusinessForm.fdModelName","sysWfBusinessForm.fdParameterJson","sysWfBusinessForm.fdProcessId","sysWfBusinessForm.fdProcessStatus","sysWfBusinessForm.fdTemplateKey","sysWfBusinessForm.fdTemplateModelName","sysWfBusinessForm.fdTranProcessXML","systemNotifyTypeTD","toOtherHandlerIds","toOtherHandlerNames","toolbar","workflowInfoTD","workflowTableTD"],["Label_Tabel_Workflow_Info","Label_Tabel_Workflow_Info_Label_Btn_","Label_Tabel_Workflow_Info_Label_Img__","SWFUpload_","TABLE_Adjust_Color","TABLE_Prodorder","WF_IFrame","WF_TableIFrame","_List_fbfebadbeacce_Attachment_Table","__notify_type_fbfebcfeeecadca_sysWfBusinessForm.fdSystemNotifyType","addressNote","assignmentRow","att_xtable_fbfebadbeacce","attachmentObject_fbfebadbeacce_content_div","authorityOptButton","changeProcessorDIV","checkChangeFlowTR","cmBaseCompanyName_id","cmBaseCustomerInfoCode_id","cmProjectInfoMainUrl","cmProjectInfoNumber","currentHandlersLabel","currentHandlersRow","currentNodeDescription","descriptionRow","dialog_iframe","docStatus","drafterOptButton","extendRoleOptRow","fdFlowDescription","flowGraphic","flowGraphicShowCheckbox","flowLogTableTD","historyHandlersLabel","historyHandlersRow","historyInfoTableIframe","historyInfoTableTD","historyTableTR","historyhandlerOpt","lbpm_highLevelTab","lui-id-","modifyFlowDIV","nodeCanViewCurNodeTR","notifyLevelRow","notifyLevelTD","notifyOnFinish","notifyOptionTR","notifyTypeRow","operationItemsRow","operationMethodsGroup","operationMethodsRow","operationsRow","operationsRow_Scope","operationsTDContent","operationsTDContent_Scope","operationsTDTitle","operationsTDTitle_Scope","optionButtons","otherCanViewCurNodeTR","processStatusLabel","processStatusRow","process_review_button","process_review_tabcontent","saveDraftButton","showDetails","sysWfBusinessForm.canStartProcess","sysWfBusinessForm.fdAdditionsParameterJson","sysWfBusinessForm.fdAuditNoteFdId","sysWfBusinessForm.fdCurHanderId","sysWfBusinessForm.fdCurNodeSavedXML","sysWfBusinessForm.fdCurNodeXML","sysWfBusinessForm.fdDraftorId","sysWfBusinessForm.fdDraftorName","sysWfBusinessForm.fdFlowContent","sysWfBusinessForm.fdHandlerRoleInfoIds","sysWfBusinessForm.fdHandlerRoleInfoNames","sysWfBusinessForm.fdIdentityId","sysWfBusinessForm.fdIsModify","sysWfBusinessForm.fdKey","sysWfBusinessForm.fdModelId","sysWfBusinessForm.fdModelName","sysWfBusinessForm.fdParameterJson","sysWfBusinessForm.fdProcessId","sysWfBusinessForm.fdProcessStatus","sysWfBusinessForm.fdTemplateKey","sysWfBusinessForm.fdTemplateModelName","sysWfBusinessForm.fdTranProcessXML","systemNotifyTypeTD","toOtherHandlerIds","toOtherHandlerNames","toolbar","workflowInfoTD","workflowTableTD"],["Label_Tabel_Workflow_Info","Label_Tabel_Workflow_Info_Label_Btn_","Label_Tabel_Workflow_Info_Label_Img__","TABLE_Adjust_Color","TABLE_Prodorder","WF_IFrame","WF_TableIFrame","_List_fccfefdbfbcabcc_Attachment_Table","__notify_type_fccfcdaac_sysWfBusinessForm.fdSystemNotifyType","addressNote","assignmentRow","att_xtable_fccfefdbfbcabcc","attachmentObject_fccfefdbfbcabcc_content_div","authorityOptButton","changeProcessorDIV","checkChangeFlowTR","cmBaseCompanyName_id","cmBaseCustomerInfoCode_id","currentHandlersLabel","currentHandlersRow","currentNodeDescription","descriptionRow","docStatus","drafterOptButton","extendRoleOptRow","fdFlowDescription","flowGraphic","flowGraphicShowCheckbox","flowLogTableTD","handlerShowNames[]","historyHandlersLabel","historyHandlersRow","historyInfoTableIframe","historyInfoTableTD","historyTableTR","historyhandlerOpt","lbpm_highLevelTab","lui-id-","modifyFlowDIV","nextNodeName[]","nodeCanViewCurNodeTR","notifyLevelRow","notifyLevelTD","notifyOnFinish","notifyOptionTR","notifyTypeRow","operationItemsRow","operationMethodsGroup","operationMethodsRow","operationsRow","operationsRow_Scope","operationsTDContent","operationsTDContent_Scope","operationsTDTitle","operationsTDTitle_Scope","optionButtons","otherCanViewCurNodeTR","processStatusLabel","processStatusRow","process_review_button","process_review_tabcontent","saveDraftButton","showDetails","sysWfBusinessForm.canStartProcess","sysWfBusinessForm.fdAdditionsParameterJson","sysWfBusinessForm.fdAuditNoteFdId","sysWfBusinessForm.fdCurHanderId","sysWfBusinessForm.fdCurNodeSavedXML","sysWfBusinessForm.fdCurNodeXML","sysWfBusinessForm.fdDraftorId","sysWfBusinessForm.fdDraftorName","sysWfBusinessForm.fdFlowContent","sysWfBusinessForm.fdHandlerRoleInfoIds","sysWfBusinessForm.fdHandlerRoleInfoNames","sysWfBusinessForm.fdIdentityId","sysWfBusinessForm.fdIsModify","sysWfBusinessForm.fdKey","sysWfBusinessForm.fdModelId","sysWfBusinessForm.fdModelName","sysWfBusinessForm.fdParameterJson","sysWfBusinessForm.fdProcessId","sysWfBusinessForm.fdProcessStatus","sysWfBusinessForm.fdTemplateKey","sysWfBusinessForm.fdTemplateModelName","sysWfBusinessForm.fdTranProcessXML","systemNotifyTypeTD","toolbar","upload_fccfefdbfbcabcc_div_flash","workflowInfoTD","workflowTableTD"],["Label_Tabel_Workflow_Info","Label_Tabel_Workflow_Info_Label_Btn_","Label_Tabel_Workflow_Info_Label_Img__","SWFUpload_","TABLE_Adjust_Color","TABLE_Prodorder","WF_IFrame","WF_TableIFrame","_List_fcdcefbcffbde_Attachment_Table","addressNote","assignmentRow","att_xtable_fcdcefbcffbde","attachmentObject_fcdcefbcffbde_content_div","authorityOptButton","cmBaseCompanyName_id","cmBaseCustomerInfoCode_id","currentHandlersLabel","currentHandlersRow","currentNodeDescription","descriptionRow","docStatus","drafterOptButton","extendRoleOptRow","fdFlowDescription","flowGraphic","flowGraphicShowCheckbox","flowLogTableTD","historyHandlersLabel","historyHandlersRow","historyInfoTableIframe","historyInfoTableTD","historyTableTR","historyhandlerOpt","lui-id-","notifyLevelRow","notifyLevelTD","operationItemsRow","operationMethodsGroup","operationMethodsRow","operationsRow","operationsRow_Scope","operationsTDContent","operationsTDContent_Scope","operationsTDTitle","operationsTDTitle_Scope","optionButtons","processStatusLabel","processStatusRow","process_review_button","process_review_tabcontent","saveDraftButton","showDetails","sysWfBusinessForm.canStartProcess","sysWfBusinessForm.fdAdditionsParameterJson","sysWfBusinessForm.fdAuditNoteFdId","sysWfBusinessForm.fdCurHanderId","sysWfBusinessForm.fdCurNodeSavedXML","sysWfBusinessForm.fdCurNodeXML","sysWfBusinessForm.fdDraftorId","sysWfBusinessForm.fdDraftorName","sysWfBusinessForm.fdFlowContent","sysWfBusinessForm.fdHandlerRoleInfoIds","sysWfBusinessForm.fdHandlerRoleInfoNames","sysWfBusinessForm.fdIdentityId","sysWfBusinessForm.fdIsModify","sysWfBusinessForm.fdKey","sysWfBusinessForm.fdModelId","sysWfBusinessForm.fdModelName","sysWfBusinessForm.fdParameterJson","sysWfBusinessForm.fdProcessId","sysWfBusinessForm.fdProcessStatus","sysWfBusinessForm.fdTemplateKey","sysWfBusinessForm.fdTemplateModelName","sysWfBusinessForm.fdTranProcessXML","toolbar","workflowInfoTD","workflowTableTD"],["Label_Tabel_Workflow_Info","Label_Tabel_Workflow_Info_Label_Btn_","Label_Tabel_Workflow_Info_Label_Img__","TABLE_Adjust_Color","TABLE_Prodorder","WF_IFrame","WF_TableIFrame","addressNote","cmBaseCompanyName_id","cmBaseCustomerInfoCode_id","docStatus","fdFlowDescription","flowGraphic","flowGraphicShowCheckbox","flowLogTableTD","historyInfoTableIframe","historyInfoTableTD","historyTableTR","lui-id-","process_review_tabcontent","showDetails","sysWfBusinessForm.canStartProcess","sysWfBusinessForm.fdAdditionsParameterJson","sysWfBusinessForm.fdAuditNoteFdId","sysWfBusinessForm.fdCurHanderId","sysWfBusinessForm.fdCurNodeSavedXML","sysWfBusinessForm.fdCurNodeXML","sysWfBusinessForm.fdDraftorId","sysWfBusinessForm.fdDraftorName","sysWfBusinessForm.fdFlowContent","sysWfBusinessForm.fdHandlerRoleInfoIds","sysWfBusinessForm.fdHandlerRoleInfoNames","sysWfBusinessForm.fdIdentityId","sysWfBusinessForm.fdIsModify","sysWfBusinessForm.fdKey","sysWfBusinessForm.fdModelId","sysWfBusinessForm.fdModelName","sysWfBusinessForm.fdParameterJson","sysWfBusinessForm.fdProcessId","sysWfBusinessForm.fdProcessStatus","sysWfBusinessForm.fdTemplateKey","sysWfBusinessForm.fdTemplateModelName","sysWfBusinessForm.fdTranProcessXML","toolbar","workflowInfoTD","workflowTableTD"],["Label_Tabel_Workflow_Info","Label_Tabel_Workflow_Info_Label_Btn_","Label_Tabel_Workflow_Info_Label_Img__","SWFUpload_","TABLE_Revise","TABLE_Revise_Add","WF_IFrame","WF_TableIFrame","_List_afcedbb_Attachment_Table","__notify_type_afdfafef_sysWfBusinessForm.fdSystemNotifyType","assignmentRow","att_xtable_afcedbb","attachmentObject_afcedbb_content_div","authorityOptButton","changeProcessorDIV","checkChangeFlowTR","cmBaseCustomerInfoCode_id","currentHandlersLabel","currentHandlersRow","currentNodeDescription","descriptionRow","docStatus","drafterOptButton","extendRoleOptRow","fdFlowDescription","flowGraphic","flowGraphicShowCheckbox","flowLogTableTD","handlerShowNames[]","historyHandlersLabel","historyHandlersRow","historyInfoTableIframe","historyInfoTableTD","historyTableTR","historyhandlerOpt","lbpm_highLevelTab","lui-id-","modifyFlowDIV","nextNodeName[]","nodeCanViewCurNodeTR","notifyLevelRow","notifyLevelTD","notifyOnFinish","notifyOptionTR","notifyTypeRow","operationItemsRow","operationMethodsGroup","operationMethodsRow","operationsRow","operationsRow_Scope","operationsTDContent","operationsTDContent_Scope","operationsTDTitle","operationsTDTitle_Scope","optionButtons","otherCanViewCurNodeTR","processStatusLabel","processStatusRow","process_review_button","process_review_tabcontent","saveDraftButton","showDetails","sysWfBusinessForm.canStartProcess","sysWfBusinessForm.fdAdditionsParameterJson","sysWfBusinessForm.fdAuditNoteFdId","sysWfBusinessForm.fdCurHanderId","sysWfBusinessForm.fdCurNodeSavedXML","sysWfBusinessForm.fdCurNodeXML","sysWfBusinessForm.fdDraftorId","sysWfBusinessForm.fdDraftorName","sysWfBusinessForm.fdFlowContent","sysWfBusinessForm.fdHandlerRoleInfoIds","sysWfBusinessForm.fdHandlerRoleInfoNames","sysWfBusinessForm.fdIdentityId","sysWfBusinessForm.fdIsModify","sysWfBusinessForm.fdKey","sysWfBusinessForm.fdModelId","sysWfBusinessForm.fdModelName","sysWfBusinessForm.fdParameterJson","sysWfBusinessForm.fdProcessId","sysWfBusinessForm.fdProcessStatus","sysWfBusinessForm.fdTemplateKey","sysWfBusinessForm.fdTemplateModelName","sysWfBusinessForm.fdTranProcessXML","systemNotifyTypeTD","toolbar","workflowInfoTD","workflowTableTD"]],"context2_A7MKJB":[["Label_Tabel_Workflow_Info","Label_Tabel_Workflow_Info_Label_Btn_","Label_Tabel_Workflow_Info_Label_Img__","SWFUpload_","TABLE_Revise","TABLE_Revise_Add","WF_IFrame","WF_TableIFrame","_List_fdaeaafbd_Attachment_Table","assignmentRow","att_xtable_fdaeaafbd","attachmentObject_fdaeaafbd_content_div","authorityOptButton","cmBaseCustomerInfoCode_id","currentHandlersLabel","currentHandlersRow","currentNodeDescription","descriptionRow","docStatus","drafterOptButton","extendRoleOptRow","fdFlowDescription","flowGraphic","flowGraphicShowCheckbox","flowLogTableTD","historyHandlersLabel","historyHandlersRow","historyInfoTableIframe","historyInfoTableTD","historyTableTR","history_handler_backButton","historyhandlerOpt","lui-id-","notifyLevelRow","notifyLevelTD","operationItemsRow","operationMethodsGroup","operationMethodsRow","operationsRow","operationsRow_Scope","operationsTDContent","operationsTDContent_Scope","operationsTDTitle","operationsTDTitle_Scope","optionButtons","processStatusLabel","processStatusRow","process_review_button","process_review_tabcontent","saveDraftButton","showDetails","sysWfBusinessForm.canStartProcess","sysWfBusinessForm.fdAdditionsParameterJson","sysWfBusinessForm.fdAuditNoteFdId","sysWfBusinessForm.fdCurHanderId","sysWfBusinessForm.fdCurNodeSavedXML","sysWfBusinessForm.fdCurNodeXML","sysWfBusinessForm.fdDraftorId","sysWfBusinessForm.fdDraftorName","sysWfBusinessForm.fdFlowContent","sysWfBusinessForm.fdHandlerRoleInfoIds","sysWfBusinessForm.fdHandlerRoleInfoNames","sysWfBusinessForm.fdIdentityId","sysWfBusinessForm.fdIsModify","sysWfBusinessForm.fdKey","sysWfBusinessForm.fdModelId","sysWfBusinessForm.fdModelName","sysWfBusinessForm.fdParameterJson","sysWfBusinessForm.fdProcessId","sysWfBusinessForm.fdProcessStatus","sysWfBusinessForm.fdTemplateKey","sysWfBusinessForm.fdTemplateModelName","sysWfBusinessForm.fdTranProcessXML","toolbar","workflowInfoTD","workflowTableTD"],["Label_Tabel_Workflow_Info","Label_Tabel_Workflow_Info_Label_Btn_","Label_Tabel_Workflow_Info_Label_Img__","SWFUpload_","TABLE_Revise","TABLE_Revise_Add","WF_IFrame","WF_TableIFrame","_List_fdaeaafbd_Attachment_Table","assignmentRow","att_xtable_fdaeaafbd","attachmentObject_fdaeaafbd_content_div","authorityOptButton","cmBaseCustomerInfoCode_id","currentHandlersLabel","currentHandlersRow","currentNodeDescription","descriptionRow","docStatus","drafterOptButton","extendRoleOptRow","fdFlowDescription","flowGraphic","flowGraphicShowCheckbox","flowLogTableTD","historyHandlersLabel","historyHandlersRow","historyInfoTableIframe","historyInfoTableTD","historyTableTR","history_handler_backButton","historyhandlerOpt","lui-id-","notifyLevelRow","notifyLevelTD","operationItemsRow","operationMethodsGroup","operationMethodsRow","operationsRow","operationsRow_Scope","operationsTDContent","operationsTDContent_Scope","operationsTDTitle","operationsTDTitle_Scope","optionButtons","processStatusLabel","processStatusRow","process_review_button","process_review_tabcontent","saveDraftButton","set_fans","showDetails","sysWfBusinessForm.canStartProcess","sysWfBusinessForm.fdAdditionsParameterJson","sysWfBusinessForm.fdAuditNoteFdId","sysWfBusinessForm.fdCurHanderId","sysWfBusinessForm.fdCurNodeSavedXML","sysWfBusinessForm.fdCurNodeXML","sysWfBusinessForm.fdDraftorId","sysWfBusinessForm.fdDraftorName","sysWfBusinessForm.fdFlowContent","sysWfBusinessForm.fdHandlerRoleInfoIds","sysWfBusinessForm.fdHandlerRoleInfoNames","sysWfBusinessForm.fdIdentityId","sysWfBusinessForm.fdIsModify","sysWfBusinessForm.fdKey","sysWfBusinessForm.fdModelId","sysWfBusinessForm.fdModelName","sysWfBusinessForm.fdParameterJson","sysWfBusinessForm.fdProcessId","sysWfBusinessForm.fdProcessStatus","sysWfBusinessForm.fdTemplateKey","sysWfBusinessForm.fdTemplateModelName","sysWfBusinessForm.fdTranProcessXML","toolbar","workflowInfoTD","workflowTableTD"],["Label_Tabel_Workflow_Info","Label_Tabel_Workflow_Info_Label_Btn_","Label_Tabel_Workflow_Info_Label_Img__","SWFUpload_","TABLE_Revise","TABLE_Revise_Add","WF_IFrame","WF_TableIFrame","_List_fafbcffeaae_Attachment_Table","__notify_type_ccdececa_sysWfBusinessForm.fdSystemNotifyType","assignmentRow","att_xtable_fafbcffeaae","attachmentObject_fafbcffeaae_content_div","authorityOptButton","changeProcessorDIV","checkChangeFlowTR","cmBaseCustomerInfoCode_id","currentHandlersLabel","currentHandlersRow","currentNodeDescription","descriptionRow","dialog_iframe","docStatus","drafterOptButton","extendRoleOptRow","fdFlowDescription","flowGraphic","flowGraphicShowCheckbox","flowLogTableTD","historyHandlersLabel","historyHandlersRow","historyInfoTableIframe","historyInfoTableTD","historyTableTR","historyhandlerOpt","lbpm_highLevelTab","lui-id-","modifyFlowDIV","nodeCanViewCurNodeTR","notifyLevelRow","notifyLevelTD","notifyOnFinish","notifyOptionTR","notifyTypeRow","operationItemsRow","operationMethodsGroup","operationMethodsRow","operationsRow","operationsRow_Scope","operationsTDContent","operationsTDContent_Scope","operationsTDTitle","operationsTDTitle_Scope","optionButtons","otherCanViewCurNodeTR","processStatusLabel","processStatusRow","process_review_button","process_review_tabcontent","saveDraftButton","showDetails","sysWfBusinessForm.canStartProcess","sysWfBusinessForm.fdAdditionsParameterJson","sysWfBusinessForm.fdAuditNoteFdId","sysWfBusinessForm.fdCurHanderId","sysWfBusinessForm.fdCurNodeSavedXML","sysWfBusinessForm.fdCurNodeXML","sysWfBusinessForm.fdDraftorId","sysWfBusinessForm.fdDraftorName","sysWfBusinessForm.fdFlowContent","sysWfBusinessForm.fdHandlerRoleInfoIds","sysWfBusinessForm.fdHandlerRoleInfoNames","sysWfBusinessForm.fdIdentityId","sysWfBusinessForm.fdIsModify","sysWfBusinessForm.fdKey","sysWfBusinessForm.fdModelId","sysWfBusinessForm.fdModelName","sysWfBusinessForm.fdParameterJson","sysWfBusinessForm.fdProcessId","sysWfBusinessForm.fdProcessStatus","sysWfBusinessForm.fdTemplateKey","sysWfBusinessForm.fdTemplateModelName","sysWfBusinessForm.fdTranProcessXML","systemNotifyTypeTD","toOtherHandlerIds","toOtherHandlerNames","toolbar","workflowInfoTD","workflowTableTD"],["lui-id-"],["Label_Tabel_Workflow_Info","Label_Tabel_Workflow_Info_Label_Btn_","Label_Tabel_Workflow_Info_Label_Img__","SWFUpload_","TABLE_Revise","TABLE_Revise_Add","WF_IFrame","WF_TableIFrame","_List_dbffddedaec_Attachment_Table","__notify_type_dbccbaccc_sysWfBusinessForm.fdSystemNotifyType","assignmentRow","att_xtable_dbffddedaec","attachmentObject_dbffddedaec_content_div","authorityOptButton","changeProcessorDIV","checkChangeFlowTR","cmBaseCustomerInfoCode_id","currentHandlersLabel","currentHandlersRow","currentNodeDescription","descriptionRow","dialog_iframe","docStatus","drafterOptButton","extendRoleOptRow","fdFlowDescription","flowGraphic","flowGraphicShowCheckbox","flowLogTableTD","historyHandlersLabel","historyHandlersRow","historyInfoTableIframe","historyInfoTableTD","historyTableTR","historyhandlerOpt","lbpm_highLevelTab","lui-id-","modifyFlowDIV","nodeCanViewCurNodeTR","notifyLevelRow","notifyLevelTD","notifyOnFinish","notifyOptionTR","notifyTypeRow","operationItemsRow","operationMethodsGroup","operationMethodsRow","operationsRow","operationsRow_Scope","operationsTDContent","operationsTDContent_Scope","operationsTDTitle","operationsTDTitle_Scope","optionButtons","otherCanViewCurNodeTR","processStatusLabel","processStatusRow","process_review_button","process_review_tabcontent","saveDraftButton","showDetails","sysWfBusinessForm.canStartProcess","sysWfBusinessForm.fdAdditionsParameterJson","sysWfBusinessForm.fdAuditNoteFdId","sysWfBusinessForm.fdCurHanderId","sysWfBusinessForm.fdCurNodeSavedXML","sysWfBusinessForm.fdCurNodeXML","sysWfBusinessForm.fdDraftorId","sysWfBusinessForm.fdDraftorName","sysWfBusinessForm.fdFlowContent","sysWfBusinessForm.fdHandlerRoleInfoIds","sysWfBusinessForm.fdHandlerRoleInfoNames","sysWfBusinessForm.fdIdentityId","sysWfBusinessForm.fdIsModify","sysWfBusinessForm.fdKey","sysWfBusinessForm.fdModelId","sysWfBusinessForm.fdModelName","sysWfBusinessForm.fdParameterJson","sysWfBusinessForm.fdProcessId","sysWfBusinessForm.fdProcessStatus","sysWfBusinessForm.fdTemplateKey","sysWfBusinessForm.fdTemplateModelName","sysWfBusinessForm.fdTranProcessXML","systemNotifyTypeTD","toOtherHandlerIds","toOtherHandlerNames","toolbar","workflowInfoTD","workflowTableTD"],["Label_Tabel_Workflow_Info","Label_Tabel_Workflow_Info_Label_Btn_","Label_Tabel_Workflow_Info_Label_Img__","TABLE_Materiel","WF_IFrame","WF_TableIFrame","addressNote","cmBaseCustomerInfoCode_id","docStatus","fdFlowDescription","flowGraphic","flowGraphicShowCheckbox","flowLogTableTD","historyInfoTableIframe","historyInfoTableTD","historyTableTR","lui-id-","moneyOfApprovalTotal","moneyTotal","process_review_tabcontent","showDetails","sysWfBusinessForm.canStartProcess","sysWfBusinessForm.fdAdditionsParameterJson","sysWfBusinessForm.fdAuditNoteFdId","sysWfBusinessForm.fdCurHanderId","sysWfBusinessForm.fdCurNodeSavedXML","sysWfBusinessForm.fdCurNodeXML","sysWfBusinessForm.fdDraftorId","sysWfBusinessForm.fdDraftorName","sysWfBusinessForm.fdFlowContent","sysWfBusinessForm.fdHandlerRoleInfoIds","sysWfBusinessForm.fdHandlerRoleInfoNames","sysWfBusinessForm.fdIdentityId","sysWfBusinessForm.fdIsModify","sysWfBusinessForm.fdKey","sysWfBusinessForm.fdModelId","sysWfBusinessForm.fdModelName","sysWfBusinessForm.fdParameterJson","sysWfBusinessForm.fdProcessId","sysWfBusinessForm.fdProcessStatus","sysWfBusinessForm.fdTemplateKey","sysWfBusinessForm.fdTemplateModelName","sysWfBusinessForm.fdTranProcessXML","toolbar","workflowInfoTD","workflowTableTD"],["Label_Tabel_Workflow_Info","Label_Tabel_Workflow_Info_Label_Btn_","Label_Tabel_Workflow_Info_Label_Img__","SWFUpload_","TABLE_Revise","TABLE_Revise_Add","WF_IFrame","WF_TableIFrame","_List_afcedbb_Attachment_Table","__notify_type_afdfafef_sysWfBusinessForm.fdSystemNotifyType","assignmentRow","att_xtable_afcedbb","attachmentObject_afcedbb_content_div","authorityOptButton","changeProcessorDIV","checkChangeFlowTR","cmBaseCustomerInfoCode_id","currentHandlersLabel","currentHandlersRow","currentNodeDescription","descriptionRow","docStatus","drafterOptButton","extendRoleOptRow","fdFlowDescription","flowGraphic","flowGraphicShowCheckbox","flowLogTableTD","handlerShowNames[]","historyHandlersLabel","historyHandlersRow","historyInfoTableIframe","historyInfoTableTD","historyTableTR","historyhandlerOpt","lbpm_highLevelTab","lui-id-","modifyFlowDIV","nextNodeName[]","nodeCanViewCurNodeTR","notifyLevelRow","notifyLevelTD","notifyOnFinish","notifyOptionTR","notifyTypeRow","operationItemsRow","operationMethodsGroup","operationMethodsRow","operationsRow","operationsRow_Scope","operationsTDContent","operationsTDContent_Scope","operationsTDTitle","operationsTDTitle_Scope","optionButtons","otherCanViewCurNodeTR","processStatusLabel","processStatusRow","process_review_button","process_review_tabcontent","saveDraftButton","showDetails","sysWfBusinessForm.canStartProcess","sysWfBusinessForm.fdAdditionsParameterJson","sysWfBusinessForm.fdAuditNoteFdId","sysWfBusinessForm.fdCurHanderId","sysWfBusinessForm.fdCurNodeSavedXML","sysWfBusinessForm.fdCurNodeXML","sysWfBusinessForm.fdDraftorId","sysWfBusinessForm.fdDraftorName","sysWfBusinessForm.fdFlowContent","sysWfBusinessForm.fdHandlerRoleInfoIds","sysWfBusinessForm.fdHandlerRoleInfoNames","sysWfBusinessForm.fdIdentityId","sysWfBusinessForm.fdIsModify","sysWfBusinessForm.fdKey","sysWfBusinessForm.fdModelId","sysWfBusinessForm.fdModelName","sysWfBusinessForm.fdParameterJson","sysWfBusinessForm.fdProcessId","sysWfBusinessForm.fdProcessStatus","sysWfBusinessForm.fdTemplateKey","sysWfBusinessForm.fdTemplateModelName","sysWfBusinessForm.fdTranProcessXML","systemNotifyTypeTD","toolbar","workflowInfoTD","workflowTableTD"]]}},"page/classes":{"contexts":{"context0_wECJrQ":[["arrow","arrowPanel","backstretch","con","ctrolPanel","footer","form-control","kh","login","login_con","logo","lui_login_button_div_c","lui_login_button_div_l","lui_login_button_div_r","lui_login_button_td","lui_login_form_table","lui_login_input_div","lui_login_input_password","lui_login_input_td","lui_login_input_title","lui_login_input_username","lui_login_message_div","lui_login_message_td","popPanel","popPanel-inner","qrcodePanel","wechatQrcode","wraper"],["animated","arrow","arrowPanel","ctrolPanel","dog_bg","fadeInLeft","fadeInUp","fireworks","flipInX","footer","header","icon_del","login-background-img","login_content","login_footer","login_header","login_iframe","login_top_bar","logo","lui_login_button_div_c","lui_login_button_div_l","lui_login_button_div_r","lui_login_button_td","lui_login_form_table","lui_login_input_div","lui_login_input_password","lui_login_input_td","lui_login_input_title","lui_login_input_username","lui_login_message_div","lui_login_message_td","main_content","marroon_bg","popPanel","popPanel-inner","qrcodePanel","textTop","tip_message","tit_","titcon","tree_bg","wechatQrcode"]],"context2_DfsXf4":[["btnlabel","clearfloat","cmBaseMaterielCode","cmBaseMaterielProdline","cmBaseMaterielSepc","cmBaseMaterielType","com_author","com_btn_link","lui-component","lui_form_baseinfo","lui_form_content_frame","lui_form_subject","lui_form_title_frame","lui_panel_content_inside","lui_portlet_operations","lui_tabpage_float_content","lui_tabpage_float_content_c","lui_tabpage_float_content_l","lui_tabpage_float_content_r","lui_tabpage_float_contents","lui_tabpage_float_footer_c","lui_tabpage_float_footer_l","lui_tabpage_float_footer_r","lui_tabpage_float_header_c","lui_tabpage_float_header_close","lui_tabpage_float_header_l","lui_tabpage_float_header_r","lui_tabpage_float_header_text","lui_tabpage_float_header_title","lui_tabpage_float_nav_item","lui_tabpage_float_nav_item_c","lui_tabpage_float_nav_item_l","lui_tabpage_float_nav_item_r","lui_tabpage_float_navs","lui_tabpage_float_navs_c","lui_tabpage_float_navs_l","lui_tabpage_float_navs_mark","lui_tabpage_float_navs_r","lui_tabpage_frame","lui_toolbar_btn","lui_toolbar_btn_c","lui_toolbar_btn_l","lui_toolbar_btn_r","lui_toolbar_content","lui_toolbar_frame_float","lui_toolbar_frame_float_mark","lui_toolbar_left","lui_toolbar_right","lui_widget_btn","lui_widget_btn_txt","nodeinfo_box","process_review_button","process_review_content","process_review_panel","selected","swfupload","swfuploadbutton","swfuploadtext","tb_label","tb_noborder","tb_normal","td_label","td_normal_title","tr_normal_title","uploadinfotext"],["btnlabel","clearfloat","cmBaseMaterielCode","cmBaseMaterielProdline","cmBaseMaterielSepc","cmBaseMaterielType","lui-component","lui_form_baseinfo","lui_form_content_frame","lui_form_subject","lui_form_title_frame","lui_panel_content_inside","lui_portlet_operations","lui_tabpage_float_content","lui_tabpage_float_content_c","lui_tabpage_float_content_l","lui_tabpage_float_content_r","lui_tabpage_float_contents","lui_tabpage_float_footer_c","lui_tabpage_float_footer_l","lui_tabpage_float_footer_r","lui_tabpage_float_header_c","lui_tabpage_float_header_close","lui_tabpage_float_header_l","lui_tabpage_float_header_r","lui_tabpage_float_header_text","lui_tabpage_float_header_title","lui_tabpage_float_nav_item","lui_tabpage_float_nav_item_c","lui_tabpage_float_nav_item_l","lui_tabpage_float_nav_item_r","lui_tabpage_float_navs","lui_tabpage_float_navs_c","lui_tabpage_float_navs_l","lui_tabpage_float_navs_mark","lui_tabpage_float_navs_r","lui_tabpage_frame","lui_toolbar_btn","lui_toolbar_btn_c","lui_toolbar_btn_l","lui_toolbar_btn_r","lui_toolbar_content","lui_toolbar_frame_float","lui_toolbar_frame_float_mark","lui_toolbar_left","lui_toolbar_right","lui_widget_btn","lui_widget_btn_txt","nodeinfo_box","process_review_panel","selected","tb_label","tb_normal","td_label","td_normal_title","tr_normal_title"],["btnlabel","clearfloat","clrfix","cmBaseMaterielCode","cmBaseMaterielProdline","cmBaseMaterielSepc","cmBaseMaterielType","com_ap_bar_bottom","com_ap_bar_centre","com_approval_bar","com_author","com_btn_link","com_help","cover","gender_male","lui-component","lui_form_baseinfo","lui_form_content_frame","lui_form_subject","lui_form_title_frame","lui_icon_s","lui_panel_content_inside","lui_portlet_operations","lui_tabpage_float_content","lui_tabpage_float_content_c","lui_tabpage_float_content_l","lui_tabpage_float_content_r","lui_tabpage_float_contents","lui_tabpage_float_footer_c","lui_tabpage_float_footer_l","lui_tabpage_float_footer_r","lui_tabpage_float_header_c","lui_tabpage_float_header_close","lui_tabpage_float_header_l","lui_tabpage_float_header_r","lui_tabpage_float_header_text","lui_tabpage_float_header_title","lui_tabpage_float_nav_item","lui_tabpage_float_nav_item_c","lui_tabpage_float_nav_item_l","lui_tabpage_float_nav_item_r","lui_tabpage_float_navs","lui_tabpage_float_navs_c","lui_tabpage_float_navs_l","lui_tabpage_float_navs_mark","lui_tabpage_float_navs_r","lui_tabpage_frame","lui_toolbar_btn","lui_toolbar_btn_c","lui_toolbar_btn_l","lui_toolbar_btn_r","lui_toolbar_content","lui_toolbar_frame_float","lui_toolbar_frame_float_mark","lui_toolbar_left","lui_toolbar_right","lui_widget_btn","lui_widget_btn_txt","lui_zone_info_arrow_block","lui_zone_info_arrow_border","lui_zone_info_arrow_box","lui_zone_info_arrow_cover","lui_zone_popup","lui_zone_popupW","lui_zone_popup_content","nodeinfo_box","p","person_basicInfo","person_brief","person_postInfo","photo","process_review_button","process_review_content","process_review_panel","selected","swfupload","swfuploadbutton","swfuploadtext","tb_label","tb_noborder","tb_normal","td_label","td_normal_title","textEllipsis","tr_normal_title","uploadinfotext"],["btnlabel","clearfloat","clr","cmBaseMaterielCode","cmBaseMaterielSepc","cmBaseMaterielType","com_ap_bar_bottom","com_ap_bar_centre","com_approval_bar","com_author","com_btn_link","com_help","input","inputSgl","inputselectsgl","lui-component","lui_dialog_bottomC","lui_dialog_bottomL","lui_dialog_bottomR","lui_dialog_buttons","lui_dialog_centerC","lui_dialog_centerL","lui_dialog_centerR","lui_dialog_container","lui_dialog_content","lui_dialog_frame","lui_dialog_head","lui_dialog_headL","lui_dialog_headR","lui_dialog_head_left","lui_dialog_head_right","lui_form_baseinfo","lui_form_content_frame","lui_form_subject","lui_form_title_frame","lui_panel_content_inside","lui_portlet_operations","lui_tabpage_float_content","lui_tabpage_float_content_c","lui_tabpage_float_content_l","lui_tabpage_float_content_r","lui_tabpage_float_contents","lui_tabpage_float_footer_c","lui_tabpage_float_footer_l","lui_tabpage_float_footer_r","lui_tabpage_float_header_c","lui_tabpage_float_header_close","lui_tabpage_float_header_l","lui_tabpage_float_header_r","lui_tabpage_float_header_text","lui_tabpage_float_header_title","lui_tabpage_float_nav_item","lui_tabpage_float_nav_item_c","lui_tabpage_float_nav_item_l","lui_tabpage_float_nav_item_r","lui_tabpage_float_navs","lui_tabpage_float_navs_c","lui_tabpage_float_navs_l","lui_tabpage_float_navs_mark","lui_tabpage_float_navs_r","lui_tabpage_frame","lui_toolbar_btn","lui_toolbar_btn_c","lui_toolbar_btn_l","lui_toolbar_btn_r","lui_toolbar_content","lui_toolbar_frame_float","lui_toolbar_frame_float_mark","lui_toolbar_left","lui_toolbar_right","lui_widget_btn","lui_widget_btn_txt","nodeinfo_box","orgelement","process_review_button","process_review_content","process_review_panel","selected","swfupload","swfuploadbutton","swfuploadtext","tb_label","tb_noborder","tb_normal","td_label","td_normal_title","tr_normal_title","txtstrong","uploadinfotext"],["btnlabel","clearfloat","clr","cmBaseMaterielCode","cmBaseMaterielProdline","cmBaseMaterielSepc","cmBaseMaterielType","com_ap_bar_bottom","com_ap_bar_centre","com_approval_bar","com_author","com_btn_link","com_help","input","inputSgl","inputselectsgl","lui-component","lui_dialog_bottomC","lui_dialog_bottomL","lui_dialog_bottomR","lui_dialog_buttons","lui_dialog_centerC","lui_dialog_centerL","lui_dialog_centerR","lui_dialog_container","lui_dialog_content","lui_dialog_frame","lui_dialog_head","lui_dialog_headL","lui_dialog_headR","lui_dialog_head_left","lui_dialog_head_right","lui_form_baseinfo","lui_form_content_frame","lui_form_subject","lui_form_title_frame","lui_panel_content_inside","lui_portlet_operations","lui_tabpage_float_content","lui_tabpage_float_content_c","lui_tabpage_float_content_l","lui_tabpage_float_content_r","lui_tabpage_float_contents","lui_tabpage_float_footer_c","lui_tabpage_float_footer_l","lui_tabpage_float_footer_r","lui_tabpage_float_header_c","lui_tabpage_float_header_close","lui_tabpage_float_header_l","lui_tabpage_float_header_r","lui_tabpage_float_header_text","lui_tabpage_float_header_title","lui_tabpage_float_nav_item","lui_tabpage_float_nav_item_c","lui_tabpage_float_nav_item_l","lui_tabpage_float_nav_item_r","lui_tabpage_float_navs","lui_tabpage_float_navs_c","lui_tabpage_float_navs_l","lui_tabpage_float_navs_mark","lui_tabpage_float_navs_r","lui_tabpage_frame","lui_toolbar_btn","lui_toolbar_btn_c","lui_toolbar_btn_l","lui_toolbar_btn_r","lui_toolbar_content","lui_toolbar_frame_float","lui_toolbar_frame_float_mark","lui_toolbar_left","lui_toolbar_right","lui_widget_btn","lui_widget_btn_txt","nodeinfo_box","orgelement","process_review_button","process_review_content","process_review_panel","selected","swfupload","swfuploadbutton","swfuploadtext","tb_label","tb_noborder","tb_normal","td_label","td_normal_title","tr_normal_title","txtstrong","uploadinfotext"],["btnlabel","clearfloat","cmBaseMaterielCode","cmBaseMaterielProdline","cmBaseMaterielSepc","cmBaseMaterielType","com_ap_bar_bottom","com_ap_bar_centre","com_approval_bar","com_author","com_btn_link","com_help","input","inputSgl","inputselectsgl","lui-component","lui_form_baseinfo","lui_form_content_frame","lui_form_subject","lui_form_title_frame","lui_panel_content_inside","lui_portlet_operations","lui_tabpage_float_content","lui_tabpage_float_content_c","lui_tabpage_float_content_l","lui_tabpage_float_content_r","lui_tabpage_float_contents","lui_tabpage_float_footer_c","lui_tabpage_float_footer_l","lui_tabpage_float_footer_r","lui_tabpage_float_header_c","lui_tabpage_float_header_close","lui_tabpage_float_header_l","lui_tabpage_float_header_r","lui_tabpage_float_header_text","lui_tabpage_float_header_title","lui_tabpage_float_nav_item","lui_tabpage_float_nav_item_c","lui_tabpage_float_nav_item_l","lui_tabpage_float_nav_item_r","lui_tabpage_float_navs","lui_tabpage_float_navs_c","lui_tabpage_float_navs_l","lui_tabpage_float_navs_mark","lui_tabpage_float_navs_r","lui_tabpage_frame","lui_toolbar_btn","lui_toolbar_btn_c","lui_toolbar_btn_l","lui_toolbar_btn_r","lui_toolbar_content","lui_toolbar_frame_float","lui_toolbar_frame_float_mark","lui_toolbar_left","lui_toolbar_right","lui_widget_btn","lui_widget_btn_txt","nodeinfo_box","orgelement","process_review_button","process_review_content","process_review_panel","selected","swfupload","swfuploadbutton","swfuploadtext","tb_label","tb_noborder","tb_normal","td_label","td_normal_title","tr_normal_title","txtstrong","uploadinfotext"],["btnlabel","clearfloat","cmBaseMaterielCode","cmBaseMaterielSepc","cmBaseMaterielType","lui-component","lui_form_baseinfo","lui_form_content_frame","lui_form_subject","lui_form_title_frame","lui_panel_content_inside","lui_portlet_operations","lui_tabpage_float_content","lui_tabpage_float_content_c","lui_tabpage_float_content_l","lui_tabpage_float_content_r","lui_tabpage_float_contents","lui_tabpage_float_footer_c","lui_tabpage_float_footer_l","lui_tabpage_float_footer_r","lui_tabpage_float_header_c","lui_tabpage_float_header_close","lui_tabpage_float_header_l","lui_tabpage_float_header_r","lui_tabpage_float_header_text","lui_tabpage_float_header_title","lui_tabpage_float_nav_item","lui_tabpage_float_nav_item_c","lui_tabpage_float_nav_item_l","lui_tabpage_float_nav_item_r","lui_tabpage_float_navs","lui_tabpage_float_navs_c","lui_tabpage_float_navs_l","lui_tabpage_float_navs_mark","lui_tabpage_float_navs_r","lui_tabpage_frame","lui_toolbar_btn","lui_toolbar_btn_c","lui_toolbar_btn_l","lui_toolbar_btn_r","lui_toolbar_content","lui_toolbar_frame_float","lui_toolbar_frame_float_mark","lui_toolbar_left","lui_toolbar_right","lui_widget_btn","lui_widget_btn_txt","nodeinfo_box","process_review_panel","selected","tb_label","tb_normal","td_label","td_normal_title","tr_normal_title"],["btnlabel","clearfloat","cmBaseMaterielCode","cmBaseMaterielSepc","cmBaseMaterielType","com_ap_bar_bottom","com_ap_bar_centre","com_approval_bar","com_author","com_btn_link","com_help","handlerNamesLabel","lbpmNextRouteInfoRow","lui-component","lui_form_baseinfo","lui_form_content_frame","lui_form_subject","lui_form_title_frame","lui_panel_content_inside","lui_portlet_operations","lui_tabpage_float_content","lui_tabpage_float_content_c","lui_tabpage_float_content_l","lui_tabpage_float_content_r","lui_tabpage_float_contents","lui_tabpage_float_footer_c","lui_tabpage_float_footer_l","lui_tabpage_float_footer_r","lui_tabpage_float_header_c","lui_tabpage_float_header_close","lui_tabpage_float_header_l","lui_tabpage_float_header_r","lui_tabpage_float_header_text","lui_tabpage_float_header_title","lui_tabpage_float_nav_item","lui_tabpage_float_nav_item_c","lui_tabpage_float_nav_item_l","lui_tabpage_float_nav_item_r","lui_tabpage_float_navs","lui_tabpage_float_navs_c","lui_tabpage_float_navs_l","lui_tabpage_float_navs_mark","lui_tabpage_float_navs_r","lui_tabpage_frame","lui_toolbar_btn","lui_toolbar_btn_c","lui_toolbar_btn_l","lui_toolbar_btn_r","lui_toolbar_content","lui_toolbar_frame_float","lui_toolbar_frame_float_mark","lui_toolbar_left","lui_toolbar_right","lui_widget_btn","lui_widget_btn_txt","nodeinfo_box","process_review_button","process_review_content","process_review_panel","selected","swfuploadbutton","swfuploadtext","tb_label","tb_noborder","tb_normal","td_label","td_normal_title","tr_normal_title","uploadinfotext"],["btnlabel","clearfloat","cmBaseMaterielCode","cmBaseMaterielSepc","cmBaseMaterielType","com_author","com_btn_link","lui-component","lui_form_baseinfo","lui_form_content_frame","lui_form_subject","lui_form_title_frame","lui_panel_content_inside","lui_portlet_operations","lui_tabpage_float_content","lui_tabpage_float_content_c","lui_tabpage_float_content_l","lui_tabpage_float_content_r","lui_tabpage_float_contents","lui_tabpage_float_footer_c","lui_tabpage_float_footer_l","lui_tabpage_float_footer_r","lui_tabpage_float_header_c","lui_tabpage_float_header_close","lui_tabpage_float_header_l","lui_tabpage_float_header_r","lui_tabpage_float_header_text","lui_tabpage_float_header_title","lui_tabpage_float_nav_item","lui_tabpage_float_nav_item_c","lui_tabpage_float_nav_item_l","lui_tabpage_float_nav_item_r","lui_tabpage_float_navs","lui_tabpage_float_navs_c","lui_tabpage_float_navs_l","lui_tabpage_float_navs_mark","lui_tabpage_float_navs_r","lui_tabpage_frame","lui_toolbar_btn","lui_toolbar_btn_c","lui_toolbar_btn_l","lui_toolbar_btn_r","lui_toolbar_content","lui_toolbar_frame_float","lui_toolbar_frame_float_mark","lui_toolbar_left","lui_toolbar_right","lui_widget_btn","lui_widget_btn_txt","nodeinfo_box","process_review_button","process_review_content","process_review_panel","selected","swfupload","swfuploadbutton","swfuploadtext","tb_label","tb_noborder","tb_normal","td_label","td_normal_title","tr_normal_title","uploadinfotext"],["btnlabel","clearfloat","cmBaseMaterielCode","cmBaseMaterielPriceItem","cmBaseMaterielProdline","cmBaseMaterielSepc","cmBaseMaterielType","cmBaseUnitSelect","com_ap_bar_bottom","com_ap_bar_centre","com_approval_bar","com_author","com_btn_link","com_help","fdConfirmNumber","fdConfirmNumberDiv","handlerNamesLabel","input","inputselectsgl","inputsgl","lbpmNextRouteInfoRow","lui-component","lui_form_content_frame","lui_form_subject","lui_form_title_frame","lui_panel_content_inside","lui_portlet_operations","lui_tabpage_float_content","lui_tabpage_float_content_c","lui_tabpage_float_content_l","lui_tabpage_float_content_r","lui_tabpage_float_contents","lui_tabpage_float_footer_c","lui_tabpage_float_footer_l","lui_tabpage_float_footer_r","lui_tabpage_float_header_c","lui_tabpage_float_header_close","lui_tabpage_float_header_l","lui_tabpage_float_header_r","lui_tabpage_float_header_text","lui_tabpage_float_header_title","lui_tabpage_float_nav_item","lui_tabpage_float_nav_item_c","lui_tabpage_float_nav_item_l","lui_tabpage_float_nav_item_r","lui_tabpage_float_navs","lui_tabpage_float_navs_c","lui_tabpage_float_navs_l","lui_tabpage_float_navs_mark","lui_tabpage_float_navs_r","lui_tabpage_frame","lui_toolbar_btn","lui_toolbar_btn_c","lui_toolbar_btn_def","lui_toolbar_btn_l","lui_toolbar_btn_r","lui_toolbar_content","lui_toolbar_frame_float","lui_toolbar_frame_float_mark","lui_toolbar_left","lui_toolbar_right","lui_widget_btn","lui_widget_btn_txt","nodeinfo_box","process_review_button","process_review_content","process_review_panel","selected","selectitem","swfupload","swfuploadbutton","swfuploadtext","tb_label","tb_noborder","tb_normal","td_label","td_normal_title","tr_normal_title","txtstrong","uploadinfotext"]],"context2_A7MKJB":[["btnlabel","clearfloat","cmBaseMaterielCode","cmBaseMaterielProdline","cmBaseMaterielSepc","cmBaseMaterielType","com_author","com_btn_link","fdConfirmNumber","fdConfirmNumberDiv","inputsgl","lui-component","lui_form_content_frame","lui_form_subject","lui_form_title_frame","lui_panel_content_inside","lui_portlet_operations","lui_tabpage_float_content","lui_tabpage_float_content_c","lui_tabpage_float_content_l","lui_tabpage_float_content_r","lui_tabpage_float_contents","lui_tabpage_float_footer_c","lui_tabpage_float_footer_l","lui_tabpage_float_footer_r","lui_tabpage_float_header_c","lui_tabpage_float_header_close","lui_tabpage_float_header_l","lui_tabpage_float_header_r","lui_tabpage_float_header_text","lui_tabpage_float_header_title","lui_tabpage_float_nav_item","lui_tabpage_float_nav_item_c","lui_tabpage_float_nav_item_l","lui_tabpage_float_nav_item_r","lui_tabpage_float_navs","lui_tabpage_float_navs_c","lui_tabpage_float_navs_l","lui_tabpage_float_navs_mark","lui_tabpage_float_navs_r","lui_tabpage_frame","lui_toolbar_btn","lui_toolbar_btn_c","lui_toolbar_btn_l","lui_toolbar_btn_r","lui_toolbar_content","lui_toolbar_frame_float","lui_toolbar_frame_float_mark","lui_toolbar_left","lui_toolbar_right","lui_widget_btn","lui_widget_btn_txt","nodeinfo_box","process_review_button","process_review_content","process_review_panel","selected","swfupload","swfuploadbutton","swfuploadtext","tb_label","tb_noborder","tb_normal","td_label","td_normal_title","tr_normal_title","uploadinfotext"],["arrow_t","btn","btnlabel","clearfloat","clrfix","cmBaseMaterielCode","cmBaseMaterielProdline","cmBaseMaterielSepc","cmBaseMaterielType","com_author","com_btn_link","cover","fdConfirmNumber","fdConfirmNumberDiv","gender_male","inputsgl","lui-component","lui_fans_btn_follow_c","lui_fans_btn_follow_l","lui_fans_btn_follow_r","lui_form_content_frame","lui_form_subject","lui_form_title_frame","lui_icon_s","lui_panel_content_inside","lui_portlet_operations","lui_tabpage_float_content","lui_tabpage_float_content_c","lui_tabpage_float_content_l","lui_tabpage_float_content_r","lui_tabpage_float_contents","lui_tabpage_float_footer_c","lui_tabpage_float_footer_l","lui_tabpage_float_footer_r","lui_tabpage_float_header_c","lui_tabpage_float_header_close","lui_tabpage_float_header_l","lui_tabpage_float_header_r","lui_tabpage_float_header_text","lui_tabpage_float_header_title","lui_tabpage_float_nav_item","lui_tabpage_float_nav_item_c","lui_tabpage_float_nav_item_l","lui_tabpage_float_nav_item_r","lui_tabpage_float_navs","lui_tabpage_float_navs_c","lui_tabpage_float_navs_l","lui_tabpage_float_navs_mark","lui_tabpage_float_navs_r","lui_tabpage_frame","lui_toolbar_btn","lui_toolbar_btn_c","lui_toolbar_btn_l","lui_toolbar_btn_r","lui_toolbar_content","lui_toolbar_frame_float","lui_toolbar_frame_float_mark","lui_toolbar_left","lui_toolbar_right","lui_widget_btn","lui_widget_btn_txt","lui_zone_info_arrow_block","lui_zone_info_arrow_border","lui_zone_info_arrow_box","lui_zone_info_arrow_cover","lui_zone_popup","lui_zone_popupW","lui_zone_popup_content","nodeinfo_box","p","person_basicInfo","person_brief","person_postInfo","photo","process_review_button","process_review_content","process_review_panel","selected","swfupload","swfuploadbutton","swfuploadtext","sys_fans_btn","tb_label","tb_noborder","tb_normal","td_label","td_normal_title","textEllipsis","tr_normal_title","uploadinfotext"],["btnlabel","clearfloat","clr","cmBaseMaterielCode","cmBaseMaterielPriceItem","cmBaseMaterielProdline","cmBaseMaterielSepc","cmBaseMaterielType","cmBaseUnitIdClass","com_ap_bar_bottom","com_ap_bar_centre","com_approval_bar","com_author","com_btn_link","com_help","fdConfirmNumber","fdConfirmNumberDiv","input","inputSgl","inputselectsgl","inputsgl","lui-component","lui_dialog_bottomC","lui_dialog_bottomL","lui_dialog_bottomR","lui_dialog_buttons","lui_dialog_centerC","lui_dialog_centerL","lui_dialog_centerR","lui_dialog_container","lui_dialog_content","lui_dialog_frame","lui_dialog_head","lui_dialog_headL","lui_dialog_headR","lui_dialog_head_left","lui_dialog_head_right","lui_form_content_frame","lui_form_subject","lui_form_title_frame","lui_panel_content_inside","lui_portlet_operations","lui_tabpage_float_content","lui_tabpage_float_content_c","lui_tabpage_float_content_l","lui_tabpage_float_content_r","lui_tabpage_float_contents","lui_tabpage_float_footer_c","lui_tabpage_float_footer_l","lui_tabpage_float_footer_r","lui_tabpage_float_header_c","lui_tabpage_float_header_close","lui_tabpage_float_header_l","lui_tabpage_float_header_r","lui_tabpage_float_header_text","lui_tabpage_float_header_title","lui_tabpage_float_nav_item","lui_tabpage_float_nav_item_c","lui_tabpage_float_nav_item_l","lui_tabpage_float_nav_item_r","lui_tabpage_float_navs","lui_tabpage_float_navs_c","lui_tabpage_float_navs_l","lui_tabpage_float_navs_mark","lui_tabpage_float_navs_r","lui_tabpage_frame","lui_toolbar_btn","lui_toolbar_btn_c","lui_toolbar_btn_def","lui_toolbar_btn_l","lui_toolbar_btn_r","lui_toolbar_content","lui_toolbar_frame_float","lui_toolbar_frame_float_mark","lui_toolbar_left","lui_toolbar_right","lui_widget_btn","lui_widget_btn_txt","nodeinfo_box","orgelement","process_review_button","process_review_content","process_review_panel","selected","selectitem","swfupload","swfuploadbutton","swfuploadtext","tb_label","tb_noborder","tb_normal","td_label","td_normal_title","tr_normal_title","txtstrong","uploadinfotext"],["active","icon-group","icon-org","icon-recently","icon-search","innerbar","lui-address-btn-updown","lui-address-buttons","lui-address-contentArea-dt","lui-address-nav-search","lui-address-nav-searchbar","lui-address-nav-searchcancel","lui-address-panel-container","lui-address-panel-contentArea","lui-address-panel-contentWrap","lui-address-panel-left","lui-address-panel-left-tmp","lui-address-panel-nav","lui-address-panel-nav-ul","lui-address-panel-selectlist","lui-address-select-panel","lui-address-selectearea","lui-address-selectedbox","lui-address-selectedbox-ul","lui-component","lui-form-control","lui_address_buttons_container","lui_address_centreC","lui_address_centreL","lui_address_centreR","lui_address_select_area","lui_address_tabs","lui_address_tabs_ul","lui_toolbar_btn_c","lui_toolbar_btn_def","lui_toolbar_btn_gray","lui_toolbar_btn_l","lui_toolbar_btn_r","lui_widget_btn","lui_widget_btn_txt","noData"],["btnlabel","clearfloat","cmBaseMaterielMoney","cmBaseMaterielName_div","cmBaseMaterielType_div","cmBaseMaterielUnitName_div","fdMoneyOfApproval","isBindSaleDiv","lui-component","lui_form_baseinfo","lui_form_content_frame","lui_form_subject","lui_form_title_frame","lui_panel_content_inside","lui_portlet_operations","lui_tabpage_float_content","lui_tabpage_float_content_c","lui_tabpage_float_content_l","lui_tabpage_float_content_r","lui_tabpage_float_contents","lui_tabpage_float_footer_c","lui_tabpage_float_footer_l","lui_tabpage_float_footer_r","lui_tabpage_float_header_c","lui_tabpage_float_header_close","lui_tabpage_float_header_l","lui_tabpage_float_header_r","lui_tabpage_float_header_text","lui_tabpage_float_header_title","lui_tabpage_float_nav_item","lui_tabpage_float_nav_item_c","lui_tabpage_float_nav_item_l","lui_tabpage_float_nav_item_r","lui_tabpage_float_navs","lui_tabpage_float_navs_c","lui_tabpage_float_navs_l","lui_tabpage_float_navs_mark","lui_tabpage_float_navs_r","lui_tabpage_frame","lui_toolbar_btn","lui_toolbar_btn_c","lui_toolbar_btn_l","lui_toolbar_btn_r","lui_toolbar_content","lui_toolbar_frame_float","lui_toolbar_frame_float_mark","lui_toolbar_left","lui_toolbar_right","lui_widget_btn","lui_widget_btn_txt","nodeinfo_box","process_review_panel","selected","tb_label","tb_normal","td_label","td_normal_title","tr_normal_title"],["btnlabel","clearfloat","cmBaseMaterielCode","cmBaseMaterielPriceItem","cmBaseMaterielProdline","cmBaseMaterielSepc","cmBaseMaterielType","cmBaseUnitSelect","com_ap_bar_bottom","com_ap_bar_centre","com_approval_bar","com_author","com_btn_link","com_help","fdConfirmNumber","fdConfirmNumberDiv","handlerNamesLabel","input","inputselectsgl","inputsgl","lbpmNextRouteInfoRow","lui-component","lui_form_content_frame","lui_form_subject","lui_form_title_frame","lui_panel_content_inside","lui_portlet_operations","lui_tabpage_float_content","lui_tabpage_float_content_c","lui_tabpage_float_content_l","lui_tabpage_float_content_r","lui_tabpage_float_contents","lui_tabpage_float_footer_c","lui_tabpage_float_footer_l","lui_tabpage_float_footer_r","lui_tabpage_float_header_c","lui_tabpage_float_header_close","lui_tabpage_float_header_l","lui_tabpage_float_header_r","lui_tabpage_float_header_text","lui_tabpage_float_header_title","lui_tabpage_float_nav_item","lui_tabpage_float_nav_item_c","lui_tabpage_float_nav_item_l","lui_tabpage_float_nav_item_r","lui_tabpage_float_navs","lui_tabpage_float_navs_c","lui_tabpage_float_navs_l","lui_tabpage_float_navs_mark","lui_tabpage_float_navs_r","lui_tabpage_frame","lui_toolbar_btn","lui_toolbar_btn_c","lui_toolbar_btn_def","lui_toolbar_btn_l","lui_toolbar_btn_r","lui_toolbar_content","lui_toolbar_frame_float","lui_toolbar_frame_float_mark","lui_toolbar_left","lui_toolbar_right","lui_widget_btn","lui_widget_btn_txt","nodeinfo_box","process_review_button","process_review_content","process_review_panel","selected","selectitem","swfupload","swfuploadbutton","swfuploadtext","tb_label","tb_noborder","tb_normal","td_label","td_normal_title","tr_normal_title","txtstrong","uploadinfotext"]]}},"page/tagTriplets":{"contexts":{"context0_wECJrQ":[["-/-/DIV","-/-/SCRIPT","-/-/STYLE","-/DIV/DIV","-/DIV/IMG","DIV/A/SPAN","DIV/DIV/A","DIV/DIV/BR","DIV/DIV/DIV","DIV/DIV/FORM","DIV/DIV/IMG","DIV/DIV/P","DIV/DIV/SCRIPT","DIV/FORM/INPUT-hidden","DIV/FORM/INPUT-submit","DIV/FORM/TABLE","FORM/TABLE/TBODY","TABLE/TBODY/TR","TBODY/TR/TD","TD/DIV/DIV","TD/DIV/INPUT-password","TD/DIV/INPUT-text","TR/TD/DIV"],["-/-/DIV","-/-/SCRIPT","-/DIV/DIV","-/DIV/IMG","-/DIV/STYLE","A/DIV/DIV","DIV/A/SPAN","DIV/DIV/A","DIV/DIV/BR","DIV/DIV/DIV","DIV/DIV/FORM","DIV/DIV/IMG","DIV/DIV/P","DIV/DIV/SCRIPT","DIV/DIV/SPAN","DIV/DIV/UL","DIV/FORM/INPUT-hidden","DIV/FORM/INPUT-submit","DIV/FORM/TABLE","DIV/UL/LI","FORM/TABLE/TBODY","TABLE/TBODY/TR","TBODY/TR/TD","TD/A/DIV","TD/DIV/I","TD/DIV/INPUT-password","TD/DIV/INPUT-text","TR/TD/A","TR/TD/DIV"]],"context2_DfsXf4":[["-/-/DIV","-/-/INPUT-hidden","-/-/SCRIPT","-/DIV/DIV","-/DIV/TABLE","DIV/DIV/DIV","DIV/DIV/FORM","DIV/DIV/IFRAME","DIV/DIV/LINK","DIV/DIV/OBJECT","DIV/DIV/SCRIPT","DIV/DIV/TABLE","DIV/FORM/INPUT-hidden","DIV/FORM/TABLE","DIV/OBJECT/PARAM","DIV/TABLE/TBODY","FORM/TABLE/TBODY","NOBR/LABEL/INPUT-radio","TABLE/TBODY/TR","TBODY/TR/TD","TD/DIV/DIV","TD/DIV/INPUT-hidden","TD/DIV/TABLE","TD/LABEL/A","TD/LABEL/INPUT-checkbox","TD/LABEL/INPUT-radio","TD/LABEL/SPAN","TD/NOBR/IMG","TD/NOBR/INPUT-button","TD/NOBR/LABEL","TD/SELECT/OPTION","TD/TABLE/TBODY","TR/TD/A","TR/TD/DIV","TR/TD/IFRAME","TR/TD/INPUT-button","TR/TD/INPUT-hidden","TR/TD/LABEL","TR/TD/LINK","TR/TD/NOBR","TR/TD/SCRIPT","TR/TD/SELECT","TR/TD/SPAN","TR/TD/TABLE","TR/TD/TEXTAREA"],["-/-/DIV","-/-/INPUT-hidden","-/-/SCRIPT","-/DIV/DIV","-/DIV/TABLE","DIV/DIV/DIV","DIV/DIV/FORM","DIV/DIV/IFRAME","DIV/DIV/LINK","DIV/DIV/SCRIPT","DIV/DIV/TABLE","DIV/FORM/INPUT-hidden","DIV/FORM/TABLE","DIV/TABLE/TBODY","FORM/TABLE/TBODY","NOBR/LABEL/INPUT-radio","TABLE/TBODY/TR","TBODY/TR/TD","TD/DIV/DIV","TD/LABEL/INPUT-checkbox","TD/NOBR/IMG","TD/NOBR/INPUT-button","TD/NOBR/LABEL","TD/TABLE/TBODY","TR/TD/DIV","TR/TD/IFRAME","TR/TD/INPUT-hidden","TR/TD/LABEL","TR/TD/NOBR","TR/TD/SCRIPT","TR/TD/SPAN","TR/TD/TABLE"],["-/-/DIV","-/-/INPUT-hidden","-/-/SCRIPT","-/DIV/DIV","-/DIV/SCRIPT","-/DIV/TABLE","DIV/A/IMG","DIV/DIV/A","DIV/DIV/DIV","DIV/DIV/EM","DIV/DIV/FORM","DIV/DIV/I","DIV/DIV/IFRAME","DIV/DIV/LINK","DIV/DIV/OBJECT","DIV/DIV/SCRIPT","DIV/DIV/SPAN","DIV/DIV/TABLE","DIV/DIV/UL","DIV/FORM/INPUT-hidden","DIV/FORM/TABLE","DIV/NOBR/LABEL","DIV/OBJECT/PARAM","DIV/TABLE/TBODY","DIV/UL/LI","FORM/TABLE/TBODY","NOBR/LABEL/INPUT-radio","TABLE/TBODY/SCRIPT","TABLE/TBODY/TR","TBODY/TR/TD","TD/DIV/DIV","TD/DIV/INPUT-hidden","TD/DIV/NOBR","TD/DIV/TABLE","TD/LABEL/A","TD/LABEL/INPUT-checkbox","TD/LABEL/INPUT-radio","TD/LABEL/SPAN","TD/NOBR/IMG","TD/NOBR/INPUT-button","TD/NOBR/LABEL","TD/SELECT/OPTION","TD/TABLE/TBODY","TR/TD/A","TR/TD/BR","TR/TD/DIV","TR/TD/IFRAME","TR/TD/INPUT-button","TR/TD/INPUT-hidden","TR/TD/LABEL","TR/TD/LINK","TR/TD/NOBR","TR/TD/SCRIPT","TR/TD/SELECT","TR/TD/SPAN","TR/TD/TABLE","TR/TD/TEXTAREA","UL/LI/EM"],["-/-/DIV","-/-/INPUT-hidden","-/-/SCRIPT","-/DIV/DIV","-/DIV/IFRAME","-/DIV/TABLE","DIV/DIV/DIV","DIV/DIV/FORM","DIV/DIV/IFRAME","DIV/DIV/INPUT-text","DIV/DIV/LINK","DIV/DIV/OBJECT","DIV/DIV/SCRIPT","DIV/DIV/SPAN","DIV/DIV/TABLE","DIV/FORM/INPUT-hidden","DIV/FORM/TABLE","DIV/NOBR/LABEL","DIV/OBJECT/PARAM","DIV/TABLE/TBODY","FORM/TABLE/TBODY","NOBR/LABEL/INPUT-radio","TABLE/TBODY/SCRIPT","TABLE/TBODY/TR","TBODY/TR/TD","TD/DIV/DIV","TD/DIV/INPUT-hidden","TD/DIV/NOBR","TD/DIV/TABLE","TD/LABEL/A","TD/LABEL/INPUT-checkbox","TD/LABEL/INPUT-radio","TD/LABEL/SPAN","TD/NOBR/IMG","TD/NOBR/INPUT-button","TD/SELECT/OPTION","TD/TABLE/TBODY","TR/TD/A","TR/TD/BR","TR/TD/DIV","TR/TD/IFRAME","TR/TD/INPUT-button","TR/TD/INPUT-hidden","TR/TD/LABEL","TR/TD/LINK","TR/TD/NOBR","TR/TD/SCRIPT","TR/TD/SELECT","TR/TD/SPAN","TR/TD/TABLE","TR/TD/TEXTAREA"],["-/-/DIV","-/-/INPUT-hidden","-/-/SCRIPT","-/DIV/DIV","-/DIV/IFRAME","-/DIV/TABLE","DIV/DIV/DIV","DIV/DIV/FORM","DIV/DIV/IFRAME","DIV/DIV/INPUT-text","DIV/DIV/LINK","DIV/DIV/OBJECT","DIV/DIV/SCRIPT","DIV/DIV/SPAN","DIV/DIV/TABLE","DIV/FORM/INPUT-hidden","DIV/FORM/TABLE","DIV/NOBR/LABEL","DIV/OBJECT/PARAM","DIV/TABLE/TBODY","FORM/TABLE/TBODY","NOBR/LABEL/INPUT-radio","TABLE/TBODY/SCRIPT","TABLE/TBODY/TR","TBODY/TR/TD","TD/DIV/DIV","TD/DIV/INPUT-hidden","TD/DIV/NOBR","TD/DIV/TABLE","TD/LABEL/A","TD/LABEL/INPUT-checkbox","TD/LABEL/INPUT-radio","TD/LABEL/SPAN","TD/NOBR/IMG","TD/NOBR/INPUT-button","TD/NOBR/LABEL","TD/SELECT/OPTION","TD/TABLE/TBODY","TR/TD/A","TR/TD/BR","TR/TD/DIV","TR/TD/IFRAME","TR/TD/INPUT-button","TR/TD/INPUT-hidden","TR/TD/LABEL","TR/TD/LINK","TR/TD/NOBR","TR/TD/SCRIPT","TR/TD/SELECT","TR/TD/SPAN","TR/TD/TABLE","TR/TD/TEXTAREA"],["-/-/DIV","-/-/INPUT-hidden","-/-/SCRIPT","-/DIV/DIV","-/DIV/TABLE","DIV/DIV/DIV","DIV/DIV/FORM","DIV/DIV/IFRAME","DIV/DIV/INPUT-text","DIV/DIV/LINK","DIV/DIV/OBJECT","DIV/DIV/SCRIPT","DIV/DIV/SPAN","DIV/DIV/TABLE","DIV/FORM/INPUT-hidden","DIV/FORM/TABLE","DIV/NOBR/LABEL","DIV/OBJECT/PARAM","DIV/TABLE/TBODY","FORM/TABLE/TBODY","NOBR/LABEL/INPUT-radio","TABLE/TBODY/SCRIPT","TABLE/TBODY/TR","TBODY/TR/TD","TD/DIV/DIV","TD/DIV/INPUT-hidden","TD/DIV/NOBR","TD/DIV/TABLE","TD/LABEL/A","TD/LABEL/INPUT-checkbox","TD/LABEL/INPUT-radio","TD/LABEL/SPAN","TD/NOBR/IMG","TD/NOBR/INPUT-button","TD/NOBR/LABEL","TD/SELECT/OPTION","TD/TABLE/TBODY","TR/TD/A","TR/TD/BR","TR/TD/DIV","TR/TD/IFRAME","TR/TD/INPUT-button","TR/TD/INPUT-hidden","TR/TD/LABEL","TR/TD/LINK","TR/TD/NOBR","TR/TD/SCRIPT","TR/TD/SELECT","TR/TD/SPAN","TR/TD/TABLE","TR/TD/TEXTAREA"],["-/-/DIV","-/-/INPUT-hidden","-/-/SCRIPT","-/DIV/DIV","-/DIV/TABLE","DIV/DIV/DIV","DIV/DIV/FORM","DIV/DIV/IFRAME","DIV/DIV/LINK","DIV/DIV/SCRIPT","DIV/DIV/SPAN","DIV/DIV/TABLE","DIV/FORM/INPUT-hidden","DIV/FORM/TABLE","DIV/LABEL/B","DIV/NOBR/LABEL","DIV/TABLE/TBODY","FORM/TABLE/TBODY","NOBR/LABEL/INPUT-radio","TABLE/TBODY/SCRIPT","TABLE/TBODY/TR","TBODY/TR/TD","TD/DIV/DIV","TD/DIV/INPUT-hidden","TD/DIV/LABEL","TD/DIV/NOBR","TD/DIV/TABLE","TD/LABEL/A","TD/LABEL/INPUT-checkbox","TD/LABEL/INPUT-radio","TD/LABEL/SPAN","TD/NOBR/IMG","TD/NOBR/INPUT-button","TD/SELECT/OPTION","TD/TABLE/TBODY","TR/TD/A","TR/TD/BR","TR/TD/DIV","TR/TD/IFRAME","TR/TD/INPUT-button","TR/TD/INPUT-hidden","TR/TD/LABEL","TR/TD/LINK","TR/TD/NOBR","TR/TD/SCRIPT","TR/TD/SELECT","TR/TD/SPAN","TR/TD/TABLE","TR/TD/TEXTAREA"],["-/-/DIV","-/-/INPUT-hidden","-/-/SCRIPT","-/DIV/DIV","-/DIV/TABLE","DIV/DIV/DIV","DIV/DIV/FORM","DIV/DIV/IFRAME","DIV/DIV/LINK","DIV/DIV/OBJECT","DIV/DIV/SCRIPT","DIV/DIV/TABLE","DIV/FORM/INPUT-hidden","DIV/FORM/TABLE","DIV/OBJECT/PARAM","DIV/TABLE/TBODY","FORM/TABLE/TBODY","TABLE/TBODY/TR","TBODY/TR/TD","TD/DIV/DIV","TD/DIV/INPUT-hidden","TD/DIV/TABLE","TD/LABEL/A","TD/LABEL/INPUT-checkbox","TD/LABEL/INPUT-radio","TD/LABEL/SPAN","TD/NOBR/IMG","TD/NOBR/INPUT-button","TD/SELECT/OPTION","TD/TABLE/TBODY","TR/TD/A","TR/TD/DIV","TR/TD/IFRAME","TR/TD/INPUT-button","TR/TD/INPUT-hidden","TR/TD/LABEL","TR/TD/LINK","TR/TD/NOBR","TR/TD/SCRIPT","TR/TD/SELECT","TR/TD/SPAN","TR/TD/TABLE","TR/TD/TEXTAREA"],["-/-/DIV","-/-/INPUT-hidden","-/-/SCRIPT","-/DIV/DIV","-/DIV/TABLE","DIV/DIV/DIV","DIV/DIV/FORM","DIV/DIV/IFRAME","DIV/DIV/LINK","DIV/DIV/SCRIPT","DIV/DIV/TABLE","DIV/FORM/INPUT-hidden","DIV/FORM/TABLE","DIV/TABLE/TBODY","FORM/TABLE/TBODY","TABLE/TBODY/TR","TBODY/TR/TD","TD/DIV/DIV","TD/LABEL/INPUT-checkbox","TD/NOBR/IMG","TD/NOBR/INPUT-button","TD/TABLE/TBODY","TR/TD/DIV","TR/TD/IFRAME","TR/TD/INPUT-hidden","TR/TD/LABEL","TR/TD/NOBR","TR/TD/SCRIPT","TR/TD/SPAN","TR/TD/TABLE"],["-/-/DIV","-/-/FORM","-/-/SCRIPT","-/DIV/DIV","-/FORM/DIV","DIV/DIV/DIV","DIV/DIV/IFRAME","DIV/DIV/INPUT-hidden","DIV/DIV/INPUT-text","DIV/DIV/LINK","DIV/DIV/OBJECT","DIV/DIV/SCRIPT","DIV/DIV/SPAN","DIV/DIV/TABLE","DIV/LABEL/B","DIV/NOBR/LABEL","DIV/OBJECT/PARAM","DIV/TABLE/TBODY","FORM/DIV/DIV","FORM/DIV/TABLE","NOBR/LABEL/INPUT-radio","TABLE/TBODY/SCRIPT","TABLE/TBODY/TR","TBODY/TR/TD","TD/DIV/DIV","TD/DIV/INPUT-hidden","TD/DIV/INPUT-text","TD/DIV/LABEL","TD/DIV/NOBR","TD/DIV/TABLE","TD/LABEL/A","TD/LABEL/INPUT-checkbox","TD/LABEL/INPUT-radio","TD/LABEL/SPAN","TD/NOBR/IMG","TD/NOBR/INPUT-button","TD/SELECT/OPTION","TD/TABLE/TBODY","TR/TD/A","TR/TD/BR","TR/TD/DIV","TR/TD/IFRAME","TR/TD/IMG","TR/TD/INPUT-button","TR/TD/INPUT-hidden","TR/TD/INPUT-text","TR/TD/LABEL","TR/TD/LINK","TR/TD/NOBR","TR/TD/SCRIPT","TR/TD/SELECT","TR/TD/SPAN","TR/TD/TABLE","TR/TD/TEXTAREA"]],"context2_A7MKJB":[["-/-/DIV","-/-/FORM","-/-/SCRIPT","-/DIV/DIV","-/FORM/DIV","DIV/DIV/DIV","DIV/DIV/IFRAME","DIV/DIV/INPUT-hidden","DIV/DIV/LINK","DIV/DIV/OBJECT","DIV/DIV/SCRIPT","DIV/DIV/TABLE","DIV/OBJECT/PARAM","DIV/TABLE/TBODY","FORM/DIV/DIV","FORM/DIV/TABLE","TABLE/TBODY/TR","TBODY/TR/TD","TD/DIV/DIV","TD/DIV/INPUT-hidden","TD/DIV/INPUT-text","TD/DIV/TABLE","TD/LABEL/A","TD/LABEL/INPUT-checkbox","TD/LABEL/INPUT-radio","TD/LABEL/SPAN","TD/NOBR/IMG","TD/NOBR/INPUT-button","TD/SELECT/OPTION","TD/SPAN/A","TD/TABLE/TBODY","TR/TD/A","TR/TD/DIV","TR/TD/IFRAME","TR/TD/INPUT-button","TR/TD/INPUT-hidden","TR/TD/LABEL","TR/TD/LINK","TR/TD/NOBR","TR/TD/SCRIPT","TR/TD/SELECT","TR/TD/SPAN","TR/TD/TABLE","TR/TD/TEXTAREA"],["-/-/DIV","-/-/FORM","-/-/SCRIPT","-/DIV/DIV","-/DIV/SCRIPT","-/FORM/DIV","A/SPAN/SPAN","DIV/A/IMG","DIV/A/SPAN","DIV/DIV/A","DIV/DIV/DIV","DIV/DIV/EM","DIV/DIV/I","DIV/DIV/IFRAME","DIV/DIV/INPUT-hidden","DIV/DIV/LINK","DIV/DIV/OBJECT","DIV/DIV/SCRIPT","DIV/DIV/TABLE","DIV/DIV/UL","DIV/OBJECT/PARAM","DIV/TABLE/TBODY","DIV/UL/LI","FORM/DIV/DIV","FORM/DIV/TABLE","SPAN/SPAN/EM","TABLE/TBODY/TR","TBODY/TR/TD","TD/DIV/DIV","TD/DIV/INPUT-hidden","TD/DIV/INPUT-text","TD/DIV/TABLE","TD/LABEL/A","TD/LABEL/INPUT-checkbox","TD/LABEL/INPUT-radio","TD/LABEL/SPAN","TD/NOBR/IMG","TD/NOBR/INPUT-button","TD/SELECT/OPTION","TD/SPAN/A","TD/TABLE/TBODY","TR/TD/A","TR/TD/DIV","TR/TD/IFRAME","TR/TD/INPUT-button","TR/TD/INPUT-hidden","TR/TD/LABEL","TR/TD/LINK","TR/TD/NOBR","TR/TD/SCRIPT","TR/TD/SELECT","TR/TD/SPAN","TR/TD/TABLE","TR/TD/TEXTAREA","UL/LI/EM"],["-/-/DIV","-/-/FORM","-/-/SCRIPT","-/DIV/DIV","-/DIV/IFRAME","-/FORM/DIV","DIV/DIV/DIV","DIV/DIV/IFRAME","DIV/DIV/INPUT-hidden","DIV/DIV/INPUT-text","DIV/DIV/LINK","DIV/DIV/OBJECT","DIV/DIV/SCRIPT","DIV/DIV/SPAN","DIV/DIV/TABLE","DIV/NOBR/LABEL","DIV/OBJECT/PARAM","DIV/TABLE/TBODY","FORM/DIV/DIV","FORM/DIV/TABLE","NOBR/LABEL/INPUT-radio","TABLE/TBODY/SCRIPT","TABLE/TBODY/TR","TBODY/TR/TD","TD/DIV/DIV","TD/DIV/INPUT-hidden","TD/DIV/INPUT-text","TD/DIV/NOBR","TD/DIV/TABLE","TD/LABEL/A","TD/LABEL/INPUT-checkbox","TD/LABEL/INPUT-radio","TD/LABEL/SPAN","TD/NOBR/IMG","TD/NOBR/INPUT-button","TD/SELECT/OPTION","TD/TABLE/TBODY","TR/TD/A","TR/TD/BR","TR/TD/DIV","TR/TD/IFRAME","TR/TD/IMG","TR/TD/INPUT-button","TR/TD/INPUT-hidden","TR/TD/INPUT-text","TR/TD/LABEL","TR/TD/LINK","TR/TD/NOBR","TR/TD/SCRIPT","TR/TD/SELECT","TR/TD/SPAN","TR/TD/TABLE","TR/TD/TEXTAREA"],["-/-/DIV","-/DIV/DIV","DIV/DIV/BUTTON","DIV/DIV/DIV","DIV/DIV/INPUT-text","DIV/DIV/SPAN","DIV/DIV/UL","DIV/UL/LI","UL/LI/SPAN"],["-/-/DIV","-/-/FORM","-/-/SCRIPT","-/DIV/DIV","-/FORM/DIV","DIV/DIV/DIV","DIV/DIV/IFRAME","DIV/DIV/INPUT-hidden","DIV/DIV/LINK","DIV/DIV/SCRIPT","DIV/DIV/TABLE","DIV/TABLE/TBODY","FORM/DIV/DIV","FORM/DIV/TABLE","TABLE/TBODY/TR","TBODY/TR/TD","TD/DIV/DIV","TD/LABEL/INPUT-checkbox","TD/NOBR/IMG","TD/NOBR/INPUT-button","TD/TABLE/TBODY","TR/TD/DIV","TR/TD/IFRAME","TR/TD/INPUT-hidden","TR/TD/LABEL","TR/TD/NOBR","TR/TD/SCRIPT","TR/TD/SPAN","TR/TD/TABLE"],["-/-/DIV","-/-/FORM","-/-/SCRIPT","-/DIV/DIV","-/FORM/DIV","DIV/DIV/DIV","DIV/DIV/IFRAME","DIV/DIV/INPUT-hidden","DIV/DIV/INPUT-text","DIV/DIV/LINK","DIV/DIV/OBJECT","DIV/DIV/SCRIPT","DIV/DIV/SPAN","DIV/DIV/TABLE","DIV/LABEL/B","DIV/NOBR/LABEL","DIV/OBJECT/PARAM","DIV/TABLE/TBODY","FORM/DIV/DIV","FORM/DIV/TABLE","NOBR/LABEL/INPUT-radio","TABLE/TBODY/SCRIPT","TABLE/TBODY/TR","TBODY/TR/TD","TD/DIV/DIV","TD/DIV/INPUT-hidden","TD/DIV/INPUT-text","TD/DIV/LABEL","TD/DIV/NOBR","TD/DIV/TABLE","TD/LABEL/A","TD/LABEL/INPUT-checkbox","TD/LABEL/INPUT-radio","TD/LABEL/SPAN","TD/NOBR/IMG","TD/NOBR/INPUT-button","TD/SELECT/OPTION","TD/TABLE/TBODY","TR/TD/A","TR/TD/BR","TR/TD/DIV","TR/TD/IFRAME","TR/TD/IMG","TR/TD/INPUT-button","TR/TD/INPUT-hidden","TR/TD/INPUT-text","TR/TD/LABEL","TR/TD/LINK","TR/TD/NOBR","TR/TD/SCRIPT","TR/TD/SELECT","TR/TD/SPAN","TR/TD/TABLE","TR/TD/TEXTAREA"]]}}}}