{
  "special_models": [],
  "common_js": [
    {
      "path": "lib/base.js"
    },
    {
      "path": "lib/customTemplate.js"
    },
    {
      "path": "lib/vconsole.min.js",
      "sourceType": "local",
      "target": "face"
    },
    {
      "path": "lib/UNICODE2GBK.js",
      "sourceType": "local",
      "target": "back"
    },
    {
      "path": "lib/amazeui.touch.min.js",
      "sourceType": "local",
      "target": "face"
    }
  ],
  "common_css": [
    {
      "path": "lib/base.css"
    },
    {
      "path": "lib/amazeui.touch.min.css",
      "sourceType": "local",
      "target": "face"
    }
  ]
}