{
  "version": "0.1",
  "id": "GroupOptions",
  "targetURL": "http://218.203.103.203:8082/ngmarket/custmgt/queryPrtGroupcustInit.action?orglevel=400103001&childCustId=9512022559278&ngcrm_reserved1=1",
  "jsFile": "index.js",
  "requires": {
    "framework": "../framework/index.json"
  },
  "chineseName": "集团组织机构信息-选择集团",
  "description": "",
  "controls": {
    "control178_JALKJN": {
      "location": {
        "data": {
          "tagName": "TD"
        },
        "userData": {
          "data": [],
          "force": false
        },
        "locators": [
          {
            "id": "@class/word",
            "prob": 1,
            "ordinal": [
              0,
              2
            ],
            "value": "DIV.newmain TABLE.basicinfo_bg TD.title_boldtext"
          },
          {
            "id": "path/ordinal",
            "prob": 1,
            "value": "/HTML[1]/BODY[1]/FORM[1]/DIV[1]/TABLE[1]/TBODY[1]/TR[1]/TD[1]"
          },
          {
            "id": "elderLevel",
            "value": {
              "level": 0
            }
          }
        ]
      },
      "events": {
        "onGetData": "getData_control178_JALKJN"
      },
      "intendedRole": "custom",
      "roles": "element,custom",
      "monitored": false,
      "frameXPath": "",
      "componentType": "custom"
    },
    "control179_dT0aT4": {
      "location": {
        "data": {
          "tagName": "TD"
        },
        "userData": {
          "data": [],
          "force": false
        },
        "locators": [
          {
            "id": "text",
            "prob": 3,
            "value": {
              "text": [
                "选择集团"
              ],
              "visText": [
                "选择集团"
              ]
            }
          },
          {
            "id": "@class/word",
            "prob": 1,
            "ordinal": [
              0,
              2
            ],
            "value": "DIV.newmain TABLE.basicinfo_bg TD.title_boldtext"
          },
          {
            "id": "path/ordinal",
            "prob": 1,
            "value": "/HTML[1]/BODY[1]/FORM[1]/DIV[1]/TABLE[1]/TBODY[1]/TR[1]/TD[1]"
          },
          {
            "id": "elderLevel",
            "value": {
              "level": 0
            }
          }
        ]
      },
      "roles": "element",
      "content": true,
      "monitored": true,
      "frameXPath": "",
      "componentType": "content"
    },
    "control180_Z1pdrt": {
      "location": {
        "data": {
          "tagName": "TABLE"
        },
        "userData": {
          "data": [],
          "force": false
        },
        "locators": [
          {
            "id": "@class/word",
            "prob": 1,
            "value": "BODY.ballistic_bg DIV.newmain TABLE.table_listoutline"
          },
          {
            "id": "path/ordinal",
            "prob": 1,
            "value": "/HTML[1]/BODY[1]/FORM[1]/DIV[1]/DIV[1]/TABLE[1]"
          }
        ]
      },
      "events": {
        "onGetData": "getData_control180_Z1pdrt"
      },
      "intendedRole": "custom",
      "roles": "element,custom",
      "monitored": true,
      "frameXPath": "",
      "componentType": "custom"
    },
    "control181_9xfhI5": {
      "location": {
        "data": {
          "tagName": "TD"
        },
        "userData": {
          "data": [],
          "force": false
        },
        "locators": [
          {
            "id": "@id/partialWord",
            "prob": 1,
            "disabled": true,
            "value": {
              "elemId": "columnDiv1",
              "tagName": "DIV",
              "prefix": "",
              "suffix": "/TABLE[1]/TBODY[1]/TR[3]/TD[1]",
              "ratio": 0.326
            }
          },
          {
            "id": "@class/word",
            "prob": 1,
            "ordinal": [
              11,
              12
            ],
            "value": "BODY.ballistic_bg DIV.newmain TABLE.table_listoutline TBODY TR TD"
          },
          {
            "id": "path/ordinal",
            "prob": 1,
            "value": "/HTML[1]/BODY[1]/FORM[1]/DIV[1]/DIV[1]/TABLE[1]/TBODY[1]/TR[3]/TD[1]"
          }
        ]
      },
      "events": {
        "onGetData": "getData_control181_9xfhI5"
      },
      "intendedRole": "custom",
      "roles": "element,custom",
      "monitored": true,
      "frameXPath": "",
      "componentType": "custom"
    },
    "control182_Cv7WVQ": {
      "location": {
        "data": {
          "tagName": "TABLE"
        },
        "userData": {
          "data": [],
          "force": false
        },
        "locators": [
          {
            "id": "@id/word",
            "prob": 3,
            "value": "descendant::TABLE[@id=\"queryResultTable\"]"
          },
          {
            "id": "@class/word",
            "prob": 1,
            "value": "BODY.ballistic_bg DIV.newmain TABLE.table_list03"
          },
          {
            "id": "path/ordinal",
            "prob": 1,
            "value": "/HTML[1]/BODY[1]/FORM[1]/DIV[2]/DIV[2]/TABLE[1]"
          }
        ]
      },
      "events": {
        "onGetData": "getData_control182_Cv7WVQ"
      },
      "intendedRole": "custom",
      "roles": "element,custom",
      "monitored": true,
      "frameXPath": "",
      "componentType": "custom"
    },
    "control183_sWzuPN": {
      "location": {
        "data": {
          "tagName": "TD"
        },
        "userData": {
          "data": [],
          "force": false
        },
        "locators": [
          {
            "id": "@id/partialWord",
            "prob": 1,
            "disabled": true,
            "value": {
              "elemId": "columnDiv2",
              "tagName": "DIV",
              "prefix": "",
              "suffix": "/TABLE[2]/TFOOT[1]/TR[1]/TD[1]",
              "ratio": 0.326
            }
          },
          {
            "id": "@class/word",
            "prob": 1,
            "value": "BODY.ballistic_bg DIV.newmain TABLE.tint_td_text TFOOT TR TD"
          },
          {
            "id": "path/ordinal",
            "prob": 1,
            "value": "/HTML[1]/BODY[1]/FORM[1]/DIV[2]/DIV[2]/TABLE[2]/TFOOT[1]/TR[1]/TD[1]"
          }
        ]
      },
      "events": {
        "onGetData": "getData_control183_sWzuPN"
      },
      "intendedRole": "custom",
      "roles": "element,custom",
      "monitored": true,
      "frameXPath": "",
      "componentType": "custom"
    },
    "control342_xJQ8o1": {
      "location": {
        "data": {
          "tagName": "TD"
        },
        "userData": {
          "data": [],
          "force": false
        },
        "locators": [
          {
            "id": "text",
            "prob": 3,
            "value": {
              "text": [
                "选择集团"
              ],
              "visText": [
                "选择集团"
              ]
            }
          },
          {
            "id": "@class/word",
            "prob": 1,
            "ordinal": [
              0,
              2
            ],
            "value": "DIV.newmain TABLE.basicinfo_bg TD.title_boldtext"
          },
          {
            "id": "path/ordinal",
            "prob": 1,
            "value": "/HTML[1]/BODY[1]/FORM[1]/DIV[1]/TABLE[1]/TBODY[1]/TR[1]/TD[1]"
          },
          {
            "id": "elderLevel",
            "value": {
              "level": 0
            }
          }
        ]
      },
      "roles": "element",
      "text": "\n\t\t\t\t\t\t选择集团\n\t\t\t\t\t",
      "frameXPath": ""
    }
  },
  "contexts": {
    "context27_b1zTQx": {
      "controls": [
        "control178_JALKJN",
        "control179_dT0aT4",
        "control180_Z1pdrt",
        "control181_9xfhI5",
        "control182_Cv7WVQ",
        "control183_sWzuPN"
      ],
      "anchors": [
        "control342_xJQ8o1"
      ],
      "urlAnchor": []
    }
  },
  "flows": {
    "flow113_FNdP6k": {
      "toContexts": [
        {
          "toContextId": "context27_b1zTQx"
        }
      ]
    },
    "flow114_hJo0yP": {
      "fromContextId": "context27_b1zTQx",
      "fromAction": "doAction",
      "fromControlId": "control180_Z1pdrt",
      "toContexts": [
        {
          "toContextId": "context27_b1zTQx"
        },
        {
          "toContextId": "context28_59zhgi",
          "toModelId": "framework"
        }
      ]
    }
  },
  "pages": {
    "page27_Skow0D": {
      "contextId": "context27_b1zTQx",
      "layout": [
        {
          "id": "uiControl183_uurfyu",
          "controlId": "control178_JALKJN",
          "display": {
            "adapterId": "custom",
            "type": "custom",
            "adapter": {
              "templateType": "react",
              "events": {
                "onDoAction": "doAction_uiControl183_uurfyu",
                "onGetTemplate": "getTemplate_uiControl183_uurfyu"
              }
            }
          }
        },
        {
          "id": "uiControl184_XKRCbI",
          "display": {
            "type": "card",
            "adapterId": "card",
            "adapter": {
              "templateType": ""
            }
          },
          "layout": [
            {
              "id": "uiControl184_XKRCbIheader",
              "display": {
                "type": "cardHeader",
                "text": "",
                "adapterId": "cardHeader",
                "adapter": {
                  "templateType": ""
                }
              },
              "layout": []
            },
            {
              "id": "uiControl184_XKRCbIbody",
              "display": {
                "type": "cardBody",
                "adapterId": "cardBody",
                "adapter": {
                  "templateType": ""
                }
              },
              "layout": [
                {
                  "id": "uiControl186_bSJ0uo",
                  "controlId": "control179_dT0aT4",
                  "display": {
                    "adapterId": "content",
                    "type": "content",
                    "class": "w-tit",
                    "adapter": {
                      "templateType": ""
                    }
                  }
                },
                {
                  "id": "uiControl187_bNJHUN",
                  "controlId": "control180_Z1pdrt",
                  "display": {
                    "adapterId": "custom",
                    "type": "custom",
                    "adapter": {
                      "templateType": "react",
                      "events": {
                        "onDoAction": "doAction_uiControl187_bNJHUN",
                        "onGetTemplate": "getTemplate_uiControl187_bNJHUN"
                      }
                    }
                  }
                },
                {
                  "id": "uiControl188_vTAtqU",
                  "controlId": "control181_9xfhI5",
                  "display": {
                    "adapterId": "custom",
                    "type": "custom",
                    "adapter": {
                      "templateType": "react",
                      "events": {
                        "onDoAction": "doAction_uiControl188_vTAtqU",
                        "onGetTemplate": "getTemplate_uiControl188_vTAtqU"
                      }
                    }
                  }
                }
              ]
            },
            {
              "id": "uiControl184_XKRCbIfooter",
              "display": {
                "type": "cardFooter",
                "adapterId": "cardFooter",
                "adapter": {
                  "templateType": ""
                }
              },
              "layout": []
            }
          ]
        },
        {
          "id": "uiControl185_A0U1J2",
          "display": {
            "type": "card",
            "adapterId": "card",
            "adapter": {
              "templateType": ""
            }
          },
          "layout": [
            {
              "id": "uiControl185_A0U1J2header",
              "display": {
                "type": "cardHeader",
                "text": "",
                "adapterId": "cardHeader",
                "adapter": {
                  "templateType": ""
                }
              },
              "layout": []
            },
            {
              "id": "uiControl185_A0U1J2body",
              "display": {
                "type": "cardBody",
                "adapterId": "cardBody",
                "adapter": {
                  "templateType": ""
                }
              },
              "layout": [
                {
                  "id": "uiControl189_WOy56S",
                  "controlId": "control182_Cv7WVQ",
                  "display": {
                    "adapterId": "custom",
                    "type": "custom",
                    "adapter": {
                      "templateType": "react",
                      "events": {
                        "onDoAction": "doAction_uiControl189_WOy56S",
                        "onGetTemplate": "getTemplate_uiControl189_WOy56S"
                      }
                    }
                  }
                },
                {
                  "id": "uiControl153_0VFikN",
                  "controlId": "control183_sWzuPN",
                  "display": {
                    "adapterId": "custom",
                    "type": "custom",
                    "adapter": {
                      "templateType": "react",
                      "events": {
                        "onDoAction": "doAction_uiControl153_0VFikN",
                        "onGetTemplate": "getTemplate_uiControl153_0VFikN"
                      }
                    }
                  }
                }
              ]
            },
            {
              "id": "uiControl185_A0U1J2footer",
              "display": {
                "type": "cardFooter",
                "adapterId": "cardFooter",
                "adapter": {
                  "templateType": ""
                }
              },
              "layout": []
            }
          ]
        }
      ]
    }
  },
  "matchers": {
    "page/title": {
      "contexts": {
        "context27_b1zTQx": [
          "选择集团"
        ]
      }
    },
    "page/urls": {
      "contexts": {
        "context27_b1zTQx": [
          "218.203.103.203:8082/ngmarket/custmgt/queryPrtGroupcustInit.action?orglevel=400103001&childCustId=9512022559278&ngcrm_reserved1=1",
          "218.203.103.203:8082/ngmarket/custmgt/queryPrtGroupcustInit.action?orglevel=400103001&ngcrm_reserved1=1"
        ]
      }
    },
    "page/ids": {
      "contexts": {
        "context27_b1zTQx": [
          [
            "Util_js",
            "beginConvoy",
            "btn_submit",
            "childCustId",
            "columnDiv",
            "columnIcon",
            "corpscope",
            "index",
            "maxesopType",
            "maxorgid",
            "maxorglevel",
            "maxorgname",
            "maxrouteRegion",
            "metaweb_arch_css",
            "metaweb_css",
            "mw_",
            "mw_div",
            "mwajax_js",
            "mwutils_js",
            "orgid",
            "orglevel",
            "orgname",
            "queryResultTable",
            "routeRegion",
            "table_operations_js"
          ]
        ]
      }
    },
    "page/classes": {
      "contexts": {
        "context27_b1zTQx": [
          [
            "basic_arrow",
            "basicinfo_bg",
            "button_px",
            "list_tr_bgcolor",
            "list_tr_bgcolor,list_tr_bgcolor",
            "mw_field_button",
            "mw_field_reset",
            "mw_field_text",
            "mw_label",
            "mw_radiobutton",
            "mw_table",
            "mw_table_row",
            "newmain",
            "table_list",
            "table_listoutline",
            "td_input_width",
            "td_text_width",
            "tint_td_text",
            "title_boldtext"
          ],
          [
            "basic_arrow",
            "basicinfo_bg",
            "button_px",
            "list_tr_bgcolor",
            "list_tr_bgcolor,list_tr_bgcolor",
            "mw_field_text",
            "mw_label",
            "mw_radiobutton",
            "mw_table",
            "mw_table_row",
            "newmain",
            "table_list",
            "table_listoutline",
            "td_input_width",
            "td_text_width",
            "tint_td_text",
            "title_boldtext"
          ]
        ]
      }
    },
    "page/tagTriplets": {
      "contexts": {
        "context27_b1zTQx": [
          [
            "-/-/DIV",
            "-/-/FORM",
            "-/-/SCRIPT",
            "-/FORM/DIV",
            "-/FORM/INPUT-hidden",
            "-/FORM/LINK",
            "DIV/DIV/TABLE",
            "DIV/TABLE/TBODY",
            "DIV/TABLE/TFOOT",
            "FORM/DIV/DIV",
            "FORM/DIV/SCRIPT",
            "FORM/DIV/TABLE",
            "TABLE/TBODY/TR",
            "TABLE/TFOOT/TR",
            "TBODY/TR/TD",
            "TD/SELECT/OPTION",
            "TD/SPAN/IMG",
            "TD/SPAN/INPUT-text",
            "TFOOT/TR/TD",
            "TR/TD/IMG",
            "TR/TD/INPUT-button",
            "TR/TD/INPUT-hidden",
            "TR/TD/INPUT-radio",
            "TR/TD/INPUT-reset",
            "TR/TD/INPUT-text",
            "TR/TD/LABEL",
            "TR/TD/SCRIPT",
            "TR/TD/SELECT",
            "TR/TD/SPAN"
          ]
        ]
      }
    }
  }
}