{
  "version": "0.1",
  "id": "authAfrim",
  "targetURL": "http://218.203.103.203:8082/ngcustcare/custsvc/common/showGoldAuth.action?ngcrm_reserved1=1&ngcrm_rnd=0.6840736947860948",
  "jsFile": "index.js",
  "chineseName": "认证弹框",
  "description": "",
  "controls": {
    "control66_EgMWMf": {
      "location": {
        "data": {
          "tagName": "TD"
        },
        "userData": {
          "data": [],
          "force": false
        },
        "locators": [
          {
            "id": "@id/word",
            "prob": 2,
            "value": "descendant::TABLE[@id=\"authTable\"]/TBODY[1]/TR[1]/TD[1]"
          },
          {
            "id": "@class/word",
            "prob": 1,
            "ordinal": [
              0,
              21
            ],
            "value": "BODY.ballistic_bg TABLE.table_listoutline TD.td_text_width"
          },
          {
            "id": "path/ordinal",
            "prob": 1,
            "value": "/HTML[1]/BODY[1]/FORM[1]/TABLE[1]/TBODY[1]/TR[1]/TD[1]"
          },
          {
            "id": "elderLevel",
            "value": {
              "level": 0
            }
          }
        ]
      },
      "events": {
        "onGetData": "getData_control66_EgMWMf"
      },
      "intendedRole": "custom",
      "roles": "element,custom",
      "monitored": false,
      "frameXPath": "",
      "componentType": "custom"
    },
    "control67_Ih9MFh": {
      "location": {
        "data": {
          "tagName": "TABLE"
        },
        "userData": {
          "data": [],
          "force": false
        },
        "locators": [
          {
            "id": "@id/word",
            "prob": 3,
            "value": "descendant::TABLE[@id=\"authTable\"]"
          },
          {
            "id": "@class/word",
            "prob": 1,
            "ordinal": [
              0,
              2
            ],
            "value": "BODY.ballistic_bg TABLE.table_listoutline"
          },
          {
            "id": "path/ordinal",
            "prob": 1,
            "value": "/HTML[1]/BODY[1]/FORM[1]/TABLE[1]"
          }
        ]
      },
      "events": {
        "onGetData": "getData_control67_Ih9MFh"
      },
      "intendedRole": "custom",
      "roles": "element,custom",
      "monitored": true,
      "frameXPath": "",
      "componentType": "custom"
    },
    "control72_npgzSD": {
      "location": {
        "data": {
          "tagName": "TABLE"
        },
        "userData": {
          "data": [],
          "force": false
        },
        "locators": [
          {
            "id": "@id/word",
            "prob": 3,
            "value": "descendant::TABLE[@id=\"authTableTwo\"]"
          },
          {
            "id": "@class/word",
            "prob": 1,
            "ordinal": [
              1,
              2
            ],
            "value": "BODY.ballistic_bg TABLE.table_listoutline"
          },
          {
            "id": "path/ordinal",
            "prob": 1,
            "value": "/HTML[1]/BODY[1]/FORM[1]/TABLE[2]"
          }
        ]
      },
      "events": {
        "onGetData": "getData_control72_npgzSD"
      },
      "intendedRole": "custom",
      "roles": "element,custom",
      "monitored": true,
      "frameXPath": "",
      "componentType": "custom"
    },
    "control451_GBIdQx": {
      "location": {
        "data": {
          "tagName": "TABLE"
        },
        "userData": {
          "data": [],
          "force": false
        },
        "locators": [
          {
            "id": "@id/word",
            "prob": 3,
            "value": "descendant::TABLE[@id=\"authTableTwo\"]"
          },
          {
            "id": "@class/word",
            "prob": 1,
            "ordinal": [
              1,
              2
            ],
            "value": "BODY.ballistic_bg TABLE.table_listoutline"
          },
          {
            "id": "path/ordinal",
            "prob": 1,
            "value": "/HTML[1]/BODY[1]/FORM[1]/TABLE[2]"
          }
        ]
      },
      "events": {
        "onGetData": "getData_control451_GBIdQx"
      },
      "intendedRole": "custom",
      "roles": "element,custom",
      "ignoreVisibility": true,
      "monitored": true,
      "frameXPath": "",
      "componentType": "custom"
    }
  },
  "contexts": {
    "context10_9ZnwIW": {
      "controls": [
        "control66_EgMWMf",
        "control67_Ih9MFh",
        "control72_npgzSD",
        "control451_GBIdQx"
      ],
      "anchors": [],
      "urlAnchor": []
    }
  },
  "flows": {
    "flow48_qcVK68": {
      "toContexts": [
        {
          "toContextId": "context10_9ZnwIW"
        }
      ]
    },
    "flow49_F2T4ke": {
      "fromContextId": "context10_9ZnwIW",
      "fromAction": "doAction",
      "fromControlId": "control66_EgMWMf",
      "toContexts": [
        {
          "toContextId": "context10_9ZnwIW"
        }
      ]
    },
    "flow50_QcLTJm": {
      "fromContextId": "context10_9ZnwIW",
      "fromAction": "doAction",
      "fromControlId": "control67_Ih9MFh",
      "toContexts": [
        {
          "toContextId": "context10_9ZnwIW"
        }
      ]
    },
    "flow51_uWC3G0": {
      "fromContextId": "context10_9ZnwIW",
      "fromAction": "doAction",
      "fromControlId": "control72_npgzSD",
      "toContexts": [
        {
          "toContextId": "context10_9ZnwIW"
        }
      ]
    },
    "flow52_9W2NKG": {
      "fromContextId": "context10_9ZnwIW",
      "fromAction": "doAction",
      "fromControlId": "control451_GBIdQx",
      "toContexts": [
        {
          "toContextId": "context10_9ZnwIW"
        }
      ]
    }
  },
  "pages": {
    "page10_p86Q9G": {
      "contextId": "context10_9ZnwIW",
      "layout": [
        {
          "id": "uiControl66_0NDAo6",
          "controlId": "control66_EgMWMf",
          "display": {
            "adapterId": "custom",
            "type": "custom",
            "adapter": {
              "templateType": "react",
              "events": {
                "onDoAction": "doAction_uiControl66_0NDAo6",
                "onGetTemplate": "getTemplate_uiControl66_0NDAo6"
              }
            }
          }
        },
        {
          "id": "uiControl67_DREXGg",
          "controlId": "control67_Ih9MFh",
          "display": {
            "adapterId": "custom",
            "type": "custom",
            "adapter": {
              "templateType": "react",
              "events": {
                "onDoAction": "doAction_uiControl67_DREXGg",
                "onGetTemplate": "getTemplate_uiControl67_DREXGg"
              }
            }
          }
        },
        {
          "id": "uiControl73_ciqZAT",
          "controlId": "control72_npgzSD",
          "display": {
            "adapterId": "custom",
            "type": "custom",
            "adapter": {
              "templateType": "react",
              "events": {
                "onDoAction": "doAction_uiControl73_ciqZAT",
                "onGetTemplate": "getTemplate_uiControl73_ciqZAT"
              }
            }
          }
        },
        {
          "id": "uiControl72_QUFnvw",
          "controlId": "control451_GBIdQx",
          "display": {
            "adapterId": "custom",
            "type": "custom",
            "adapter": {
              "templateType": "react",
              "events": {
                "onDoAction": "doAction_uiControl72_QUFnvw",
                "onGetTemplate": "getTemplate_uiControl72_QUFnvw"
              }
            }
          }
        }
      ]
    }
  },
  "matchers": {
    "page/title": {
      "contexts": {
        "context10_9ZnwIW": [
          "金库授权认证"
        ]
      }
    },
    "page/urls": {
      "contexts": {
        "context10_9ZnwIW": [
          "218.203.103.203:8082/ngcustcare/custsvc/common/showGoldAuth.action?ngcrm_reserved1=1&ngcrm_rnd=0.6840736947860948",
          "218.203.103.203:8082/ngcustcare/custsvc/common/showGoldAuth.action?ngcrm_reserved1=1&ngcrm_rnd=0.04406655322467934",
          "218.203.103.203:8082/ngcustcare/custsvc/common/showGoldAuth.action?ngcrm_reserved1=1&ngcrm_rnd=0.7900716601218019",
          "218.203.103.203:8082/ngcustcare/custsvc/common/showGoldAuth.action?ngcrm_reserved1=1&ngcrm_rnd=0.9759409939099044",
          "218.203.103.203:8082/ngcustcare/custsvc/common/showGoldAuth.action?ngcrm_reserved1=1&ngcrm_rnd=0.5174086152654747",
          "218.203.103.203:8082/ngcustcare/custsvc/common/showGoldAuth.action?ngcrm_reserved1=1&ngcrm_rnd=0.15568569680505662"
        ]
      }
    },
    "page/ids": {
      "contexts": {
        "context10_9ZnwIW": [
          [
            "NumberSpinner_js",
            "UiDateTime_js",
            "accountId",
            "accountPass",
            "accountPassTR",
            "appId",
            "authMethod",
            "authMethodTD",
            "authShowTypeTD",
            "authTable",
            "authTableTwo",
            "authTimeTD",
            "authTimeTR",
            "authType",
            "authTypeTD",
            "calendar-locale_js",
            "calendar-setup_js",
            "calendar_js",
            "conferId",
            "conferIdTR",
            "conferNameTD",
            "conferTelTD",
            "date-validator_js",
            "endDate",
            "endDateTR",
            "endDate_format",
            "flowContent",
            "flowContentTR",
            "flowPass",
            "flowPassTR",
            "gcu_lib_js",
            "goldSessionId",
            "groupId",
            "haveMainAcct",
            "imageId_endDate",
            "imageId_startDate",
            "isTimeCheck",
            "logLevel",
            "mapsenceid",
            "metaweb_arch_css",
            "metaweb_css",
            "mwutils_js",
            "note",
            "noteTD",
            "noteType",
            "oneAuthType",
            "operId",
            "recOperType",
            "recType",
            "rsaPass",
            "rsaPassTR",
            "servnum",
            "sessionId",
            "smsPass",
            "smsPassTR",
            "startDate",
            "startDateTR",
            "startDate_format",
            "timeAuthType",
            "userTicket"
          ]
        ]
      }
    },
    "page/classes": {
      "contexts": {
        "context10_9ZnwIW": [
          [
            "button_px",
            "image",
            "mw_datetime_field",
            "mw_datetime_span",
            "mw_field_button",
            "mw_field_datetime",
            "mw_field_password",
            "mw_field_select",
            "mw_field_text",
            "mw_field_textarea",
            "mw_radiobutton",
            "table_listoutline",
            "td_text_width"
          ],
          [
            "button_px",
            "button_px_over",
            "image",
            "mw_datetime_field",
            "mw_datetime_span",
            "mw_field_button",
            "mw_field_datetime",
            "mw_field_password",
            "mw_field_select",
            "mw_field_text",
            "mw_field_textarea",
            "mw_radiobutton",
            "table_listoutline",
            "td_text_width"
          ]
        ]
      }
    },
    "page/tagTriplets": {
      "contexts": {
        "context10_9ZnwIW": [
          [
            "-/-/FORM",
            "-/-/SCRIPT",
            "-/FORM/INPUT-hidden",
            "-/FORM/LINK",
            "-/FORM/TABLE",
            "FORM/TABLE/TBODY",
            "TABLE/TBODY/TR",
            "TBODY/TR/TD",
            "TD/SELECT/OPTION",
            "TD/SPAN/IMG",
            "TD/SPAN/INPUT-text",
            "TR/TD/FONT",
            "TR/TD/INPUT-button",
            "TR/TD/INPUT-hidden",
            "TR/TD/INPUT-password",
            "TR/TD/INPUT-radio",
            "TR/TD/INPUT-text",
            "TR/TD/SCRIPT",
            "TR/TD/SELECT",
            "TR/TD/SPAN",
            "TR/TD/TEXTAREA"
          ]
        ]
      }
    }
  }
}