{"version":"0.1","id":"store_new","targetURL":"https://7.carpoly.com/ekp/cm/store/cm_storefront_runstore/cmStorefrontRunstore.do?method=add&s_css=default","jsFile":"index.js","requires":{"lbpm_usage":"../lbpm_usage/index.json","success":"../success/index.json"},"chineseName":"店面新建","description":"","controls":{"control11_F3e11S":{"location":{"data":{"tagName":"IFRAME"},"userData":{"data":[],"force":false},"locators":[{"id":"@id/word","prob":2,"value":["descendant::DIV[@id=\"dialog_iframe\"]/DIV[1]/DIV[1]/IFRAME[1]","descendant::DIV[@id=\"dialog_iframe\"]//IFRAME"]},{"id":"@class/word","prob":1,"value":"DIV.lui_dialog_container.clearfloat DIV.lui-component DIV.lui_dialog_content IFRAME"},{"id":"path/ordinal","prob":1,"value":"/HTML[1]/BODY[1]/DIV[1]/DIV[1]/DIV[2]/DIV[1]/DIV[1]/DIV[1]/DIV[1]/DIV[1]/DIV[1]/IFRAME[1]"},{"id":"elderLevel","value":{"level":0}}]},"intendedRole":"dialog","roles":"element,dialog","monitored":true,"frameXPath":""},"control12_DaOwmP":{"location":{"data":{"tagName":"DIV"},"userData":{"data":[],"force":false},"locators":[{"id":"@class/word","prob":1,"value":"DIV.lui_dialog_headL DIV.lui_dialog_headR DIV.lui_dialog_head"},{"id":"path/ordinal","prob":1,"ordinal":[0,2],"value":"/HTML[1]/BODY[1]/DIV[1]/DIV[1]/DIV[1]/DIV[1]/DIV[1]"}]},"events":{"onGetData":"getData_control12_DaOwmP"},"intendedRole":"custom","roles":"element,custom","monitored":true,"frameXPath":""},"control13_ghxuAo":{"location":{"data":{"tagName":"IFRAME"},"userData":{"data":[],"force":false},"locators":[{"id":"@id/word","prob":2,"value":["descendant::DIV[@id=\"dialog_iframe\"]/DIV[1]/DIV[1]/IFRAME[1]","descendant::DIV[@id=\"dialog_iframe\"]//IFRAME"]},{"id":"@class/word","prob":1,"value":"DIV.lui_dialog_container.clearfloat DIV.lui-component DIV.lui_dialog_content IFRAME"},{"id":"path/ordinal","prob":1,"value":"/HTML[1]/BODY[1]/DIV[1]/DIV[1]/DIV[2]/DIV[1]/DIV[1]/DIV[1]/DIV[1]/DIV[1]/DIV[1]/IFRAME[1]"},{"id":"elderLevel","value":{"level":0}}]},"events":{"onGetData":"getData_control13_ghxuAo"},"intendedRole":"custom","roles":"element,custom","monitored":true,"frameXPath":""},"control14_xXhuHO":{"location":{"data":{"tagName":"P"},"userData":{"data":[],"force":false},"locators":[{"id":"@class/word","prob":1,"value":"DIV.lui_form_content_frame P.txttitle"},{"id":"path/ordinal","prob":1,"value":"/HTML[1]/BODY[1]/FORM[1]/DIV[1]/DIV[1]/P[1]"},{"id":"style/color","value":[62,158,206]},{"id":"elderLevel","value":{"level":0}}]},"events":{"onGetData":"getData_control14_xXhuHO"},"intendedRole":"custom","roles":"element,custom","monitored":true,"frameXPath":""},"control15_Mrvlzu":{"location":{"data":{"tagName":"TABLE"},"userData":{"data":[],"force":false},"locators":[{"id":"@class/word","prob":1,"ordinal":[0,3],"value":"DIV.lui_form_content_frame TABLE.tb_normal"},{"id":"path/ordinal","prob":1,"value":"/HTML[1]/BODY[1]/FORM[1]/DIV[1]/TABLE[1]"}]},"events":{"onGetData":"getData_control15_Mrvlzu"},"intendedRole":"custom","roles":"element,custom","monitored":true,"frameXPath":""},"control16_06qySV":{"location":{"data":{"tagName":"TABLE"},"userData":{"data":[],"force":false},"locators":[{"id":"@id/word","prob":2,"value":["descendant::DIV[@id=\"process_review_tabcontent\"]/TABLE[1]","descendant::DIV[@id=\"process_review_tabcontent\"]//TABLE"]},{"id":"@class/word","prob":1,"value":"DIV.lui_panel_content_inside DIV.lui-component TABLE.tb_normal.process_review_panel"},{"id":"path/ordinal","prob":1,"value":"/HTML[1]/BODY[1]/FORM[1]/DIV[2]/DIV[1]/DIV[1]/DIV[1]/DIV[2]/DIV[1]/DIV[1]/DIV[1]/DIV[1]/DIV[1]/TABLE[1]"}]},"events":{"onGetData":"getData_control16_06qySV"},"intendedRole":"custom","roles":"element,custom","monitored":true,"frameXPath":""},"control17_VE3UPc":{"location":{"data":{"tagName":"TABLE"},"userData":{"data":[],"force":false},"locators":[{"id":"@class/word","prob":1,"value":"DIV.lui_toolbar_left DIV.lui_toolbar_right DIV.lui_toolbar_content TABLE"},{"id":"path/ordinal","prob":1,"value":"/HTML[1]/BODY[1]/DIV[1]/DIV[1]/DIV[1]/DIV[1]/DIV[1]/DIV[1]/TABLE[1]"}]},"events":{"onGetData":"getData_control17_VE3UPc"},"intendedRole":"custom","roles":"element,custom","monitored":true,"frameXPath":""},"control18_fhcF0B":{"location":{"data":{"tagName":"DIV"},"userData":{"data":[],"force":false},"locators":[{"id":"@class/word","prob":1,"value":"DIV.lui_dialog_container.clearfloat DIV.lui-component DIV.lui_dialog_common_content_right"},{"id":"path/ordinal","prob":1,"value":"/HTML[1]/BODY[1]/DIV[1]/DIV[1]/DIV[2]/DIV[1]/DIV[1]/DIV[1]/DIV[1]/DIV[2]"}]},"intendedRole":"dialog","roles":"element,dialog","monitored":false,"frameXPath":""},"control19_TxOTLw":{"location":{"data":{"tagName":"DIV"},"userData":{"data":[],"force":false},"locators":[{"id":"text","prob":3,"value":{"text":["当前页面处于编辑状态，你的数据可能未保存，是否仍要关闭窗口？"],"visText":["当前页面处于编辑状态，你的数据可能未保存，是否仍要关闭窗口？"]}},{"id":"@class/word","prob":1,"value":"DIV.lui-component DIV.lui_dialog_common_content_right DIV.lui_dialog_common_content_inside"},{"id":"path/ordinal","prob":1,"value":"/HTML[1]/BODY[1]/DIV[1]/DIV[1]/DIV[2]/DIV[1]/DIV[1]/DIV[1]/DIV[1]/DIV[2]/DIV[1]"},{"id":"elderLevel","value":{"level":0}}]},"roles":"element","content":true,"monitored":true,"frameXPath":""},"control20_DhuHbd":{"location":{"data":{"tagName":"DIV"},"userData":{"data":[],"force":false},"locators":[{"id":"@class/word","prob":1,"value":"DIV.lui_dialog_common_content_right DIV.lui_dialog_common_buttons.clearfloat DIV.lui_dialog_buttons_container"},{"id":"path/ordinal","prob":1,"value":"/HTML[1]/BODY[1]/DIV[1]/DIV[1]/DIV[2]/DIV[1]/DIV[1]/DIV[1]/DIV[1]/DIV[2]/DIV[2]/DIV[1]"}]},"events":{"onGetData":"getData_control20_DhuHbd"},"intendedRole":"custom","roles":"element,custom","monitored":true,"frameXPath":""},"control24_NLx2ng":{"location":{"data":{"tagName":"TABLE"},"userData":{"data":[],"force":false},"locators":[{"id":"@class/word","prob":1,"ordinal":[0,8],"value":"TABLE.tb_noborder"},{"id":"path/ordinal","prob":1,"value":"/HTML[1]/BODY[1]/DIV[1]/DIV[1]/TABLE[1]"}]},"events":{"onGetData":"getData_control24_NLx2ng"},"intendedRole":"custom","roles":"element,custom","monitored":true,"frameXPath":"//iframe[1]<<IFRAME>>"},"control7_r86UdU":{"location":{"data":{"tagName":"TABLE"},"userData":{"data":[],"force":false},"locators":[{"id":"@class/word","prob":1,"ordinal":[0,3],"value":"DIV.lui_form_content_frame TABLE.tb_normal"},{"id":"path/ordinal","prob":1,"value":"/HTML[1]/BODY[1]/FORM[1]/DIV[1]/TABLE[1]"}]},"events":{"onGetData":"getData_control7_r86UdU"},"intendedRole":"custom","roles":"element,custom","monitored":true,"frameXPath":""},"control25_Xwma3T":{"location":{"data":{"tagName":"TABLE"},"userData":{"data":[],"force":false},"locators":[{"id":"@class/word","prob":1,"ordinal":[0,3],"value":"DIV.lui_form_content_frame TABLE.tb_normal"},{"id":"path/ordinal","prob":1,"value":"/HTML[1]/BODY[1]/FORM[1]/DIV[1]/TABLE[1]"}]},"events":{"onGetData":"getData_control25_Xwma3T"},"intendedRole":"custom","roles":"element,custom","monitored":true,"frameXPath":""}},"contexts":{"context3_lGbc05":{"controls":["control11_F3e11S","control12_DaOwmP","control13_ghxuAo","control14_xXhuHO","control15_Mrvlzu","control16_06qySV","control17_VE3UPc","control18_fhcF0B","control19_TxOTLw","control20_DhuHbd","control24_NLx2ng","control7_r86UdU","control25_Xwma3T"],"anchors":[],"urlAnchor":[]}},"flows":{"flow10_vMTA0A":{"toContexts":[{"toContextId":"context3_lGbc05"}]},"flow11_8wEHS7":{"fromContextId":"context3_lGbc05","fromAction":"click","fromControlId":"control11_F3e11S","toContexts":[{"toContextId":"context3_lGbc05"}]},"flow12_o5FAwE":{"fromContextId":"context3_lGbc05","fromAction":"doAction","fromControlId":"control13_ghxuAo","toContexts":[{"toContextId":"context3_lGbc05"}]},"flow13_INWcss":{"fromContextId":"context3_lGbc05","fromAction":"doAction","fromControlId":"control16_06qySV","toContexts":[{"toContextId":"context3_lGbc05"},{"toContextId":"context3_fbHeAS","toModelId":"lbpm_usage"}]},"flow14_dMOPX7":{"fromContextId":"context3_lGbc05","fromAction":"doAction","fromControlId":"control17_VE3UPc","toContexts":[{"toContextId":"context3_lGbc05"},{"toContextId":"context6_89mKlb","toModelId":"success"}]},"flow15_UNFQSo":{"fromContextId":"context3_lGbc05","fromAction":"doAction","fromControlId":"control20_DhuHbd","toContexts":[{"toContextId":"context3_lGbc05"}]},"flow17_70lEVn":{"fromContextId":"context3_lGbc05","fromAction":"doAction","fromControlId":"control15_Mrvlzu","toContexts":[{"toContextId":"context3_lGbc05"}]},"flow18_0lGiVp":{"fromContextId":"context3_lGbc05","fromAction":"doAction","fromControlId":"control12_DaOwmP","toContexts":[{"toContextId":"context3_lGbc05"}]},"flow20_uJ78rC":{"fromContextId":"context3_lGbc05","fromAction":"doAction","fromControlId":"control24_NLx2ng","toContexts":[{"toContextId":"context3_lGbc05"}]},"flow21_kTndKP":{"fromContextId":"context3_lGbc05","fromAction":"doAction","fromControlId":"control7_r86UdU","toContexts":[{"toContextId":"context3_lGbc05"}]},"flow22_z7I8Qp":{"fromContextId":"context3_lGbc05","fromAction":"click","fromControlId":"control18_fhcF0B","toContexts":[{"toContextId":"context3_lGbc05"}]},"flow23_qt6NWU":{"fromContextId":"context3_lGbc05","fromAction":"doAction","fromControlId":"control25_Xwma3T","toContexts":[{"toContextId":"context3_lGbc05"}]},"flow25_qqX7nt":{"fromContextId":"context3_lGbc05","fromAction":"click","fromControlId":"control19_TxOTLw","toContexts":[{"toContextId":"context3_lGbc05"}]}},"pages":{"page3_wTPNBb":{"contextId":"context3_lGbc05","layout":[{"id":"uiControl14_4W0odu","controlId":"control14_xXhuHO","display":{"adapterId":"custom","type":"custom","adapter":{"templateType":"react","events":{"onDoAction":"doAction_uiControl14_4W0odu","onGetTemplate":"getTemplate_uiControl14_4W0odu"}}}},{"id":"uiControl11_QxLng8","controlId":"control11_F3e11S","display":{"adapterId":"dialog","type":"dialog","class":"ui-dialog","adapter":{"templateType":""}},"layout":[{"id":"uiControl11_QxLng8body","display":{"type":"dialogBody","adapterId":"dialogBody","adapter":{"templateType":""}},"layout":[{"id":"uiControl12_FGkoiO","controlId":"control12_DaOwmP","display":{"adapterId":"custom","type":"custom","adapter":{"templateType":"react","events":{"onDoAction":"doAction_uiControl12_FGkoiO","onGetTemplate":"getTemplate_uiControl12_FGkoiO"}}}}]},{"id":"uiControl11_QxLng8footer","display":{"type":"dialogFooter","adapterId":"dialogFooter","adapter":{"templateType":""}},"layout":[{"id":"uiControl13_CqlUEs","controlId":"control13_ghxuAo","display":{"adapterId":"custom","type":"custom","adapter":{"templateType":"react","events":{"onDoAction":"doAction_uiControl13_CqlUEs","onGetTemplate":"getTemplate_uiControl13_CqlUEs"}}}},{"id":"uiControl24_AASBWP","controlId":"control24_NLx2ng","display":{"adapterId":"custom","type":"custom","adapter":{"templateType":"react","events":{"onDoAction":"doAction_uiControl24_AASBWP","onGetTemplate":"getTemplate_uiControl24_AASBWP"}}}}]}]},{"id":"uiControl19_AuUtPp","controlId":"control18_fhcF0B","display":{"adapterId":"dialog","type":"dialog","adapter":{"templateType":""}},"layout":[{"id":"uiControl19_AuUtPpbody","display":{"type":"dialogBody","adapterId":"dialogBody","adapter":{"templateType":""}},"layout":[{"id":"uiControl20_vmn7wT","controlId":"control19_TxOTLw","display":{"adapterId":"content","type":"content","adapter":{"templateType":""}}}]},{"id":"uiControl19_AuUtPpfooter","display":{"type":"dialogFooter","adapterId":"dialogFooter","adapter":{"templateType":""}},"layout":[{"id":"uiControl21_iw3LTG","controlId":"control20_DhuHbd","display":{"adapterId":"custom","type":"custom","adapter":{"templateType":"react","events":{"onDoAction":"doAction_uiControl21_iw3LTG","onGetTemplate":"getTemplate_uiControl21_iw3LTG"}}}}]}]},{"id":"uiControl15_iMLEkx","controlId":"control15_Mrvlzu","display":{"adapterId":"custom","type":"custom","adapter":{"templateType":"react","events":{"onDoAction":"doAction_uiControl15_iMLEkx","onGetTemplate":"getTemplate_uiControl15_iMLEkx"}}}},{"id":"uiControl7_JLuhmD","controlId":"control7_r86UdU","display":{"adapterId":"custom","type":"custom","adapter":{"templateType":"react","events":{"onDoAction":"doAction_uiControl7_JLuhmD","onGetTemplate":"getTemplate_uiControl7_JLuhmD"}}}},{"id":"uiControl25_SOqdvD","controlId":"control25_Xwma3T","display":{"adapterId":"custom","type":"custom","adapter":{"templateType":"react","events":{"onDoAction":"doAction_uiControl25_SOqdvD","onGetTemplate":"getTemplate_uiControl25_SOqdvD"}}}},{"id":"uiControl16_0imoza","controlId":"control16_06qySV","display":{"adapterId":"custom","type":"custom","adapter":{"templateType":"react","events":{"onDoAction":"doAction_uiControl16_0imoza","onGetTemplate":"getTemplate_uiControl16_0imoza"}}}},{"id":"uiControl17_STxR53","display":{"type":"sticky","adapterId":"sticky","adapter":{"templateType":""}},"layout":[{"id":"uiControl17_STxR53body","display":{"type":"stickyBody","adapterId":"stickyBody","adapter":{"templateType":""}},"layout":[{"id":"uiControl18_d4yyUG","controlId":"control17_VE3UPc","display":{"adapterId":"custom","type":"custom","adapter":{"templateType":"react","events":{"onDoAction":"doAction_uiControl18_d4yyUG","onGetTemplate":"getTemplate_uiControl18_d4yyUG"}}}}]}]}]}},"matchers":{"page/title":{"contexts":{"context3_lGbc05":["新建 - 店面管理"]}},"page/urls":{"contexts":{"context3_lGbc05":["7.carpoly.com/ekp/cm/store/cm_storefront_runstore/cmStorefrontRunstore.do?method=add&s_css=default","7.carpoly.com/ekp/cm/store/cm_storefront_runstore/cmStorefrontRunstore.do?method=add&cmBaseDeptId=1542c110badd9e9603cb3f44e60bd484","7.carpoly.com/ekp/cm/store/cm_storefront_runstore/cmStorefrontRunstore.do?method=add&cmBaseDeptId=1542c92c2eb58c85ebf37114df784a48"],"context6_89mKlb":["7.carpoly.com/ekp/cm/store/cm_storefront_acceptance/cmStorefrontAcceptance.do?method=update&fdId=161278339635371d3e3cff04acdba249&s_css=default&s_seq=1","7.carpoly.com/ekp/cm/store/cm_storefront_acceptance/cmStorefrontAcceptance.do?method=save&cmBaseDeptId=15615df39bfb129024358eb4359a0302&s_seq=1","7.carpoly.com/ekp/cm/store/cm_storefront_runstore/cmStorefrontRunstore.do?method=update&fdId=161452ab725662eea2f71154de8bccb6&s_css=default&s_seq=1","7.carpoly.com/ekp/cm/store/cm_storefront_runstore/cmStorefrontRunstore.do?method=save&cmBaseDeptId=15615df39bfb129024358eb4359a0302&s_seq=1"]}},"page/ids":{"contexts":{"context3_lGbc05":[["Label_Tabel_Workflow_Info","Label_Tabel_Workflow_Info_Label_Btn_","Label_Tabel_Workflow_Info_Label_Img__","SWFUpload_","TABLE_Item","WF_IFrame","WF_TableIFrame","_List_cmStorefrontRunstoreDimensional_Attachment_Table","_List_cmStorefrontRunstoreJCV_Attachment_Table","_List_cmStorefrontRunstoreLeaseContract_Attachment_Table","_List_cmStorefrontRunstoreOther_Attachment_Table","_List_designRequirementList_Attachment_Table","_List_storeLayoutPic_Attachment_Table","__notify_type_fccefafc_sysWfBusinessForm.fdSystemNotifyType","att_xtable_cmStorefrontRunstoreDimensional","att_xtable_cmStorefrontRunstoreJCV","att_xtable_cmStorefrontRunstoreLeaseContract","att_xtable_cmStorefrontRunstoreOther","att_xtable_designRequirementList","att_xtable_storeLayoutPic","attachmentObject_cmStorefrontRunstoreDimensional_content_div","attachmentObject_cmStorefrontRunstoreJCV_content_div","attachmentObject_cmStorefrontRunstoreLeaseContract_content_div","attachmentObject_cmStorefrontRunstoreOther_content_div","attachmentObject_designRequirementList_content_div","attachmentObject_storeLayoutPic_content_div","changeProcessorDIV","checkChangeFlowTR","cmBaseBrandSelect","cmBaseCompanyName_id","cmBaseCustomerInfoAreaLevel_id","cmBaseCustomerInfoCode_id","cmStorefrontStoreTypeId","currentNodeDescription","dayOfNotifyDrafter","descriptionRow","designRequirementList","dialog_iframe","dimensionalPic","div_fdExperienceRequires","div_fdFuncAreaRequires","div_fdOtherArea","fdFlowDescription","fdSelfAmount_div","flowGraphic","flowGraphicShowCheckbox","flowLogTableTD","handlerIdentityRow","handlerShowNames[]","hourOfNotifyDrafter","jcvPic","jdznImg","lbpm_highLevelTab","leaseAgreement","lui-id-","manualBranchNodeRow","manualNodeSelectTD","minuteOfNotifyDrafter","modifyFlowDIV","nextNodeName[]","nextNodeTD","nodeCanViewCurNodeTR","notifyDraftOnFinish","notifyLevelRow","notifyLevelTD","notifyTypeRow","numTotal","operationMethodsGroup","operationMethodsRow","otherCanViewCurNodeTR","process_review_tabcontent","showDetails","storeLayoutPic","sysWfBusinessForm.canStartProcess","sysWfBusinessForm.fdAdditionsParameterJson","sysWfBusinessForm.fdAuditNoteFdId","sysWfBusinessForm.fdCurHanderId","sysWfBusinessForm.fdCurNodeSavedXML","sysWfBusinessForm.fdCurNodeXML","sysWfBusinessForm.fdDraftorId","sysWfBusinessForm.fdDraftorName","sysWfBusinessForm.fdFlowContent","sysWfBusinessForm.fdHandlerRoleInfoIds","sysWfBusinessForm.fdHandlerRoleInfoNames","sysWfBusinessForm.fdIdentityId","sysWfBusinessForm.fdIsModify","sysWfBusinessForm.fdKey","sysWfBusinessForm.fdModelId","sysWfBusinessForm.fdModelName","sysWfBusinessForm.fdParameterJson","sysWfBusinessForm.fdProcessId","sysWfBusinessForm.fdProcessStatus","sysWfBusinessForm.fdTemplateKey","sysWfBusinessForm.fdTemplateModelName","sysWfBusinessForm.fdTranProcessXML","systemNotifyTypeTD","taxPriceTotal","toolbar","workflowInfoTD","workflowTableTD"],["Label_Tabel_Workflow_Info","Label_Tabel_Workflow_Info_Label_Btn_","Label_Tabel_Workflow_Info_Label_Img__","SWFUpload_","TABLE_Item","WF_IFrame","WF_TableIFrame","_List_cmStorefrontRunstoreDimensional_Attachment_Table","_List_cmStorefrontRunstoreJCV_Attachment_Table","_List_cmStorefrontRunstoreLeaseContract_Attachment_Table","_List_cmStorefrontRunstoreOther_Attachment_Table","_List_designRequirementList_Attachment_Table","_List_storeLayoutPic_Attachment_Table","__notify_type_dcfebcbae_sysWfBusinessForm.fdSystemNotifyType","att_xtable_cmStorefrontRunstoreDimensional","att_xtable_cmStorefrontRunstoreJCV","att_xtable_cmStorefrontRunstoreLeaseContract","att_xtable_cmStorefrontRunstoreOther","att_xtable_designRequirementList","att_xtable_storeLayoutPic","attachmentObject_cmStorefrontRunstoreDimensional_content_div","attachmentObject_cmStorefrontRunstoreJCV_content_div","attachmentObject_cmStorefrontRunstoreLeaseContract_content_div","attachmentObject_cmStorefrontRunstoreOther_content_div","attachmentObject_designRequirementList_content_div","attachmentObject_storeLayoutPic_content_div","changeProcessorDIV","checkChangeFlowTR","cmBaseBrandSelect","cmBaseCompanyName_id","cmBaseCustomerInfoAreaLevel_id","cmBaseCustomerInfoCode_id","cmStorefrontStoreTypeId","currentNodeDescription","dayOfNotifyDrafter","descriptionRow","designRequirementList","dimensionalPic","div_fdExperienceRequires","div_fdFuncAreaRequires","div_fdOtherArea","fdFlowDescription","fdSelfAmount_div","flowGraphic","flowGraphicShowCheckbox","flowLogTableTD","handlerIdentityRow","handlerShowNames[]","hourOfNotifyDrafter","jcvPic","jdznImg","lbpm_highLevelTab","leaseAgreement","lui-id-","manualBranchNodeRow","manualNodeSelectTD","minuteOfNotifyDrafter","modifyFlowDIV","nextNodeName[]","nextNodeTD","nodeCanViewCurNodeTR","notifyDraftOnFinish","notifyLevelRow","notifyLevelTD","notifyTypeRow","numTotal","operationMethodsGroup","operationMethodsRow","otherCanViewCurNodeTR","process_review_tabcontent","showDetails","storeLayoutPic","sysWfBusinessForm.canStartProcess","sysWfBusinessForm.fdAdditionsParameterJson","sysWfBusinessForm.fdAuditNoteFdId","sysWfBusinessForm.fdCurHanderId","sysWfBusinessForm.fdCurNodeSavedXML","sysWfBusinessForm.fdCurNodeXML","sysWfBusinessForm.fdDraftorId","sysWfBusinessForm.fdDraftorName","sysWfBusinessForm.fdFlowContent","sysWfBusinessForm.fdHandlerRoleInfoIds","sysWfBusinessForm.fdHandlerRoleInfoNames","sysWfBusinessForm.fdIdentityId","sysWfBusinessForm.fdIsModify","sysWfBusinessForm.fdKey","sysWfBusinessForm.fdModelId","sysWfBusinessForm.fdModelName","sysWfBusinessForm.fdParameterJson","sysWfBusinessForm.fdProcessId","sysWfBusinessForm.fdProcessStatus","sysWfBusinessForm.fdTemplateKey","sysWfBusinessForm.fdTemplateModelName","sysWfBusinessForm.fdTranProcessXML","systemNotifyTypeTD","taxPriceTotal","toolbar","workflowInfoTD","workflowTableTD"],["Label_Tabel_Workflow_Info","Label_Tabel_Workflow_Info_Label_Btn_","Label_Tabel_Workflow_Info_Label_Img__","SWFUpload_","TABLE_Item","WF_IFrame","WF_TableIFrame","_List_cmStorefrontRunstoreDimensional_Attachment_Table","_List_cmStorefrontRunstoreJCV_Attachment_Table","_List_cmStorefrontRunstoreLeaseContract_Attachment_Table","_List_cmStorefrontRunstoreOther_Attachment_Table","_List_designRequirementList_Attachment_Table","_List_storeLayoutPic_Attachment_Table","__notify_type_ffcdfdec_sysWfBusinessForm.fdSystemNotifyType","att_xtable_cmStorefrontRunstoreDimensional","att_xtable_cmStorefrontRunstoreJCV","att_xtable_cmStorefrontRunstoreLeaseContract","att_xtable_cmStorefrontRunstoreOther","att_xtable_designRequirementList","att_xtable_storeLayoutPic","attachmentObject_cmStorefrontRunstoreDimensional_content_div","attachmentObject_cmStorefrontRunstoreJCV_content_div","attachmentObject_cmStorefrontRunstoreLeaseContract_content_div","attachmentObject_cmStorefrontRunstoreOther_content_div","attachmentObject_designRequirementList_content_div","attachmentObject_storeLayoutPic_content_div","changeProcessorDIV","checkChangeFlowTR","cmBaseBrandSelect","cmBaseCompanyName_id","cmBaseCustomerInfoAreaLevel_id","cmBaseCustomerInfoCode_id","cmStorefrontStoreTypeId","currentNodeDescription","dayOfNotifyDrafter","descriptionRow","designRequirementList","dialog_iframe","dimensionalPic","div_fdExperienceRequires","div_fdFuncAreaRequires","div_fdOtherArea","fdFlowDescription","fdSelfAmount_div","flowGraphic","flowGraphicShowCheckbox","flowLogTableTD","handlerIdentityRow","handlerShowNames[]","hourOfNotifyDrafter","jcvPic","jdznImg","lbpm_highLevelTab","leaseAgreement","lui-id-","manualBranchNodeRow","manualNodeSelectTD","minuteOfNotifyDrafter","modifyFlowDIV","nextNodeName[]","nextNodeTD","nodeCanViewCurNodeTR","notifyDraftOnFinish","notifyLevelRow","notifyLevelTD","notifyTypeRow","numTotal","operationMethodsGroup","operationMethodsRow","otherCanViewCurNodeTR","process_review_tabcontent","showDetails","storeLayoutPic","sysWfBusinessForm.canStartProcess","sysWfBusinessForm.fdAdditionsParameterJson","sysWfBusinessForm.fdAuditNoteFdId","sysWfBusinessForm.fdCurHanderId","sysWfBusinessForm.fdCurNodeSavedXML","sysWfBusinessForm.fdCurNodeXML","sysWfBusinessForm.fdDraftorId","sysWfBusinessForm.fdDraftorName","sysWfBusinessForm.fdFlowContent","sysWfBusinessForm.fdHandlerRoleInfoIds","sysWfBusinessForm.fdHandlerRoleInfoNames","sysWfBusinessForm.fdIdentityId","sysWfBusinessForm.fdIsModify","sysWfBusinessForm.fdKey","sysWfBusinessForm.fdModelId","sysWfBusinessForm.fdModelName","sysWfBusinessForm.fdParameterJson","sysWfBusinessForm.fdProcessId","sysWfBusinessForm.fdProcessStatus","sysWfBusinessForm.fdTemplateKey","sysWfBusinessForm.fdTemplateModelName","sysWfBusinessForm.fdTranProcessXML","systemNotifyTypeTD","taxPriceTotal","toolbar","workflowInfoTD","workflowTableTD"],["Label_Tabel_Workflow_Info","Label_Tabel_Workflow_Info_Label_Btn_","Label_Tabel_Workflow_Info_Label_Img__","SWFUpload_","TABLE_Item","WF_IFrame","WF_TableIFrame","_List_cmStorefrontRunstoreDimensional_Attachment_Table","_List_cmStorefrontRunstoreJCV_Attachment_Table","_List_cmStorefrontRunstoreLeaseContract_Attachment_Table","_List_cmStorefrontRunstoreOther_Attachment_Table","_List_designRequirementList_Attachment_Table","_List_storeLayoutPic_Attachment_Table","__notify_type_dfefcd_sysWfBusinessForm.fdSystemNotifyType","advice-_validate_","att_xtable_cmStorefrontRunstoreDimensional","att_xtable_cmStorefrontRunstoreJCV","att_xtable_cmStorefrontRunstoreLeaseContract","att_xtable_cmStorefrontRunstoreOther","att_xtable_designRequirementList","att_xtable_storeLayoutPic","attachmentObject_cmStorefrontRunstoreDimensional_content_div","attachmentObject_cmStorefrontRunstoreJCV_content_div","attachmentObject_cmStorefrontRunstoreLeaseContract_content_div","attachmentObject_cmStorefrontRunstoreOther_content_div","attachmentObject_designRequirementList_content_div","attachmentObject_storeLayoutPic_content_div","changeProcessorDIV","checkChangeFlowTR","cmBaseBrandSelect","cmBaseCompanyName_id","cmBaseCustomerInfoAreaLevel_id","cmBaseCustomerInfoCode_id","cmStorefrontStoreTypeId","currentNodeDescription","dayOfNotifyDrafter","descriptionRow","designRequirementList","dimensionalPic","div_fdExperienceRequires","div_fdFuncAreaRequires","div_fdOtherArea","fdFlowDescription","fdSelfAmount_div","flowGraphic","flowGraphicShowCheckbox","flowLogTableTD","handlerIdentityRow","handlerShowNames[]","hourOfNotifyDrafter","jcvPic","jdznImg","lbpm_highLevelTab","leaseAgreement","lui-id-","manualBranchNodeRow","manualNodeSelectTD","minuteOfNotifyDrafter","modifyFlowDIV","nextNodeName[]","nextNodeTD","nodeCanViewCurNodeTR","notifyDraftOnFinish","notifyLevelRow","notifyLevelTD","notifyTypeRow","numTotal","operationMethodsGroup","operationMethodsRow","otherCanViewCurNodeTR","process_review_tabcontent","showDetails","storeLayoutPic","sysWfBusinessForm.canStartProcess","sysWfBusinessForm.fdAdditionsParameterJson","sysWfBusinessForm.fdAuditNoteFdId","sysWfBusinessForm.fdCurHanderId","sysWfBusinessForm.fdCurNodeSavedXML","sysWfBusinessForm.fdCurNodeXML","sysWfBusinessForm.fdDraftorId","sysWfBusinessForm.fdDraftorName","sysWfBusinessForm.fdFlowContent","sysWfBusinessForm.fdHandlerRoleInfoIds","sysWfBusinessForm.fdHandlerRoleInfoNames","sysWfBusinessForm.fdIdentityId","sysWfBusinessForm.fdIsModify","sysWfBusinessForm.fdKey","sysWfBusinessForm.fdModelId","sysWfBusinessForm.fdModelName","sysWfBusinessForm.fdParameterJson","sysWfBusinessForm.fdProcessId","sysWfBusinessForm.fdProcessStatus","sysWfBusinessForm.fdTemplateKey","sysWfBusinessForm.fdTemplateModelName","sysWfBusinessForm.fdTranProcessXML","systemNotifyTypeTD","taxPriceTotal","toolbar","workflowInfoTD","workflowTableTD"],["Label_Tabel_Workflow_Info","Label_Tabel_Workflow_Info_Label_Btn_","Label_Tabel_Workflow_Info_Label_Img__","SWFUpload_","TABLE_Item","WF_IFrame","WF_TableIFrame","_List_cmStorefrontRunstoreDimensional_Attachment_Table","_List_cmStorefrontRunstoreJCV_Attachment_Table","_List_cmStorefrontRunstoreLeaseContract_Attachment_Table","_List_cmStorefrontRunstoreOther_Attachment_Table","_List_designRequirementList_Attachment_Table","_List_storeLayoutPic_Attachment_Table","__notify_type_dfefcd_sysWfBusinessForm.fdSystemNotifyType","advice-_validate_","att_xtable_cmStorefrontRunstoreDimensional","att_xtable_cmStorefrontRunstoreJCV","att_xtable_cmStorefrontRunstoreLeaseContract","att_xtable_cmStorefrontRunstoreOther","att_xtable_designRequirementList","att_xtable_storeLayoutPic","attachmentObject_cmStorefrontRunstoreDimensional_content_div","attachmentObject_cmStorefrontRunstoreJCV_content_div","attachmentObject_cmStorefrontRunstoreLeaseContract_content_div","attachmentObject_cmStorefrontRunstoreOther_content_div","attachmentObject_designRequirementList_content_div","attachmentObject_storeLayoutPic_content_div","changeProcessorDIV","checkChangeFlowTR","cmBaseBrandSelect","cmBaseCompanyName_id","cmBaseCustomerInfoAreaLevel_id","cmBaseCustomerInfoCode_id","cmStorefrontStoreTypeId","currentNodeDescription","dayOfNotifyDrafter","descriptionRow","designRequirementList","dimensionalPic","div_fdExperienceRequires","div_fdFuncAreaRequires","div_fdOtherArea","fdFlowDescription","fdSelfAmount_div","flowGraphic","flowGraphicShowCheckbox","flowLogTableTD","handlerIdentityRow","handlerShowNames[]","hourOfNotifyDrafter","jcvPic","jdznImg","lbpm_highLevelTab","leaseAgreement","lui-id-","manualBranchNodeRow","manualNodeSelectTD","minuteOfNotifyDrafter","modifyFlowDIV","nextNodeName[]","nextNodeTD","nodeCanViewCurNodeTR","nodehandler_box","notifyDraftOnFinish","notifyLevelRow","notifyLevelTD","notifyTypeRow","numTotal","operationMethodsGroup","operationMethodsRow","otherCanViewCurNodeTR","process_review_tabcontent","showDetails","storeLayoutPic","sysWfBusinessForm.canStartProcess","sysWfBusinessForm.fdAdditionsParameterJson","sysWfBusinessForm.fdAuditNoteFdId","sysWfBusinessForm.fdCurHanderId","sysWfBusinessForm.fdCurNodeSavedXML","sysWfBusinessForm.fdCurNodeXML","sysWfBusinessForm.fdDraftorId","sysWfBusinessForm.fdDraftorName","sysWfBusinessForm.fdFlowContent","sysWfBusinessForm.fdHandlerRoleInfoIds","sysWfBusinessForm.fdHandlerRoleInfoNames","sysWfBusinessForm.fdIdentityId","sysWfBusinessForm.fdIsModify","sysWfBusinessForm.fdKey","sysWfBusinessForm.fdModelId","sysWfBusinessForm.fdModelName","sysWfBusinessForm.fdParameterJson","sysWfBusinessForm.fdProcessId","sysWfBusinessForm.fdProcessStatus","sysWfBusinessForm.fdTemplateKey","sysWfBusinessForm.fdTemplateModelName","sysWfBusinessForm.fdTranProcessXML","systemNotifyTypeTD","taxPriceTotal","toolbar","workflowInfoTD","workflowTableTD"],["Label_Tabel_Workflow_Info","Label_Tabel_Workflow_Info_Label_Btn_","Label_Tabel_Workflow_Info_Label_Img__","SWFUpload_","TABLE_Item","WF_IFrame","WF_TableIFrame","_List_cmStorefrontRunstoreDimensional_Attachment_Table","_List_cmStorefrontRunstoreJCV_Attachment_Table","_List_cmStorefrontRunstoreLeaseContract_Attachment_Table","_List_cmStorefrontRunstoreOther_Attachment_Table","_List_designRequirementList_Attachment_Table","_List_storeLayoutPic_Attachment_Table","__notify_type_dfefcd_sysWfBusinessForm.fdSystemNotifyType","advice-_validate_","att_xtable_cmStorefrontRunstoreDimensional","att_xtable_cmStorefrontRunstoreJCV","att_xtable_cmStorefrontRunstoreLeaseContract","att_xtable_cmStorefrontRunstoreOther","att_xtable_designRequirementList","att_xtable_storeLayoutPic","attachmentObject_cmStorefrontRunstoreDimensional_content_div","attachmentObject_cmStorefrontRunstoreJCV_content_div","attachmentObject_cmStorefrontRunstoreLeaseContract_content_div","attachmentObject_cmStorefrontRunstoreOther_content_div","attachmentObject_designRequirementList_content_div","attachmentObject_storeLayoutPic_content_div","changeProcessorDIV","checkChangeFlowTR","cmBaseBrandSelect","cmBaseCompanyName_id","cmBaseCustomerInfoAreaLevel_id","cmBaseCustomerInfoCode_id","cmStorefrontStoreTypeId","currentNodeDescription","dayOfNotifyDrafter","descriptionRow","designRequirementList","dialog_iframe","dimensionalPic","div_fdExperienceRequires","div_fdFuncAreaRequires","div_fdOtherArea","fdFlowDescription","fdSelfAmount_div","flowGraphic","flowGraphicShowCheckbox","flowLogTableTD","handlerIdentityRow","handlerShowNames[]","hourOfNotifyDrafter","jcvPic","jdznImg","lbpm_highLevelTab","leaseAgreement","lui-id-","manualBranchNodeRow","manualNodeSelectTD","minuteOfNotifyDrafter","modifyFlowDIV","nextNodeName[]","nextNodeTD","nodeCanViewCurNodeTR","nodehandler_box","notifyDraftOnFinish","notifyLevelRow","notifyLevelTD","notifyTypeRow","numTotal","operationMethodsGroup","operationMethodsRow","otherCanViewCurNodeTR","process_review_tabcontent","showDetails","storeLayoutPic","sysWfBusinessForm.canStartProcess","sysWfBusinessForm.fdAdditionsParameterJson","sysWfBusinessForm.fdAuditNoteFdId","sysWfBusinessForm.fdCurHanderId","sysWfBusinessForm.fdCurNodeSavedXML","sysWfBusinessForm.fdCurNodeXML","sysWfBusinessForm.fdDraftorId","sysWfBusinessForm.fdDraftorName","sysWfBusinessForm.fdFlowContent","sysWfBusinessForm.fdHandlerRoleInfoIds","sysWfBusinessForm.fdHandlerRoleInfoNames","sysWfBusinessForm.fdIdentityId","sysWfBusinessForm.fdIsModify","sysWfBusinessForm.fdKey","sysWfBusinessForm.fdModelId","sysWfBusinessForm.fdModelName","sysWfBusinessForm.fdParameterJson","sysWfBusinessForm.fdProcessId","sysWfBusinessForm.fdProcessStatus","sysWfBusinessForm.fdTemplateKey","sysWfBusinessForm.fdTemplateModelName","sysWfBusinessForm.fdTranProcessXML","systemNotifyTypeTD","taxPriceTotal","toolbar","workflowInfoTD","workflowTableTD"],["Label_Tabel_Workflow_Info","Label_Tabel_Workflow_Info_Label_Btn_","Label_Tabel_Workflow_Info_Label_Img__","SWFUpload_","TABLE_Item","WF_IFrame","WF_TableIFrame","_List_cmStorefrontRunstoreDimensional_Attachment_Table","_List_cmStorefrontRunstoreJCV_Attachment_Table","_List_cmStorefrontRunstoreLeaseContract_Attachment_Table","_List_cmStorefrontRunstoreOther_Attachment_Table","_List_designRequirementList_Attachment_Table","_List_storeLayoutPic_Attachment_Table","__notify_type_bffdfcccae_sysWfBusinessForm.fdSystemNotifyType","att_xtable_cmStorefrontRunstoreDimensional","att_xtable_cmStorefrontRunstoreJCV","att_xtable_cmStorefrontRunstoreLeaseContract","att_xtable_cmStorefrontRunstoreOther","att_xtable_designRequirementList","att_xtable_storeLayoutPic","attachmentObject_cmStorefrontRunstoreDimensional_content_div","attachmentObject_cmStorefrontRunstoreJCV_content_div","attachmentObject_cmStorefrontRunstoreLeaseContract_content_div","attachmentObject_cmStorefrontRunstoreOther_content_div","attachmentObject_designRequirementList_content_div","attachmentObject_storeLayoutPic_content_div","changeProcessorDIV","checkChangeFlowTR","cmBaseBrandSelect","cmBaseCompanyName_id","cmBaseCustomerInfoAreaLevel_id","cmBaseCustomerInfoCode_id","cmStorefrontStoreTypeId","currentNodeDescription","dayOfNotifyDrafter","descriptionRow","designRequirementList","dialog_iframe","dimensionalPic","div_fdExperienceRequires","div_fdFuncAreaRequires","div_fdOtherArea","fdFlowDescription","fdSelfAmount_div","flowGraphic","flowGraphicShowCheckbox","flowLogTableTD","handlerIdentityRow","handlerShowNames[]","hourOfNotifyDrafter","jcvPic","jdznImg","lbpm_highLevelTab","leaseAgreement","lui-id-","manualBranchNodeRow","manualNodeSelectTD","minuteOfNotifyDrafter","modifyFlowDIV","nextNodeName[]","nextNodeTD","nodeCanViewCurNodeTR","notifyDraftOnFinish","notifyLevelRow","notifyLevelTD","notifyTypeRow","numTotal","operationMethodsGroup","operationMethodsRow","otherCanViewCurNodeTR","process_review_tabcontent","showDetails","storeLayoutPic","sysWfBusinessForm.canStartProcess","sysWfBusinessForm.fdAdditionsParameterJson","sysWfBusinessForm.fdAuditNoteFdId","sysWfBusinessForm.fdCurHanderId","sysWfBusinessForm.fdCurNodeSavedXML","sysWfBusinessForm.fdCurNodeXML","sysWfBusinessForm.fdDraftorId","sysWfBusinessForm.fdDraftorName","sysWfBusinessForm.fdFlowContent","sysWfBusinessForm.fdHandlerRoleInfoIds","sysWfBusinessForm.fdHandlerRoleInfoNames","sysWfBusinessForm.fdIdentityId","sysWfBusinessForm.fdIsModify","sysWfBusinessForm.fdKey","sysWfBusinessForm.fdModelId","sysWfBusinessForm.fdModelName","sysWfBusinessForm.fdParameterJson","sysWfBusinessForm.fdProcessId","sysWfBusinessForm.fdProcessStatus","sysWfBusinessForm.fdTemplateKey","sysWfBusinessForm.fdTemplateModelName","sysWfBusinessForm.fdTranProcessXML","systemNotifyTypeTD","taxPriceTotal","toolbar","workflowInfoTD","workflowTableTD"],["Label_Tabel_Workflow_Info","Label_Tabel_Workflow_Info_Label_Btn_","Label_Tabel_Workflow_Info_Label_Img__","SWFUpload_","TABLE_Item","WF_IFrame","WF_TableIFrame","_List_cmStorefrontRunstoreDimensional_Attachment_Table","_List_cmStorefrontRunstoreJCV_Attachment_Table","_List_cmStorefrontRunstoreLeaseContract_Attachment_Table","_List_cmStorefrontRunstoreOther_Attachment_Table","_List_designRequirementList_Attachment_Table","_List_storeLayoutPic_Attachment_Table","__notify_type_afbbeadbcbaabb_sysWfBusinessForm.fdSystemNotifyType","att_xtable_cmStorefrontRunstoreDimensional","att_xtable_cmStorefrontRunstoreJCV","att_xtable_cmStorefrontRunstoreLeaseContract","att_xtable_cmStorefrontRunstoreOther","att_xtable_designRequirementList","att_xtable_storeLayoutPic","attachmentObject_cmStorefrontRunstoreDimensional_content_div","attachmentObject_cmStorefrontRunstoreJCV_content_div","attachmentObject_cmStorefrontRunstoreLeaseContract_content_div","attachmentObject_cmStorefrontRunstoreOther_content_div","attachmentObject_designRequirementList_content_div","attachmentObject_storeLayoutPic_content_div","changeProcessorDIV","checkChangeFlowTR","cmBaseBrandSelect","cmBaseCompanyName_id","cmBaseCustomerInfoAreaLevel_id","cmBaseCustomerInfoCode_id","cmStorefrontStoreTypeId","currentNodeDescription","dayOfNotifyDrafter","descriptionRow","designRequirementList","dimensionalPic","div_fdExperienceRequires","div_fdFuncAreaRequires","div_fdOtherArea","fdFlowDescription","fdSelfAmount_div","flowGraphic","flowGraphicShowCheckbox","flowLogTableTD","handlerIdentityRow","handlerShowNames[]","hourOfNotifyDrafter","jcvPic","jdznImg","lbpm_highLevelTab","leaseAgreement","lui-id-","manualBranchNodeRow","manualNodeSelectTD","minuteOfNotifyDrafter","modifyFlowDIV","nextNodeName[]","nextNodeTD","nodeCanViewCurNodeTR","notifyDraftOnFinish","notifyLevelRow","notifyLevelTD","notifyTypeRow","numTotal","operationMethodsGroup","operationMethodsRow","otherCanViewCurNodeTR","process_review_tabcontent","showDetails","storeLayoutPic","sysWfBusinessForm.canStartProcess","sysWfBusinessForm.fdAdditionsParameterJson","sysWfBusinessForm.fdAuditNoteFdId","sysWfBusinessForm.fdCurHanderId","sysWfBusinessForm.fdCurNodeSavedXML","sysWfBusinessForm.fdCurNodeXML","sysWfBusinessForm.fdDraftorId","sysWfBusinessForm.fdDraftorName","sysWfBusinessForm.fdFlowContent","sysWfBusinessForm.fdHandlerRoleInfoIds","sysWfBusinessForm.fdHandlerRoleInfoNames","sysWfBusinessForm.fdIdentityId","sysWfBusinessForm.fdIsModify","sysWfBusinessForm.fdKey","sysWfBusinessForm.fdModelId","sysWfBusinessForm.fdModelName","sysWfBusinessForm.fdParameterJson","sysWfBusinessForm.fdProcessId","sysWfBusinessForm.fdProcessStatus","sysWfBusinessForm.fdTemplateKey","sysWfBusinessForm.fdTemplateModelName","sysWfBusinessForm.fdTranProcessXML","systemNotifyTypeTD","taxPriceTotal","toolbar","workflowInfoTD","workflowTableTD"],["Label_Tabel_Workflow_Info","Label_Tabel_Workflow_Info_Label_Btn_","Label_Tabel_Workflow_Info_Label_Img__","SWFUpload_","TABLE_Item","WF_IFrame","WF_TableIFrame","_List_cmStorefrontRunstoreDimensional_Attachment_Table","_List_cmStorefrontRunstoreJCV_Attachment_Table","_List_cmStorefrontRunstoreLeaseContract_Attachment_Table","_List_cmStorefrontRunstoreOther_Attachment_Table","_List_designRequirementList_Attachment_Table","_List_storeLayoutPic_Attachment_Table","__notify_type_adfbfefeeeb_sysWfBusinessForm.fdSystemNotifyType","att_xtable_cmStorefrontRunstoreDimensional","att_xtable_cmStorefrontRunstoreJCV","att_xtable_cmStorefrontRunstoreLeaseContract","att_xtable_cmStorefrontRunstoreOther","att_xtable_designRequirementList","att_xtable_storeLayoutPic","attachmentObject_cmStorefrontRunstoreDimensional_content_div","attachmentObject_cmStorefrontRunstoreJCV_content_div","attachmentObject_cmStorefrontRunstoreLeaseContract_content_div","attachmentObject_cmStorefrontRunstoreOther_content_div","attachmentObject_designRequirementList_content_div","attachmentObject_storeLayoutPic_content_div","changeProcessorDIV","checkChangeFlowTR","cmBaseBrandSelect","cmBaseCompanyName_id","cmBaseCustomerInfoAreaLevel_id","cmBaseCustomerInfoCode_id","cmStorefrontStoreTypeId","currentNodeDescription","dayOfNotifyDrafter","descriptionRow","designRequirementList","dimensionalPic","div_fdExperienceRequires","div_fdFuncAreaRequires","div_fdOtherArea","fdFlowDescription","fdSelfAmount_div","flowGraphic","flowGraphicShowCheckbox","flowLogTableTD","handlerIdentityRow","handlerShowNames[]","hourOfNotifyDrafter","jcvPic","jdznImg","lbpm_highLevelTab","leaseAgreement","lui-id-","manualBranchNodeRow","manualNodeSelectTD","minuteOfNotifyDrafter","modifyFlowDIV","nextNodeName[]","nextNodeTD","nodeCanViewCurNodeTR","notifyDraftOnFinish","notifyLevelRow","notifyLevelTD","notifyTypeRow","numTotal","operationMethodsGroup","operationMethodsRow","otherCanViewCurNodeTR","process_review_tabcontent","showDetails","storeLayoutPic","sysWfBusinessForm.canStartProcess","sysWfBusinessForm.fdAdditionsParameterJson","sysWfBusinessForm.fdAuditNoteFdId","sysWfBusinessForm.fdCurHanderId","sysWfBusinessForm.fdCurNodeSavedXML","sysWfBusinessForm.fdCurNodeXML","sysWfBusinessForm.fdDraftorId","sysWfBusinessForm.fdDraftorName","sysWfBusinessForm.fdFlowContent","sysWfBusinessForm.fdHandlerRoleInfoIds","sysWfBusinessForm.fdHandlerRoleInfoNames","sysWfBusinessForm.fdIdentityId","sysWfBusinessForm.fdIsModify","sysWfBusinessForm.fdKey","sysWfBusinessForm.fdModelId","sysWfBusinessForm.fdModelName","sysWfBusinessForm.fdParameterJson","sysWfBusinessForm.fdProcessId","sysWfBusinessForm.fdProcessStatus","sysWfBusinessForm.fdTemplateKey","sysWfBusinessForm.fdTemplateModelName","sysWfBusinessForm.fdTranProcessXML","systemNotifyTypeTD","taxPriceTotal","toolbar","workflowInfoTD","workflowTableTD"]]}},"page/classes":{"contexts":{"context3_lGbc05":[["btnlabel","clearfloat","clr","cmBaseMaterielCode_div","cmBaseMaterielName_div","cmBaseMaterielQty_div","cmBaseMaterielType_div","cmBaseMaterielUnitName_div","com_btn_link","com_help","fdExperienceRequiresHidden","fdFuncAreaRequiresHidden","fdOperationDiv","fdOtherAreaHidden","fdPriceTotal_div","fdSignSaleContHidden","fdTaxNet_div","handlerNamesLabel","input","inputMul","inputSgl","inputdatetime","inputselectsgl","inputsgl","isDesign","isDesignShowTr","isDraw","isStoreSqm","isfdStoreHeadSize","lbpmNextRouteInfoRow","lui-component","lui_dialog_bottomC","lui_dialog_bottomL","lui_dialog_bottomR","lui_dialog_buttons","lui_dialog_centerC","lui_dialog_centerL","lui_dialog_centerR","lui_dialog_container","lui_dialog_content","lui_dialog_frame","lui_dialog_head","lui_dialog_headL","lui_dialog_headR","lui_dialog_head_left","lui_dialog_head_right","lui_form_content_frame","lui_panel_content_inside","lui_portlet_operations","lui_tabpage_float_content","lui_tabpage_float_content_c","lui_tabpage_float_content_l","lui_tabpage_float_content_r","lui_tabpage_float_contents","lui_tabpage_float_footer_c","lui_tabpage_float_footer_l","lui_tabpage_float_footer_r","lui_tabpage_float_header_c","lui_tabpage_float_header_close","lui_tabpage_float_header_l","lui_tabpage_float_header_r","lui_tabpage_float_header_text","lui_tabpage_float_header_title","lui_tabpage_float_nav_item","lui_tabpage_float_nav_item_c","lui_tabpage_float_nav_item_l","lui_tabpage_float_nav_item_r","lui_tabpage_float_navs","lui_tabpage_float_navs_c","lui_tabpage_float_navs_l","lui_tabpage_float_navs_mark","lui_tabpage_float_navs_r","lui_tabpage_frame","lui_toolbar_btn","lui_toolbar_btn_c","lui_toolbar_btn_l","lui_toolbar_btn_r","lui_toolbar_content","lui_toolbar_frame_float","lui_toolbar_frame_float_mark","lui_toolbar_left","lui_toolbar_right","lui_widget_btn","lui_widget_btn_txt","nodeinfo_box","numTotal","process_review_panel","selected","selectitem","swfupload","swfuploadbutton","swfuploadtext","tb_label","tb_noborder","tb_normal","td_label","td_normal_title","tr_normal_title","txtstrong","txttitle","uploadinfotext"],["btnlabel","clearfloat","cmBaseMaterielCode_div","cmBaseMaterielName_div","cmBaseMaterielQty_div","cmBaseMaterielType_div","cmBaseMaterielUnitName_div","com_btn_link","com_help","fdExperienceRequiresHidden","fdFuncAreaRequiresHidden","fdOperationDiv","fdOtherAreaHidden","fdPriceTotal_div","fdSignSaleContHidden","fdTaxNet_div","handlerNamesLabel","input","inputMul","inputSgl","inputdatetime","inputselectsgl","inputsgl","isDesign","isDesignShowTr","isDraw","isStoreSqm","isfdStoreHeadSize","lbpmNextRouteInfoRow","lui-component","lui_form_content_frame","lui_panel_content_inside","lui_portlet_operations","lui_tabpage_float_content","lui_tabpage_float_content_c","lui_tabpage_float_content_l","lui_tabpage_float_content_r","lui_tabpage_float_contents","lui_tabpage_float_footer_c","lui_tabpage_float_footer_l","lui_tabpage_float_footer_r","lui_tabpage_float_header_c","lui_tabpage_float_header_close","lui_tabpage_float_header_l","lui_tabpage_float_header_r","lui_tabpage_float_header_text","lui_tabpage_float_header_title","lui_tabpage_float_nav_item","lui_tabpage_float_nav_item_c","lui_tabpage_float_nav_item_l","lui_tabpage_float_nav_item_r","lui_tabpage_float_navs","lui_tabpage_float_navs_c","lui_tabpage_float_navs_l","lui_tabpage_float_navs_mark","lui_tabpage_float_navs_r","lui_tabpage_frame","lui_toolbar_btn","lui_toolbar_btn_c","lui_toolbar_btn_l","lui_toolbar_btn_r","lui_toolbar_content","lui_toolbar_frame_float","lui_toolbar_frame_float_mark","lui_toolbar_left","lui_toolbar_right","lui_widget_btn","lui_widget_btn_txt","nodeinfo_box","numTotal","process_review_panel","selected","selectitem","swfupload","swfuploadbutton","swfuploadtext","tb_label","tb_noborder","tb_normal","td_label","td_normal_title","tr_normal_title","txtstrong","txttitle","uploadinfotext"],["btnlabel","clearfloat","clr","cmBaseMaterielCode_div","cmBaseMaterielName_div","cmBaseMaterielQty_div","cmBaseMaterielType_div","cmBaseMaterielUnitName_div","com_btn_link","com_help","fdExperienceRequiresHidden","fdFuncAreaRequiresHidden","fdOperationDiv","fdOtherAreaHidden","fdPriceTotal_div","fdSignSaleContHidden","fdTaxNet_div","handlerNamesLabel","input","inputMul","inputSgl","inputdatetime","inputselectsgl","inputsgl","isDesign","isDesignShowTr","isDraw","isStoreSqm","isfdStoreHeadSize","lbpmNextRouteInfoRow","lui-component","lui_dialog_bottomC","lui_dialog_bottomL","lui_dialog_bottomR","lui_dialog_buttons_container","lui_dialog_centerC","lui_dialog_centerL","lui_dialog_centerR","lui_dialog_common_buttons","lui_dialog_common_content_inside","lui_dialog_common_content_right","lui_dialog_container","lui_dialog_content_question","lui_dialog_frame","lui_dialog_head","lui_dialog_headL","lui_dialog_headR","lui_dialog_head_left","lui_dialog_head_right","lui_form_content_frame","lui_panel_content_inside","lui_portlet_operations","lui_tabpage_float_content","lui_tabpage_float_content_c","lui_tabpage_float_content_l","lui_tabpage_float_content_r","lui_tabpage_float_contents","lui_tabpage_float_footer_c","lui_tabpage_float_footer_l","lui_tabpage_float_footer_r","lui_tabpage_float_header_c","lui_tabpage_float_header_close","lui_tabpage_float_header_l","lui_tabpage_float_header_r","lui_tabpage_float_header_text","lui_tabpage_float_header_title","lui_tabpage_float_nav_item","lui_tabpage_float_nav_item_c","lui_tabpage_float_nav_item_l","lui_tabpage_float_nav_item_r","lui_tabpage_float_navs","lui_tabpage_float_navs_c","lui_tabpage_float_navs_l","lui_tabpage_float_navs_mark","lui_tabpage_float_navs_r","lui_tabpage_frame","lui_toolbar_btn","lui_toolbar_btn_c","lui_toolbar_btn_def","lui_toolbar_btn_gray","lui_toolbar_btn_l","lui_toolbar_btn_r","lui_toolbar_content","lui_toolbar_frame_float","lui_toolbar_frame_float_mark","lui_toolbar_left","lui_toolbar_right","lui_widget_btn","lui_widget_btn_txt","nodeinfo_box","numTotal","process_review_panel","selected","selectitem","swfupload","swfuploadbutton","swfuploadtext","tb_label","tb_noborder","tb_normal","td_label","td_normal_title","tr_normal_title","txtstrong","txttitle","uploadinfotext"],["btnlabel","clearfloat","clr","com_btn_link","com_help","fdExperienceRequiresHidden","fdFuncAreaRequiresHidden","fdOtherAreaHidden","fdSignSaleContHidden","handlerNamesLabel","input","inputMul","inputSgl","inputdatetime","inputselectsgl","inputsgl","isDesign","isDesignShowTr","isDraw","isStoreSqm","isfdStoreHeadSize","lbpmNextRouteInfoRow","lui-component","lui_dialog_bottomC","lui_dialog_bottomL","lui_dialog_bottomR","lui_dialog_buttons","lui_dialog_centerC","lui_dialog_centerL","lui_dialog_centerR","lui_dialog_container","lui_dialog_content","lui_dialog_frame","lui_dialog_head","lui_dialog_headL","lui_dialog_headR","lui_dialog_head_left","lui_dialog_head_right","lui_form_content_frame","lui_panel_content_inside","lui_portlet_operations","lui_tabpage_float_content","lui_tabpage_float_content_c","lui_tabpage_float_content_l","lui_tabpage_float_content_r","lui_tabpage_float_contents","lui_tabpage_float_footer_c","lui_tabpage_float_footer_l","lui_tabpage_float_footer_r","lui_tabpage_float_header_c","lui_tabpage_float_header_close","lui_tabpage_float_header_l","lui_tabpage_float_header_r","lui_tabpage_float_header_text","lui_tabpage_float_header_title","lui_tabpage_float_nav_item","lui_tabpage_float_nav_item_c","lui_tabpage_float_nav_item_l","lui_tabpage_float_nav_item_r","lui_tabpage_float_navs","lui_tabpage_float_navs_c","lui_tabpage_float_navs_l","lui_tabpage_float_navs_mark","lui_tabpage_float_navs_r","lui_tabpage_frame","lui_toolbar_btn","lui_toolbar_btn_c","lui_toolbar_btn_l","lui_toolbar_btn_r","lui_toolbar_content","lui_toolbar_frame_float","lui_toolbar_frame_float_mark","lui_toolbar_left","lui_toolbar_right","lui_widget_btn","lui_widget_btn_txt","nodeinfo_box","process_review_panel","selected","selectitem","swfupload","swfuploadbutton","swfuploadtext","tb_label","tb_noborder","tb_normal","td_label","td_normal_title","tr_normal_title","txtstrong","txttitle","uploadinfotext"],["btnlabel","clearfloat","com_btn_link","com_help","fdExperienceRequiresHidden","fdFuncAreaRequiresHidden","fdOtherAreaHidden","fdSignSaleContHidden","handlerNamesLabel","input","inputMul","inputSgl","inputdatetime","inputselectsgl","inputsgl","isDesign","isDesignShowTr","isDraw","isStoreSqm","isfdStoreHeadSize","lbpmNextRouteInfoRow","lui-component","lui_form_content_frame","lui_icon_s","lui_icon_s_icon_validator","lui_panel_content_inside","lui_portlet_operations","lui_tabpage_float_content","lui_tabpage_float_content_c","lui_tabpage_float_content_l","lui_tabpage_float_content_r","lui_tabpage_float_contents","lui_tabpage_float_footer_c","lui_tabpage_float_footer_l","lui_tabpage_float_footer_r","lui_tabpage_float_header_c","lui_tabpage_float_header_close","lui_tabpage_float_header_l","lui_tabpage_float_header_r","lui_tabpage_float_header_text","lui_tabpage_float_header_title","lui_tabpage_float_nav_item","lui_tabpage_float_nav_item_c","lui_tabpage_float_nav_item_l","lui_tabpage_float_nav_item_r","lui_tabpage_float_navs","lui_tabpage_float_navs_c","lui_tabpage_float_navs_l","lui_tabpage_float_navs_mark","lui_tabpage_float_navs_r","lui_tabpage_frame","lui_toolbar_btn","lui_toolbar_btn_c","lui_toolbar_btn_l","lui_toolbar_btn_r","lui_toolbar_content","lui_toolbar_frame_float","lui_toolbar_frame_float_mark","lui_toolbar_left","lui_toolbar_right","lui_widget_btn","lui_widget_btn_txt","nodeinfo_box","process_review_panel","selected","selectitem","swfupload","swfuploadbutton","swfuploadtext","tb_label","tb_noborder","tb_normal","td_label","td_normal_title","tr_normal_title","txtstrong","txttitle","uploadinfotext","validation-advice","validation-advice-msg","validation-advice-title","validation-table"],["btnlabel","clearfloat","clr","com_btn_link","com_help","fdExperienceRequiresHidden","fdFuncAreaRequiresHidden","fdOtherAreaHidden","fdSignSaleContHidden","handlerNamesLabel","input","inputMul","inputSgl","inputdatetime","inputselectsgl","inputsgl","isDesign","isDesignShowTr","isDraw","isStoreSqm","isfdStoreHeadSize","lbpmNextRouteInfoRow","lui-component","lui_dialog_bottomC","lui_dialog_bottomL","lui_dialog_bottomR","lui_dialog_buttons","lui_dialog_centerC","lui_dialog_centerL","lui_dialog_centerR","lui_dialog_container","lui_dialog_content","lui_dialog_frame","lui_dialog_head","lui_dialog_headL","lui_dialog_headR","lui_dialog_head_left","lui_dialog_head_right","lui_form_content_frame","lui_icon_s","lui_icon_s_icon_validator","lui_panel_content_inside","lui_portlet_operations","lui_tabpage_float_content","lui_tabpage_float_content_c","lui_tabpage_float_content_l","lui_tabpage_float_content_r","lui_tabpage_float_contents","lui_tabpage_float_footer_c","lui_tabpage_float_footer_l","lui_tabpage_float_footer_r","lui_tabpage_float_header_c","lui_tabpage_float_header_close","lui_tabpage_float_header_l","lui_tabpage_float_header_r","lui_tabpage_float_header_text","lui_tabpage_float_header_title","lui_tabpage_float_nav_item","lui_tabpage_float_nav_item_c","lui_tabpage_float_nav_item_l","lui_tabpage_float_nav_item_r","lui_tabpage_float_navs","lui_tabpage_float_navs_c","lui_tabpage_float_navs_l","lui_tabpage_float_navs_mark","lui_tabpage_float_navs_r","lui_tabpage_frame","lui_toolbar_btn","lui_toolbar_btn_c","lui_toolbar_btn_l","lui_toolbar_btn_r","lui_toolbar_content","lui_toolbar_frame_float","lui_toolbar_frame_float_mark","lui_toolbar_left","lui_toolbar_right","lui_widget_btn","lui_widget_btn_txt","nodeinfo_box","process_review_panel","selected","selectitem","swfupload","swfuploadbutton","swfuploadtext","tb_label","tb_noborder","tb_normal","td_label","td_normal_title","tr_normal_title","txtstrong","txttitle","uploadinfotext","validation-advice","validation-advice-msg","validation-advice-title","validation-table"]]}},"page/tagTriplets":{"contexts":{"context3_lGbc05":[["-/-/DIV","-/-/FORM","-/-/SCRIPT","-/DIV/DIV","-/DIV/IFRAME","-/FORM/DIV","-/FORM/INPUT-hidden","DIV/DIV/DIV","DIV/DIV/IFRAME","DIV/DIV/INPUT-hidden","DIV/DIV/INPUT-text","DIV/DIV/LINK","DIV/DIV/OBJECT","DIV/DIV/P","DIV/DIV/SCRIPT","DIV/DIV/TABLE","DIV/LABEL/B","DIV/NOBR/LABEL","DIV/OBJECT/PARAM","DIV/TABLE/TBODY","FORM/DIV/DIV","FORM/DIV/INPUT-hidden","FORM/DIV/SCRIPT","FORM/DIV/TABLE","NOBR/LABEL/INPUT-radio","TABLE/TBODY/SCRIPT","TABLE/TBODY/TR","TBODY/TR/TD","TD/DIV/DIV","TD/DIV/IMG","TD/DIV/INPUT-hidden","TD/DIV/INPUT-text","TD/DIV/LABEL","TD/DIV/NOBR","TD/DIV/SCRIPT","TD/DIV/SPAN","TD/DIV/TABLE","TD/LABEL/A","TD/LABEL/INPUT-checkbox","TD/LABEL/INPUT-radio","TD/LABEL/SPAN","TD/NOBR/IMG","TD/NOBR/INPUT-button","TD/NOBR/LABEL","TD/SELECT/OPTION","TD/TABLE/STYLE","TD/TABLE/TBODY","TR/TD/A","TR/TD/BR","TR/TD/DIV","TR/TD/IFRAME","TR/TD/IMG","TR/TD/INPUT-hidden","TR/TD/INPUT-text","TR/TD/LABEL","TR/TD/LINK","TR/TD/NOBR","TR/TD/SCRIPT","TR/TD/SELECT","TR/TD/SPAN","TR/TD/TABLE","TR/TD/TEXTAREA"],["-/-/DIV","-/-/FORM","-/-/SCRIPT","-/DIV/DIV","-/FORM/DIV","-/FORM/INPUT-hidden","DIV/DIV/DIV","DIV/DIV/IFRAME","DIV/DIV/INPUT-hidden","DIV/DIV/INPUT-text","DIV/DIV/LINK","DIV/DIV/OBJECT","DIV/DIV/P","DIV/DIV/SCRIPT","DIV/DIV/TABLE","DIV/LABEL/B","DIV/NOBR/LABEL","DIV/OBJECT/PARAM","DIV/TABLE/TBODY","FORM/DIV/DIV","FORM/DIV/INPUT-hidden","FORM/DIV/SCRIPT","FORM/DIV/TABLE","NOBR/LABEL/INPUT-radio","TABLE/TBODY/SCRIPT","TABLE/TBODY/TR","TBODY/TR/TD","TD/DIV/DIV","TD/DIV/IMG","TD/DIV/INPUT-hidden","TD/DIV/INPUT-text","TD/DIV/LABEL","TD/DIV/NOBR","TD/DIV/SCRIPT","TD/DIV/SPAN","TD/DIV/TABLE","TD/LABEL/A","TD/LABEL/INPUT-checkbox","TD/LABEL/INPUT-radio","TD/LABEL/SPAN","TD/NOBR/IMG","TD/NOBR/INPUT-button","TD/NOBR/LABEL","TD/SELECT/OPTION","TD/TABLE/STYLE","TD/TABLE/TBODY","TR/TD/A","TR/TD/BR","TR/TD/DIV","TR/TD/IFRAME","TR/TD/IMG","TR/TD/INPUT-hidden","TR/TD/INPUT-text","TR/TD/LABEL","TR/TD/LINK","TR/TD/NOBR","TR/TD/SCRIPT","TR/TD/SELECT","TR/TD/SPAN","TR/TD/TABLE","TR/TD/TEXTAREA"],["-/-/DIV","-/-/FORM","-/-/SCRIPT","-/DIV/DIV","-/DIV/IFRAME","-/FORM/DIV","-/FORM/INPUT-hidden","DIV/DIV/DIV","DIV/DIV/IFRAME","DIV/DIV/INPUT-hidden","DIV/DIV/INPUT-text","DIV/DIV/LINK","DIV/DIV/OBJECT","DIV/DIV/P","DIV/DIV/SCRIPT","DIV/DIV/TABLE","DIV/LABEL/B","DIV/NOBR/LABEL","DIV/OBJECT/PARAM","DIV/TABLE/TBODY","FORM/DIV/DIV","FORM/DIV/INPUT-hidden","FORM/DIV/SCRIPT","FORM/DIV/TABLE","NOBR/LABEL/INPUT-radio","TABLE/TBODY/SCRIPT","TABLE/TBODY/TR","TBODY/TR/TD","TD/DIV/DIV","TD/DIV/INPUT-hidden","TD/DIV/LABEL","TD/DIV/NOBR","TD/DIV/SCRIPT","TD/DIV/SPAN","TD/DIV/TABLE","TD/LABEL/A","TD/LABEL/INPUT-checkbox","TD/LABEL/INPUT-radio","TD/LABEL/SPAN","TD/NOBR/IMG","TD/NOBR/INPUT-button","TD/NOBR/LABEL","TD/SELECT/OPTION","TD/TABLE/STYLE","TD/TABLE/TBODY","TR/TD/A","TR/TD/BR","TR/TD/DIV","TR/TD/IFRAME","TR/TD/IMG","TR/TD/INPUT-hidden","TR/TD/INPUT-text","TR/TD/LABEL","TR/TD/LINK","TR/TD/NOBR","TR/TD/SCRIPT","TR/TD/SELECT","TR/TD/SPAN","TR/TD/TABLE","TR/TD/TEXTAREA"],["-/-/DIV","-/-/FORM","-/-/SCRIPT","-/DIV/DIV","-/FORM/DIV","-/FORM/INPUT-hidden","DIV/DIV/DIV","DIV/DIV/IFRAME","DIV/DIV/INPUT-hidden","DIV/DIV/INPUT-text","DIV/DIV/LINK","DIV/DIV/OBJECT","DIV/DIV/P","DIV/DIV/SCRIPT","DIV/DIV/TABLE","DIV/LABEL/B","DIV/NOBR/LABEL","DIV/OBJECT/PARAM","DIV/TABLE/TBODY","FORM/DIV/DIV","FORM/DIV/INPUT-hidden","FORM/DIV/SCRIPT","FORM/DIV/TABLE","NOBR/LABEL/INPUT-radio","TABLE/TBODY/SCRIPT","TABLE/TBODY/TR","TBODY/TR/TD","TD/DIV/DIV","TD/DIV/INPUT-hidden","TD/DIV/LABEL","TD/DIV/NOBR","TD/DIV/SCRIPT","TD/DIV/SPAN","TD/DIV/TABLE","TD/LABEL/A","TD/LABEL/INPUT-checkbox","TD/LABEL/INPUT-radio","TD/LABEL/SPAN","TD/NOBR/IMG","TD/NOBR/INPUT-button","TD/NOBR/LABEL","TD/SELECT/OPTION","TD/TABLE/STYLE","TD/TABLE/TBODY","TR/TD/A","TR/TD/BR","TR/TD/DIV","TR/TD/IFRAME","TR/TD/IMG","TR/TD/INPUT-hidden","TR/TD/INPUT-text","TR/TD/LABEL","TR/TD/LINK","TR/TD/NOBR","TR/TD/SCRIPT","TR/TD/SELECT","TR/TD/SPAN","TR/TD/TABLE","TR/TD/TEXTAREA"]]}}}}