{
  "version": "0.1",
  "id": "county",
  "targetURL": "http://10.223.235.68:7206/WebRoot/cover/coverAction!toCoverQuery.ilf?ngcrm_rnd=0.9848763560992191&ngcrm_reserved1=1&channelName=CRM%25E8%2590%25A5%25E4%25B8%259A%25E5%258E%2585&operId=sys_9511&operOrgName=%25E9%2593%25B6%25E5%25B7%259D%25E5%259C%25B0%25E5%258C%25BA&operName=%25E8%25B0%25AD%25E5%2598%2589%25E5%25AE%2587&url=http://218.203.103.203:8082/ngcustcare/custsvc/common/addressCallBack.action&noCrmSSO=1",
  "jsFile": "index.js",
  "chineseName": "正式集团注册-区县",
  "description": "正式集团注册-区县",
  "firstPaintEnable": false,
  "controls": {
    "control348_DXkaTf": {
      "location": {
        "data": {
          "tagName": "SPAN"
        },
        "userData": {
          "data": [],
          "force": false
        },
        "locators": [
          {
            "id": "@class/word",
            "prob": 1,
            "ordinal": [
              0,
              2
            ],
            "value": "FIELDSET.x-fieldset LEGEND.x-fieldset-header.x-unselectable SPAN.x-fieldset-header-text"
          },
          {
            "id": "path/ordinal",
            "prob": 1,
            "value": "/HTML[1]/BODY[1]/DIV[1]/DIV[1]/DIV[2]/DIV[1]/DIV[1]/DIV[1]/DIV[1]/FIELDSET[1]/LEGEND[1]/SPAN[1]"
          },
          {
            "id": "style/color",
            "value": [
              21,
              66,
              139
            ]
          },
          {
            "id": "elderLevel",
            "value": {
              "level": 0
            }
          }
        ]
      },
      "events": {
        "onGetData": "getData_control348_DXkaTf"
      },
      "intendedRole": "custom",
      "roles": "element,custom",
      "monitored": true,
      "frameXPath": "",
      "componentType": "custom"
    },
    "control349_fTV1b9": {
      "location": {
        "data": {
          "tagName": "SPAN"
        },
        "userData": {
          "data": [],
          "force": false
        },
        "locators": [
          {
            "id": "text",
            "prob": 3,
            "value": {
              "text": [
                "查询条件"
              ],
              "visText": [
                "查询条件"
              ]
            }
          },
          {
            "id": "@class/word",
            "prob": 1,
            "ordinal": [
              0,
              2
            ],
            "value": "FIELDSET.x-fieldset LEGEND.x-fieldset-header.x-unselectable SPAN.x-fieldset-header-text"
          },
          {
            "id": "path/ordinal",
            "prob": 1,
            "value": "/HTML[1]/BODY[1]/DIV[1]/DIV[1]/DIV[2]/DIV[1]/DIV[1]/DIV[1]/DIV[1]/FIELDSET[1]/LEGEND[1]/SPAN[1]"
          },
          {
            "id": "style/color",
            "value": [
              21,
              66,
              139
            ]
          },
          {
            "id": "elderLevel",
            "value": {
              "level": 0
            }
          }
        ]
      },
      "roles": "element",
      "text": "查询条件",
      "frameXPath": ""
    },
    "control350_UTi7Uu": {
      "location": {
        "data": {
          "tagName": "SPAN"
        },
        "userData": {
          "data": [],
          "force": false
        },
        "locators": [
          {
            "id": "text",
            "prob": 3,
            "value": {
              "text": [
                "查询条件"
              ],
              "visText": [
                "查询条件"
              ]
            }
          },
          {
            "id": "@class/word",
            "prob": 1,
            "ordinal": [
              0,
              2
            ],
            "value": "FIELDSET.x-fieldset LEGEND.x-fieldset-header.x-unselectable SPAN.x-fieldset-header-text"
          },
          {
            "id": "path/ordinal",
            "prob": 1,
            "value": "/HTML[1]/BODY[1]/DIV[1]/DIV[1]/DIV[2]/DIV[1]/DIV[1]/DIV[1]/DIV[1]/FIELDSET[1]/LEGEND[1]/SPAN[1]"
          },
          {
            "id": "style/color",
            "value": [
              21,
              66,
              139
            ]
          },
          {
            "id": "elderLevel",
            "value": {
              "level": 0
            }
          }
        ]
      },
      "roles": "element",
      "text": "查询条件",
      "frameXPath": ""
    },
    "control351_7nColq": {
      "location": {
        "data": {
          "tagName": "SPAN"
        },
        "userData": {
          "data": [],
          "force": false
        },
        "locators": [
          {
            "id": "text",
            "prob": 3,
            "value": {
              "text": [
                "查询条件"
              ],
              "visText": [
                "查询条件"
              ]
            }
          },
          {
            "id": "@class/word",
            "prob": 1,
            "ordinal": [
              0,
              2
            ],
            "value": "FIELDSET.x-fieldset LEGEND.x-fieldset-header.x-unselectable SPAN.x-fieldset-header-text"
          },
          {
            "id": "path/ordinal",
            "prob": 1,
            "value": "/HTML[1]/BODY[1]/DIV[1]/DIV[1]/DIV[2]/DIV[1]/DIV[1]/DIV[1]/DIV[1]/FIELDSET[1]/LEGEND[1]/SPAN[1]"
          },
          {
            "id": "style/color",
            "value": [
              21,
              66,
              139
            ]
          },
          {
            "id": "elderLevel",
            "value": {
              "level": 0
            }
          }
        ]
      },
      "roles": "element",
      "content": true,
      "monitored": true,
      "frameXPath": "",
      "componentType": "content"
    },
    "control352_crteTl": {
      "location": {
        "data": {
          "tagName": "SPAN"
        },
        "userData": {
          "data": [],
          "force": false
        },
        "locators": [
          {
            "id": "text",
            "prob": 3,
            "value": {
              "text": [
                "覆盖信息"
              ],
              "visText": [
                "覆盖信息"
              ]
            }
          },
          {
            "id": "@class/word",
            "prob": 1,
            "ordinal": [
              1,
              2
            ],
            "value": "FIELDSET.x-fieldset LEGEND.x-fieldset-header.x-unselectable SPAN.x-fieldset-header-text"
          },
          {
            "id": "path/ordinal",
            "prob": 1,
            "value": "/HTML[1]/BODY[1]/DIV[1]/DIV[1]/DIV[2]/DIV[1]/DIV[1]/DIV[1]/DIV[1]/FIELDSET[2]/LEGEND[1]/SPAN[1]"
          },
          {
            "id": "style/color",
            "value": [
              21,
              66,
              139
            ]
          },
          {
            "id": "elderLevel",
            "value": {
              "level": 0
            }
          }
        ]
      },
      "roles": "element",
      "content": true,
      "monitored": true,
      "frameXPath": "",
      "componentType": "content"
    },
    "control353_MJW7fP": {
      "location": {
        "data": {
          "tagName": "TABLE"
        },
        "userData": {
          "data": [],
          "force": false
        },
        "locators": [
          {
            "id": "@id/partialWord",
            "prob": 1,
            "disabled": true,
            "value": {
              "elemId": "ext-comp-1022",
              "tagName": "DIV",
              "prefix": "DIV[@id=\"maindiv\"]//",
              "suffix": "/TABLE[1]/TBODY[1]/TR[1]/TD[1]/TABLE[1]",
              "ratio": 0.298
            }
          },
          {
            "id": "@class/word",
            "prob": 1,
            "ordinal": [
              4,
              10
            ],
            "value": "DIV.x-toolbar.x-small-editor.x-toolbar-layout-ct TABLE.x-toolbar-ct TD.x-toolbar-left TABLE"
          },
          {
            "id": "path/ordinal",
            "prob": 1,
            "value": "/HTML[1]/BODY[1]/DIV[1]/DIV[1]/DIV[2]/DIV[1]/DIV[1]/DIV[1]/DIV[1]/FIELDSET[2]/DIV[1]/DIV[1]/DIV[1]/DIV[1]/DIV[2]/DIV[1]/TABLE[1]/TBODY[1]/TR[1]/TD[1]/TABLE[1]"
          }
        ]
      },
      "events": {
        "onGetData": "getData_control353_MJW7fP"
      },
      "intendedRole": "custom",
      "roles": "element,custom",
      "monitored": true,
      "frameXPath": "",
      "componentType": "custom"
    },
    "control354_3sO9VL": {
      "location": {
        "data": {
          "tagName": "FORM"
        },
        "userData": {
          "data": [],
          "force": false
        },
        "locators": [
          {
            "id": "@class/word",
            "prob": 1,
            "value": "DIV.x-panel-mr DIV.x-panel-mc FORM.x-panel-body.x-form"
          },
          {
            "id": "path/ordinal",
            "prob": 1,
            "value": "/HTML[1]/BODY[1]/DIV[1]/DIV[1]/DIV[2]/DIV[1]/DIV[1]/DIV[1]/DIV[1]/FIELDSET[1]/DIV[1]/DIV[1]/DIV[1]/DIV[2]/DIV[1]/DIV[1]/DIV[1]/FORM[1]"
          }
        ]
      },
      "events": {
        "onGetData": "getData_control354_3sO9VL"
      },
      "intendedRole": "custom",
      "roles": "element,custom",
      "monitored": true,
      "frameXPath": "",
      "componentType": "custom"
    },
    "control355_csRGW0": {
      "location": {
        "data": {
          "tagName": "TABLE"
        },
        "userData": {
          "data": [],
          "force": false
        },
        "locators": [
          {
            "id": "@class/word",
            "prob": 1,
            "ordinal": [
              0,
              2
            ],
            "value": "DIV.x-panel-bbar DIV.x-toolbar.x-small-editor.x-toolbar-layout-ct TABLE.x-toolbar-ct"
          },
          {
            "id": "path/ordinal",
            "prob": 1,
            "value": "/HTML[1]/BODY[1]/DIV[1]/DIV[1]/DIV[2]/DIV[1]/DIV[1]/DIV[1]/DIV[1]/FIELDSET[1]/DIV[1]/DIV[1]/DIV[1]/DIV[2]/DIV[1]/DIV[1]/DIV[1]/DIV[1]/DIV[1]/TABLE[1]"
          }
        ]
      },
      "events": {
        "onGetData": "getData_control355_csRGW0"
      },
      "intendedRole": "custom",
      "roles": "element,custom",
      "monitored": true,
      "frameXPath": "",
      "componentType": "custom"
    },
    "control357_EGPrwK": {
      "location": {
        "data": {
          "tagName": "BODY"
        },
        "userData": {
          "data": [],
          "force": false
        },
        "locators": [
          {
            "id": "@class/word",
            "prob": 1,
            "value": "BODY.ext-webkit.ext-chrome"
          },
          {
            "id": "path/ordinal",
            "prob": 1,
            "value": "/HTML[1]/BODY[1]"
          }
        ]
      },
      "events": {
        "onGetData": "getData_control357_EGPrwK"
      },
      "intendedRole": "custom",
      "roles": "element,custom",
      "monitored": true,
      "frameXPath": "",
      "componentType": "custom"
    },
    "control358_zPPEHb": {
      "location": {
        "data": {
          "tagName": "DIV"
        },
        "userData": {
          "data": [],
          "force": false
        },
        "locators": [
          {
            "id": "@class/word",
            "prob": 1,
            "value": "DIV.x-panel-body.x-panel-body-noheader DIV.x-grid3 DIV.x-grid3-viewport"
          },
          {
            "id": "path/ordinal",
            "prob": 1,
            "value": "/HTML[1]/BODY[1]/DIV[1]/DIV[1]/DIV[2]/DIV[1]/DIV[1]/DIV[1]/DIV[1]/FIELDSET[2]/DIV[1]/DIV[1]/DIV[1]/DIV[1]/DIV[1]/DIV[1]/DIV[1]"
          }
        ]
      },
      "events": {
        "onGetData": "getData_control358_zPPEHb"
      },
      "intendedRole": "custom",
      "roles": "element,custom",
      "monitored": true,
      "frameXPath": "",
      "componentType": "custom"
    }
  },
  "contexts": {
    "context43_CT7zkG": {
      "controls": [
        "control348_DXkaTf",
        "control351_7nColq",
        "control352_crteTl",
        "control353_MJW7fP",
        "control354_3sO9VL",
        "control355_csRGW0",
        "control357_EGPrwK",
        "control358_zPPEHb"
      ],
      "anchors": [
        "control350_UTi7Uu"
      ],
      "urlAnchor": []
    }
  },
  "flows": {
    "flow207_kwSDzW": {
      "toContexts": [
        {
          "toContextId": "context43_CT7zkG"
        }
      ]
    },
    "flow213_1aAqEd": {
      "fromContextId": "context43_CT7zkG",
      "fromAction": "doAction",
      "fromControlId": "control355_csRGW0",
      "toContexts": [
        {
          "toContextId": "context43_CT7zkG"
        }
      ]
    },
    "flow214_kkLttX": {
      "fromContextId": "context43_CT7zkG",
      "fromAction": "doAction",
      "fromControlId": "control354_3sO9VL",
      "toContexts": [
        {
          "toContextId": "context43_CT7zkG"
        }
      ]
    },
    "flow215_bD7IT9": {
      "fromContextId": "context43_CT7zkG",
      "fromAction": "doAction",
      "fromControlId": "control358_zPPEHb",
      "toContexts": [
        {
          "toContextId": "context43_CT7zkG"
        }
      ]
    },
    "flow216_xWHetu": {
      "fromContextId": "context43_CT7zkG",
      "fromAction": "doAction",
      "fromControlId": "control357_EGPrwK",
      "toContexts": [
        {
          "toContextId": "context43_CT7zkG"
        }
      ]
    }
  },
  "pages": {
    "page43_cOUOPz": {
      "contextId": "context43_CT7zkG",
      "layout": [
        {
          "id": "uiControl379_gyybM8",
          "controlId": "control357_EGPrwK",
          "display": {
            "adapterId": "custom",
            "type": "custom",
            "adapter": {
              "templateType": "react",
              "events": {
                "onDoAction": "doAction_uiControl379_gyybM8",
                "onGetTemplate": "getTemplate_uiControl379_gyybM8"
              }
            }
          }
        },
        {
          "id": "uiControl370_maJ7Hs",
          "controlId": "control348_DXkaTf",
          "display": {
            "adapterId": "custom",
            "type": "custom",
            "adapter": {
              "templateType": "react",
              "events": {
                "onDoAction": "doAction_uiControl370_maJ7Hs",
                "onGetTemplate": "getTemplate_uiControl370_maJ7Hs"
              }
            }
          }
        },
        {
          "id": "uiControl372_UolkPB",
          "display": {
            "type": "card",
            "adapterId": "card",
            "adapter": {
              "templateType": ""
            }
          },
          "layout": [
            {
              "id": "uiControl372_UolkPBheader",
              "display": {
                "type": "cardHeader",
                "text": "",
                "adapterId": "cardHeader",
                "adapter": {
                  "templateType": ""
                }
              },
              "layout": []
            },
            {
              "id": "uiControl372_UolkPBbody",
              "display": {
                "type": "cardBody",
                "adapterId": "cardBody",
                "adapter": {
                  "templateType": ""
                }
              },
              "layout": [
                {
                  "id": "uiControl373_kanQM1",
                  "controlId": "control351_7nColq",
                  "display": {
                    "adapterId": "content",
                    "type": "content",
                    "class": "w-tit",
                    "adapter": {
                      "templateType": ""
                    }
                  }
                },
                {
                  "id": "uiControl376_Byqd8U",
                  "controlId": "control354_3sO9VL",
                  "display": {
                    "adapterId": "custom",
                    "type": "custom",
                    "adapter": {
                      "templateType": "react",
                      "events": {
                        "onDoAction": "doAction_uiControl376_Byqd8U",
                        "onGetTemplate": "getTemplate_uiControl376_Byqd8U"
                      }
                    }
                  }
                },
                {
                  "id": "uiControl377_12GKA8",
                  "controlId": "control355_csRGW0",
                  "display": {
                    "adapterId": "custom",
                    "type": "custom",
                    "adapter": {
                      "templateType": "react",
                      "events": {
                        "onDoAction": "doAction_uiControl377_12GKA8",
                        "onGetTemplate": "getTemplate_uiControl377_12GKA8"
                      }
                    }
                  }
                }
              ]
            },
            {
              "id": "uiControl372_UolkPBfooter",
              "display": {
                "type": "cardFooter",
                "adapterId": "cardFooter",
                "adapter": {
                  "templateType": ""
                }
              },
              "layout": []
            }
          ]
        },
        {
          "id": "uiControl371_aLbRWq",
          "display": {
            "type": "card",
            "adapterId": "card",
            "adapter": {
              "templateType": ""
            }
          },
          "layout": [
            {
              "id": "uiControl371_aLbRWqheader",
              "display": {
                "type": "cardHeader",
                "text": "",
                "adapterId": "cardHeader",
                "adapter": {
                  "templateType": ""
                }
              },
              "layout": []
            },
            {
              "id": "uiControl371_aLbRWqbody",
              "display": {
                "type": "cardBody",
                "adapterId": "cardBody",
                "adapter": {
                  "templateType": ""
                }
              },
              "layout": [
                {
                  "id": "uiControl374_D20epG",
                  "controlId": "control352_crteTl",
                  "display": {
                    "adapterId": "content",
                    "type": "content",
                    "class": "w-tit",
                    "adapter": {
                      "templateType": ""
                    }
                  }
                },
                {
                  "id": "uiControl380_ui0CbD",
                  "controlId": "control358_zPPEHb",
                  "display": {
                    "adapterId": "custom",
                    "type": "custom",
                    "adapter": {
                      "templateType": "react",
                      "events": {
                        "onDoAction": "doAction_uiControl380_ui0CbD",
                        "onGetTemplate": "getTemplate_uiControl380_ui0CbD"
                      }
                    }
                  }
                },
                {
                  "id": "uiControl375_PTHVD6",
                  "controlId": "control353_MJW7fP",
                  "display": {
                    "adapterId": "custom",
                    "type": "custom",
                    "adapter": {
                      "templateType": "react",
                      "events": {
                        "onDoAction": "doAction_uiControl375_PTHVD6",
                        "onGetTemplate": "getTemplate_uiControl375_PTHVD6"
                      }
                    }
                  }
                }
              ]
            },
            {
              "id": "uiControl371_aLbRWqfooter",
              "display": {
                "type": "cardFooter",
                "adapterId": "cardFooter",
                "adapter": {
                  "templateType": ""
                }
              },
              "layout": []
            }
          ]
        }
      ]
    }
  },
  "matchers": {
    "page/title": {
      "contexts": {
        "context43_CT7zkG": [
          "预覆盖信息查询"
        ]
      }
    },
    "page/urls": {
      "contexts": {
        "context43_CT7zkG": [
          "10.223.235.68:7206/WebRoot/cover/coverAction!toCoverQuery.ilf?ngcrm_rnd=0.9848763560992191&ngcrm_reserved1=1&channelName=CRM%25E8%2590%25A5%25E4%25B8%259A%25E5%258E%2585&operId=sys_9511&operOrgName=%25E9%2593%25B6%25E5%25B7%259D%25E5%259C%25B0%25E5%258C%25BA&operName=%25E8%25B0%25AD%25E5%2598%2589%25E5%25AE%2587&url=http://218.203.103.203:8082/ngcustcare/custsvc/common/addressCallBack.action&noCrmSSO=1",
          "10.223.235.68:7206/WebRoot/cover/coverAction!toCoverQuery.ilf?ngcrm_rnd=0.8068957096355129&ngcrm_reserved1=1&channelName=CRM%25E8%2590%25A5%25E4%25B8%259A%25E5%258E%2585&operId=sys_9511&operOrgName=%25E9%2593%25B6%25E5%25B7%259D%25E5%259C%25B0%25E5%258C%25BA&operName=%25E8%25B0%25AD%25E5%2598%2589%25E5%25AE%2587&url=http://218.203.103.203:8082/ngcustcare/custsvc/common/addressCallBack.action&noCrmSSO=1",
          "10.223.235.68:7206/WebRoot/cover/coverAction!toCoverQuery.ilf?ngcrm_rnd=0.21200133884972105&ngcrm_reserved1=1&channelName=CRM%25E8%2590%25A5%25E4%25B8%259A%25E5%258E%2585&operId=sys_9511&operOrgName=%25E9%2593%25B6%25E5%25B7%259D%25E5%259C%25B0%25E5%258C%25BA&operName=%25E8%25B0%25AD%25E5%2598%2589%25E5%25AE%2587&url=http://218.203.103.203:8082/ngcustcare/custsvc/common/addressCallBack.action&noCrmSSO=1",
          "10.223.235.68:7206/WebRoot/cover/coverAction!toCoverQuery.ilf?ngcrm_rnd=0.9952025644082954&ngcrm_reserved1=1&channelName=CRM%25E8%2590%25A5%25E4%25B8%259A%25E5%258E%2585&operId=sys_9511&operOrgName=%25E9%2593%25B6%25E5%25B7%259D%25E5%259C%25B0%25E5%258C%25BA&operName=%25E8%25B0%25AD%25E5%2598%2589%25E5%25AE%2587&url=http://218.203.103.203:8082/ngcustcare/custsvc/common/addressCallBack.action&noCrmSSO=1"
        ]
      }
    },
    "page/ids": {
      "contexts": {
        "context43_CT7zkG": [
          [
            "addressinfo",
            "building",
            "cityCombo",
            "countyCombo",
            "customerCode",
            "customerName",
            "ext-comp-",
            "ext-gen",
            "floor",
            "form",
            "maindiv",
            "numberCombo",
            "queryType",
            "roadCombo",
            "room",
            "townCombo",
            "unit",
            "x-form-el-building",
            "x-form-el-cityCombo",
            "x-form-el-countyCombo",
            "x-form-el-customerCode",
            "x-form-el-customerName",
            "x-form-el-floor",
            "x-form-el-numberCombo",
            "x-form-el-queryType",
            "x-form-el-roadCombo",
            "x-form-el-room",
            "x-form-el-townCombo",
            "x-form-el-unit",
            "x-form-el-zoneCombo",
            "zoneCombo"
          ]
        ]
      }
    },
    "page/classes": {
      "contexts": {
        "context43_CT7zkG": [
          [
            "col-move-bottom",
            "col-move-top",
            "icon-bind",
            "icon-query",
            "x-btn",
            "x-btn-bc",
            "x-btn-bl",
            "x-btn-br",
            "x-btn-icon",
            "x-btn-icon-small-left",
            "x-btn-mc",
            "x-btn-ml",
            "x-btn-mr",
            "x-btn-small",
            "x-btn-tc",
            "x-btn-text",
            "x-btn-text-icon",
            "x-btn-tl",
            "x-btn-tr",
            "x-clear",
            "x-column",
            "x-column-inner",
            "x-column-layout-ct",
            "x-combo-list",
            "x-combo-list-ft",
            "x-combo-list-inner",
            "x-combo-list-item",
            "x-combo-selected",
            "x-dd-drag-ghost",
            "x-dd-drag-proxy",
            "x-dd-drop-icon",
            "x-dd-drop-nodrop",
            "x-fieldset",
            "x-fieldset-body",
            "x-fieldset-bwrap",
            "x-fieldset-header",
            "x-fieldset-header-text",
            "x-form",
            "x-form-arrow-trigger",
            "x-form-clear-left",
            "x-form-element",
            "x-form-empty-field",
            "x-form-field",
            "x-form-field-trigger-wrap",
            "x-form-field-wrap",
            "x-form-focus",
            "x-form-item",
            "x-form-item-label",
            "x-form-label-left",
            "x-form-num-field",
            "x-form-text",
            "x-form-trigger",
            "x-grid",
            "x-grid-body",
            "x-grid-cell",
            "x-grid-cell-first",
            "x-grid-cell-last",
            "x-grid-col-dd",
            "x-grid-focus",
            "x-grid-hd",
            "x-grid-hd-",
            "x-grid-hd-btn",
            "x-grid-hd-checker",
            "x-grid-hd-inner",
            "x-grid-hd-row",
            "x-grid-header",
            "x-grid-header-inner",
            "x-grid-header-offset",
            "x-grid-panel",
            "x-grid-resize-marker",
            "x-grid-resize-proxy",
            "x-grid-scroller",
            "x-grid-sort-icon",
            "x-grid-td-",
            "x-grid-td-checker",
            "x-grid-viewport",
            "x-item-disabled",
            "x-layer",
            "x-panel",
            "x-panel-bbar",
            "x-panel-bc",
            "x-panel-bl",
            "x-panel-body",
            "x-panel-body-noborder",
            "x-panel-body-noheader",
            "x-panel-br",
            "x-panel-bwrap",
            "x-panel-mc",
            "x-panel-ml",
            "x-panel-mr",
            "x-panel-noborder",
            "x-panel-nofooter",
            "x-panel-tc",
            "x-panel-tl",
            "x-panel-tr",
            "x-shadow",
            "x-small-editor",
            "x-tbar-loading",
            "x-tbar-page-first",
            "x-tbar-page-last",
            "x-tbar-page-next",
            "x-tbar-page-number",
            "x-tbar-page-prev",
            "x-tool",
            "x-tool-toggle",
            "x-toolbar",
            "x-toolbar-cell",
            "x-toolbar-ct",
            "x-toolbar-extras-row",
            "x-toolbar-layout-ct",
            "x-toolbar-left",
            "x-toolbar-left-row",
            "x-toolbar-right",
            "x-toolbar-right-ct",
            "x-toolbar-right-row",
            "x-trigger-wrap-focus",
            "x-unselectable",
            "xsb",
            "xsbc",
            "xsbl",
            "xsbr",
            "xsc",
            "xsmc",
            "xsml",
            "xsmr",
            "xst",
            "xstc",
            "xstl",
            "xstr",
            "xtb-sep",
            "xtb-text"
          ],
          [
            "col-move-bottom",
            "col-move-top",
            "icon-bind",
            "icon-query",
            "x-btn",
            "x-btn-bc",
            "x-btn-bl",
            "x-btn-br",
            "x-btn-icon",
            "x-btn-icon-small-left",
            "x-btn-mc",
            "x-btn-ml",
            "x-btn-mr",
            "x-btn-small",
            "x-btn-tc",
            "x-btn-text",
            "x-btn-text-icon",
            "x-btn-tl",
            "x-btn-tr",
            "x-clear",
            "x-column",
            "x-column-inner",
            "x-column-layout-ct",
            "x-combo-list",
            "x-combo-list-ft",
            "x-combo-list-inner",
            "x-combo-list-item",
            "x-combo-selected",
            "x-dd-drag-ghost",
            "x-dd-drag-proxy",
            "x-dd-drop-icon",
            "x-dd-drop-nodrop",
            "x-fieldset",
            "x-fieldset-body",
            "x-fieldset-bwrap",
            "x-fieldset-header",
            "x-fieldset-header-text",
            "x-form",
            "x-form-arrow-trigger",
            "x-form-clear-left",
            "x-form-element",
            "x-form-empty-field",
            "x-form-field",
            "x-form-field-trigger-wrap",
            "x-form-field-wrap",
            "x-form-item",
            "x-form-item-label",
            "x-form-label-left",
            "x-form-num-field",
            "x-form-text",
            "x-form-trigger",
            "x-grid",
            "x-grid-body",
            "x-grid-cell",
            "x-grid-cell-first",
            "x-grid-cell-last",
            "x-grid-col-dd",
            "x-grid-focus",
            "x-grid-hd",
            "x-grid-hd-",
            "x-grid-hd-btn",
            "x-grid-hd-checker",
            "x-grid-hd-inner",
            "x-grid-hd-row",
            "x-grid-header",
            "x-grid-header-inner",
            "x-grid-header-offset",
            "x-grid-panel",
            "x-grid-resize-marker",
            "x-grid-resize-proxy",
            "x-grid-scroller",
            "x-grid-sort-icon",
            "x-grid-td-",
            "x-grid-td-checker",
            "x-grid-viewport",
            "x-item-disabled",
            "x-layer",
            "x-panel",
            "x-panel-bbar",
            "x-panel-bc",
            "x-panel-bl",
            "x-panel-body",
            "x-panel-body-noborder",
            "x-panel-body-noheader",
            "x-panel-br",
            "x-panel-bwrap",
            "x-panel-mc",
            "x-panel-ml",
            "x-panel-mr",
            "x-panel-noborder",
            "x-panel-nofooter",
            "x-panel-tc",
            "x-panel-tl",
            "x-panel-tr",
            "x-shadow",
            "x-small-editor",
            "x-tbar-loading",
            "x-tbar-page-first",
            "x-tbar-page-last",
            "x-tbar-page-next",
            "x-tbar-page-number",
            "x-tbar-page-prev",
            "x-tool",
            "x-tool-toggle",
            "x-toolbar",
            "x-toolbar-cell",
            "x-toolbar-ct",
            "x-toolbar-extras-row",
            "x-toolbar-layout-ct",
            "x-toolbar-left",
            "x-toolbar-left-row",
            "x-toolbar-right",
            "x-toolbar-right-ct",
            "x-toolbar-right-row",
            "x-unselectable",
            "xsb",
            "xsbc",
            "xsbl",
            "xsbr",
            "xsc",
            "xsmc",
            "xsml",
            "xsmr",
            "xst",
            "xstc",
            "xstl",
            "xstr",
            "xtb-sep",
            "xtb-text"
          ],
          [
            "col-move-bottom",
            "col-move-top",
            "icon-bind",
            "icon-query",
            "x-btn",
            "x-btn-bc",
            "x-btn-bl",
            "x-btn-br",
            "x-btn-icon",
            "x-btn-icon-small-left",
            "x-btn-mc",
            "x-btn-ml",
            "x-btn-mr",
            "x-btn-small",
            "x-btn-tc",
            "x-btn-text",
            "x-btn-text-icon",
            "x-btn-tl",
            "x-btn-tr",
            "x-clear",
            "x-column",
            "x-column-inner",
            "x-column-layout-ct",
            "x-dd-drag-ghost",
            "x-dd-drag-proxy",
            "x-dd-drop-icon",
            "x-dd-drop-nodrop",
            "x-fieldset",
            "x-fieldset-body",
            "x-fieldset-bwrap",
            "x-fieldset-header",
            "x-fieldset-header-text",
            "x-form",
            "x-form-arrow-trigger",
            "x-form-clear-left",
            "x-form-element",
            "x-form-empty-field",
            "x-form-field",
            "x-form-field-trigger-wrap",
            "x-form-field-wrap",
            "x-form-item",
            "x-form-item-label",
            "x-form-label-left",
            "x-form-num-field",
            "x-form-text",
            "x-form-trigger",
            "x-grid",
            "x-grid-body",
            "x-grid-cell",
            "x-grid-cell-first",
            "x-grid-cell-last",
            "x-grid-col-dd",
            "x-grid-focus",
            "x-grid-hd",
            "x-grid-hd-",
            "x-grid-hd-btn",
            "x-grid-hd-checker",
            "x-grid-hd-inner",
            "x-grid-hd-row",
            "x-grid-header",
            "x-grid-header-inner",
            "x-grid-header-offset",
            "x-grid-panel",
            "x-grid-resize-marker",
            "x-grid-resize-proxy",
            "x-grid-scroller",
            "x-grid-sort-icon",
            "x-grid-td-",
            "x-grid-td-checker",
            "x-grid-viewport",
            "x-item-disabled",
            "x-panel",
            "x-panel-bbar",
            "x-panel-bc",
            "x-panel-bl",
            "x-panel-body",
            "x-panel-body-noborder",
            "x-panel-body-noheader",
            "x-panel-br",
            "x-panel-bwrap",
            "x-panel-mc",
            "x-panel-ml",
            "x-panel-mr",
            "x-panel-noborder",
            "x-panel-nofooter",
            "x-panel-tc",
            "x-panel-tl",
            "x-panel-tr",
            "x-small-editor",
            "x-tbar-loading",
            "x-tbar-page-first",
            "x-tbar-page-last",
            "x-tbar-page-next",
            "x-tbar-page-number",
            "x-tbar-page-prev",
            "x-tool",
            "x-tool-toggle",
            "x-toolbar",
            "x-toolbar-cell",
            "x-toolbar-ct",
            "x-toolbar-extras-row",
            "x-toolbar-layout-ct",
            "x-toolbar-left",
            "x-toolbar-left-row",
            "x-toolbar-right",
            "x-toolbar-right-ct",
            "x-toolbar-right-row",
            "x-unselectable",
            "xtb-sep",
            "xtb-text"
          ],
          [
            "col-move-bottom",
            "col-move-top",
            "icon-bind",
            "icon-query",
            "x-btn",
            "x-btn-bc",
            "x-btn-bl",
            "x-btn-br",
            "x-btn-icon",
            "x-btn-icon-small-left",
            "x-btn-mc",
            "x-btn-ml",
            "x-btn-mr",
            "x-btn-small",
            "x-btn-tc",
            "x-btn-text",
            "x-btn-text-icon",
            "x-btn-tl",
            "x-btn-tr",
            "x-clear",
            "x-column",
            "x-column-inner",
            "x-column-layout-ct",
            "x-dd-drag-ghost",
            "x-dd-drag-proxy",
            "x-dd-drop-icon",
            "x-dd-drop-nodrop",
            "x-fieldset",
            "x-fieldset-body",
            "x-fieldset-bwrap",
            "x-fieldset-header",
            "x-fieldset-header-text",
            "x-form",
            "x-form-arrow-trigger",
            "x-form-clear-left",
            "x-form-element",
            "x-form-empty-field",
            "x-form-field",
            "x-form-field-trigger-wrap",
            "x-form-field-wrap",
            "x-form-item",
            "x-form-item-label",
            "x-form-label-left",
            "x-form-num-field",
            "x-form-text",
            "x-form-trigger",
            "x-grid",
            "x-grid-body",
            "x-grid-cell",
            "x-grid-cell-first",
            "x-grid-cell-inner",
            "x-grid-cell-last",
            "x-grid-col",
            "x-grid-col-",
            "x-grid-col-checker",
            "x-grid-col-dd",
            "x-grid-focus",
            "x-grid-hd",
            "x-grid-hd-",
            "x-grid-hd-btn",
            "x-grid-hd-checker",
            "x-grid-hd-inner",
            "x-grid-hd-row",
            "x-grid-header",
            "x-grid-header-inner",
            "x-grid-header-offset",
            "x-grid-panel",
            "x-grid-resize-marker",
            "x-grid-resize-proxy",
            "x-grid-row",
            "x-grid-row-checker",
            "x-grid-row-first",
            "x-grid-row-last",
            "x-grid-row-selected",
            "x-grid-row-table",
            "x-grid-scroller",
            "x-grid-sort-icon",
            "x-grid-td-",
            "x-grid-td-checker",
            "x-grid-viewport",
            "x-item-disabled",
            "x-panel",
            "x-panel-bbar",
            "x-panel-bc",
            "x-panel-bl",
            "x-panel-body",
            "x-panel-body-noborder",
            "x-panel-body-noheader",
            "x-panel-br",
            "x-panel-bwrap",
            "x-panel-mc",
            "x-panel-ml",
            "x-panel-mr",
            "x-panel-noborder",
            "x-panel-nofooter",
            "x-panel-tc",
            "x-panel-tl",
            "x-panel-tr",
            "x-shadow",
            "x-small-editor",
            "x-tbar-loading",
            "x-tbar-page-first",
            "x-tbar-page-last",
            "x-tbar-page-next",
            "x-tbar-page-number",
            "x-tbar-page-prev",
            "x-tool",
            "x-tool-toggle",
            "x-toolbar",
            "x-toolbar-cell",
            "x-toolbar-ct",
            "x-toolbar-extras-row",
            "x-toolbar-layout-ct",
            "x-toolbar-left",
            "x-toolbar-left-row",
            "x-toolbar-right",
            "x-toolbar-right-ct",
            "x-toolbar-right-row",
            "x-unselectable",
            "xsb",
            "xsbc",
            "xsbl",
            "xsbr",
            "xsc",
            "xsmc",
            "xsml",
            "xsmr",
            "xst",
            "xstc",
            "xstl",
            "xstr",
            "xtb-sep",
            "xtb-text"
          ],
          [
            "col-move-bottom",
            "col-move-top",
            "icon-bind",
            "icon-query",
            "x-btn",
            "x-btn-bc",
            "x-btn-bl",
            "x-btn-br",
            "x-btn-icon",
            "x-btn-icon-small-left",
            "x-btn-mc",
            "x-btn-ml",
            "x-btn-mr",
            "x-btn-small",
            "x-btn-tc",
            "x-btn-text",
            "x-btn-text-icon",
            "x-btn-tl",
            "x-btn-tr",
            "x-clear",
            "x-column",
            "x-column-inner",
            "x-column-layout-ct",
            "x-combo-list",
            "x-combo-list-ft",
            "x-combo-list-inner",
            "x-combo-list-item",
            "x-combo-selected",
            "x-dd-drag-ghost",
            "x-dd-drag-proxy",
            "x-dd-drop-icon",
            "x-dd-drop-nodrop",
            "x-fieldset",
            "x-fieldset-body",
            "x-fieldset-bwrap",
            "x-fieldset-header",
            "x-fieldset-header-text",
            "x-form",
            "x-form-arrow-trigger",
            "x-form-clear-left",
            "x-form-element",
            "x-form-empty-field",
            "x-form-field",
            "x-form-field-trigger-wrap",
            "x-form-field-wrap",
            "x-form-item",
            "x-form-item-label",
            "x-form-label-left",
            "x-form-num-field",
            "x-form-text",
            "x-form-trigger",
            "x-grid",
            "x-grid-body",
            "x-grid-cell",
            "x-grid-cell-first",
            "x-grid-cell-inner",
            "x-grid-cell-last",
            "x-grid-col",
            "x-grid-col-",
            "x-grid-col-checker",
            "x-grid-col-dd",
            "x-grid-focus",
            "x-grid-hd",
            "x-grid-hd-",
            "x-grid-hd-btn",
            "x-grid-hd-checker",
            "x-grid-hd-inner",
            "x-grid-hd-row",
            "x-grid-header",
            "x-grid-header-inner",
            "x-grid-header-offset",
            "x-grid-panel",
            "x-grid-resize-marker",
            "x-grid-resize-proxy",
            "x-grid-row",
            "x-grid-row-checker",
            "x-grid-row-first",
            "x-grid-row-last",
            "x-grid-row-selected",
            "x-grid-row-table",
            "x-grid-scroller",
            "x-grid-sort-icon",
            "x-grid-td-",
            "x-grid-td-checker",
            "x-grid-viewport",
            "x-item-disabled",
            "x-layer",
            "x-panel",
            "x-panel-bbar",
            "x-panel-bc",
            "x-panel-bl",
            "x-panel-body",
            "x-panel-body-noborder",
            "x-panel-body-noheader",
            "x-panel-br",
            "x-panel-bwrap",
            "x-panel-mc",
            "x-panel-ml",
            "x-panel-mr",
            "x-panel-noborder",
            "x-panel-nofooter",
            "x-panel-tc",
            "x-panel-tl",
            "x-panel-tr",
            "x-shadow",
            "x-small-editor",
            "x-tbar-loading",
            "x-tbar-page-first",
            "x-tbar-page-last",
            "x-tbar-page-next",
            "x-tbar-page-number",
            "x-tbar-page-prev",
            "x-tool",
            "x-tool-toggle",
            "x-toolbar",
            "x-toolbar-cell",
            "x-toolbar-ct",
            "x-toolbar-extras-row",
            "x-toolbar-layout-ct",
            "x-toolbar-left",
            "x-toolbar-left-row",
            "x-toolbar-right",
            "x-toolbar-right-ct",
            "x-toolbar-right-row",
            "x-unselectable",
            "xsb",
            "xsbc",
            "xsbl",
            "xsbr",
            "xsc",
            "xsmc",
            "xsml",
            "xsmr",
            "xst",
            "xstc",
            "xstl",
            "xstr",
            "xtb-sep",
            "xtb-text"
          ]
        ]
      }
    },
    "page/tagTriplets": {
      "contexts": {
        "context43_CT7zkG": [
          [
            "-/-/DIV",
            "-/-/FORM",
            "-/-/SCRIPT",
            "-/DIV/DIV",
            "-/FORM/INPUT-hidden",
            "DIV/DIV/A",
            "DIV/DIV/DIV",
            "DIV/DIV/FIELDSET",
            "DIV/DIV/FORM",
            "DIV/DIV/IMG",
            "DIV/DIV/INPUT-text",
            "DIV/DIV/LABEL",
            "DIV/DIV/TABLE",
            "DIV/FIELDSET/DIV",
            "DIV/FIELDSET/LEGEND",
            "DIV/FORM/DIV",
            "DIV/TABLE/TBODY",
            "DIV/TABLE/THEAD",
            "FIELDSET/DIV/DIV",
            "FIELDSET/LEGEND/DIV",
            "FIELDSET/LEGEND/SPAN",
            "FORM/DIV/DIV",
            "TABLE/TBODY/TR",
            "TABLE/THEAD/TR",
            "TBODY/TR/TD",
            "TD/DIV/A",
            "TD/DIV/DIV",
            "TD/DIV/IMG",
            "TD/EM/BUTTON",
            "TD/TABLE/TBODY",
            "THEAD/TR/TD",
            "TR/TD/DIV",
            "TR/TD/EM",
            "TR/TD/I",
            "TR/TD/INPUT-text",
            "TR/TD/SPAN",
            "TR/TD/TABLE"
          ]
        ]
      }
    }
  }
}