{
  "version": "0.1",
  "id": "lks_financeflowreview",
  "targetURL": "http://oa.sec.com.cn/lks/koa/lks_financeflowreview.nsf/0/758B5F3DC118C98A4825828E0028B5B4?OpenDocument",
  "jsFile": "index.js",
  "requires": {
    "choosePeople": "../choosePeople/index.json",
    "Global_Approval": "../Global_Approval/index.json",
    "lks_copy": "../lks_copy/index.json",
    "Global_WeChat": "../Global_WeChat/index.json",
    "lks_Message": "../lks_Message/index.json",
    "returnMsg": "../returnMsg/index.json",
    "Flowchart_SelectPeople": "../Flowchart_SelectPeople/index.json",
    "lks_review": "../lks_review/index.json",
    "lks_plflowreview": "../lks_plflowreview/index.json",
    "lks_financeflowreview_edit": "../lks_financeflowreview_edit/index.json",
    "lks_tasks": "../lks_tasks/index.json",
    "lks_archivemngnewex": "../lks_archivemngnewex/index.json",
    "lks_hrreview": "../lks_hrreview/index.json",
    "lks_profile": "../lks_profile/index.json",
    "lks-filemng": "../lks-filemng/index.json",
    "lks_rules": "../lks_rules/index.json",
    "lks_bargaincollection": "../lks_bargaincollection/index.json",
    "lks_zhaotoubiao": "../lks_zhaotoubiao/index.json",
    "FM_ChangeReader": "../FM_ChangeReader/index.json"
  },
  "chineseName": "财务流程",
  "description": "",
  "firstPaintEnable": false,
  "controls": {
    "control47_baCDBZ": {
      "location": {
        "data": {
          "tagName": "TABLE"
        },
        "userData": {
          "data": [],
          "force": false
        },
        "locators": [
          {
            "id": "@id/word",
            "prob": 3,
            "value": "descendant::TABLE[@id=\"BtnTable\"]"
          },
          {
            "id": "path/ordinal",
            "prob": 1,
            "ordinal": [
              0,
              2
            ],
            "value": "/HTML[1]/BODY[1]/FORM[1]/TABLE[2]"
          }
        ]
      },
      "events": {
        "onGetData": "getData_control47_baCDBZ"
      },
      "intendedRole": "custom",
      "roles": "element,custom",
      "monitored": true,
      "frameXPath": "",
      "componentType": "custom"
    },
    "control57_DaAxOX": {
      "location": {
        "data": {
          "tagName": "CENTER"
        },
        "userData": {
          "data": [],
          "force": false
        },
        "locators": [
          {
            "id": "path/ordinal",
            "prob": 1,
            "value": "/HTML[1]/BODY[1]/FORM[1]/CENTER[1]"
          }
        ]
      },
      "events": {
        "onGetData": "getData_control57_DaAxOX"
      },
      "intendedRole": "custom",
      "roles": "element,custom",
      "monitored": true,
      "frameXPath": "",
      "componentType": "custom"
    },
    "control59_Fz0h8n": {
      "location": {
        "data": {
          "tagName": "TABLE"
        },
        "userData": {
          "data": [],
          "force": false
        },
        "locators": [
          {
            "id": "@id/word",
            "prob": 3,
            "value": "descendant::TABLE[@id=\"labelTable\"]"
          },
          {
            "id": "@class/word",
            "prob": 1,
            "value": "TABLE.labeltb"
          },
          {
            "id": "path/ordinal",
            "prob": 1,
            "value": "/HTML[1]/BODY[1]/FORM[1]/TABLE[3]"
          }
        ]
      },
      "events": {
        "onGetData": "getData_control59_Fz0h8n"
      },
      "intendedRole": "custom",
      "roles": "element,custom",
      "monitored": true,
      "frameXPath": "",
      "componentType": "custom"
    },
    "control60_sWJHJO": {
      "location": {
        "data": {
          "tagName": "TABLE"
        },
        "userData": {
          "data": [],
          "force": false
        },
        "locators": [
          {
            "id": "@id/word",
            "prob": 3,
            "value": "descendant::TABLE[@id=\"labelTable\"]"
          },
          {
            "id": "@class/word",
            "prob": 1,
            "value": "TABLE.labeltb"
          },
          {
            "id": "path/ordinal",
            "prob": 1,
            "value": "/HTML[1]/BODY[1]/FORM[1]/TABLE[3]"
          }
        ]
      },
      "events": {
        "onGetData": "getData_control60_sWJHJO"
      },
      "intendedRole": "custom",
      "roles": "element,custom",
      "monitored": true,
      "frameXPath": "",
      "componentType": "custom"
    },
    "control61_siL9aW": {
      "location": {
        "data": {
          "tagName": "TABLE"
        },
        "userData": {
          "data": [],
          "force": false
        },
        "locators": [
          {
            "id": "@id/word",
            "prob": 3,
            "value": "descendant::TABLE[@id=\"labelTable\"]"
          },
          {
            "id": "@class/word",
            "prob": 1,
            "value": "TABLE.labeltb"
          },
          {
            "id": "path/ordinal",
            "prob": 1,
            "value": "/HTML[1]/BODY[1]/FORM[1]/TABLE[3]"
          }
        ]
      },
      "events": {
        "onGetData": "getData_control61_siL9aW"
      },
      "intendedRole": "custom",
      "roles": "element,custom",
      "monitored": true,
      "frameXPath": "",
      "componentType": "custom"
    },
    "control63_B8XQaD": {
      "location": {
        "data": {
          "tagName": "TD"
        },
        "userData": {
          "data": [],
          "force": false
        },
        "locators": [
          {
            "id": "@id/word",
            "prob": 3,
            "value": [
              "descendant::TABLE[@id=\"tbReview\"]//TD[@id=\"tdButton\"]",
              "descendant::TD[@id=\"tdButton\"]"
            ]
          },
          {
            "id": "path/ordinal",
            "prob": 1,
            "value": "/HTML[1]/BODY[1]/FORM[1]/TABLE[2]/TBODY[1]/TR[2]/TD[1]"
          }
        ]
      },
      "events": {
        "onGetData": "getData_control63_B8XQaD"
      },
      "intendedRole": "custom",
      "roles": "element,custom",
      "monitored": true,
      "frameXPath": "//iframe[@id='ifFlow']<<IFRAME>>",
      "componentType": "custom"
    },
    "control82_f9MKR7": {
      "location": {
        "data": {
          "tagName": "IFRAME"
        },
        "userData": {
          "data": [],
          "force": false
        },
        "locators": [
          {
            "id": "@id/word",
            "prob": 3,
            "value": [
              "descendant::TABLE[@id=\"labelTable\"]//IFRAME[@id=\"ifFlow\"]",
              "descendant::IFRAME[@id=\"ifFlow\"]"
            ]
          },
          {
            "id": "@class/word",
            "prob": 1,
            "value": "TABLE.labeltb TR.trbg TD.tdbg TABLE TBODY TR TD IFRAME"
          },
          {
            "id": "path/ordinal",
            "prob": 1,
            "value": "/HTML[1]/BODY[1]/FORM[1]/TABLE[3]/TBODY[1]/TR[4]/TD[1]/TABLE[1]/TBODY[1]/TR[2]/TD[1]/IFRAME[1]"
          },
          {
            "id": "elderLevel",
            "value": {
              "level": 0
            }
          }
        ]
      },
      "events": {
        "onGetData": "getData_control82_f9MKR7"
      },
      "intendedRole": "custom",
      "roles": "element,custom",
      "monitored": true,
      "frameXPath": "",
      "componentType": "custom"
    },
    "control102_Hh0dbV": {
      "location": {
        "data": {
          "tagName": "TABLE"
        },
        "userData": {
          "data": [],
          "force": false
        },
        "locators": [
          {
            "id": "@id/word",
            "prob": 3,
            "value": "descendant::TABLE[@id=\"tbReview\"]"
          },
          {
            "id": "path/ordinal",
            "prob": 1,
            "value": "/HTML[1]/BODY[1]/FORM[1]/TABLE[2]"
          }
        ]
      },
      "events": {
        "onGetData": "getData_control102_Hh0dbV"
      },
      "intendedRole": "custom",
      "roles": "element,custom",
      "monitored": true,
      "frameXPath": "//iframe[@id='ifFlow']<<IFRAME>>",
      "componentType": "custom"
    },
    "control130_fLZ41l": {
      "location": {
        "data": {
          "tagName": "TABLE"
        },
        "userData": {
          "data": [],
          "force": false
        },
        "locators": [
          {
            "id": "@id/word",
            "prob": 3,
            "value": "descendant::TABLE[@id=\"labelTable\"]"
          },
          {
            "id": "@class/word",
            "prob": 1,
            "value": "TABLE.labeltb"
          },
          {
            "id": "path/ordinal",
            "prob": 1,
            "value": "/HTML[1]/BODY[1]/FORM[1]/TABLE[3]"
          }
        ]
      },
      "events": {
        "onGetData": "getData_control130_fLZ41l"
      },
      "intendedRole": "custom",
      "roles": "element,custom",
      "monitored": true,
      "frameXPath": "",
      "componentType": "custom"
    },
    "control126_CF1N5i": {
      "location": {
        "data": {
          "tagName": "TABLE"
        },
        "userData": {
          "data": [],
          "force": false
        },
        "locators": [
          {
            "id": "@id/word",
            "prob": 3,
            "value": "descendant::TABLE[@id=\"labelTable\"]"
          },
          {
            "id": "@class/word",
            "prob": 1,
            "value": "TABLE.labeltb"
          },
          {
            "id": "path/ordinal",
            "prob": 1,
            "ordinal": [
              0,
              2
            ],
            "value": "/HTML[1]/BODY[1]/FORM[1]/TABLE[3]"
          }
        ]
      },
      "events": {
        "onGetData": "getData_control126_CF1N5i"
      },
      "intendedRole": "custom",
      "roles": "element,link,custom",
      "monitored": false,
      "frameXPath": "",
      "componentType": "custom"
    },
    "control85_bUlfDU": {
      "location": {
        "data": {
          "tagName": "TABLE"
        },
        "userData": {
          "data": [],
          "force": false
        },
        "locators": [
          {
            "id": "@id/word",
            "prob": 3,
            "value": "descendant::TABLE[@id=\"labelTable\"]"
          },
          {
            "id": "@class/word",
            "prob": 1,
            "value": "TABLE.labeltb"
          },
          {
            "id": "path/ordinal",
            "prob": 1,
            "value": "/HTML[1]/BODY[1]/FORM[1]/TABLE[3]"
          }
        ]
      },
      "events": {
        "onGetData": "getData_control85_bUlfDU"
      },
      "intendedRole": "custom",
      "roles": "element,custom",
      "monitored": true,
      "frameXPath": "",
      "componentType": "custom"
    },
    "control111_dMWzf2": {
      "location": {
        "data": {
          "tagName": "TABLE"
        },
        "userData": {
          "data": [],
          "force": false
        },
        "locators": [
          {
            "id": "@id/word",
            "prob": 3,
            "value": "descendant::TABLE[@id=\"labelTable\"]"
          },
          {
            "id": "@class/word",
            "prob": 1,
            "value": "TABLE.labeltb"
          },
          {
            "id": "path/ordinal",
            "prob": 1,
            "value": "/HTML[1]/BODY[1]/FORM[1]/TABLE[3]"
          }
        ]
      },
      "events": {
        "onGetData": "getData_control111_dMWzf2"
      },
      "intendedRole": "custom",
      "roles": "element,custom",
      "monitored": true,
      "frameXPath": "",
      "componentType": "custom"
    },
    "control171_16ylv2": {
      "location": {
        "data": {
          "tagName": "TABLE"
        },
        "userData": {
          "data": [],
          "force": false
        },
        "locators": [
          {
            "id": "@id/word",
            "prob": 3,
            "value": "descendant::TABLE[@id=\"tbReview\"]"
          },
          {
            "id": "path/ordinal",
            "prob": 1,
            "value": "/HTML[1]/BODY[1]/FORM[1]/TABLE[2]"
          }
        ]
      },
      "events": {
        "onGetData": "getData_control171_16ylv2"
      },
      "intendedRole": "custom",
      "roles": "element,custom",
      "monitored": true,
      "frameXPath": "//iframe[@id='ifFlow']<<IFRAME>>",
      "componentType": "custom"
    },
    "control50_zOGeNt": {
      "location": {
        "data": {
          "tagName": "TABLE"
        },
        "userData": {
          "data": [],
          "force": false
        },
        "locators": [
          {
            "id": "@id/word",
            "prob": 3,
            "value": "descendant::TABLE[@id=\"labelTable\"]"
          },
          {
            "id": "@class/word",
            "prob": 1,
            "value": "TABLE.labeltb"
          },
          {
            "id": "path/ordinal",
            "prob": 1,
            "value": "/HTML[1]/BODY[1]/FORM[1]/TABLE[3]"
          }
        ]
      },
      "events": {
        "onGetData": "getData_control50_zOGeNt"
      },
      "intendedRole": "custom",
      "roles": "element,custom",
      "monitored": true,
      "frameXPath": "",
      "componentType": "custom"
    },
    "control55_rqeQIi": {
      "location": {
        "data": {
          "tagName": "DIV"
        },
        "userData": {
          "data": [],
          "force": false
        },
        "locators": [
          {
            "id": "@id/word",
            "prob": 3,
            "value": [
              "descendant::SPAN[@id=\"spanHTMLTable\"]//DIV[@id=\"finacediv\"]",
              "descendant::DIV[@id=\"finacediv\"]"
            ]
          },
          {
            "id": "path/ordinal",
            "prob": 1,
            "value": "/HTML[1]/BODY[1]/FORM[1]/SPAN[1]/DIV[2]"
          }
        ]
      },
      "events": {
        "onGetData": "getData_control55_rqeQIi"
      },
      "intendedRole": "custom",
      "roles": "element,custom",
      "monitored": true,
      "frameXPath": "//iframe[@id='if_subform']<<IFRAME>>",
      "componentType": "custom"
    },
    "control56_MPTeL1": {
      "location": {
        "data": {
          "tagName": "DIV"
        },
        "userData": {
          "data": [],
          "force": false
        },
        "locators": [
          {
            "id": "@id/word",
            "prob": 3,
            "value": [
              "descendant::SPAN[@id=\"spanHTMLTable\"]//DIV[@id=\"finacediv\"]",
              "descendant::DIV[@id=\"finacediv\"]"
            ]
          },
          {
            "id": "path/ordinal",
            "prob": 1,
            "value": "/HTML[1]/BODY[1]/FORM[1]/SPAN[1]/DIV[2]"
          }
        ]
      },
      "events": {
        "onGetData": "getData_control56_MPTeL1"
      },
      "intendedRole": "custom",
      "roles": "element,custom",
      "monitored": true,
      "frameXPath": "//iframe[@id='if_subform']<<IFRAME>>",
      "componentType": "custom"
    }
  },
  "contexts": {
    "context11_DdpfNi": {
      "controls": [
        "control47_baCDBZ",
        "control57_DaAxOX",
        "control59_Fz0h8n",
        "control60_sWJHJO",
        "control61_siL9aW",
        "control63_B8XQaD",
        "control82_f9MKR7",
        "control102_Hh0dbV",
        "control130_fLZ41l",
        "control126_CF1N5i",
        "control85_bUlfDU",
        "control111_dMWzf2",
        "control171_16ylv2",
        "control50_zOGeNt",
        "control55_rqeQIi",
        "control56_MPTeL1"
      ],
      "anchors": [],
      "urlAnchor": [
        ".*\\/lks_finance.*review\\.nsf\\/[^(FM_)].*\\/.*",
        ".*\\/lks_.*[Ff]inance[Ff]low[Rr]eview\\.nsf\\/[^(FM_)].*\\/.*"
      ]
    }
  },
  "flows": {
    "flow37_O1n9T1": {
      "toContexts": [
        {
          "toContextId": "context11_DdpfNi"
        },
        {
          "toContextId": "context0_2puPsG",
          "toModelId": "lks_review"
        }
      ]
    },
    "flow46_xqcgNT": {
      "fromContextId": "context11_DdpfNi",
      "fromAction": "doAction",
      "fromControlId": "control59_Fz0h8n",
      "toContexts": [
        {
          "toContextId": "context11_DdpfNi"
        },
        {
          "toContextId": "context13_k04Crz",
          "toModelId": "lks_plflowreview"
        },
        {
          "toContextId": "context15_HgJeLK",
          "toModelId": "lks_hrreview"
        },
        {
          "toContextId": "context0_2puPsG",
          "toModelId": "lks_review"
        },
        {
          "toContextId": "context1_uBcbtH",
          "toModelId": "lks_tasks"
        }
      ]
    },
    "flow48_KMNFhU": {
      "fromContextId": "context11_DdpfNi",
      "fromAction": "doAction",
      "fromControlId": "control63_B8XQaD",
      "toContexts": [
        {
          "toContextId": "context11_DdpfNi"
        },
        {
          "toContextId": "context1_1FqdOH",
          "toModelId": "lks_copy"
        },
        {
          "toContextId": "context1_QKcqmb",
          "toModelId": "Global_WeChat"
        },
        {
          "toContextId": "context6_rtAaL8",
          "toModelId": "lks_Message"
        },
        {
          "toContextId": "context7_adlfZy",
          "toModelId": "returnMsg"
        },
        {
          "toContextId": "context5_3qQbFO",
          "toModelId": "lks_archivemngnewex"
        }
      ]
    },
    "flow62_ukaOAC": {
      "fromContextId": "context11_DdpfNi",
      "fromAction": "doAction",
      "fromControlId": "control82_f9MKR7",
      "toContexts": [
        {
          "toContextId": "context11_DdpfNi"
        },
        {
          "toContextId": "context6_19iAzJ",
          "toModelId": "Global_Approval"
        },
        {
          "toContextId": "context6_m0MbOe",
          "toModelId": "choosePeople"
        }
      ]
    },
    "flow72_IcmmlP": {
      "fromContextId": "context11_DdpfNi",
      "fromAction": "doAction",
      "fromControlId": "control47_baCDBZ",
      "toContexts": [
        {
          "toContextId": "context11_DdpfNi"
        },
        {
          "toContextId": "context6_rtAaL8",
          "toModelId": "lks_Message"
        },
        {
          "toContextId": "context7_adlfZy",
          "toModelId": "returnMsg"
        },
        {
          "toContextId": "context1_QKcqmb",
          "toModelId": "Global_WeChat"
        },
        {
          "toContextId": "context31_3Syhpe",
          "toModelId": "lks_profile"
        },
        {
          "toContextId": "context20_kBXhwi",
          "toModelId": "FM_ChangeReader"
        }
      ]
    },
    "flow73_JI76uz": {
      "fromContextId": "context11_DdpfNi",
      "fromAction": "doAction",
      "fromControlId": "control102_Hh0dbV",
      "toContexts": [
        {
          "toContextId": "context11_DdpfNi"
        },
        {
          "toContextId": "context12_GGuSeZ",
          "toModelId": "Flowchart_SelectPeople"
        }
      ]
    },
    "flow52_pt9DI9": {
      "fromContextId": "context11_DdpfNi",
      "fromAction": "doAction",
      "fromControlId": "control171_16ylv2",
      "toContexts": [
        {
          "toContextId": "context11_DdpfNi"
        }
      ]
    },
    "flow42_GtT63P": {
      "fromContextId": "context11_DdpfNi",
      "fromAction": "doAction",
      "fromControlId": "control55_rqeQIi",
      "toContexts": [
        {
          "toContextId": "context11_DdpfNi"
        },
        {
          "toContextId": "context23_aMKxa0",
          "toModelId": "lks_financeflowreview_edit"
        }
      ]
    },
    "flow115_eDSwoa": {
      "fromContextId": "context11_DdpfNi",
      "fromAction": "doAction",
      "fromControlId": "control111_dMWzf2",
      "toContexts": [
        {
          "toContextId": "context11_DdpfNi"
        },
        {
          "toContextId": "context5_3qQbFO",
          "toModelId": "lks_archivemngnewex"
        }
      ]
    },
    "flow125_T1ZCNy": {
      "fromContextId": "context11_DdpfNi",
      "fromAction": "doAction",
      "fromControlId": "control61_siL9aW",
      "toContexts": [
        {
          "toContextId": "context11_DdpfNi"
        },
        {
          "toContextId": "context6_m0MbOe",
          "toModelId": "choosePeople"
        }
      ]
    },
    "flow156_Z8cbil": {
      "fromContextId": "context11_DdpfNi",
      "fromAction": "doAction",
      "fromControlId": "control85_bUlfDU",
      "toContexts": [
        {
          "toContextId": "context11_DdpfNi",
          "toModelId": "lks_financeflowreview"
        },
        {
          "toContextId": "context13_k04Crz",
          "toModelId": "lks_plflowreview"
        },
        {
          "toContextId": "context0_2puPsG",
          "toModelId": "lks_review"
        },
        {
          "toContextId": "context5_3qQbFO",
          "toModelId": "lks_archivemngnewex"
        },
        {
          "toContextId": "context1_uBcbtH",
          "toModelId": "lks_tasks"
        },
        {
          "toContextId": "context15_HgJeLK",
          "toModelId": "lks_hrreview"
        },
        {
          "toContextId": "context11_DdpfNi"
        },
        {
          "toContextId": "context14_TiC1dV",
          "toModelId": "lks-filemng"
        },
        {
          "toContextId": "context4_nBTnvD",
          "toModelId": "lks_rules"
        },
        {
          "toContextId": "context33_J5eXTh",
          "toModelId": "lks_bargaincollection"
        },
        {
          "toContextId": "context34_I9qaXK",
          "toModelId": "lks_zhaotoubiao"
        }
      ]
    }
  },
  "pages": {
    "page11_awL73r": {
      "contextId": "context11_DdpfNi",
      "layout": [
        {
          "id": "uiControl60_DmGmTT",
          "display": {
            "type": "sticky",
            "adapterId": "sticky",
            "class": "ui-footer-button",
            "adapter": {
              "templateType": ""
            }
          },
          "layout": [
            {
              "id": "uiControl60_DmGmTTbody",
              "display": {
                "type": "stickyBody",
                "adapterId": "stickyBody",
                "adapter": {
                  "templateType": ""
                }
              },
              "layout": [
                {
                  "id": "uiControl72_B6c1bW",
                  "controlId": "control47_baCDBZ",
                  "display": {
                    "adapterId": "custom",
                    "type": "custom",
                    "adapter": {
                      "templateType": "react",
                      "events": {
                        "onDoAction": "doAction_uiControl72_B6c1bW",
                        "onGetTemplate": "getTemplate_uiControl72_B6c1bW"
                      }
                    }
                  }
                }
              ]
            }
          ]
        },
        {
          "id": "uiControl73_n9xe7k",
          "controlId": "control57_DaAxOX",
          "display": {
            "adapterId": "custom",
            "type": "custom",
            "adapter": {
              "templateType": "react",
              "events": {
                "onDoAction": "doAction_uiControl73_n9xe7k",
                "onGetTemplate": "getTemplate_uiControl73_n9xe7k"
              }
            }
          }
        },
        {
          "id": "uiControl74_OQqcVA",
          "controlId": "control59_Fz0h8n",
          "display": {
            "adapterId": "custom",
            "type": "custom",
            "adapter": {
              "templateType": "react",
              "events": {
                "onDoAction": "doAction_uiControl74_OQqcVA",
                "onGetTemplate": "getTemplate_uiControl74_OQqcVA"
              }
            }
          }
        },
        {
          "id": "uiControl75_30MZpE",
          "controlId": "control60_sWJHJO",
          "display": {
            "adapterId": "custom",
            "type": "custom",
            "adapter": {
              "templateType": "react",
              "events": {
                "onDoAction": "doAction_uiControl75_30MZpE",
                "onGetTemplate": "getTemplate_uiControl75_30MZpE"
              }
            }
          }
        },
        {
          "id": "uiControl76_6JsPwx",
          "controlId": "control61_siL9aW",
          "display": {
            "adapterId": "custom",
            "type": "custom",
            "adapter": {
              "templateType": "react",
              "events": {
                "onDoAction": "doAction_uiControl76_6JsPwx",
                "onGetTemplate": "getTemplate_uiControl76_6JsPwx"
              }
            }
          }
        },
        {
          "id": "uiControl68_A4KqLX",
          "controlId": "control55_rqeQIi",
          "display": {
            "adapterId": "custom",
            "type": "custom",
            "adapter": {
              "templateType": "react",
              "events": {
                "onDoAction": "doAction_uiControl68_A4KqLX",
                "onGetTemplate": "getTemplate_uiControl68_A4KqLX"
              }
            }
          }
        },
        {
          "id": "uiControl69_Hh5fJA",
          "controlId": "control56_MPTeL1",
          "display": {
            "adapterId": "custom",
            "type": "custom",
            "adapter": {
              "templateType": "react",
              "events": {
                "onDoAction": "doAction_uiControl69_Hh5fJA",
                "onGetTemplate": "getTemplate_uiControl69_Hh5fJA"
              }
            }
          }
        },
        {
          "id": "uiControl63_vxpzAf",
          "controlId": "control50_zOGeNt",
          "display": {
            "adapterId": "custom",
            "type": "custom",
            "adapter": {
              "templateType": "react",
              "events": {
                "onDoAction": "doAction_uiControl63_vxpzAf",
                "onGetTemplate": "getTemplate_uiControl63_vxpzAf"
              }
            }
          }
        },
        {
          "id": "uiControl141_FCflSk",
          "controlId": "control130_fLZ41l",
          "display": {
            "adapterId": "custom",
            "type": "custom",
            "adapter": {
              "templateType": "react",
              "events": {
                "onDoAction": "doAction_uiControl141_FCflSk",
                "onGetTemplate": "getTemplate_uiControl141_FCflSk"
              }
            }
          }
        },
        {
          "id": "uiControl78_ewgvcG",
          "controlId": "control63_B8XQaD",
          "display": {
            "adapterId": "custom",
            "type": "custom",
            "adapter": {
              "templateType": "react",
              "events": {
                "onDoAction": "doAction_uiControl78_ewgvcG",
                "onGetTemplate": "getTemplate_uiControl78_ewgvcG"
              }
            }
          }
        },
        {
          "id": "uiControl104_wHvDhf",
          "controlId": "control82_f9MKR7",
          "display": {
            "adapterId": "custom",
            "type": "custom",
            "adapter": {
              "templateType": "react",
              "events": {
                "onDoAction": "doAction_uiControl104_wHvDhf",
                "onGetTemplate": "getTemplate_uiControl104_wHvDhf"
              }
            }
          }
        },
        {
          "id": "uiControl188_vEIAb2",
          "controlId": "control171_16ylv2",
          "display": {
            "adapterId": "custom",
            "type": "custom",
            "adapter": {
              "templateType": "react",
              "events": {
                "onDoAction": "doAction_uiControl188_vEIAb2",
                "onGetTemplate": "getTemplate_uiControl188_vEIAb2"
              }
            }
          }
        },
        {
          "id": "uiControl121_x6kyv0",
          "controlId": "control102_Hh0dbV",
          "display": {
            "adapterId": "custom",
            "type": "custom",
            "adapter": {
              "templateType": "react",
              "events": {
                "onDoAction": "doAction_uiControl121_x6kyv0",
                "onGetTemplate": "getTemplate_uiControl121_x6kyv0"
              }
            }
          }
        },
        {
          "id": "uiControl136_lPHFhf",
          "controlId": "control126_CF1N5i",
          "display": {
            "adapterId": "custom",
            "type": "custom",
            "adapter": {
              "templateType": "react",
              "events": {
                "onDoAction": "doAction_uiControl136_lPHFhf",
                "onGetTemplate": "getTemplate_uiControl136_lPHFhf"
              }
            }
          }
        },
        {
          "id": "uiControl181_p3uvLI",
          "controlId": "control85_bUlfDU",
          "display": {
            "adapterId": "custom",
            "type": "custom",
            "adapter": {
              "templateType": "react",
              "events": {
                "onDoAction": "doAction_uiControl181_p3uvLI",
                "onGetTemplate": "getTemplate_uiControl181_p3uvLI"
              }
            }
          }
        },
        {
          "id": "uiControl182_TsfSuO",
          "controlId": "control111_dMWzf2",
          "display": {
            "adapterId": "custom",
            "type": "custom",
            "adapter": {
              "templateType": "react",
              "events": {
                "onDoAction": "doAction_uiControl182_TsfSuO",
                "onGetTemplate": "getTemplate_uiControl182_TsfSuO"
              }
            }
          }
        }
      ]
    }
  },
  "matchers": {
    "page/title": {
      "contexts": {
        "context11_DdpfNi": [
          "深圳能源集团OA系统__移动办公其他管理费用报销(合同类)测试流程",
          "深圳能源集团OA系统__移动办公党费支出报销测试流程",
          "深圳能源集团OA系统__移动办公项目前期费用报销审批测试流程",
          "深圳能源集团OA系统__移动办公项目前期差旅费用报销审批测试流程",
          "深圳能源集团OA系统__移动办公其他管理费用报销(非合同类)测试流程",
          "深圳能源集团OA系统__test",
          "深圳能源集团OA系统__移动办公对外捐赠或赞助等非经营性支出的审批付款测试流程",
          "深圳能源集团OA系统__移动办公非年度合同供应商煤款付款测试流程",
          "深圳能源集团OA系统__移动办公独立董事津贴发放流程测试流程",
          "深圳能源集团OA系统__移动办公借款申请（现金）测试流程",
          "深圳能源集团OA系统__移动办公因公临时出国（境）差旅费报销测试流程",
          "深圳能源集团OA系统_流程管理(财务流程)_poc财务流程效果10月25日",
          "深圳能源集团OA系统__移动办公改造升级项目财务测试流程",
          "深圳能源集团OA系统__移动办公对外投资、分红、收购及兼并付款测试流程",
          "深圳能源集团OA系统__移动办公办公用品、低值易耗品采购付款测试流程",
          "深圳能源集团OA系统__移动办公工程建设款项的审批测试流程",
          "深圳能源集团OA系统__新建审批流程",
          "深圳能源集团OA系统__差旅费报销IOS测试20180712",
          "深圳能源集团OA系统__移动办公财务流程测试流程a",
          "深圳能源集团OA系统__移动办公测试-财务公司出差申请",
          "深圳能源集团OA系统__财务流程关联其他类流程",
          "深圳能源集团OA系统_流程管理_许培2018-09-12起，出差11天（离开工作驻地1天，去444）",
          "深圳能源集团OA系统__深圳能源集团移动办公改造升级项目合同第二次付款申请",
          "深圳能源集团OA系统_流程管理(产权流程)_产权流程关联系统类流程测试",
          "深圳能源集团OA系统_流程管理(财务流程)_测试"
        ]
      }
    },
    "page/urls": {
      "contexts": {
        "context11_DdpfNi": [
          "oa.sec.com.cn/lks/koa/lks_financeflowreview.nsf/0/758B5F3DC118C98A4825828E0028B5B4?OpenDocument",
          "oa.sec.com.cn/lks/koa/lks_financeflowreview.nsf/0/BC3A45964ADA0C6748258291000F6472?OpenDocument",
          "oa.sec.com.cn/lks/koa/lks_financeflowreview.nsf/0/8FEF1779917CE57648258291000A0ECF?OpenDocument",
          "oa.sec.com.cn/lks/koa/lks_financeflowreview.nsf/0/8D90CA58266D83EE482582900032C6EA?OpenDocument",
          "oa.sec.com.cn/lks/koa/lks_financeflowreview.nsf/0/44439601F4F6918E4825828E00222EC6?OpenDocument",
          "oa.sec.com.cn/lks/koa/lks_financeflowreview.nsf/0/DF2C4068A7DD40B74825813D002EDB8D?OpenDocument",
          "oa.sec.com.cn/lks/koa/lks_financeflowreview.nsf/0/9A0E7C7E218655A4482582900032428E?OpenDocument",
          "oa.sec.com.cn/lks/koa/lks_financeflowreview.nsf/0/76D930F1A1FE2FB548258291000B3E7D?OpenDocument",
          "oa.sec.com.cn/lks/koa/lks_financeflowreview.nsf/0/3C4463AA8E96DC2748258291000AB41F?OpenDocument",
          "oa.sec.com.cn/lks/koa/lks_financeflowreview.nsf/0/44CA88E51CE1FCEF4825828E000C0150?opendocument&Highlight=%E5%80%9F%E6%AC%BE%E7%94%B3%E8%AF%B7%EF%BC%88%E7%8E%B0%E9%87%91%EF%BC%89",
          "oa.sec.com.cn/lks/koa/lks_financeflowreview.nsf/0/A2F138704DACBD9248258291000AE570?opendocument&Highlight=%E5%B7%AE%E6%97%85%E8%B4%B9%E6%8A%A5%E9%94%80",
          "oac1.sec.com.cn/lks/koa.xxjs/lks_financeflowreview.nsf/0/39E82FD34187D442482581C40026BED9?OpenDocument",
          "oa.sec.com.cn/lks/koa/lks_financeflowreview.nsf/0/A501108B32E626724825827D002615AD?OpenDocument",
          "oa.sec.com.cn/lks/koa/lks_financeflowreview.nsf/0/939FBDC74E9FA108482582900031C917?OpenDocument&m_Seq=0.5018064051437399",
          "oa.sec.com.cn/lks/koa/lks_financeflowreview.nsf/0/11F4FBD7A5DC236F4825829000320405?OpenDocument",
          "oa.sec.com.cn/lks/koa/lks_financeflowreview.nsf/0/B8E041F9B3F946FE4825828F0029F580?OpenDocument",
          "oa.sec.com.cn/lks/koa/lks_financeflowreview.nsf/0/17B5BC7C5B8B0B43482582C800392EA6?OpenDocument",
          "oa.sec.com.cn/lks/koa/lks_financeflowreview.nsf/0/44CA88E51CE1FCEF4825828E000C0150?OpenDocument&flowid=D19056C7BF714B2F482582AB0022F36A",
          "oa.sec.com.cn/lks/koa/lks_financeflowreview.nsf/0/17B5BC7C5B8B0B43482582C800392EA6?opendocument&m_Seq=0.9027613704740176",
          "oa.sec.com.cn/lks/koa/lks_financeflowreview.nsf/0/17B5BC7C5B8B0B43482582C800392EA6?opendocument&m_Seq=0.30744167191511473",
          "oa.sec.com.cn/lks/koa/lks_financeflowreview.nsf/0/0E405945FCEEC9E2482582D00027D002?OpenDocument",
          "oa.sec.com.cn/lks/koa/lks_financereview.nsf/0/D8EF21F3F5143C40482582FD002C919E?OpenDocument",
          "oa.sec.com.cn/lks/koa/lks_financeflowreview.nsf/0/a84fc7ef01a88b664825830d0027fa2e?opendocument",
          "oa.sec.com.cn/lks/koa/lks_financeflowreview.nsf/VD_AllDoc/7925EE298DA915EF4825830400110E9E?opendocument",
          "oa.sec.com.cn/lks/koa/lks_FinanceFlowReview.nsf/0/A84FC7EF01A88B664825830D0027FA2E?opendocument&Highlight=%E6%B5%8B%E8%AF%95",
          "oa.sec.com.cn/lks/koa/lks_plflowreview.nsf/0/5B1A126E3854FC734825830D003090AD?opendocument&Highlight=%E6%B5%8B%E8%AF%95",
          "oac1.sec.com.cn/lks/koa.mwdl/lks_financeflowreview.nsf/0/AB8A9270635C079848257914000AC506?opendocument&m_Seq=0.14084757907451162"
        ]
      }
    },
    "page/ids": {
      "contexts": {
        "context11_DdpfNi": [
          [
            "AttachmentDiv",
            "AttachmentOCX",
            "BtnTable",
            "Calendar_SWFObjectName",
            "F_BodyDiv",
            "F_KADocsPath",
            "F_KADocsTitle",
            "F_Keyword",
            "FlashPopWin",
            "Sys_EsaField",
            "TD_ReviewNo",
            "aMore",
            "buLabel",
            "dLinks",
            "ifFlow",
            "if_subform",
            "labelTable",
            "quickreview",
            "tb_"
          ],
          [
            "AttachmentDiv",
            "AttachmentOCX",
            "BtnTable",
            "Calendar_SWFObjectName",
            "F_BodyDiv",
            "F_KADocsPath",
            "F_KADocsTitle",
            "F_Keyword",
            "FlashPopWin",
            "Sys_EsaField",
            "TD_ReviewNo",
            "aMore",
            "buLabel",
            "dLinks",
            "ifFlow",
            "if_subform",
            "labelTable",
            "lks_financeflowreview",
            "quickreview",
            "tb_"
          ],
          [
            "AttachmentDiv",
            "AttachmentOCX",
            "BtnTable",
            "Calendar_SWFObjectName",
            "F_BodyDiv",
            "F_KADocsPath",
            "F_KADocsTitle",
            "F_Keyword",
            "FlashPopWin",
            "FlowJoinLog_Td",
            "Sys_EsaField",
            "TD_ReviewNo",
            "aMore",
            "buLabel",
            "dLinks",
            "ifFlow",
            "if_subform",
            "labelTable",
            "lks_financeflowreview",
            "quickreview",
            "tb_"
          ],
          [
            "AttachmentDiv",
            "AttachmentOCX",
            "BtnTable",
            "Calendar_SWFObjectName",
            "F_BodyDiv",
            "F_KADocsPath",
            "F_KADocsTitle",
            "F_Keyword",
            "FlashPopWin",
            "Sys_EsaField",
            "TD_ReviewNo",
            "aMore",
            "buLabel",
            "dLinks",
            "ifFlow",
            "if_subform",
            "labelTable",
            "lks_financeflowreview",
            "oattach",
            "tb_"
          ],
          [
            "AttachmentDiv",
            "AttachmentOCX",
            "BtnTable",
            "Calendar_SWFObjectName",
            "F_BodyDiv",
            "F_KADocsPath",
            "F_KADocsTitle",
            "F_Keyword",
            "FlashPopWin",
            "Sys_EsaField",
            "TD_ReviewNo",
            "aMore",
            "buLabel",
            "dLinks",
            "ifFlow",
            "if_subform",
            "labelTable",
            "lks_financeflowreview",
            "oattach",
            "quickreview",
            "tb_"
          ],
          [
            "AttachmentDiv",
            "AttachmentOCX",
            "BtnTable",
            "Calendar_SWFObjectName",
            "F_BodyDiv",
            "F_KADocsPath",
            "F_KADocsTitle",
            "F_Keyword",
            "FlashPopWin",
            "Sys_EsaField",
            "TD_ReviewNo",
            "aMore",
            "buLabel",
            "dLinks",
            "ifFlow",
            "if_subform",
            "labelTable",
            "lks_financeflowreview",
            "tb_"
          ],
          [
            "AttachmentDiv",
            "AttachmentOCX",
            "Calendar_SWFObjectName",
            "F_BodyDiv",
            "F_BodyView",
            "F_KADocsPath",
            "F_KADocsTitle",
            "FlashPopWin",
            "FlashTemplate",
            "ImageAlign",
            "ImageTemplate",
            "Sys_EsaField",
            "TDdriver",
            "buLabel",
            "dLinks",
            "ifFlow",
            "labelTable",
            "lks_financeflowreview",
            "oattach",
            "quickreview"
          ],
          [
            "AttachmentDiv",
            "AttachmentOCX",
            "BtnTable",
            "Calendar_SWFObjectName",
            "F_BodyDiv",
            "F_KADocsPath",
            "F_KADocsTitle",
            "FlashPopWin",
            "Sys_EsaField",
            "TD_ReviewNo",
            "buLabel",
            "dLinks",
            "ifFlow",
            "if_subform",
            "isSF_Public",
            "labelTable",
            "lks_review",
            "tb_"
          ],
          [
            "AttachmentDiv",
            "AttachmentOCX",
            "BtnTable",
            "Calendar_SWFObjectName",
            "F_BodyDiv",
            "F_KADocsPath",
            "F_KADocsTitle",
            "F_Keyword",
            "FlashPopWin",
            "Sys_EsaField",
            "TD_ReviewNo",
            "aMore",
            "buLabel",
            "dLinks",
            "ifFlow",
            "if_subform",
            "labelTable",
            "lks_plflowreview",
            "quickreview",
            "tb_"
          ],
          [
            "AttachmentDiv",
            "AttachmentOCX",
            "BtnTable",
            "Calendar_SWFObjectName",
            "F_AboHistoryDiv",
            "F_BodyDiv",
            "F_KADocsPath",
            "F_KADocsTitle",
            "F_Keyword",
            "F_PassReadHistoryDiv",
            "F_ReadHistoryDiv",
            "F_RecHistoryDiv",
            "FlashPopWin",
            "FlowLog_MainTable",
            "FlowLog_Table",
            "Sys_EsaField",
            "TD_ReviewNo",
            "aMore",
            "buLabel",
            "dLinks",
            "dealType",
            "dealType_",
            "if_subform",
            "labelTable",
            "lks_financeflowreview",
            "moreImg",
            "passreadRec",
            "passreadSpan",
            "passreadSpanH",
            "readRec",
            "readSpan",
            "readSpanH",
            "reclog",
            "reclogSpan",
            "reclogSpanH",
            "tb_",
            "timeStrFull_"
          ]
        ]
      }
    },
    "page/classes": {
      "contexts": {
        "context11_DdpfNi": [
          [
            "btnmenudoc",
            "labelbg",
            "labeltb",
            "tbbg",
            "tdbg",
            "trbg"
          ],
          [
            "btnmenudoc",
            "labelbg",
            "labeltb",
            "tbbg",
            "tbmenudoc",
            "tdbg",
            "trbg"
          ],
          [
            "btndoc",
            "btnmenudoc",
            "labelbg",
            "labeltb",
            "selectmenu",
            "tbbg",
            "tdbg",
            "trbg"
          ],
          [
            "ReviewLogPat",
            "btnmenudoc",
            "labelbg",
            "labeltb",
            "tbbg",
            "tbmenudoc",
            "tdbg",
            "trbg"
          ]
        ]
      }
    },
    "page/tagTriplets": {
      "contexts": {
        "context11_DdpfNi": [
          [
            "-/-/FORM",
            "-/-/IFRAME",
            "-/-/OBJECT",
            "-/-/SCRIPT",
            "-/-/STYLE",
            "-/FORM/BR",
            "-/FORM/CENTER",
            "-/FORM/IFRAME",
            "-/FORM/INPUT-button",
            "-/FORM/SCRIPT",
            "-/FORM/TABLE",
            "-/OBJECT/PARAM",
            "CENTER/B/FONT",
            "FORM/CENTER/B",
            "FORM/TABLE/TBODY",
            "TABLE/TBODY/TR",
            "TBODY/TR/TD",
            "TD/A/B",
            "TD/B/FONT",
            "TD/DIV/B",
            "TD/DIV/FONT",
            "TD/DIV/INPUT-button",
            "TD/FONT/B",
            "TD/P/BR",
            "TD/P/INPUT-button",
            "TD/TABLE/TBODY",
            "TD/UL/BR",
            "TD/UL/FONT",
            "TD/UL/OBJECT",
            "TD/UL/P",
            "TD/UL/SCRIPT",
            "TD/UL/SPAN",
            "TD/UL/TABLE",
            "TR/TD/A",
            "TR/TD/B",
            "TR/TD/BR",
            "TR/TD/DIV",
            "TR/TD/FONT",
            "TR/TD/IFRAME",
            "TR/TD/IMG",
            "TR/TD/INPUT-button",
            "TR/TD/INPUT-hidden",
            "TR/TD/INPUT-null",
            "TR/TD/P",
            "TR/TD/SCRIPT",
            "TR/TD/SPAN",
            "TR/TD/TABLE",
            "TR/TD/TEXTAREA",
            "TR/TD/UL",
            "UL/OBJECT/PARAM",
            "UL/P/SCRIPT",
            "UL/SPAN/TEXTAREA",
            "UL/TABLE/TBODY"
          ],
          [
            "-/-/FORM",
            "-/-/IFRAME",
            "-/-/OBJECT",
            "-/-/SCRIPT",
            "-/-/STYLE",
            "-/FORM/BR",
            "-/FORM/CENTER",
            "-/FORM/IFRAME",
            "-/FORM/INPUT-button",
            "-/FORM/SCRIPT",
            "-/FORM/TABLE",
            "-/OBJECT/PARAM",
            "CENTER/B/FONT",
            "FORM/CENTER/B",
            "FORM/TABLE/TBODY",
            "TABLE/TBODY/TR",
            "TBODY/TR/TD",
            "TD/A/B",
            "TD/B/FONT",
            "TD/DIV/B",
            "TD/DIV/FONT",
            "TD/DIV/INPUT-button",
            "TD/FONT/B",
            "TD/P/BR",
            "TD/P/INPUT-button",
            "TD/TABLE/TBODY",
            "TD/UL/BR",
            "TD/UL/FONT",
            "TD/UL/OBJECT",
            "TD/UL/P",
            "TD/UL/SCRIPT",
            "TD/UL/SPAN",
            "TD/UL/TABLE",
            "TR/TD/A",
            "TR/TD/B",
            "TR/TD/BR",
            "TR/TD/DIV",
            "TR/TD/FONT",
            "TR/TD/IFRAME",
            "TR/TD/IMG",
            "TR/TD/INPUT-button",
            "TR/TD/INPUT-hidden",
            "TR/TD/INPUT-null",
            "TR/TD/P",
            "TR/TD/SCRIPT",
            "TR/TD/SPAN",
            "TR/TD/TABLE",
            "TR/TD/TEXTAREA",
            "TR/TD/UL",
            "UL/OBJECT/PARAM",
            "UL/P/SCRIPT",
            "UL/TABLE/TBODY"
          ],
          [
            "-/-/DIV",
            "-/-/FORM",
            "-/-/IFRAME",
            "-/-/OBJECT",
            "-/-/SCRIPT",
            "-/-/STYLE",
            "-/FORM/BR",
            "-/FORM/CENTER",
            "-/FORM/IFRAME",
            "-/FORM/INPUT-button",
            "-/FORM/SCRIPT",
            "-/FORM/TABLE",
            "-/OBJECT/PARAM",
            "CENTER/B/FONT",
            "FORM/CENTER/B",
            "FORM/TABLE/TBODY",
            "TABLE/TBODY/TR",
            "TBODY/TR/TD",
            "TD/A/B",
            "TD/B/FONT",
            "TD/DIV/B",
            "TD/DIV/FONT",
            "TD/DIV/INPUT-button",
            "TD/FONT/B",
            "TD/P/BR",
            "TD/P/INPUT-button",
            "TD/TABLE/TBODY",
            "TD/UL/BR",
            "TD/UL/FONT",
            "TD/UL/OBJECT",
            "TD/UL/P",
            "TD/UL/SCRIPT",
            "TD/UL/SPAN",
            "TD/UL/TABLE",
            "TR/TD/A",
            "TR/TD/B",
            "TR/TD/BR",
            "TR/TD/DIV",
            "TR/TD/FONT",
            "TR/TD/IFRAME",
            "TR/TD/IMG",
            "TR/TD/INPUT-button",
            "TR/TD/INPUT-hidden",
            "TR/TD/INPUT-null",
            "TR/TD/P",
            "TR/TD/SCRIPT",
            "TR/TD/SPAN",
            "TR/TD/TABLE",
            "TR/TD/TEXTAREA",
            "TR/TD/UL",
            "UL/OBJECT/PARAM",
            "UL/P/SCRIPT",
            "UL/SPAN/TEXTAREA",
            "UL/TABLE/TBODY"
          ],
          [
            "-/-/FORM",
            "-/-/IFRAME",
            "-/-/OBJECT",
            "-/-/SCRIPT",
            "-/-/STYLE",
            "-/FORM/BR",
            "-/FORM/CENTER",
            "-/FORM/DIV",
            "-/FORM/IFRAME",
            "-/FORM/INPUT-button",
            "-/FORM/SCRIPT",
            "-/FORM/TABLE",
            "-/OBJECT/PARAM",
            "CENTER/B/FONT",
            "FORM/CENTER/B",
            "FORM/TABLE/TBODY",
            "TABLE/TBODY/TR",
            "TBODY/TR/TD",
            "TD/B/FONT",
            "TD/DIV/B",
            "TD/DIV/FONT",
            "TD/DIV/INPUT-button",
            "TD/P/BR",
            "TD/P/INPUT-button",
            "TD/TABLE/TBODY",
            "TD/UL/BR",
            "TD/UL/FONT",
            "TD/UL/OBJECT",
            "TD/UL/P",
            "TD/UL/SCRIPT",
            "TD/UL/SPAN",
            "TD/UL/TABLE",
            "TR/TD/A",
            "TR/TD/B",
            "TR/TD/BR",
            "TR/TD/DIV",
            "TR/TD/FONT",
            "TR/TD/IFRAME",
            "TR/TD/IMG",
            "TR/TD/INPUT-button",
            "TR/TD/INPUT-hidden",
            "TR/TD/INPUT-null",
            "TR/TD/P",
            "TR/TD/SCRIPT",
            "TR/TD/SPAN",
            "TR/TD/TABLE",
            "TR/TD/TEXTAREA",
            "TR/TD/UL",
            "UL/OBJECT/PARAM",
            "UL/P/SCRIPT",
            "UL/SPAN/TEXTAREA",
            "UL/TABLE/TBODY"
          ],
          [
            "-/-/FORM",
            "-/-/IFRAME",
            "-/-/OBJECT",
            "-/-/SCRIPT",
            "-/-/STYLE",
            "-/FORM/BR",
            "-/FORM/CENTER",
            "-/FORM/DIV",
            "-/FORM/IFRAME",
            "-/FORM/INPUT-button",
            "-/FORM/SCRIPT",
            "-/FORM/TABLE",
            "-/OBJECT/PARAM",
            "CENTER/B/FONT",
            "FORM/CENTER/B",
            "FORM/TABLE/TBODY",
            "TABLE/TBODY/TR",
            "TBODY/TR/TD",
            "TD/B/FONT",
            "TD/DIV/B",
            "TD/DIV/FONT",
            "TD/DIV/INPUT-button",
            "TD/FONT/B",
            "TD/P/BR",
            "TD/P/INPUT-button",
            "TD/TABLE/TBODY",
            "TD/UL/BR",
            "TD/UL/FONT",
            "TD/UL/OBJECT",
            "TD/UL/P",
            "TD/UL/SCRIPT",
            "TD/UL/SPAN",
            "TD/UL/TABLE",
            "TR/TD/A",
            "TR/TD/B",
            "TR/TD/BR",
            "TR/TD/DIV",
            "TR/TD/FONT",
            "TR/TD/IFRAME",
            "TR/TD/IMG",
            "TR/TD/INPUT-button",
            "TR/TD/INPUT-hidden",
            "TR/TD/INPUT-null",
            "TR/TD/P",
            "TR/TD/SCRIPT",
            "TR/TD/SPAN",
            "TR/TD/TABLE",
            "TR/TD/TEXTAREA",
            "TR/TD/UL",
            "UL/OBJECT/PARAM",
            "UL/P/SCRIPT",
            "UL/SPAN/TEXTAREA",
            "UL/TABLE/TBODY"
          ],
          [
            "-/-/FORM",
            "-/-/IFRAME",
            "-/-/OBJECT",
            "-/-/SCRIPT",
            "-/-/STYLE",
            "-/FORM/BR",
            "-/FORM/CENTER",
            "-/FORM/DIV",
            "-/FORM/IFRAME",
            "-/FORM/INPUT-button",
            "-/FORM/SCRIPT",
            "-/FORM/TABLE",
            "-/OBJECT/PARAM",
            "CENTER/B/FONT",
            "FORM/CENTER/B",
            "FORM/TABLE/TBODY",
            "TABLE/TBODY/TR",
            "TBODY/TR/TD",
            "TD/B/FONT",
            "TD/DIV/B",
            "TD/DIV/FONT",
            "TD/DIV/INPUT-button",
            "TD/FONT/B",
            "TD/P/BR",
            "TD/P/INPUT-button",
            "TD/TABLE/TBODY",
            "TD/UL/BR",
            "TD/UL/FONT",
            "TD/UL/OBJECT",
            "TD/UL/P",
            "TD/UL/SCRIPT",
            "TD/UL/SPAN",
            "TD/UL/TABLE",
            "TR/TD/A",
            "TR/TD/B",
            "TR/TD/BR",
            "TR/TD/DIV",
            "TR/TD/FONT",
            "TR/TD/IFRAME",
            "TR/TD/IMG",
            "TR/TD/INPUT-button",
            "TR/TD/INPUT-hidden",
            "TR/TD/INPUT-null",
            "TR/TD/P",
            "TR/TD/SCRIPT",
            "TR/TD/SPAN",
            "TR/TD/TABLE",
            "TR/TD/TEXTAREA",
            "TR/TD/UL",
            "UL/OBJECT/PARAM",
            "UL/P/SCRIPT",
            "UL/TABLE/TBODY"
          ],
          [
            "-/-/FORM",
            "-/-/IFRAME",
            "-/-/OBJECT",
            "-/-/SCRIPT",
            "-/-/STYLE",
            "-/FORM/BR",
            "-/FORM/CENTER",
            "-/FORM/DIV",
            "-/FORM/IFRAME",
            "-/FORM/INPUT-button",
            "-/FORM/SCRIPT",
            "-/FORM/TABLE",
            "-/OBJECT/PARAM",
            "CENTER/B/FONT",
            "FORM/CENTER/B",
            "FORM/TABLE/TBODY",
            "TABLE/TBODY/TR",
            "TBODY/TR/TD",
            "TD/A/B",
            "TD/B/FONT",
            "TD/DIV/B",
            "TD/DIV/FONT",
            "TD/DIV/INPUT-button",
            "TD/FONT/B",
            "TD/P/BR",
            "TD/P/INPUT-button",
            "TD/TABLE/TBODY",
            "TD/UL/BR",
            "TD/UL/FONT",
            "TD/UL/OBJECT",
            "TD/UL/P",
            "TD/UL/SCRIPT",
            "TD/UL/SPAN",
            "TD/UL/TABLE",
            "TR/TD/A",
            "TR/TD/B",
            "TR/TD/BR",
            "TR/TD/DIV",
            "TR/TD/FONT",
            "TR/TD/IFRAME",
            "TR/TD/IMG",
            "TR/TD/INPUT-button",
            "TR/TD/INPUT-hidden",
            "TR/TD/INPUT-null",
            "TR/TD/P",
            "TR/TD/SCRIPT",
            "TR/TD/SPAN",
            "TR/TD/TABLE",
            "TR/TD/TEXTAREA",
            "TR/TD/UL",
            "UL/OBJECT/PARAM",
            "UL/P/SCRIPT",
            "UL/SPAN/TEXTAREA",
            "UL/TABLE/TBODY"
          ],
          [
            "-/-/FORM",
            "-/-/IFRAME",
            "-/-/OBJECT",
            "-/-/SCRIPT",
            "-/-/STYLE",
            "-/FORM/BR",
            "-/FORM/CENTER",
            "-/FORM/DIV",
            "-/FORM/IFRAME",
            "-/FORM/INPUT-button",
            "-/FORM/SCRIPT",
            "-/FORM/TABLE",
            "-/OBJECT/PARAM",
            "B/FONT/FONT",
            "CENTER/B/FONT",
            "FONT/FONT/B",
            "FORM/CENTER/B",
            "FORM/TABLE/TBODY",
            "P/FONT/B",
            "TABLE/TBODY/TR",
            "TBODY/TR/TD",
            "TD/B/FONT",
            "TD/DIV/B",
            "TD/DIV/FONT",
            "TD/DIV/INPUT-button",
            "TD/FONT/B",
            "TD/P/BR",
            "TD/P/FONT",
            "TD/P/INPUT-button",
            "TD/TABLE/TBODY",
            "TD/UL/BR",
            "TD/UL/FONT",
            "TD/UL/OBJECT",
            "TD/UL/P",
            "TD/UL/SCRIPT",
            "TD/UL/SPAN",
            "TD/UL/TABLE",
            "TR/TD/A",
            "TR/TD/B",
            "TR/TD/BR",
            "TR/TD/DIV",
            "TR/TD/FONT",
            "TR/TD/IFRAME",
            "TR/TD/IMG",
            "TR/TD/INPUT-button",
            "TR/TD/INPUT-hidden",
            "TR/TD/INPUT-null",
            "TR/TD/P",
            "TR/TD/SCRIPT",
            "TR/TD/SPAN",
            "TR/TD/TABLE",
            "TR/TD/TEXTAREA",
            "TR/TD/UL",
            "UL/FONT/FONT",
            "UL/OBJECT/PARAM",
            "UL/P/SCRIPT",
            "UL/SPAN/TEXTAREA",
            "UL/TABLE/TBODY"
          ],
          [
            "-/-/FORM",
            "-/-/IFRAME",
            "-/-/OBJECT",
            "-/-/SCRIPT",
            "-/-/STYLE",
            "-/FORM/BR",
            "-/FORM/CENTER",
            "-/FORM/DIV",
            "-/FORM/IFRAME",
            "-/FORM/INPUT-button",
            "-/FORM/SCRIPT",
            "-/FORM/TABLE",
            "-/OBJECT/PARAM",
            "B/FONT/FONT",
            "CENTER/B/FONT",
            "FONT/FONT/B",
            "FORM/CENTER/B",
            "FORM/TABLE/TBODY",
            "P/FONT/B",
            "TABLE/TBODY/TR",
            "TBODY/TR/TD",
            "TD/B/FONT",
            "TD/DIV/B",
            "TD/DIV/FONT",
            "TD/DIV/INPUT-button",
            "TD/FONT/B",
            "TD/P/BR",
            "TD/P/FONT",
            "TD/P/INPUT-button",
            "TD/TABLE/TBODY",
            "TD/UL/BR",
            "TD/UL/FONT",
            "TD/UL/INPUT-checkbox",
            "TD/UL/OBJECT",
            "TD/UL/P",
            "TD/UL/SCRIPT",
            "TD/UL/SPAN",
            "TD/UL/TABLE",
            "TR/TD/A",
            "TR/TD/B",
            "TR/TD/BR",
            "TR/TD/DIV",
            "TR/TD/FONT",
            "TR/TD/IFRAME",
            "TR/TD/IMG",
            "TR/TD/INPUT-button",
            "TR/TD/INPUT-hidden",
            "TR/TD/INPUT-null",
            "TR/TD/P",
            "TR/TD/SCRIPT",
            "TR/TD/SPAN",
            "TR/TD/TABLE",
            "TR/TD/TEXTAREA",
            "TR/TD/UL",
            "UL/FONT/FONT",
            "UL/OBJECT/PARAM",
            "UL/P/SCRIPT",
            "UL/SPAN/TEXTAREA",
            "UL/TABLE/TBODY"
          ],
          [
            "-/-/DIV",
            "-/-/FORM",
            "-/-/IFRAME",
            "-/-/OBJECT",
            "-/-/SCRIPT",
            "-/-/STYLE",
            "-/FORM/BR",
            "-/FORM/CENTER",
            "-/FORM/DIV",
            "-/FORM/IFRAME",
            "-/FORM/INPUT-button",
            "-/FORM/SCRIPT",
            "-/FORM/TABLE",
            "-/OBJECT/PARAM",
            "CENTER/B/FONT",
            "FORM/CENTER/B",
            "FORM/TABLE/TBODY",
            "TABLE/TBODY/TR",
            "TBODY/TR/TD",
            "TD/B/FONT",
            "TD/DIV/B",
            "TD/DIV/FONT",
            "TD/DIV/INPUT-button",
            "TD/P/BR",
            "TD/P/INPUT-button",
            "TD/TABLE/TBODY",
            "TD/UL/BR",
            "TD/UL/FONT",
            "TD/UL/OBJECT",
            "TD/UL/P",
            "TD/UL/SCRIPT",
            "TD/UL/SPAN",
            "TD/UL/TABLE",
            "TR/TD/A",
            "TR/TD/B",
            "TR/TD/BR",
            "TR/TD/DIV",
            "TR/TD/FONT",
            "TR/TD/IFRAME",
            "TR/TD/IMG",
            "TR/TD/INPUT-button",
            "TR/TD/INPUT-hidden",
            "TR/TD/INPUT-null",
            "TR/TD/P",
            "TR/TD/SCRIPT",
            "TR/TD/SPAN",
            "TR/TD/TABLE",
            "TR/TD/TEXTAREA",
            "TR/TD/UL",
            "UL/OBJECT/PARAM",
            "UL/P/SCRIPT",
            "UL/SPAN/TEXTAREA",
            "UL/TABLE/TBODY"
          ],
          [
            "-/-/FORM",
            "-/-/IFRAME",
            "-/-/OBJECT",
            "-/-/SCRIPT",
            "-/-/STYLE",
            "-/FORM/BR",
            "-/FORM/CENTER",
            "-/FORM/DIV",
            "-/FORM/IFRAME",
            "-/FORM/INPUT-button",
            "-/FORM/SCRIPT",
            "-/FORM/TABLE",
            "-/OBJECT/PARAM",
            "CENTER/B/FONT",
            "FORM/CENTER/B",
            "FORM/TABLE/TBODY",
            "TABLE/TBODY/TR",
            "TBODY/TR/TD",
            "TD/B/FONT",
            "TD/DIV/B",
            "TD/DIV/FONT",
            "TD/DIV/INPUT-button",
            "TD/FONT/B",
            "TD/P/BR",
            "TD/P/INPUT-button",
            "TD/TABLE/TBODY",
            "TD/UL/BR",
            "TD/UL/FONT",
            "TD/UL/INPUT-checkbox",
            "TD/UL/OBJECT",
            "TD/UL/P",
            "TD/UL/SCRIPT",
            "TD/UL/SPAN",
            "TD/UL/TABLE",
            "TR/TD/A",
            "TR/TD/B",
            "TR/TD/BR",
            "TR/TD/DIV",
            "TR/TD/FONT",
            "TR/TD/IFRAME",
            "TR/TD/IMG",
            "TR/TD/INPUT-button",
            "TR/TD/INPUT-hidden",
            "TR/TD/INPUT-null",
            "TR/TD/P",
            "TR/TD/SCRIPT",
            "TR/TD/SPAN",
            "TR/TD/TABLE",
            "TR/TD/TEXTAREA",
            "TR/TD/UL",
            "UL/OBJECT/PARAM",
            "UL/P/SCRIPT",
            "UL/SPAN/TEXTAREA",
            "UL/TABLE/TBODY"
          ],
          [
            "-/-/FORM",
            "-/-/IFRAME",
            "-/-/OBJECT",
            "-/-/SCRIPT",
            "-/-/STYLE",
            "-/FORM/BR",
            "-/FORM/CENTER",
            "-/FORM/DIV",
            "-/FORM/IFRAME",
            "-/FORM/INPUT-button",
            "-/FORM/SCRIPT",
            "-/FORM/TABLE",
            "-/OBJECT/PARAM",
            "CENTER/B/FONT",
            "FORM/CENTER/B",
            "FORM/TABLE/TBODY",
            "TABLE/TBODY/TR",
            "TBODY/TR/TD",
            "TD/A/B",
            "TD/B/FONT",
            "TD/DIV/B",
            "TD/DIV/FONT",
            "TD/DIV/INPUT-button",
            "TD/FONT/B",
            "TD/P/BR",
            "TD/P/INPUT-button",
            "TD/TABLE/TBODY",
            "TD/UL/BR",
            "TD/UL/FONT",
            "TD/UL/OBJECT",
            "TD/UL/P",
            "TD/UL/SCRIPT",
            "TD/UL/SPAN",
            "TD/UL/TABLE",
            "TR/TD/A",
            "TR/TD/B",
            "TR/TD/BR",
            "TR/TD/DIV",
            "TR/TD/FONT",
            "TR/TD/IFRAME",
            "TR/TD/IMG",
            "TR/TD/INPUT-button",
            "TR/TD/INPUT-hidden",
            "TR/TD/INPUT-null",
            "TR/TD/P",
            "TR/TD/SCRIPT",
            "TR/TD/SPAN",
            "TR/TD/TABLE",
            "TR/TD/TEXTAREA",
            "TR/TD/UL",
            "UL/OBJECT/PARAM",
            "UL/P/SCRIPT",
            "UL/TABLE/TBODY"
          ],
          [
            "-/-/FORM",
            "-/-/IFRAME",
            "-/-/OBJECT",
            "-/-/SCRIPT",
            "-/-/STYLE",
            "-/FORM/BR",
            "-/FORM/CENTER",
            "-/FORM/DIV",
            "-/FORM/IFRAME",
            "-/FORM/INPUT-button",
            "-/FORM/SCRIPT",
            "-/FORM/TABLE",
            "-/OBJECT/PARAM",
            "CENTER/B/FONT",
            "FORM/CENTER/B",
            "FORM/TABLE/TBODY",
            "TABLE/TBODY/TR",
            "TBODY/TR/TD",
            "TD/B/FONT",
            "TD/DIV/B",
            "TD/DIV/FONT",
            "TD/DIV/INPUT-button",
            "TD/FONT/B",
            "TD/P/BR",
            "TD/P/INPUT-button",
            "TD/TABLE/TBODY",
            "TD/UL/BR",
            "TD/UL/FONT",
            "TD/UL/INPUT-checkbox",
            "TD/UL/OBJECT",
            "TD/UL/P",
            "TD/UL/SCRIPT",
            "TD/UL/SPAN",
            "TD/UL/TABLE",
            "TR/TD/A",
            "TR/TD/B",
            "TR/TD/BR",
            "TR/TD/DIV",
            "TR/TD/FONT",
            "TR/TD/IFRAME",
            "TR/TD/IMG",
            "TR/TD/INPUT-button",
            "TR/TD/INPUT-hidden",
            "TR/TD/INPUT-null",
            "TR/TD/P",
            "TR/TD/SCRIPT",
            "TR/TD/SPAN",
            "TR/TD/TABLE",
            "TR/TD/TEXTAREA",
            "TR/TD/UL",
            "UL/OBJECT/PARAM",
            "UL/P/SCRIPT",
            "UL/TABLE/TBODY"
          ],
          [
            "-/-/FORM",
            "-/-/IFRAME",
            "-/-/LINK",
            "-/-/OBJECT",
            "-/-/SCRIPT",
            "-/-/STYLE",
            "-/FORM/BR",
            "-/FORM/DIV",
            "-/FORM/IFRAME",
            "-/FORM/INPUT-button",
            "-/FORM/SCRIPT",
            "-/FORM/TABLE",
            "-/OBJECT/PARAM",
            "DIV/A/IMG",
            "DIV/B/FONT",
            "DIV/P/BR",
            "DIV/TABLE/TBODY",
            "FORM/DIV/B",
            "FORM/DIV/BR",
            "FORM/TABLE/TBODY",
            "TABLE/TBODY/TR",
            "TBODY/TR/TD",
            "TD/DIV/A",
            "TD/DIV/B",
            "TD/DIV/BR",
            "TD/DIV/FONT",
            "TD/DIV/INPUT-button",
            "TD/DIV/P",
            "TD/DIV/TABLE",
            "TD/FONT/SPAN",
            "TD/SELECT/OPTION",
            "TD/SPAN/INPUT-button",
            "TD/TABLE/TBODY",
            "TD/UL/BR",
            "TD/UL/FONT",
            "TD/UL/INPUT-checkbox",
            "TD/UL/OBJECT",
            "TD/UL/P",
            "TD/UL/SCRIPT",
            "TD/UL/SPAN",
            "TD/UL/TABLE",
            "TR/TD/BR",
            "TR/TD/DIV",
            "TR/TD/FONT",
            "TR/TD/IFRAME",
            "TR/TD/IMG",
            "TR/TD/INPUT-button",
            "TR/TD/INPUT-null",
            "TR/TD/P",
            "TR/TD/SCRIPT",
            "TR/TD/SELECT",
            "TR/TD/SPAN",
            "TR/TD/TABLE",
            "TR/TD/TEXTAREA",
            "TR/TD/UL",
            "UL/OBJECT/PARAM",
            "UL/SPAN/TEXTAREA",
            "UL/TABLE/TBODY"
          ],
          [
            "-/-/FORM",
            "-/-/IFRAME",
            "-/-/OBJECT",
            "-/-/SCRIPT",
            "-/-/STYLE",
            "-/FORM/BR",
            "-/FORM/CENTER",
            "-/FORM/DIV",
            "-/FORM/IFRAME",
            "-/FORM/INPUT-button",
            "-/FORM/SCRIPT",
            "-/FORM/TABLE",
            "-/OBJECT/PARAM",
            "CENTER/B/FONT",
            "DIV/TABLE/TBODY",
            "FORM/CENTER/B",
            "FORM/TABLE/TBODY",
            "TABLE/TBODY/TR",
            "TBODY/TR/TD",
            "TD/A/B",
            "TD/B/FONT",
            "TD/DIV/B",
            "TD/DIV/FONT",
            "TD/DIV/INPUT-button",
            "TD/DIV/TABLE",
            "TD/FONT/A",
            "TD/FONT/B",
            "TD/FONT/BR",
            "TD/P/BR",
            "TD/P/INPUT-button",
            "TD/TABLE/TBODY",
            "TD/UL/BR",
            "TD/UL/FONT",
            "TD/UL/OBJECT",
            "TD/UL/P",
            "TD/UL/SCRIPT",
            "TD/UL/SPAN",
            "TD/UL/TABLE",
            "TR/TD/A",
            "TR/TD/B",
            "TR/TD/BR",
            "TR/TD/DIV",
            "TR/TD/FONT",
            "TR/TD/IFRAME",
            "TR/TD/IMG",
            "TR/TD/INPUT-button",
            "TR/TD/INPUT-hidden",
            "TR/TD/INPUT-null",
            "TR/TD/P",
            "TR/TD/SCRIPT",
            "TR/TD/SPAN",
            "TR/TD/TABLE",
            "TR/TD/TEXTAREA",
            "TR/TD/UL",
            "UL/OBJECT/PARAM",
            "UL/P/SCRIPT",
            "UL/TABLE/TBODY"
          ],
          [
            "-/-/DIV",
            "-/-/FORM",
            "-/-/IFRAME",
            "-/-/OBJECT",
            "-/-/SCRIPT",
            "-/-/STYLE",
            "-/FORM/BR",
            "-/FORM/CENTER",
            "-/FORM/DIV",
            "-/FORM/IFRAME",
            "-/FORM/INPUT-button",
            "-/FORM/SCRIPT",
            "-/FORM/TABLE",
            "-/OBJECT/PARAM",
            "CENTER/B/FONT",
            "DIV/TABLE/TBODY",
            "FORM/CENTER/B",
            "FORM/TABLE/TBODY",
            "TABLE/TBODY/TR",
            "TBODY/TR/TD",
            "TD/B/FONT",
            "TD/DIV/B",
            "TD/DIV/FONT",
            "TD/DIV/INPUT-button",
            "TD/DIV/TABLE",
            "TD/FONT/A",
            "TD/FONT/B",
            "TD/FONT/BR",
            "TD/P/BR",
            "TD/P/INPUT-button",
            "TD/TABLE/TBODY",
            "TD/UL/BR",
            "TD/UL/FONT",
            "TD/UL/OBJECT",
            "TD/UL/P",
            "TD/UL/SCRIPT",
            "TD/UL/SPAN",
            "TD/UL/TABLE",
            "TR/TD/A",
            "TR/TD/B",
            "TR/TD/BR",
            "TR/TD/DIV",
            "TR/TD/FONT",
            "TR/TD/IFRAME",
            "TR/TD/IMG",
            "TR/TD/INPUT-button",
            "TR/TD/INPUT-hidden",
            "TR/TD/INPUT-null",
            "TR/TD/P",
            "TR/TD/SCRIPT",
            "TR/TD/SPAN",
            "TR/TD/TABLE",
            "TR/TD/TEXTAREA",
            "TR/TD/UL",
            "UL/OBJECT/PARAM",
            "UL/P/SCRIPT",
            "UL/TABLE/TBODY"
          ],
          [
            "-/-/FORM",
            "-/-/IFRAME",
            "-/-/OBJECT",
            "-/-/SCRIPT",
            "-/-/STYLE",
            "-/FORM/BR",
            "-/FORM/CENTER",
            "-/FORM/DIV",
            "-/FORM/IFRAME",
            "-/FORM/INPUT-button",
            "-/FORM/SCRIPT",
            "-/FORM/TABLE",
            "-/OBJECT/PARAM",
            "CENTER/B/FONT",
            "DIV/TABLE/TBODY",
            "FORM/CENTER/B",
            "FORM/TABLE/TBODY",
            "TABLE/TBODY/TR",
            "TBODY/TR/TD",
            "TD/A/B",
            "TD/B/FONT",
            "TD/DIV/B",
            "TD/DIV/FONT",
            "TD/DIV/INPUT-button",
            "TD/DIV/TABLE",
            "TD/FONT/A",
            "TD/FONT/B",
            "TD/FONT/BR",
            "TD/P/BR",
            "TD/P/INPUT-button",
            "TD/TABLE/TBODY",
            "TD/UL/BR",
            "TD/UL/FONT",
            "TD/UL/OBJECT",
            "TD/UL/P",
            "TD/UL/SCRIPT",
            "TD/UL/SPAN",
            "TD/UL/TABLE",
            "TR/TD/A",
            "TR/TD/B",
            "TR/TD/BR",
            "TR/TD/DIV",
            "TR/TD/FONT",
            "TR/TD/IFRAME",
            "TR/TD/IMG",
            "TR/TD/INPUT-button",
            "TR/TD/INPUT-hidden",
            "TR/TD/INPUT-null",
            "TR/TD/P",
            "TR/TD/SCRIPT",
            "TR/TD/SPAN",
            "TR/TD/TABLE",
            "TR/TD/TEXTAREA",
            "TR/TD/UL",
            "UL/OBJECT/PARAM",
            "UL/P/SCRIPT",
            "UL/SPAN/TEXTAREA",
            "UL/TABLE/TBODY"
          ],
          [
            "-/-/FORM",
            "-/-/IFRAME",
            "-/-/OBJECT",
            "-/-/SCRIPT",
            "-/-/STYLE",
            "-/FORM/BR",
            "-/FORM/CENTER",
            "-/FORM/DIV",
            "-/FORM/IFRAME",
            "-/FORM/INPUT-button",
            "-/FORM/SCRIPT",
            "-/FORM/TABLE",
            "-/OBJECT/PARAM",
            "CENTER/B/FONT",
            "DIV/A/IMG",
            "DIV/TABLE/TBODY",
            "FORM/CENTER/B",
            "FORM/TABLE/TBODY",
            "TABLE/TBODY/TR",
            "TBODY/TR/TD",
            "TD/A/B",
            "TD/B/FONT",
            "TD/DIV/A",
            "TD/DIV/B",
            "TD/DIV/BR",
            "TD/DIV/FONT",
            "TD/DIV/INPUT-button",
            "TD/DIV/TABLE",
            "TD/FONT/A",
            "TD/FONT/B",
            "TD/FONT/BR",
            "TD/P/BR",
            "TD/P/INPUT-button",
            "TD/TABLE/TBODY",
            "TD/UL/BR",
            "TD/UL/FONT",
            "TD/UL/INPUT-checkbox",
            "TD/UL/OBJECT",
            "TD/UL/P",
            "TD/UL/SCRIPT",
            "TD/UL/SPAN",
            "TD/UL/TABLE",
            "TR/TD/A",
            "TR/TD/B",
            "TR/TD/BR",
            "TR/TD/DIV",
            "TR/TD/FONT",
            "TR/TD/IFRAME",
            "TR/TD/IMG",
            "TR/TD/INPUT-button",
            "TR/TD/INPUT-hidden",
            "TR/TD/INPUT-null",
            "TR/TD/P",
            "TR/TD/SCRIPT",
            "TR/TD/SPAN",
            "TR/TD/TABLE",
            "TR/TD/TEXTAREA",
            "TR/TD/UL",
            "UL/OBJECT/PARAM",
            "UL/P/SCRIPT",
            "UL/SPAN/TEXTAREA",
            "UL/TABLE/TBODY"
          ],
          [
            "-/-/FORM",
            "-/-/IFRAME",
            "-/-/OBJECT",
            "-/-/SCRIPT",
            "-/-/STYLE",
            "-/FORM/BR",
            "-/FORM/CENTER",
            "-/FORM/IFRAME",
            "-/FORM/INPUT-button",
            "-/FORM/SCRIPT",
            "-/FORM/TABLE",
            "-/OBJECT/PARAM",
            "CENTER/B/FONT",
            "DIV/TABLE/TBODY",
            "FONT/FONT/B",
            "FORM/CENTER/B",
            "FORM/TABLE/TBODY",
            "TABLE/TBODY/TR",
            "TBODY/TR/TD",
            "TD/A/B",
            "TD/B/FONT",
            "TD/DIV/B",
            "TD/DIV/FONT",
            "TD/DIV/INPUT-button",
            "TD/DIV/TABLE",
            "TD/FONT/A",
            "TD/FONT/B",
            "TD/FONT/BR",
            "TD/FONT/FONT",
            "TD/P/BR",
            "TD/P/INPUT-button",
            "TD/TABLE/TBODY",
            "TD/UL/BR",
            "TD/UL/FONT",
            "TD/UL/OBJECT",
            "TD/UL/P",
            "TD/UL/SCRIPT",
            "TD/UL/SPAN",
            "TD/UL/TABLE",
            "TR/TD/A",
            "TR/TD/B",
            "TR/TD/BR",
            "TR/TD/DIV",
            "TR/TD/FONT",
            "TR/TD/IFRAME",
            "TR/TD/IMG",
            "TR/TD/INPUT-button",
            "TR/TD/INPUT-hidden",
            "TR/TD/INPUT-null",
            "TR/TD/P",
            "TR/TD/SCRIPT",
            "TR/TD/SPAN",
            "TR/TD/TABLE",
            "TR/TD/TEXTAREA",
            "TR/TD/UL",
            "UL/FONT/FONT",
            "UL/OBJECT/PARAM",
            "UL/P/SCRIPT",
            "UL/SPAN/TEXTAREA",
            "UL/TABLE/TBODY"
          ],
          [
            "-/-/DIV",
            "-/-/FORM",
            "-/-/IFRAME",
            "-/-/OBJECT",
            "-/-/SCRIPT",
            "-/-/STYLE",
            "-/FORM/BR",
            "-/FORM/CENTER",
            "-/FORM/DIV",
            "-/FORM/IFRAME",
            "-/FORM/INPUT-button",
            "-/FORM/SCRIPT",
            "-/FORM/TABLE",
            "-/OBJECT/PARAM",
            "CENTER/B/FONT",
            "DIV/TABLE/TBODY",
            "FONT/FONT/B",
            "FORM/CENTER/B",
            "FORM/TABLE/TBODY",
            "TABLE/TBODY/TR",
            "TBODY/TR/TD",
            "TD/B/FONT",
            "TD/DIV/B",
            "TD/DIV/FONT",
            "TD/DIV/INPUT-button",
            "TD/DIV/TABLE",
            "TD/FONT/A",
            "TD/FONT/B",
            "TD/FONT/BR",
            "TD/FONT/FONT",
            "TD/P/BR",
            "TD/P/INPUT-button",
            "TD/TABLE/TBODY",
            "TD/UL/BR",
            "TD/UL/FONT",
            "TD/UL/OBJECT",
            "TD/UL/P",
            "TD/UL/SCRIPT",
            "TD/UL/SPAN",
            "TD/UL/TABLE",
            "TR/TD/A",
            "TR/TD/B",
            "TR/TD/BR",
            "TR/TD/DIV",
            "TR/TD/FONT",
            "TR/TD/IFRAME",
            "TR/TD/IMG",
            "TR/TD/INPUT-button",
            "TR/TD/INPUT-hidden",
            "TR/TD/INPUT-null",
            "TR/TD/P",
            "TR/TD/SCRIPT",
            "TR/TD/SPAN",
            "TR/TD/TABLE",
            "TR/TD/TEXTAREA",
            "TR/TD/UL",
            "UL/FONT/FONT",
            "UL/OBJECT/PARAM",
            "UL/P/SCRIPT",
            "UL/SPAN/TEXTAREA",
            "UL/TABLE/TBODY"
          ],
          [
            "-/-/FORM",
            "-/-/IFRAME",
            "-/-/OBJECT",
            "-/-/SCRIPT",
            "-/-/STYLE",
            "-/FORM/BR",
            "-/FORM/CENTER",
            "-/FORM/DIV",
            "-/FORM/IFRAME",
            "-/FORM/INPUT-button",
            "-/FORM/SCRIPT",
            "-/FORM/TABLE",
            "-/OBJECT/PARAM",
            "A/B/IMG",
            "CENTER/B/FONT",
            "DIV/TABLE/TBODY",
            "FORM/CENTER/B",
            "FORM/TABLE/TBODY",
            "TABLE/TBODY/TR",
            "TBODY/TR/TD",
            "TD/A/B",
            "TD/B/FONT",
            "TD/DIV/B",
            "TD/DIV/FONT",
            "TD/DIV/INPUT-button",
            "TD/DIV/TABLE",
            "TD/P/BR",
            "TD/P/INPUT-button",
            "TD/SPAN/B",
            "TD/SPAN/IMG",
            "TD/SPAN/SPAN",
            "TD/TABLE/TBODY",
            "TD/UL/BR",
            "TD/UL/FONT",
            "TD/UL/OBJECT",
            "TD/UL/P",
            "TD/UL/SCRIPT",
            "TD/UL/SPAN",
            "TD/UL/TABLE",
            "TR/TD/A",
            "TR/TD/B",
            "TR/TD/BR",
            "TR/TD/DIV",
            "TR/TD/FONT",
            "TR/TD/IFRAME",
            "TR/TD/IMG",
            "TR/TD/INPUT-button",
            "TR/TD/INPUT-hidden",
            "TR/TD/INPUT-null",
            "TR/TD/P",
            "TR/TD/SCRIPT",
            "TR/TD/SPAN",
            "TR/TD/TABLE",
            "TR/TD/TEXTAREA",
            "TR/TD/UL",
            "UL/OBJECT/PARAM",
            "UL/P/SCRIPT",
            "UL/SPAN/TEXTAREA",
            "UL/TABLE/TBODY"
          ]
        ]
      }
    }
  }
}