{
  "version": "0.1",
  "id": "lks_filemng_list",
  "targetURL": "http://oa.sec.com.cn/lks/koa/lks_filemng.nsf?opendatabase",
  "jsFile": "index.js",
  "chineseName": "列表页",
  "description": "",
  "controls": {
    "control6_IiDdhc": {
      "location": {
        "data": {
          "tagName": "DIV"
        },
        "userData": {
          "data": [],
          "force": false
        },
        "locators": [
          {
            "id": "@id/word",
            "prob": 3,
            "value": "descendant::DIV[@id=\"VW_TABLE\"]"
          },
          {
            "id": "path/ordinal",
            "prob": 1,
            "value": "/HTML[1]/BODY[1]/FORM[1]/TABLE[4]/TBODY[1]/TR[1]/TD[1]/DIV[2]"
          }
        ]
      },
      "events": {
        "onGetData": "getData_control6_IiDdhc"
      },
      "intendedRole": "custom",
      "roles": "element,custom",
      "monitored": true,
      "frameXPath": "//frame[@name='bodyFrame']<<IFRAME>>//frame[@name='viewFrame']<<IFRAME>>",
      "componentType": "custom"
    },
    "control7_KMPdWu": {
      "location": {
        "data": {
          "tagName": "FONT"
        },
        "userData": {
          "data": [],
          "force": false
        },
        "locators": [
          {
            "id": "@class/word",
            "prob": 1,
            "ordinal": [
              0,
              6
            ],
            "value": "FONT.curpath"
          },
          {
            "id": "path/ordinal",
            "prob": 1,
            "value": "/HTML[1]/BODY[1]/FORM[1]/TABLE[4]/TBODY[1]/TR[1]/TD[1]/FONT[1]"
          },
          {
            "id": "elderLevel",
            "value": {
              "level": 0
            }
          }
        ]
      },
      "events": {
        "onGetData": "getData_control7_KMPdWu"
      },
      "intendedRole": "custom",
      "roles": "element,custom",
      "monitored": true,
      "frameXPath": "//frame[@name='bodyFrame']<<IFRAME>>//frame[@name='viewFrame']<<IFRAME>>",
      "componentType": "custom"
    },
    "control8_86Hp5K": {
      "location": {
        "data": {
          "tagName": "DIV"
        },
        "userData": {
          "data": [],
          "force": false
        },
        "locators": [
          {
            "id": "@id/word",
            "prob": 3,
            "value": "descendant::DIV[@id=\"VW_NAVBOTTOM\"]"
          },
          {
            "id": "path/ordinal",
            "prob": 1,
            "value": "/HTML[1]/BODY[1]/FORM[1]/TABLE[4]/TBODY[1]/TR[1]/TD[1]/DIV[3]"
          }
        ]
      },
      "events": {
        "onGetData": "getData_control8_86Hp5K"
      },
      "intendedRole": "custom",
      "roles": "element,custom",
      "monitored": true,
      "frameXPath": "//frame[@name='bodyFrame']<<IFRAME>>//frame[@name='viewFrame']<<IFRAME>>",
      "componentType": "custom"
    }
  },
  "contexts": {
    "context2_Ub77es": {
      "controls": [
        "control6_IiDdhc",
        "control7_KMPdWu",
        "control8_86Hp5K"
      ],
      "anchors": [],
      "urlAnchor": []
    }
  },
  "flows": {
    "flow6_KbCoFn": {
      "toContexts": [
        {
          "toContextId": "context2_Ub77es"
        }
      ]
    }
  },
  "pages": {
    "page2_vPR6CU": {
      "contextId": "context2_Ub77es",
      "layout": [
        {
          "id": "uiControl8_Sp98L4",
          "controlId": "control7_KMPdWu",
          "display": {
            "adapterId": "custom",
            "type": "custom",
            "adapter": {
              "templateType": "react",
              "events": {
                "onDoAction": "doAction_uiControl8_Sp98L4",
                "onGetTemplate": "getTemplate_uiControl8_Sp98L4"
              }
            }
          }
        },
        {
          "id": "uiControl7_2dHNJg",
          "controlId": "control6_IiDdhc",
          "display": {
            "adapterId": "custom",
            "type": "custom",
            "adapter": {
              "templateType": "react",
              "events": {
                "onDoAction": "doAction_uiControl7_2dHNJg",
                "onGetTemplate": "getTemplate_uiControl7_2dHNJg"
              }
            }
          }
        },
        {
          "id": "uiControl9_KzhZfC",
          "controlId": "control8_86Hp5K",
          "display": {
            "adapterId": "custom",
            "type": "custom",
            "adapter": {
              "templateType": "react",
              "events": {
                "onDoAction": "doAction_uiControl9_KzhZfC",
                "onGetTemplate": "getTemplate_uiControl9_KzhZfC"
              }
            }
          }
        }
      ]
    }
  },
  "matchers": {
    "page/title": {
      "contexts": {
        "context2_Ub77es": [
          ""
        ]
      }
    },
    "page/urls": {
      "contexts": {
        "context2_Ub77es": [
          ""
        ]
      }
    },
    "page/ids": {
      "contexts": {
        "context2_Ub77es": [
          [
            "VWVWROW_",
            "VW_VW",
            "divRTCom"
          ],
          [],
          [
            "TVN_"
          ]
        ]
      }
    },
    "page/classes": {
      "contexts": {
        "context2_Ub77es": [
          [
            "TbView",
            "TrViewFirst"
          ],
          []
        ]
      }
    },
    "page/tagTriplets": {
      "contexts": {
        "context2_Ub77es": [
          [
            "-/-/TABLE",
            "-/TABLE/TBODY",
            "TABLE/TBODY/TR",
            "TBODY/TR/TD",
            "TR/TD/DIV",
            "TR/TD/FONT",
            "TR/TD/SPAN"
          ],
          [
            "-/-/CENTER",
            "-/CENTER/IFRAME"
          ],
          [
            "-/-/TABLE",
            "-/TABLE/TBODY",
            "TABLE/TBODY/TR",
            "TBODY/TR/TD",
            "TD/A/IMG",
            "TR/TD/A",
            "TR/TD/IMG"
          ]
        ]
      }
    }
  }
}