{
  "version": "0.1",
  "id": "Global_WeChat",
  "targetURL": "http://oa.sec.com.cn/lks/sys/lks_usercenter.nsf/FM_WeixinReview?openform&m_Seq=0.15830678666987796",
  "jsFile": "index.js",
  "requires": {
    "lks_devconfigsec": "../lks_devconfigsec/index.json"
  },
  "chineseName": "微信页面",
  "description": "",
  "controls": {
    "control40_6TdcbT": {
      "location": {
        "data": {
          "tagName": "IMG"
        },
        "userData": {
          "data": [],
          "force": false
        },
        "locators": [
          {
            "id": "img/@src",
            "prob": 2,
            "value": {
              "pathname": "/lks/koa/images/gzwx.png"
            }
          },
          {
            "id": "path/ordinal",
            "prob": 1,
            "value": "/HTML[1]/BODY[1]/FORM[1]/CENTER[1]/TABLE[1]/TBODY[1]/TR[1]/TD[1]/IMG[1]"
          }
        ]
      },
      "roles": "element,image,button",
      "monitored": true,
      "frameXPath": "",
      "componentType": "image"
    },
    "control41_mKhp67": {
      "location": {
        "data": {
          "tagName": "FORM"
        },
        "userData": {
          "data": [],
          "force": false
        },
        "locators": [
          {
            "id": "path/ordinal",
            "prob": 1,
            "value": "/HTML[1]/BODY[1]/FORM[1]"
          }
        ]
      },
      "events": {
        "onGetData": "getData_control41_mKhp67"
      },
      "intendedRole": "custom",
      "roles": "element,custom",
      "monitored": false,
      "frameXPath": "",
      "componentType": "custom"
    },
    "control52_XW6361": {
      "location": {
        "data": {
          "tagName": "TABLE"
        },
        "userData": {
          "data": [],
          "force": false
        },
        "locators": [
          {
            "id": "@class/word",
            "prob": 1,
            "value": "TABLE.tbdoc"
          },
          {
            "id": "path/ordinal",
            "prob": 1,
            "value": "/HTML[1]/BODY[1]/FORM[1]/TABLE[2]"
          }
        ]
      },
      "events": {
        "onGetData": "getData_control52_XW6361"
      },
      "intendedRole": "custom",
      "roles": "element,custom",
      "monitored": true,
      "frameXPath": "",
      "componentType": "custom"
    }
  },
  "contexts": {
    "context1_QKcqmb": {
      "controls": [
        "control40_6TdcbT",
        "control41_mKhp67",
        "control52_XW6361"
      ],
      "anchors": [],
      "urlAnchor": []
    }
  },
  "flows": {
    "flow4_pK4TUJ": {
      "toContexts": [
        {
          "toContextId": "context1_QKcqmb"
        },
        {
          "toContextId": "context29_myM0HG",
          "toModelId": "lks_devconfigsec"
        }
      ]
    }
  },
  "pages": {
    "page1_h5o5vV": {
      "contextId": "context1_QKcqmb",
      "layout": [
        {
          "id": "uiControl53_ZM1IWr",
          "controlId": "control41_mKhp67",
          "display": {
            "adapterId": "custom",
            "type": "custom",
            "adapter": {
              "templateType": "react",
              "events": {
                "onDoAction": "doAction_uiControl53_ZM1IWr",
                "onGetTemplate": "getTemplate_uiControl53_ZM1IWr"
              }
            }
          }
        },
        {
          "id": "uiControl70_L0sAks",
          "controlId": "control52_XW6361",
          "display": {
            "adapterId": "custom",
            "type": "custom",
            "adapter": {
              "templateType": "react",
              "events": {
                "onDoAction": "doAction_uiControl70_L0sAks",
                "onGetTemplate": "getTemplate_uiControl70_L0sAks"
              }
            }
          }
        },
        {
          "id": "uiControl52_TkZhEC",
          "display": {
            "type": "card",
            "adapterId": "card",
            "adapter": {
              "templateType": ""
            }
          },
          "layout": [
            {
              "id": "uiControl52_TkZhECheader",
              "display": {
                "type": "cardHeader",
                "text": "",
                "adapterId": "cardHeader",
                "adapter": {
                  "templateType": ""
                }
              },
              "layout": []
            },
            {
              "id": "uiControl52_TkZhECbody",
              "display": {
                "type": "cardBody",
                "adapterId": "cardBody",
                "adapter": {
                  "templateType": ""
                }
              },
              "layout": [
                {
                  "id": "uiControl49_eECQuy",
                  "controlId": "control40_6TdcbT",
                  "display": {
                    "adapterId": "image_link",
                    "type": "image",
                    "adapter": {
                      "templateType": ""
                    }
                  }
                }
              ]
            },
            {
              "id": "uiControl52_TkZhECfooter",
              "display": {
                "type": "cardFooter",
                "adapterId": "cardFooter",
                "adapter": {
                  "templateType": ""
                }
              },
              "layout": []
            }
          ]
        }
      ]
    }
  },
  "matchers": {
    "page/title": {
      "contexts": {
        "context1_QKcqmb": [
          "深圳能源集团OA系统_通过微信审批流程"
        ]
      }
    },
    "page/urls": {
      "contexts": {
        "context1_QKcqmb": [
          "oa.sec.com.cn/lks/sys/lks_usercenter.nsf/FM_WeixinReview?openform&m_Seq=0.15830678666987796",
          "oa.sec.com.cn/lks/sys/lks_usercenter.nsf/FM_WeixinReview?openform&m_Seq=0.35762559574110386",
          "oa.sec.com.cn/lks/sys/lks_usercenter.nsf/FM_WeixinReview?openform&m_Seq=0.1609666033323638",
          "oa.sec.com.cn/lks/sys/lks_usercenter.nsf/FM_WeixinReview?openform&m_Seq=0.1100303047058846",
          "oa.sec.com.cn/lks/sys/lks_usercenter.nsf/FM_WeixinReview?openform&m_Seq=0.514693789639737",
          "oa.sec.com.cn/lks/sys/lks_usercenter.nsf/FM_WeixinReview?openform&m_Seq=0.2905194409287004"
        ]
      }
    },
    "page/ids": {
      "contexts": {
        "context1_QKcqmb": [
          [
            "img_",
            "span_",
            "timer",
            "tr_"
          ]
        ]
      }
    },
    "page/classes": {
      "contexts": {
        "context1_QKcqmb": [
          [
            "tbdoc"
          ]
        ]
      }
    },
    "page/tagTriplets": {
      "contexts": {
        "context1_QKcqmb": [
          [
            "-/-/FORM",
            "-/-/SCRIPT",
            "-/FORM/BR",
            "-/FORM/CENTER",
            "-/FORM/DIV",
            "-/FORM/INPUT-hidden",
            "-/FORM/SCRIPT",
            "-/FORM/TABLE",
            "CENTER/TABLE/TBODY",
            "FORM/CENTER/TABLE",
            "FORM/TABLE/TBODY",
            "TABLE/TBODY/TR",
            "TBODY/TR/TD",
            "TD/SPAN/CENTER",
            "TR/TD/B",
            "TR/TD/BR",
            "TR/TD/FONT",
            "TR/TD/IMG",
            "TR/TD/INPUT-button",
            "TR/TD/INPUT-null",
            "TR/TD/SPAN"
          ]
        ]
      }
    }
  }
}