{
  "version": "0.1",
  "id": "chooseCategory",
  "targetURL": "http://oa.sec.com.cn/lks/koa/lks_rules.nsf/PG_SelectClass?OpenPage",
  "jsFile": "index.js",
  "chineseName": "选择分类",
  "description": "",
  "controls": {
    "control48_RQJGCH": {
      "location": {
        "data": {
          "tagName": "TD"
        },
        "userData": {
          "data": [],
          "force": false
        },
        "locators": [
          {
            "id": "@id/word",
            "prob": 2,
            "value": [
              "descendant::DIV[@id=\"treeDiv\"]/TABLE[1]/TBODY[1]/TR[1]/TD[2]",
              "descendant::DIV[@id=\"treeDiv\"]//TD"
            ]
          },
          {
            "id": "@id/partialWord",
            "prob": 1,
            "disabled": true,
            "value": {
              "elemId": "TVN_0",
              "tagName": "TABLE",
              "prefix": "DIV[@id=\"treeDiv\"]//",
              "suffix": "/TBODY[1]/TR[1]/TD[2]",
              "ratio": 0.163
            }
          },
          {
            "id": "path/ordinal",
            "prob": 1,
            "value": "/HTML[1]/BODY[1]/DIV[1]/TABLE[1]/TBODY[1]/TR[1]/TD[2]"
          }
        ]
      },
      "events": {
        "onGetData": "getData_control48_RQJGCH"
      },
      "intendedRole": "custom",
      "roles": "element,link,custom",
      "monitored": true,
      "frameXPath": "//frame[@name='treeFrame']<<IFRAME>>",
      "componentType": "custom"
    },
    "control52_GDpryv": {
      "location": {
        "data": {
          "tagName": "DIV"
        },
        "userData": {
          "data": [],
          "force": false
        },
        "locators": [
          {
            "id": "@id/word",
            "prob": 3,
            "value": "descendant::DIV[@id=\"treeDiv\"]"
          },
          {
            "id": "path/ordinal",
            "prob": 1,
            "value": "/HTML[1]/BODY[1]/DIV[1]"
          }
        ]
      },
      "events": {
        "onGetData": "getData_control52_GDpryv"
      },
      "intendedRole": "custom",
      "roles": "element,custom",
      "monitored": true,
      "frameXPath": "//frame[@name='treeFrame']<<IFRAME>>",
      "componentType": "custom"
    },
    "control53_Axm22x": {
      "location": {
        "data": {
          "tagName": "TABLE"
        },
        "userData": {
          "data": [],
          "force": false
        },
        "locators": [
          {
            "id": "path/ordinal",
            "prob": 1,
            "value": "/HTML[1]/BODY[1]/FORM[1]/TABLE[2]"
          }
        ]
      },
      "events": {
        "onGetData": "getData_control53_Axm22x"
      },
      "intendedRole": "custom",
      "roles": "element,custom",
      "monitored": true,
      "frameXPath": "//frame[@name='viewFrame']<<IFRAME>>",
      "componentType": "custom"
    },
    "control54_bRaCvD": {
      "location": {
        "data": {
          "tagName": "TD"
        },
        "userData": {
          "data": [],
          "force": false
        },
        "locators": [
          {
            "id": "path/ordinal",
            "prob": 1,
            "value": "/HTML[1]/BODY[1]/FORM[1]/TABLE[3]/TBODY[1]/TR[1]/TD[1]"
          }
        ]
      },
      "events": {
        "onGetData": "getData_control54_bRaCvD"
      },
      "intendedRole": "custom",
      "roles": "element,custom",
      "monitored": false,
      "frameXPath": "//frame[@name='viewFrame']<<IFRAME>>",
      "componentType": "custom"
    }
  },
  "contexts": {
    "context8_KkUJV6": {
      "controls": [
        "control48_RQJGCH",
        "control52_GDpryv",
        "control53_Axm22x",
        "control54_bRaCvD"
      ],
      "anchors": [],
      "urlAnchor": []
    }
  },
  "flows": {
    "flow39_bXXqHo": {
      "toContexts": [
        {
          "toContextId": "context8_KkUJV6"
        }
      ]
    },
    "flow40_OADu0D": {
      "fromContextId": "context8_KkUJV6",
      "fromAction": "doAction",
      "fromControlId": "control52_GDpryv",
      "toContexts": [
        {
          "toContextId": "context8_KkUJV6"
        }
      ]
    },
    "flow41_vtNTVb": {
      "fromContextId": "context8_KkUJV6",
      "fromAction": "doAction",
      "fromControlId": "control54_bRaCvD",
      "toContexts": [
        {
          "toContextId": "context8_KkUJV6"
        }
      ]
    }
  },
  "pages": {
    "page8_dTMiOo": {
      "contextId": "context8_KkUJV6",
      "layout": [
        {
          "id": "uiControl21_CuoQ9y",
          "controlId": "control48_RQJGCH",
          "display": {
            "adapterId": "custom",
            "type": "custom",
            "adapter": {
              "templateType": "react",
              "events": {
                "onDoAction": "doAction_uiControl21_CuoQ9y",
                "onGetTemplate": "getTemplate_uiControl21_CuoQ9y"
              }
            }
          }
        },
        {
          "id": "uiControl61_Udud7J",
          "controlId": "control52_GDpryv",
          "display": {
            "adapterId": "custom",
            "type": "custom",
            "adapter": {
              "templateType": "react",
              "events": {
                "onDoAction": "doAction_uiControl61_Udud7J",
                "onGetTemplate": "getTemplate_uiControl61_Udud7J"
              }
            }
          }
        },
        {
          "id": "uiControl65_5pIdJG",
          "controlId": "control53_Axm22x",
          "display": {
            "adapterId": "custom",
            "type": "custom",
            "adapter": {
              "templateType": "react",
              "events": {
                "onDoAction": "doAction_uiControl65_5pIdJG",
                "onGetTemplate": "getTemplate_uiControl65_5pIdJG"
              }
            }
          }
        },
        {
          "id": "uiControl67_UTzmLk",
          "display": {
            "type": "sticky",
            "adapterId": "sticky",
            "class": "ui-footer-button",
            "adapter": {
              "templateType": ""
            }
          },
          "layout": [
            {
              "id": "uiControl67_UTzmLkbody",
              "display": {
                "type": "stickyBody",
                "adapterId": "stickyBody",
                "adapter": {
                  "templateType": ""
                }
              },
              "layout": [
                {
                  "id": "uiControl66_nTLDwL",
                  "controlId": "control54_bRaCvD",
                  "display": {
                    "adapterId": "custom",
                    "type": "custom",
                    "adapter": {
                      "templateType": "react",
                      "events": {
                        "onDoAction": "doAction_uiControl66_nTLDwL",
                        "onGetTemplate": "getTemplate_uiControl66_nTLDwL"
                      }
                    }
                  }
                }
              ]
            }
          ]
        }
      ]
    }
  },
  "matchers": {
    "page/title": {
      "contexts": {
        "context8_KkUJV6": [
          "选择分类"
        ]
      }
    },
    "page/urls": {
      "contexts": {
        "context8_KkUJV6": [
          "oa.sec.com.cn/lks/koa/lks_rules.nsf/PG_SelectClass?OpenPage"
        ]
      }
    },
    "page/ids": {
      "contexts": {
        "context8_KkUJV6": [
          []
        ]
      }
    },
    "page/classes": {
      "contexts": {
        "context8_KkUJV6": [
          []
        ]
      }
    },
    "page/tagTriplets": {
      "contexts": {
        "context8_KkUJV6": [
          [
            "-/-/FRAME"
          ]
        ]
      }
    }
  }
}