{"version":"0.1","id":"project_record_info","targetURL":"https://7.carpoly.com/ekp/cm/project/cm_project_record_main/cmProjectRecordMain.do?method=view&fdId=1614623a2cb08ff365ec5cb4192844d3","jsFile":"index.js","requires":{"collaborate":"../collaborate/index.json","lbpm_usage":"../lbpm_usage/index.json","success":"../success/index.json","dialog":"../dialog/index.json","tubulv":"../tubulv/index.json"},"chineseName":"工程报备申请详情","description":"","controls":{"control20_3UdHue":{"location":{"data":{"tagName":"DIV"},"userData":{"data":[],"force":false},"locators":[{"id":"@class/word","prob":1,"value":"DIV.lui_form_title_frame DIV.lui_form_subject"},{"id":"path/ordinal","prob":1,"value":"/HTML[1]/BODY[1]/FORM[1]/DIV[1]/DIV[1]"},{"id":"style/color","value":[62,158,206]},{"id":"elderLevel","value":{"level":0}}]},"events":{"onGetData":"getData_control20_3UdHue"},"intendedRole":"custom","roles":"element,custom","monitored":true,"frameXPath":""},"control22_JzGCAi":{"location":{"data":{"tagName":"TABLE"},"userData":{"data":[],"force":false},"locators":[{"id":"@class/word","prob":1,"ordinal":[0,3],"value":"DIV.lui_form_content_frame TABLE.tb_normal"},{"id":"path/ordinal","prob":1,"value":"/HTML[1]/BODY[1]/FORM[1]/DIV[2]/TABLE[1]"}]},"events":{"onGetData":"getData_control22_JzGCAi"},"intendedRole":"custom","roles":"element,custom","monitored":true,"frameXPath":""},"control23_8qGpgx":{"location":{"data":{"tagName":"TABLE"},"userData":{"data":[],"force":false},"locators":[{"id":"@id/word","prob":2,"value":["descendant::DIV[@id=\"process_review_tabcontent\"]/TABLE[1]","descendant::DIV[@id=\"process_review_tabcontent\"]//TABLE"]},{"id":"@class/word","prob":1,"value":"DIV.lui_panel_content_inside DIV.lui-component TABLE.tb_normal.process_review_panel"},{"id":"path/ordinal","prob":1,"value":"/HTML[1]/BODY[1]/FORM[1]/DIV[3]/DIV[1]/DIV[1]/DIV[1]/DIV[2]/DIV[1]/DIV[1]/DIV[1]/DIV[1]/DIV[1]/TABLE[1]"}]},"events":{"onGetData":"getData_control23_8qGpgx"},"intendedRole":"custom","roles":"element,custom","monitored":true,"frameXPath":""},"control24_LEpDDD":{"location":{"data":{"tagName":"TR"},"userData":{"data":[],"force":false},"locators":[{"id":"@id/word","prob":3,"value":["descendant::DIV[@id=\"process_review_tabcontent\"]//TR[@id=\"showDetails\"]","descendant::TR[@id=\"showDetails\"]"]},{"id":"@class/word","prob":1,"ordinal":[6,13],"value":"DIV.lui_panel_content_inside DIV.lui-component TABLE.tb_normal.process_review_panel TBODY TR"},{"id":"path/ordinal","prob":1,"value":"/HTML[1]/BODY[1]/FORM[1]/DIV[3]/DIV[1]/DIV[1]/DIV[1]/DIV[2]/DIV[1]/DIV[1]/DIV[1]/DIV[1]/DIV[1]/TABLE[1]/TBODY[1]/TR[7]"}]},"events":{"onGetData":"getData_control24_LEpDDD"},"intendedRole":"custom","roles":"element,custom","ignoreVisibility":true,"monitored":true,"frameXPath":""},"control25_TMm8cp":{"location":{"data":{"tagName":"TABLE"},"userData":{"data":[],"force":false},"locators":[{"id":"@class/word","prob":1,"value":"DIV.lui_toolbar_left DIV.lui_toolbar_right DIV.lui_toolbar_content TABLE"},{"id":"path/ordinal","prob":1,"value":"/HTML[1]/BODY[1]/DIV[1]/DIV[1]/DIV[1]/DIV[1]/DIV[1]/DIV[1]/TABLE[1]"}]},"events":{"onGetData":"getData_control25_TMm8cp"},"intendedRole":"custom","roles":"element,custom","monitored":true,"frameXPath":""},"control26_xqhUTI":{"location":{"data":{"tagName":"DIV"},"userData":{"data":[],"force":false},"locators":[{"id":"@class/word","prob":1,"value":"DIV.lui_dialog_container.clearfloat DIV.lui-component DIV.lui_dialog_common_content_right"},{"id":"path/ordinal","prob":1,"value":"/HTML[1]/BODY[1]/DIV[1]/DIV[1]/DIV[2]/DIV[1]/DIV[1]/DIV[1]/DIV[1]/DIV[2]"}]},"intendedRole":"dialog","roles":"element,dialog","monitored":false,"frameXPath":""},"control27_oxkHRr":{"location":{"data":{"tagName":"DIV"},"userData":{"data":[],"force":false},"locators":[{"id":"text","prob":2,"ordinal":[0,7],"value":{"text":["沟通"],"visText":["沟通"]}},{"id":"@class/word","prob":1,"value":"DIV.lui-component DIV.lui_dialog_common_content_right DIV.lui_dialog_common_content_inside"},{"id":"path/ordinal","prob":1,"value":"/HTML[1]/BODY[1]/DIV[1]/DIV[1]/DIV[2]/DIV[1]/DIV[1]/DIV[1]/DIV[1]/DIV[2]/DIV[1]"},{"id":"elderLevel","value":{"level":0}}]},"roles":"element","content":true,"monitored":true,"frameXPath":""},"control28_dwGUGp":{"location":{"data":{"tagName":"DIV"},"userData":{"data":[],"force":false},"locators":[{"id":"@class/word","prob":1,"value":"DIV.lui_dialog_common_content_right DIV.lui_dialog_common_buttons.clearfloat DIV.lui_dialog_buttons_container"},{"id":"path/ordinal","prob":1,"value":"/HTML[1]/BODY[1]/DIV[1]/DIV[1]/DIV[2]/DIV[1]/DIV[1]/DIV[1]/DIV[1]/DIV[2]/DIV[2]/DIV[1]"}]},"events":{"onGetData":"getData_control28_dwGUGp"},"intendedRole":"custom","roles":"element,custom","monitored":true,"frameXPath":""},"control31_qfbKZ1":{"location":{"data":{"tagName":"IFRAME"},"userData":{"data":[],"force":false},"locators":[{"id":"@id/word","prob":2,"value":["descendant::DIV[@id=\"dialog_iframe\"]/DIV[1]/DIV[1]/IFRAME[1]","descendant::DIV[@id=\"dialog_iframe\"]//IFRAME"]},{"id":"@class/word","prob":1,"value":"DIV.lui_dialog_container.clearfloat DIV.lui-component DIV.lui_dialog_content IFRAME"},{"id":"path/ordinal","prob":1,"value":"/HTML[1]/BODY[1]/DIV[1]/DIV[1]/DIV[2]/DIV[1]/DIV[1]/DIV[1]/DIV[1]/DIV[1]/DIV[1]/IFRAME[1]"},{"id":"elderLevel","value":{"level":0}}]},"intendedRole":"dialog","roles":"element,dialog","monitored":false,"frameXPath":""},"control32_qPlDU1":{"location":{"data":{"tagName":"DIV"},"userData":{"data":[],"force":false},"locators":[{"id":"@class/word","prob":1,"value":"DIV.lui_dialog_headL DIV.lui_dialog_headR DIV.lui_dialog_head"},{"id":"path/ordinal","prob":1,"value":"/HTML[1]/BODY[1]/DIV[1]/DIV[1]/DIV[1]/DIV[1]/DIV[1]"}]},"events":{"onGetData":"getData_control32_qPlDU1"},"intendedRole":"custom","roles":"element,custom","monitored":true,"frameXPath":""},"control33_QTrWhP":{"location":{"data":{"tagName":"TABLE"},"userData":{"data":[],"force":false},"locators":[{"id":"@class/word","prob":1,"ordinal":[0,10],"value":"TABLE.tb_noborder"},{"id":"path/ordinal","prob":1,"value":"/HTML[1]/BODY[1]/DIV[1]/DIV[1]/TABLE[1]"}]},"events":{"onGetData":"getData_control33_QTrWhP"},"intendedRole":"custom","roles":"element,custom","monitored":true,"frameXPath":"//iframe[1]<<IFRAME>>"},"control40_g1kPuv":{"location":{"data":{"tagName":"HTML"},"userData":{"force":true,"data":[{"method":"customJS","value":"return doc.querySelector('#dialog_iframe>div>div>iframe').contentDocument.getElementById('addressCtx')"}]},"locators":[{"id":"path/ordinal","prob":1,"ordinal":[0,8],"value":"/HTML[1]"}]},"intendedRole":"dialog","roles":"element,dialog","monitored":false,"frameXPath":"//iframe[1]<<IFRAME>>"},"control41_reMGpl":{"location":{"data":{"tagName":"DIV"},"userData":{"data":[],"force":false},"locators":[{"id":"@class/word","prob":1,"value":"DIV.lui_dialog_headL DIV.lui_dialog_headR DIV.lui_dialog_head"},{"id":"path/ordinal","prob":1,"ordinal":[0,2],"value":"/HTML[1]/BODY[1]/DIV[1]/DIV[1]/DIV[1]/DIV[1]/DIV[1]"}]},"events":{"onGetData":"getData_control41_reMGpl"},"intendedRole":"custom","roles":"element,custom","monitored":true,"frameXPath":""},"control42_IM5ITU":{"location":{"data":{"tagName":"UL"},"userData":{"data":[],"force":false},"locators":[{"id":"@class/word","prob":1,"ordinal":[0,9],"value":"DIV.lui_address_tabs DIV.lui-component UL.lui_address_tabs_ul"},{"id":"path/ordinal","prob":1,"value":"/HTML[1]/BODY[1]/DIV[1]/DIV[1]/DIV[1]/DIV[1]/DIV[1]/DIV[1]/DIV[1]/UL[1]"}]},"events":{"onGetData":"getData_control42_IM5ITU"},"intendedRole":"custom","roles":"element,custom","monitored":true,"frameXPath":"//iframe[1]<<IFRAME>>"},"control44_oe6JUt":{"location":{"data":{"tagName":"DIV"},"userData":{"data":[],"force":false},"locators":[{"id":"@class/word","prob":1,"ordinal":[0,9],"value":"DIV.lui-address-selectearea DIV.lui-component DIV.lui_address_select_area"},{"id":"path/ordinal","prob":1,"value":"/HTML[1]/BODY[1]/DIV[1]/DIV[1]/DIV[1]/DIV[1]/DIV[1]/DIV[2]/DIV[1]/DIV[1]"}]},"events":{"onGetData":"getData_control44_oe6JUt"},"intendedRole":"custom","roles":"element,custom","monitored":true,"frameXPath":"//iframe[1]<<IFRAME>>"},"control45_UICgs7":{"location":{"data":{"tagName":"UL"},"userData":{"data":[],"force":false},"locators":[{"id":"@class/word","prob":1,"ordinal":[0,9],"value":"DIV.lui-address-selectedbox DIV.lui-component UL.lui-address-selectedbox-ul"},{"id":"path/ordinal","prob":1,"value":"/HTML[1]/BODY[1]/DIV[1]/DIV[1]/DIV[1]/DIV[1]/DIV[1]/DIV[3]/DIV[1]/UL[1]"}]},"events":{"onGetData":"getData_control45_UICgs7"},"intendedRole":"custom","roles":"element,custom","monitored":true,"frameXPath":"//iframe[1]<<IFRAME>>"},"control46_23Cxbs":{"location":{"data":{"tagName":"DIV"},"userData":{"data":[],"force":false},"locators":[{"id":"button/text","prob":3,"ordinal":[4,5],"value":{"text":["确定(1)"],"visText":["确定(1)"]}},{"id":"@class/word","prob":1,"ordinal":[0,18],"value":"DIV.lui_toolbar_btn_r DIV.lui_toolbar_btn_c DIV.lui-component.lui_widget_btn_txt"},{"id":"path/ordinal","prob":1,"value":"/HTML[1]/BODY[1]/DIV[1]/DIV[1]/DIV[1]/DIV[1]/DIV[1]/DIV[4]/DIV[1]/DIV[1]/DIV[1]/DIV[1]/DIV[1]/DIV[1]/DIV[1]"},{"id":"elderLevel","value":{"level":0}}]},"intendedRole":"button","roles":"element,button","monitored":true,"frameXPath":"//iframe[1]<<IFRAME>>"},"control47_U1uWEf":{"location":{"data":{"tagName":"DIV"},"userData":{"data":[],"force":false},"locators":[{"id":"button/text","prob":3,"ordinal":[3,5],"value":{"text":["取消"],"visText":["取消"]}},{"id":"@class/word","prob":1,"ordinal":[1,18],"value":"DIV.lui_toolbar_btn_l DIV.lui_toolbar_btn_r DIV.lui_toolbar_btn_c"},{"id":"path/ordinal","prob":1,"value":"/HTML[1]/BODY[1]/DIV[1]/DIV[1]/DIV[1]/DIV[1]/DIV[1]/DIV[4]/DIV[1]/DIV[1]/DIV[2]/DIV[1]/DIV[1]/DIV[1]"},{"id":"style/color","value":[71,181,230]}]},"intendedRole":"button","roles":"element,button","monitored":true,"frameXPath":"//iframe[1]<<IFRAME>>"},"control48_p1GInI":{"location":{"data":{"tagName":"DIV"},"userData":{"data":[],"force":false},"locators":[{"id":"@class/word","prob":1,"ordinal":[0,9],"value":"DIV.lui-component DIV.lui-address-search-panel DIV.lui-address-search-group"},{"id":"path/ordinal","prob":1,"value":"/HTML[1]/BODY[1]/DIV[1]/DIV[1]/DIV[1]/DIV[1]/DIV[1]/DIV[2]/DIV[1]/DIV[1]/DIV[4]/DIV[1]/DIV[1]/DIV[1]"}]},"events":{"onGetData":"getData_control48_p1GInI"},"intendedRole":"custom","roles":"element,custom","monitored":true,"frameXPath":"//iframe[1]<<IFRAME>>"},"control43_tg6G6f":{"location":{"data":{"tagName":"TABLE"},"userData":{"data":[],"force":false},"locators":[{"id":"@class/word","prob":1,"ordinal":[0,3],"value":"DIV.lui_form_content_frame TABLE.tb_normal"},{"id":"path/ordinal","prob":1,"value":"/HTML[1]/BODY[1]/FORM[1]/DIV[2]/TABLE[1]"}]},"events":{"onGetData":"getData_control43_tg6G6f"},"intendedRole":"custom","roles":"element,custom","monitored":true,"frameXPath":""},"control60_V16SpX":{"location":{"data":{"tagName":"TABLE"},"userData":{"data":[],"force":false},"locators":[{"id":"@class/word","prob":1,"ordinal":[0,3],"value":"DIV.lui_form_content_frame TABLE.tb_normal"},{"id":"path/ordinal","prob":1,"value":"/HTML[1]/BODY[1]/FORM[1]/DIV[1]/TABLE[1]"}]},"events":{"onGetData":"getData_control60_V16SpX"},"intendedRole":"custom","roles":"element,link,custom","monitored":true,"frameXPath":""},"control63_bwhTGR":{"location":{"data":{"tagName":"IFRAME"},"userData":{"data":[],"force":false},"locators":[{"id":"@id/word","prob":2,"value":["descendant::DIV[@id=\"dialog_iframe\"]/DIV[1]/DIV[1]/IFRAME[1]","descendant::DIV[@id=\"dialog_iframe\"]//IFRAME"]},{"id":"@class/word","prob":1,"value":"DIV.lui_dialog_container.clearfloat DIV.lui-component DIV.lui_dialog_content IFRAME"},{"id":"path/ordinal","prob":1,"value":"/HTML[1]/BODY[1]/DIV[1]/DIV[1]/DIV[2]/DIV[1]/DIV[1]/DIV[1]/DIV[1]/DIV[1]/DIV[1]/IFRAME[1]"},{"id":"elderLevel","value":{"level":0}}]},"events":{"onGetData":"getData_control63_bwhTGR"},"intendedRole":"custom","roles":"element,custom","monitored":true,"frameXPath":""},"control68_8yXDv3":{"location":{"data":{"tagName":"DIV"},"locators":[{"id":"@id/word","prob":3,"value":"descendant::DIV[@id=\"top\"]"},{"id":"@class/word","prob":1,"value":"DIV.lui-component.com_goto"},{"id":"path/ordinal","prob":1,"value":"/HTML[1]/BODY[1]/DIV[2]"}]},"events":{"onGetData":"getData_control68_8yXDv3"},"intendedRole":"custom","roles":"element,custom","monitored":true,"frameXPath":""}},"contexts":{"context4_9Vop89":{"controls":["control20_3UdHue","control22_JzGCAi","control23_8qGpgx","control24_LEpDDD","control25_TMm8cp","control26_xqhUTI","control27_oxkHRr","control28_dwGUGp","control31_qfbKZ1","control32_qPlDU1","control33_QTrWhP","control40_g1kPuv","control41_reMGpl","control42_IM5ITU","control44_oe6JUt","control45_UICgs7","control46_23Cxbs","control47_U1uWEf","control48_p1GInI","control43_tg6G6f","control60_V16SpX","control63_bwhTGR","control68_8yXDv3"],"anchors":[],"urlAnchor":[]}},"flows":{"flow21_q6DgyJ":{"toContexts":[{"toContextId":"context4_9Vop89"}]},"flow22_dTpVoB":{"fromContextId":"context4_9Vop89","fromAction":"doAction","fromControlId":"control24_LEpDDD","toContexts":[{"toContextId":"context4_9Vop89"}]},"flow23_ERFoad":{"fromContextId":"context4_9Vop89","fromAction":"doAction","fromControlId":"control25_TMm8cp","toContexts":[{"toContextId":"context4_9Vop89"},{"toContextId":"context6_89mKlb","toModelId":"success"}]},"flow24_VQAETG":{"fromContextId":"context4_9Vop89","fromAction":"doAction","fromControlId":"control28_dwGUGp","toContexts":[{"toContextId":"context4_9Vop89"},{"toContextId":"context5_vDLvsa","toModelId":"collaborate"}]},"flow25_qtlNQs":{"fromContextId":"context4_9Vop89","fromAction":"doAction","fromControlId":"control22_JzGCAi","toContexts":[{"toContextId":"context4_9Vop89"},{"toContextId":"context7_uMWvdK","toModelId":"dialog"},{"toContextId":"context8_HlOcev","toModelId":"tubulv"}]},"flow26_Wc0fiP":{"fromContextId":"context4_9Vop89","fromAction":"click","fromControlId":"control31_qfbKZ1","toContexts":[{"toContextId":"context4_9Vop89"}]},"flow27_NOIPUi":{"fromContextId":"context4_9Vop89","fromAction":"doAction","fromControlId":"control33_QTrWhP","toContexts":[{"toContextId":"context4_9Vop89"}]},"flow29_54TxEW":{"fromContextId":"context4_9Vop89","fromAction":"doAction","fromControlId":"control23_8qGpgx","toContexts":[{"toContextId":"context4_9Vop89"},{"toContextId":"context3_fbHeAS","toModelId":"lbpm_usage"}]},"flow32_N7G87C":{"fromContextId":"context4_9Vop89","fromAction":"click","fromControlId":"control40_g1kPuv","toContexts":[{"toContextId":"context4_9Vop89"}]},"flow33_43lf2L":{"fromContextId":"context4_9Vop89","fromAction":"doAction","fromControlId":"control44_oe6JUt","toContexts":[{"toContextId":"context4_9Vop89"}]},"flow34_6DNEVy":{"fromContextId":"context4_9Vop89","fromAction":"doAction","fromControlId":"control42_IM5ITU","toContexts":[{"toContextId":"context4_9Vop89"}]},"flow35_K1xSP0":{"fromContextId":"context4_9Vop89","fromAction":"click","fromControlId":"control46_23Cxbs","toContexts":[{"toContextId":"context4_9Vop89"}]},"flow51_eDFT9K":{"fromContextId":"context4_9Vop89","fromAction":"doAction","fromControlId":"control41_reMGpl","toContexts":[{"toContextId":"context4_9Vop89"}]},"flow52_UEBuDq":{"fromContextId":"context4_9Vop89","fromAction":"doAction","fromControlId":"control32_qPlDU1","toContexts":[{"toContextId":"context4_9Vop89"}]},"flow53_Ir00xE":{"fromContextId":"context4_9Vop89","fromAction":"doAction","fromControlId":"control43_tg6G6f","toContexts":[{"toContextId":"context4_9Vop89"}]},"flow55_7eqS3X":{"fromContextId":"context4_9Vop89","fromAction":"doAction","fromControlId":"control63_bwhTGR","toContexts":[{"toContextId":"context4_9Vop89"}]}},"pages":{"page4_BKIWNo":{"contextId":"context4_9Vop89","layout":[{"id":"uiControl25_34fOe0","controlId":"control20_3UdHue","display":{"adapterId":"custom","type":"custom","adapter":{"templateType":"react","events":{"onDoAction":"doAction_uiControl25_34fOe0","onGetTemplate":"getTemplate_uiControl25_34fOe0"}}}},{"id":"uiControl35_eKTgET","controlId":"control31_qfbKZ1","display":{"adapterId":"dialog","type":"dialog","class":"ui-dialog","adapter":{"templateType":""}},"layout":[{"id":"uiControl35_eKTgETbody","display":{"type":"dialogBody","adapterId":"dialogBody","adapter":{"templateType":""}},"layout":[{"id":"uiControl36_ElmNpw","controlId":"control32_qPlDU1","display":{"adapterId":"custom","type":"custom","adapter":{"templateType":"react","events":{"onDoAction":"doAction_uiControl36_ElmNpw","onGetTemplate":"getTemplate_uiControl36_ElmNpw"}}}},{"id":"uiControl67_9FgbeI","controlId":"control63_bwhTGR","display":{"adapterId":"custom","type":"custom","adapter":{"templateType":"react","events":{"onDoAction":"doAction_uiControl67_9FgbeI","onGetTemplate":"getTemplate_uiControl67_9FgbeI"}}}}]},{"id":"uiControl35_eKTgETfooter","display":{"type":"dialogFooter","adapterId":"dialogFooter","adapter":{"templateType":""}},"layout":[{"id":"uiControl37_IVEXwe","controlId":"control33_QTrWhP","display":{"adapterId":"custom","type":"custom","adapter":{"templateType":"react","events":{"onDoAction":"doAction_uiControl37_IVEXwe","onGetTemplate":"getTemplate_uiControl37_IVEXwe"}}}}]}]},{"id":"uiControl73_0hNkCK","controlId":"control68_8yXDv3","display":{"adapterId":"custom","type":"custom","adapter":{"templateType":"react","events":{"onDoAction":"doAction_uiControl73_0hNkCK","onGetTemplate":"getTemplate_uiControl73_0hNkCK"}}}},{"id":"uiControl26_JL1P1S","controlId":"control22_JzGCAi","display":{"adapterId":"custom","type":"custom","adapter":{"templateType":"react","events":{"onDoAction":"doAction_uiControl26_JL1P1S","onGetTemplate":"getTemplate_uiControl26_JL1P1S"}}}},{"id":"uiControl64_7aOBKB","controlId":"control60_V16SpX","display":{"adapterId":"custom","type":"custom","adapter":{"templateType":"react","events":{"onDoAction":"doAction_uiControl64_7aOBKB","onGetTemplate":"getTemplate_uiControl64_7aOBKB"}}}},{"id":"uiControl45_n1uhm9","controlId":"control43_tg6G6f","display":{"adapterId":"custom","type":"custom","adapter":{"templateType":"react","events":{"onDoAction":"doAction_uiControl45_n1uhm9","onGetTemplate":"getTemplate_uiControl45_n1uhm9"}}}},{"id":"uiControl42_Oz3Lp4","controlId":"control40_g1kPuv","display":{"adapterId":"dialog","type":"dialog","class":"ui-dialog","adapter":{"templateType":""}},"layout":[{"id":"uiControl42_Oz3Lp4body","display":{"type":"dialogBody","adapterId":"dialogBody","adapter":{"templateType":""}},"layout":[{"id":"uiControl43_v4fQ5I","controlId":"control41_reMGpl","display":{"adapterId":"custom","type":"custom","adapter":{"templateType":"react","events":{"onDoAction":"doAction_uiControl43_v4fQ5I","onGetTemplate":"getTemplate_uiControl43_v4fQ5I"}}}}]},{"id":"uiControl42_Oz3Lp4footer","display":{"type":"dialogFooter","adapterId":"dialogFooter","adapter":{"templateType":""}},"layout":[{"id":"uiControl44_43cNWM","controlId":"control42_IM5ITU","display":{"adapterId":"custom","type":"custom","adapter":{"templateType":"react","events":{"onDoAction":"doAction_uiControl44_43cNWM","onGetTemplate":"getTemplate_uiControl44_43cNWM"}}}},{"id":"uiControl53_XWAMPH","controlId":"control48_p1GInI","display":{"adapterId":"custom","type":"custom","adapter":{"templateType":"react","events":{"onDoAction":"doAction_uiControl53_XWAMPH","onGetTemplate":"getTemplate_uiControl53_XWAMPH"}}}},{"id":"uiControl48_B1u717","controlId":"control44_oe6JUt","display":{"adapterId":"custom","type":"custom","adapter":{"templateType":"react","events":{"onDoAction":"doAction_uiControl48_B1u717","onGetTemplate":"getTemplate_uiControl48_B1u717"}}}},{"id":"uiControl49_4KnrDy","controlId":"control45_UICgs7","display":{"adapterId":"custom","type":"custom","adapter":{"templateType":"react","events":{"onDoAction":"doAction_uiControl49_4KnrDy","onGetTemplate":"getTemplate_uiControl49_4KnrDy"}}}},{"id":"uiControl50_9c1zao","display":{"type":"grid","adapterId":"grid","adapter":{"templateType":""}},"layout":[{"id":"uiControl50_9c1zaorow0","display":{"cols":3,"type":"col","adapterId":"col","adapter":{"templateType":""}},"layout":[{"id":"uiControl51_2XQ76U","controlId":"control46_23Cxbs","display":{"adapterId":"clickable","type":"button","amStyle":"primary","adapter":{"templateType":""}}}]},{"id":"uiControl50_9c1zaorow1","display":{"cols":3,"type":"col","adapterId":"col","adapter":{"templateType":""}},"layout":[{"id":"uiControl52_CkPfqO","controlId":"control47_U1uWEf","display":{"adapterId":"clickable","type":"button","adapter":{"templateType":""}}}]}]}]}]},{"id":"uiControl27_kgw7Om","controlId":"control23_8qGpgx","display":{"adapterId":"custom","type":"custom","adapter":{"templateType":"react","events":{"onDoAction":"doAction_uiControl27_kgw7Om","onGetTemplate":"getTemplate_uiControl27_kgw7Om"}}}},{"id":"uiControl31_bMDaUA","controlId":"control26_xqhUTI","display":{"adapterId":"dialog","type":"dialog","adapter":{"templateType":""}},"layout":[{"id":"uiControl31_bMDaUAbody","display":{"type":"dialogBody","adapterId":"dialogBody","adapter":{"templateType":""}},"layout":[{"id":"uiControl32_DLrv1k","controlId":"control27_oxkHRr","display":{"adapterId":"content","type":"content","adapter":{"templateType":""}}}]},{"id":"uiControl31_bMDaUAfooter","display":{"type":"dialogFooter","adapterId":"dialogFooter","adapter":{"templateType":""}},"layout":[{"id":"uiControl33_fZJ4LC","controlId":"control28_dwGUGp","display":{"adapterId":"custom","type":"custom","adapter":{"templateType":"react","events":{"onDoAction":"doAction_uiControl33_fZJ4LC","onGetTemplate":"getTemplate_uiControl33_fZJ4LC"}}}}]}]},{"id":"uiControl28_xpaa9t","controlId":"control24_LEpDDD","display":{"adapterId":"custom","type":"custom","adapter":{"templateType":"react","events":{"onDoAction":"doAction_uiControl28_xpaa9t","onGetTemplate":"getTemplate_uiControl28_xpaa9t"}}}},{"id":"uiControl29_iutoGQ","display":{"type":"sticky","adapterId":"sticky","adapter":{"templateType":""}},"layout":[{"id":"uiControl29_iutoGQbody","display":{"type":"stickyBody","adapterId":"stickyBody","adapter":{"templateType":""}},"layout":[{"id":"uiControl30_38ReVt","controlId":"control25_TMm8cp","display":{"adapterId":"custom","type":"custom","adapter":{"templateType":"react","events":{"onDoAction":"doAction_uiControl30_38ReVt","onGetTemplate":"getTemplate_uiControl30_38ReVt"}}}}]}]}]}},"matchers":{"page/title":{"contexts":{"context4_9Vop89":["工程项目管理","数据敏感信息客户工程报备申请20180130 - 工程项目管理","321工程报备申请20180228 - 工程项目管理","12工程报备申请20180302 - 工程项目管理"]}},"page/urls":{"contexts":{"context4_9Vop89":["7.carpoly.com/ekp/cm/project/cm_project_record_main/cmProjectRecordMain.do?method=view&fdId=1614623a2cb08ff365ec5cb4192844d3","7.carpoly.com/ekp/cm/project/cm_project_record_main/cmProjectRecordMain.do?method=view&fdId=161410e09a8f3060714660d4cc6af752","7.carpoly.com/ekp/cm/project/cm_project_record_main/cmProjectRecordMain.do?method=edit&fdId=1614623a2cb08ff365ec5cb4192844d3&s_css=default","7.carpoly.com/ekp/cm/project/cm_project_record_main/cmProjectRecordMain.do?method=view&fdId=161551bec4afebf3f58b3104d5d9201a","7.carpoly.com/ekp/cm/project/cm_project_record_main/cmProjectRecordMain.do?method=edit&fdId=161db9426df8d0b9d76ebfb4185843ab&s_css=default","7.carpoly.com/ekp/cm/project/cm_project_record_main/cmProjectRecordMain.do?method=edit&fdId=161e4aaa76eab4eda14cf874341aec95&s_css=default","7.carpoly.com/ekp/cm/project/cm_project_record_main/cmProjectRecordMain.do?method=view&fdId=162fb5e901e1c56e1dfdb71412b968ad"],"context5_0IcqTN":["7.carpoly.com/ekp/cm/sale/cm_sale_order_materiel/cmSaleOrderMateriel.do?method=save&s_css=default&s_seq=1","7.carpoly.com/ekp/km/collaborate/km_collaborate_main/kmCollaborateMain.do?method=add&fdModelName=com.landray.kmss.cm.project.model.CmProjectRecordMain&fdModelId=161410e09a8f3060714660d4cc6af752&key=&s_css=default"],"context6_89mKlb":["7.carpoly.com/ekp/cm/store/cm_storefront_acceptance/cmStorefrontAcceptance.do?method=update&fdId=161278339635371d3e3cff04acdba249&s_css=default&s_seq=1","7.carpoly.com/ekp/cm/store/cm_storefront_acceptance/cmStorefrontAcceptance.do?method=save&cmBaseDeptId=15615df39bfb129024358eb4359a0302&s_seq=1","7.carpoly.com/ekp/cm/store/cm_storefront_runstore/cmStorefrontRunstore.do?method=update&fdId=161452ab725662eea2f71154de8bccb6&s_css=default&s_seq=1","7.carpoly.com/ekp/cm/store/cm_storefront_runstore/cmStorefrontRunstore.do?method=save&cmBaseDeptId=15615df39bfb129024358eb4359a0302&s_seq=1","7.carpoly.com/ekp/cm/store/cm_storefront_upgrade/cmStorefrontUpgrade.do?method=update&fdId=16126cc77063735c1e1b0ca486aa20f9&s_css=default&s_seq=1","7.carpoly.com/ekp/cm/store/cm_storefront_revoke/cmStorefrontRevoke.do?method=update&fdId=161275a9cbf8778ac3394d94c8492213&s_css=default&s_seq=1","7.carpoly.com/ekp/cm/store/cm_storefront_revoke/cmStorefrontRevoke.do?method=save&cmBaseDeptId=15615df39bfb129024358eb4359a0302&s_seq=1","7.carpoly.com/ekp/cm/store/cm_storefront_replenish/cmStorefrontReplenish.do?method=update&fdId=16127096fca8ec843e50f4e4168a6e1e&s_css=default&s_seq=1","7.carpoly.com/ekp/cm/store/cm_storefront_replenish/cmStorefrontReplenish.do?method=save&s_css=default&s_seq=1","7.carpoly.com/ekp/cm/fee/cm_fee_ad_apply/cmFeeAdApply.do?method=save&cmBaseDeptId=15615df39bfb129024358eb4359a0302&s_seq=1","7.carpoly.com/ekp/cm/project/cm_project_record_main/cmProjectRecordMain.do?method=update&fdId=1614b7bfac8c23cbbf8b982445a858db&s_css=default&s_seq=1"]}},"page/ids":{"contexts":{"context4_9Vop89":[["Label_Tabel_Workflow_Info","Label_Tabel_Workflow_Info_Label_Btn_","Label_Tabel_Workflow_Info_Label_Img__","TABLE_Brand","TABLE_Record","WF_IFrame","WF_TableIFrame","assistantArea","cmBaseCustomerInfoCode_id","cmBaseCustomerInfoTel_id","docStatus","fdFlowDescription","flowGraphic","flowGraphicShowCheckbox","flowLogTableTD","historyInfoTableIframe","historyInfoTableTD","historyTableTR","lbpm_highLevelTab","lui-id-","nodeCanViewCurNodeTR","otherCanViewCurNodeTR","process_review_tabcontent","showDetails","sysWfBusinessForm.canStartProcess","sysWfBusinessForm.fdAdditionsParameterJson","sysWfBusinessForm.fdAuditNoteFdId","sysWfBusinessForm.fdCurHanderId","sysWfBusinessForm.fdCurNodeSavedXML","sysWfBusinessForm.fdCurNodeXML","sysWfBusinessForm.fdDraftorId","sysWfBusinessForm.fdDraftorName","sysWfBusinessForm.fdFlowContent","sysWfBusinessForm.fdHandlerRoleInfoIds","sysWfBusinessForm.fdHandlerRoleInfoNames","sysWfBusinessForm.fdIdentityId","sysWfBusinessForm.fdIsModify","sysWfBusinessForm.fdKey","sysWfBusinessForm.fdModelId","sysWfBusinessForm.fdModelName","sysWfBusinessForm.fdParameterJson","sysWfBusinessForm.fdProcessId","sysWfBusinessForm.fdProcessStatus","sysWfBusinessForm.fdTemplateKey","sysWfBusinessForm.fdTemplateModelName","sysWfBusinessForm.fdTranProcessXML","toolbar","top","workflowInfoTD","workflowTableTD"],["Label_Tabel_Workflow_Info","Label_Tabel_Workflow_Info_Label_Btn_","Label_Tabel_Workflow_Info_Label_Img__","SWFUpload_","TABLE_Brand","TABLE_Record","WF_IFrame","WF_TableIFrame","_List_acddafebafb_Attachment_Table","assignmentRow","assistantArea","att_xtable_acddafebafb","attachmentObject_acddafebafb_content_div","authorityOptButton","cmBaseCustomerInfoCode_id","cmBaseCustomerInfoTel_id","currentHandlersLabel","currentHandlersRow","currentNodeDescription","descriptionRow","docStatus","drafterOptButton","extendRoleOptRow","fdFlowDescription","flowGraphic","flowGraphicShowCheckbox","flowLogTableTD","historyHandlersLabel","historyHandlersRow","historyInfoTableIframe","historyInfoTableTD","historyTableTR","historyhandlerOpt","lui-id-","notifyLevelRow","notifyLevelTD","operationItemsRow","operationMethodsGroup","operationMethodsRow","operationsRow","operationsRow_Scope","operationsTDContent","operationsTDContent_Scope","operationsTDTitle","operationsTDTitle_Scope","optionButtons","processStatusLabel","processStatusRow","process_review_button","process_review_tabcontent","saveDraftButton","showDetails","sysWfBusinessForm.canStartProcess","sysWfBusinessForm.fdAdditionsParameterJson","sysWfBusinessForm.fdAuditNoteFdId","sysWfBusinessForm.fdCurHanderId","sysWfBusinessForm.fdCurNodeSavedXML","sysWfBusinessForm.fdCurNodeXML","sysWfBusinessForm.fdDraftorId","sysWfBusinessForm.fdDraftorName","sysWfBusinessForm.fdFlowContent","sysWfBusinessForm.fdHandlerRoleInfoIds","sysWfBusinessForm.fdHandlerRoleInfoNames","sysWfBusinessForm.fdIdentityId","sysWfBusinessForm.fdIsModify","sysWfBusinessForm.fdKey","sysWfBusinessForm.fdModelId","sysWfBusinessForm.fdModelName","sysWfBusinessForm.fdParameterJson","sysWfBusinessForm.fdProcessId","sysWfBusinessForm.fdProcessStatus","sysWfBusinessForm.fdTemplateKey","sysWfBusinessForm.fdTemplateModelName","sysWfBusinessForm.fdTranProcessXML","toolbar","top","workflowInfoTD","workflowTableTD"],["Label_Tabel_Workflow_Info","Label_Tabel_Workflow_Info_Label_Btn_","Label_Tabel_Workflow_Info_Label_Img__","SWFUpload_","TABLE_Brand","TABLE_Record","WF_IFrame","WF_TableIFrame","_List_cefdea_Attachment_Table","__notify_type_bfbf_sysWfBusinessForm.fdSystemNotifyType","assignmentRow","att_xtable_cefdea","attachmentObject_cefdea_content_div","calendarIframe","calendarPanel","changeProcessorDIV","checkChangeFlowTR","cmBaseCompanyName_id","cmBaseCustomerInfoCode_id","cmBaseCustomerInfoTel_id","currentNodeDescription","dayOfNotifyDrafter","descriptionRow","dialogTr","dialog_iframe","div_fdProjectProblem","div_fdProjectProgressRate","fdFlowDescription","fdOtherDesignEffectTip","fdOtherProjectProblemTip","flowGraphic","flowGraphicShowCheckbox","flowLogTableTD","handlerIdentityRow","handlerShowNames[]","historyInfoTableTD","historyTableTR","hourOfNotifyDrafter","lbpm_highLevelTab","lui-id-","manualBranchNodeRow","manualNodeSelectTD","minuteOfNotifyDrafter","modifyFlowDIV","nextNodeName[]","nextNodeTD","nodeCanViewCurNodeTR","notifyDraftOnFinish","notifyLevelRow","notifyLevelTD","notifyTypeRow","operationMethodsGroup","operationMethodsRow","optionButtons","otherCanViewCurNodeTR","process_review_tabcontent","showDetails","sysWfBusinessForm.canStartProcess","sysWfBusinessForm.fdAdditionsParameterJson","sysWfBusinessForm.fdAuditNoteFdId","sysWfBusinessForm.fdCurHanderId","sysWfBusinessForm.fdCurNodeSavedXML","sysWfBusinessForm.fdCurNodeXML","sysWfBusinessForm.fdDraftorId","sysWfBusinessForm.fdDraftorName","sysWfBusinessForm.fdFlowContent","sysWfBusinessForm.fdHandlerRoleInfoIds","sysWfBusinessForm.fdHandlerRoleInfoNames","sysWfBusinessForm.fdIdentityId","sysWfBusinessForm.fdIsModify","sysWfBusinessForm.fdKey","sysWfBusinessForm.fdModelId","sysWfBusinessForm.fdModelName","sysWfBusinessForm.fdParameterJson","sysWfBusinessForm.fdProcessId","sysWfBusinessForm.fdProcessStatus","sysWfBusinessForm.fdTemplateKey","sysWfBusinessForm.fdTemplateModelName","sysWfBusinessForm.fdTranProcessXML","systemNotifyTypeTD","textTr","toolbar","top","workflowInfoTD","workflowTableTD"],["Label_Tabel_Workflow_Info","Label_Tabel_Workflow_Info_Label_Btn_","Label_Tabel_Workflow_Info_Label_Img__","SWFUpload_","TABLE_Brand","TABLE_Record","WF_IFrame","WF_TableIFrame","_List_bacdfdcfbef_Attachment_Table","__notify_type_bacdcedeeceb_sysWfBusinessForm.fdSystemNotifyType","assignmentRow","assistantArea","att_xtable_bacdfdcfbef","attachmentObject_bacdfdcfbef_content_div","authorityOptButton","changeProcessorDIV","checkChangeFlowTR","cmBaseCustomerInfoCode_id","cmBaseCustomerInfoTel_id","currentHandlersLabel","currentHandlersRow","currentNodeDescription","descriptionRow","dialog_iframe","docStatus","drafterOptButton","extendRoleOptRow","fdFlowDescription","flowGraphic","flowGraphicShowCheckbox","flowLogTableTD","historyHandlersLabel","historyHandlersRow","historyInfoTableIframe","historyInfoTableTD","historyTableTR","historyhandlerOpt","lbpm_highLevelTab","lui-id-","modifyFlowDIV","nodeCanViewCurNodeTR","notifyLevelRow","notifyLevelTD","notifyOnFinish","notifyOptionTR","notifyTypeRow","operationItemsRow","operationMethodsGroup","operationMethodsRow","operationsRow","operationsRow_Scope","operationsTDContent","operationsTDContent_Scope","operationsTDTitle","operationsTDTitle_Scope","optionButtons","otherCanViewCurNodeTR","processStatusLabel","processStatusRow","process_review_button","process_review_tabcontent","saveDraftButton","showDetails","sysWfBusinessForm.canStartProcess","sysWfBusinessForm.fdAdditionsParameterJson","sysWfBusinessForm.fdAuditNoteFdId","sysWfBusinessForm.fdCurHanderId","sysWfBusinessForm.fdCurNodeSavedXML","sysWfBusinessForm.fdCurNodeXML","sysWfBusinessForm.fdDraftorId","sysWfBusinessForm.fdDraftorName","sysWfBusinessForm.fdFlowContent","sysWfBusinessForm.fdHandlerRoleInfoIds","sysWfBusinessForm.fdHandlerRoleInfoNames","sysWfBusinessForm.fdIdentityId","sysWfBusinessForm.fdIsModify","sysWfBusinessForm.fdKey","sysWfBusinessForm.fdModelId","sysWfBusinessForm.fdModelName","sysWfBusinessForm.fdParameterJson","sysWfBusinessForm.fdProcessId","sysWfBusinessForm.fdProcessStatus","sysWfBusinessForm.fdTemplateKey","sysWfBusinessForm.fdTemplateModelName","sysWfBusinessForm.fdTranProcessXML","systemNotifyTypeTD","toOtherHandlerIds","toOtherHandlerNames","toolbar","top","workflowInfoTD","workflowTableTD"],["Label_Tabel_Workflow_Info","Label_Tabel_Workflow_Info_Label_Btn_","Label_Tabel_Workflow_Info_Label_Img__","SWFUpload_","SWFUpload__","TABLE_Brand","TABLE_Record","WF_IFrame","WF_TableIFrame","_List_cmProjectRecordMainGcGKP_Attachment_Table","_List_cmProjectRecordMainGcJJ_Attachment_Table","_List_cmProjectRecordMainGcYJ_Attachment_Table","_List_dbdfdbefaafddc_Attachment_Table","__notify_type_dbdffbfdfd_sysWfBusinessForm.fdSystemNotifyType","assignmentRow","att_xtable_cmProjectRecordMainGcGKP","att_xtable_cmProjectRecordMainGcJJ","att_xtable_cmProjectRecordMainGcYJ","att_xtable_dbdfdbefaafddc","attachmentObject_cmProjectRecordMainGcGKP_content_div","attachmentObject_cmProjectRecordMainGcJJ_content_div","attachmentObject_cmProjectRecordMainGcYJ_content_div","attachmentObject_dbdfdbefaafddc_content_div","calendarIframe","calendarPanel","changeProcessorDIV","checkChangeFlowTR","cmBaseCompanyName_id","cmBaseCustomerInfoAddr_id","cmBaseCustomerInfoCode_id","cmBaseCustomerInfoTel_id","cmBaseCustomerInfo_tr","currentNodeDescription","dayOfNotifyDrafter","dbcbacdaccebae","dbcbacecbaabb","dbcbaeeaaccafaeccbd","dbcbbdecd","dbcbbeecfabff","dbcbbfedcdada","descriptionRow","div_fdDesignEffect","div_fdProjectProgressRate","fdAreaControl_msg","fdAreaControl_text","fdCustomerName_msg","fdCustomerName_text","fdCustomerTel_msg","fdCustomerTel_text","fdFlowDescription","fdOtherDesignEffectTip","fdProjectProductAttr_msg","fdProjectProductAttr_text","flowGraphic","flowGraphicShowCheckbox","flowLogTableTD","handlerIdentityRow","handlerShowNames[]","historyInfoTableTD","historyTableTR","hourOfNotifyDrafter","lbpm_highLevelTab","lui-id-","manualBranchNodeRow","manualNodeSelectTD","minuteOfNotifyDrafter","modifyFlowDIV","nextNodeName[]","nextNodeTD","nodeCanViewCurNodeTR","notifyDraftOnFinish","notifyLevelRow","notifyLevelTD","notifyTypeRow","operationMethodsGroup","operationMethodsRow","optionButtons","otherCanViewCurNodeTR","process_review_tabcontent","showDetails","sysWfBusinessForm.canStartProcess","sysWfBusinessForm.fdAdditionsParameterJson","sysWfBusinessForm.fdAuditNoteFdId","sysWfBusinessForm.fdCurHanderId","sysWfBusinessForm.fdCurNodeSavedXML","sysWfBusinessForm.fdCurNodeXML","sysWfBusinessForm.fdDraftorId","sysWfBusinessForm.fdDraftorName","sysWfBusinessForm.fdFlowContent","sysWfBusinessForm.fdHandlerRoleInfoIds","sysWfBusinessForm.fdHandlerRoleInfoNames","sysWfBusinessForm.fdIdentityId","sysWfBusinessForm.fdIsModify","sysWfBusinessForm.fdKey","sysWfBusinessForm.fdModelId","sysWfBusinessForm.fdModelName","sysWfBusinessForm.fdParameterJson","sysWfBusinessForm.fdProcessId","sysWfBusinessForm.fdProcessStatus","sysWfBusinessForm.fdTemplateKey","sysWfBusinessForm.fdTemplateModelName","sysWfBusinessForm.fdTranProcessXML","systemNotifyTypeTD","toolbar","top","workflowInfoTD","workflowTableTD"],["Label_Tabel_Workflow_Info","Label_Tabel_Workflow_Info_Label_Btn_","Label_Tabel_Workflow_Info_Label_Img__","SWFUpload_","SWFUpload__","TABLE_Brand","TABLE_Record","WF_IFrame","WF_TableIFrame","_List_cmProjectRecordMainGcGKP_Attachment_Table","_List_cmProjectRecordMainGcJJ_Attachment_Table","_List_cmProjectRecordMainGcYJ_Attachment_Table","_List_eaeabcccbbdcc_Attachment_Table","__notify_type_eaeccabfbebb_sysWfBusinessForm.fdSystemNotifyType","assignmentRow","att_xtable_cmProjectRecordMainGcGKP","att_xtable_cmProjectRecordMainGcJJ","att_xtable_cmProjectRecordMainGcYJ","att_xtable_eaeabcccbbdcc","attachmentObject_cmProjectRecordMainGcGKP_content_div","attachmentObject_cmProjectRecordMainGcJJ_content_div","attachmentObject_cmProjectRecordMainGcYJ_content_div","attachmentObject_eaeabcccbbdcc_content_div","calendarIframe","calendarPanel","changeProcessorDIV","checkChangeFlowTR","cmBaseCompanyName_id","cmBaseCustomerInfoAddr_id","cmBaseCustomerInfoCode_id","cmBaseCustomerInfoTel_id","cmBaseCustomerInfo_tr","currentNodeDescription","dayOfNotifyDrafter","descriptionRow","dialog_iframe","div_fdDesignEffect","div_fdProjectProgressRate","eaceaaad","eacfccceb","eacffadcdccba","fdAreaControl_msg","fdAreaControl_text","fdCustomerName_msg","fdCustomerName_text","fdCustomerTel_msg","fdCustomerTel_text","fdFlowDescription","fdOtherDesignEffectTip","fdProjectProductAttr_msg","fdProjectProductAttr_text","flowGraphic","flowGraphicShowCheckbox","flowLogTableTD","handlerIdentityRow","handlerShowNames[]","historyInfoTableTD","historyTableTR","hourOfNotifyDrafter","lbpm_highLevelTab","lui-id-","manualBranchNodeRow","manualNodeSelectTD","minuteOfNotifyDrafter","modifyFlowDIV","nextNodeName[]","nextNodeTD","nodeCanViewCurNodeTR","notifyDraftOnFinish","notifyLevelRow","notifyLevelTD","notifyTypeRow","operationMethodsGroup","operationMethodsRow","optionButtons","otherCanViewCurNodeTR","process_review_tabcontent","showDetails","sysWfBusinessForm.canStartProcess","sysWfBusinessForm.fdAdditionsParameterJson","sysWfBusinessForm.fdAuditNoteFdId","sysWfBusinessForm.fdCurHanderId","sysWfBusinessForm.fdCurNodeSavedXML","sysWfBusinessForm.fdCurNodeXML","sysWfBusinessForm.fdDraftorId","sysWfBusinessForm.fdDraftorName","sysWfBusinessForm.fdFlowContent","sysWfBusinessForm.fdHandlerRoleInfoIds","sysWfBusinessForm.fdHandlerRoleInfoNames","sysWfBusinessForm.fdIdentityId","sysWfBusinessForm.fdIsModify","sysWfBusinessForm.fdKey","sysWfBusinessForm.fdModelId","sysWfBusinessForm.fdModelName","sysWfBusinessForm.fdParameterJson","sysWfBusinessForm.fdProcessId","sysWfBusinessForm.fdProcessStatus","sysWfBusinessForm.fdTemplateKey","sysWfBusinessForm.fdTemplateModelName","sysWfBusinessForm.fdTranProcessXML","systemNotifyTypeTD","toolbar","top","workflowInfoTD","workflowTableTD"],["Label_Tabel_Workflow_Info","Label_Tabel_Workflow_Info_Label_Btn_","Label_Tabel_Workflow_Info_Label_Img__","SWFUpload_","TABLE_Brand","TABLE_Record","WF_IFrame","WF_TableIFrame","_List_adaceafbddf_Attachment_Table","assignmentRow","assistantArea","att_xtable_adaceafbddf","attachmentObject_adaceafbddf_content_div","authorityOptButton","cmBaseCustomerInfoCode_id","cmBaseCustomerInfoTel_id","currentHandlersLabel","currentHandlersRow","currentNodeDescription","descriptionRow","docStatus","drafterOptButton","extendRoleOptRow","fdFlowDescription","flowGraphic","flowGraphicShowCheckbox","flowLogTableTD","historyHandlersLabel","historyHandlersRow","historyInfoTableIframe","historyInfoTableTD","historyTableTR","historyhandlerOpt","lui-id-","notifyLevelRow","notifyLevelTD","operationItemsRow","operationMethodsGroup","operationMethodsRow","operationsRow","operationsRow_Scope","operationsTDContent","operationsTDContent_Scope","operationsTDTitle","operationsTDTitle_Scope","optionButtons","processStatusLabel","processStatusRow","process_review_button","process_review_tabcontent","saveDraftButton","showDetails","showSignature","signature","signaturePic","signaturePicUL","sysWfBusinessForm.canStartProcess","sysWfBusinessForm.fdAdditionsParameterJson","sysWfBusinessForm.fdAuditNoteFdId","sysWfBusinessForm.fdCurHanderId","sysWfBusinessForm.fdCurNodeSavedXML","sysWfBusinessForm.fdCurNodeXML","sysWfBusinessForm.fdDraftorId","sysWfBusinessForm.fdDraftorName","sysWfBusinessForm.fdFlowContent","sysWfBusinessForm.fdHandlerRoleInfoIds","sysWfBusinessForm.fdHandlerRoleInfoNames","sysWfBusinessForm.fdIdentityId","sysWfBusinessForm.fdIsModify","sysWfBusinessForm.fdKey","sysWfBusinessForm.fdModelId","sysWfBusinessForm.fdModelName","sysWfBusinessForm.fdParameterJson","sysWfBusinessForm.fdProcessId","sysWfBusinessForm.fdProcessStatus","sysWfBusinessForm.fdTemplateKey","sysWfBusinessForm.fdTemplateModelName","sysWfBusinessForm.fdTranProcessXML","toolbar","top","workflowInfoTD","workflowTableTD"]],"context5_0IcqTN":[["highlighter_","highlighter__clipboard","moreErrInfo"],[]]}},"page/classes":{"contexts":{"context4_9Vop89":[["btnlabel","clearfloat","com_btn_link","com_goto","com_gototop","lui-component","lui_form_baseinfo","lui_form_content_frame","lui_form_subject","lui_form_title_frame","lui_icon_s","lui_icon_s_more_float","lui_panel_content_inside","lui_popup_border_content","lui_portlet_operations","lui_tabpage_float_content","lui_tabpage_float_content_c","lui_tabpage_float_content_l","lui_tabpage_float_content_r","lui_tabpage_float_contents","lui_tabpage_float_footer_c","lui_tabpage_float_footer_l","lui_tabpage_float_footer_r","lui_tabpage_float_header_c","lui_tabpage_float_header_close","lui_tabpage_float_header_l","lui_tabpage_float_header_r","lui_tabpage_float_header_text","lui_tabpage_float_header_title","lui_tabpage_float_nav_item","lui_tabpage_float_nav_item_c","lui_tabpage_float_nav_item_l","lui_tabpage_float_nav_item_r","lui_tabpage_float_navs","lui_tabpage_float_navs_c","lui_tabpage_float_navs_l","lui_tabpage_float_navs_mark","lui_tabpage_float_navs_r","lui_tabpage_frame","lui_toolbar_btn","lui_toolbar_btn_c","lui_toolbar_btn_l","lui_toolbar_btn_r","lui_toolbar_content","lui_toolbar_frame_float","lui_toolbar_frame_float_mark","lui_toolbar_frame_ver_float","lui_toolbar_left","lui_toolbar_popup_float","lui_toolbar_right","lui_widget_btn","lui_widget_btn_icon","lui_widget_btn_txt","noCustomerClass","nodeinfo_box","process_review_panel","selected","tb_label","tb_normal","td_label","td_normal_title","tr_normal_title"],["btnlabel","clearfloat","com_author","com_btn_link","com_goto","com_gototop","lui-component","lui_form_baseinfo","lui_form_content_frame","lui_form_subject","lui_form_title_frame","lui_panel_content_inside","lui_portlet_operations","lui_tabpage_float_content","lui_tabpage_float_content_c","lui_tabpage_float_content_l","lui_tabpage_float_content_r","lui_tabpage_float_contents","lui_tabpage_float_footer_c","lui_tabpage_float_footer_l","lui_tabpage_float_footer_r","lui_tabpage_float_header_c","lui_tabpage_float_header_close","lui_tabpage_float_header_l","lui_tabpage_float_header_r","lui_tabpage_float_header_text","lui_tabpage_float_header_title","lui_tabpage_float_nav_item","lui_tabpage_float_nav_item_c","lui_tabpage_float_nav_item_l","lui_tabpage_float_nav_item_r","lui_tabpage_float_navs","lui_tabpage_float_navs_c","lui_tabpage_float_navs_l","lui_tabpage_float_navs_mark","lui_tabpage_float_navs_r","lui_tabpage_frame","lui_toolbar_btn","lui_toolbar_btn_c","lui_toolbar_btn_l","lui_toolbar_btn_r","lui_toolbar_content","lui_toolbar_frame_float","lui_toolbar_frame_float_mark","lui_toolbar_left","lui_toolbar_right","lui_widget_btn","lui_widget_btn_txt","noCustomerClass","nodeinfo_box","process_review_button","process_review_content","process_review_panel","selected","swfupload","swfuploadbutton","swfuploadtext","tb_label","tb_noborder","tb_normal","td_label","td_normal_title","tr_normal_title","uploadinfotext"],["btnlabel","clearfloat","clr","com_author","com_btn_link","com_goto","com_gototop","lui-component","lui_dialog_bottomC","lui_dialog_bottomL","lui_dialog_bottomR","lui_dialog_buttons_container","lui_dialog_centerC","lui_dialog_centerL","lui_dialog_centerR","lui_dialog_common_buttons","lui_dialog_common_content_inside","lui_dialog_common_content_right","lui_dialog_container","lui_dialog_content_question","lui_dialog_frame","lui_dialog_head","lui_dialog_headL","lui_dialog_headR","lui_dialog_head_left","lui_dialog_head_right","lui_form_baseinfo","lui_form_content_frame","lui_form_subject","lui_form_title_frame","lui_panel_content_inside","lui_portlet_operations","lui_tabpage_float_content","lui_tabpage_float_content_c","lui_tabpage_float_content_l","lui_tabpage_float_content_r","lui_tabpage_float_contents","lui_tabpage_float_footer_c","lui_tabpage_float_footer_l","lui_tabpage_float_footer_r","lui_tabpage_float_header_c","lui_tabpage_float_header_close","lui_tabpage_float_header_l","lui_tabpage_float_header_r","lui_tabpage_float_header_text","lui_tabpage_float_header_title","lui_tabpage_float_nav_item","lui_tabpage_float_nav_item_c","lui_tabpage_float_nav_item_l","lui_tabpage_float_nav_item_r","lui_tabpage_float_navs","lui_tabpage_float_navs_c","lui_tabpage_float_navs_l","lui_tabpage_float_navs_mark","lui_tabpage_float_navs_r","lui_tabpage_frame","lui_toolbar_btn","lui_toolbar_btn_c","lui_toolbar_btn_def","lui_toolbar_btn_gray","lui_toolbar_btn_l","lui_toolbar_btn_r","lui_toolbar_content","lui_toolbar_frame_float","lui_toolbar_frame_float_mark","lui_toolbar_left","lui_toolbar_right","lui_widget_btn","lui_widget_btn_txt","noCustomerClass","nodeinfo_box","process_review_button","process_review_content","process_review_panel","selected","swfupload","swfuploadbutton","swfuploadtext","tb_label","tb_noborder","tb_normal","td_label","td_normal_title","tr_normal_title","uploadinfotext"],["btnlabel","clearfloat","clr","com_btn_link","com_goto","com_gototop","com_help","handlerNamesLabel","input","inputMul","inputSgl","inputdatetime","inputselectsgl","inputsgl","lbpmNextRouteInfoRow","lui-component","lui_dialog_bottomC","lui_dialog_bottomL","lui_dialog_bottomR","lui_dialog_buttons","lui_dialog_centerC","lui_dialog_centerL","lui_dialog_centerR","lui_dialog_container","lui_dialog_content","lui_dialog_frame","lui_dialog_head","lui_dialog_headL","lui_dialog_headR","lui_dialog_head_left","lui_dialog_head_right","lui_form_content_frame","lui_panel_content_inside","lui_portlet_operations","lui_tabpage_float_content","lui_tabpage_float_content_c","lui_tabpage_float_content_l","lui_tabpage_float_content_r","lui_tabpage_float_contents","lui_tabpage_float_footer_c","lui_tabpage_float_footer_l","lui_tabpage_float_footer_r","lui_tabpage_float_header_c","lui_tabpage_float_header_close","lui_tabpage_float_header_l","lui_tabpage_float_header_r","lui_tabpage_float_header_text","lui_tabpage_float_header_title","lui_tabpage_float_nav_item","lui_tabpage_float_nav_item_c","lui_tabpage_float_nav_item_l","lui_tabpage_float_nav_item_r","lui_tabpage_float_navs","lui_tabpage_float_navs_c","lui_tabpage_float_navs_l","lui_tabpage_float_navs_mark","lui_tabpage_float_navs_r","lui_tabpage_frame","lui_toolbar_btn","lui_toolbar_btn_c","lui_toolbar_btn_l","lui_toolbar_btn_r","lui_toolbar_content","lui_toolbar_frame_float","lui_toolbar_frame_float_mark","lui_toolbar_left","lui_toolbar_right","lui_widget_btn","lui_widget_btn_txt","nodeinfo_box","process_review_panel","selected","selectitem","swfupload","swfuploadbutton","swfuploadtext","tb_label","tb_noborder","tb_normal","td_label","td_normal_title","tr_normal_title","txtstrong","txttitle","uploadinfotext"],["btnlabel","clearfloat","clr","com_ap_bar_bottom","com_ap_bar_centre","com_approval_bar","com_author","com_btn_link","com_goto","com_gototop","com_help","input","inputSgl","inputselectsgl","lui-component","lui_dialog_bottomC","lui_dialog_bottomL","lui_dialog_bottomR","lui_dialog_buttons","lui_dialog_centerC","lui_dialog_centerL","lui_dialog_centerR","lui_dialog_container","lui_dialog_content","lui_dialog_frame","lui_dialog_head","lui_dialog_headL","lui_dialog_headR","lui_dialog_head_left","lui_dialog_head_right","lui_form_baseinfo","lui_form_content_frame","lui_form_subject","lui_form_title_frame","lui_panel_content_inside","lui_portlet_operations","lui_tabpage_float_content","lui_tabpage_float_content_c","lui_tabpage_float_content_l","lui_tabpage_float_content_r","lui_tabpage_float_contents","lui_tabpage_float_footer_c","lui_tabpage_float_footer_l","lui_tabpage_float_footer_r","lui_tabpage_float_header_c","lui_tabpage_float_header_close","lui_tabpage_float_header_l","lui_tabpage_float_header_r","lui_tabpage_float_header_text","lui_tabpage_float_header_title","lui_tabpage_float_nav_item","lui_tabpage_float_nav_item_c","lui_tabpage_float_nav_item_l","lui_tabpage_float_nav_item_r","lui_tabpage_float_navs","lui_tabpage_float_navs_c","lui_tabpage_float_navs_l","lui_tabpage_float_navs_mark","lui_tabpage_float_navs_r","lui_tabpage_frame","lui_toolbar_btn","lui_toolbar_btn_c","lui_toolbar_btn_l","lui_toolbar_btn_r","lui_toolbar_content","lui_toolbar_frame_float","lui_toolbar_frame_float_mark","lui_toolbar_left","lui_toolbar_right","lui_widget_btn","lui_widget_btn_txt","noCustomerClass","nodeinfo_box","orgelement","process_review_button","process_review_content","process_review_panel","selected","swfupload","swfuploadbutton","swfuploadtext","tb_label","tb_noborder","tb_normal","td_label","td_normal_title","tr_normal_title","txtstrong","uploadinfotext"],["btnlabel","clearfloat","com_btn_link","com_goto","com_gototop","lui-component","lui_form_baseinfo","lui_form_content_frame","lui_form_subject","lui_form_title_frame","lui_panel_content_inside","lui_portlet_operations","lui_tabpage_float_content","lui_tabpage_float_content_c","lui_tabpage_float_content_l","lui_tabpage_float_content_r","lui_tabpage_float_contents","lui_tabpage_float_footer_c","lui_tabpage_float_footer_l","lui_tabpage_float_footer_r","lui_tabpage_float_header_c","lui_tabpage_float_header_close","lui_tabpage_float_header_l","lui_tabpage_float_header_r","lui_tabpage_float_header_text","lui_tabpage_float_header_title","lui_tabpage_float_nav_item","lui_tabpage_float_nav_item_c","lui_tabpage_float_nav_item_l","lui_tabpage_float_nav_item_r","lui_tabpage_float_navs","lui_tabpage_float_navs_c","lui_tabpage_float_navs_l","lui_tabpage_float_navs_mark","lui_tabpage_float_navs_r","lui_tabpage_frame","lui_toolbar_btn","lui_toolbar_btn_c","lui_toolbar_btn_l","lui_toolbar_btn_r","lui_toolbar_content","lui_toolbar_frame_float","lui_toolbar_frame_float_mark","lui_toolbar_left","lui_toolbar_right","lui_widget_btn","lui_widget_btn_txt","noCustomerClass","nodeinfo_box","process_review_panel","selected","tb_label","tb_normal","td_label","td_normal_title","tr_normal_title"],["btnlabel","clearfloat","com_btn_link","com_goto","com_gototop","com_help","handlerNamesLabel","input","inputMul","inputSgl","inputdatetime","inputselectsgl","inputsgl","lbpmNextRouteInfoRow","lui-component","lui_form_content_frame","lui_panel_content_inside","lui_portlet_operations","lui_tabpage_float_content","lui_tabpage_float_content_c","lui_tabpage_float_content_l","lui_tabpage_float_content_r","lui_tabpage_float_contents","lui_tabpage_float_footer_c","lui_tabpage_float_footer_l","lui_tabpage_float_footer_r","lui_tabpage_float_header_c","lui_tabpage_float_header_close","lui_tabpage_float_header_l","lui_tabpage_float_header_r","lui_tabpage_float_header_text","lui_tabpage_float_header_title","lui_tabpage_float_nav_item","lui_tabpage_float_nav_item_c","lui_tabpage_float_nav_item_l","lui_tabpage_float_nav_item_r","lui_tabpage_float_navs","lui_tabpage_float_navs_c","lui_tabpage_float_navs_l","lui_tabpage_float_navs_mark","lui_tabpage_float_navs_r","lui_tabpage_frame","lui_toolbar_btn","lui_toolbar_btn_c","lui_toolbar_btn_l","lui_toolbar_btn_r","lui_toolbar_content","lui_toolbar_frame_float","lui_toolbar_frame_float_mark","lui_toolbar_left","lui_toolbar_right","lui_widget_btn","lui_widget_btn_txt","noCustomerClass","nodeinfo_box","orgelement","process_review_panel","selected","selectitem","swfupload","swfuploadbutton","swfuploadtext","tb_label","tb_noborder","tb_normal","td_label","td_normal_title","tr_normal_title","txtstrong","txttitle","upload_list_filename_edit","upload_list_icon","upload_list_operation","upload_list_progress_img","upload_list_progress_text","upload_list_size","upload_list_status","upload_list_tr","upload_opt_down","upload_opt_view","upload_status","uploadinfotext"],["btnlabel","clearfloat","clr","com_btn_link","com_goto","com_gototop","com_help","handlerNamesLabel","input","inputMul","inputSgl","inputdatetime","inputselectsgl","inputsgl","lbpmNextRouteInfoRow","lui-component","lui_dialog_bottomC","lui_dialog_bottomL","lui_dialog_bottomR","lui_dialog_buttons","lui_dialog_centerC","lui_dialog_centerL","lui_dialog_centerR","lui_dialog_container","lui_dialog_content","lui_dialog_frame","lui_dialog_head","lui_dialog_headL","lui_dialog_headR","lui_dialog_head_left","lui_dialog_head_right","lui_form_content_frame","lui_panel_content_inside","lui_portlet_operations","lui_tabpage_float_content","lui_tabpage_float_content_c","lui_tabpage_float_content_l","lui_tabpage_float_content_r","lui_tabpage_float_contents","lui_tabpage_float_footer_c","lui_tabpage_float_footer_l","lui_tabpage_float_footer_r","lui_tabpage_float_header_c","lui_tabpage_float_header_close","lui_tabpage_float_header_l","lui_tabpage_float_header_r","lui_tabpage_float_header_text","lui_tabpage_float_header_title","lui_tabpage_float_nav_item","lui_tabpage_float_nav_item_c","lui_tabpage_float_nav_item_l","lui_tabpage_float_nav_item_r","lui_tabpage_float_navs","lui_tabpage_float_navs_c","lui_tabpage_float_navs_l","lui_tabpage_float_navs_mark","lui_tabpage_float_navs_r","lui_tabpage_frame","lui_toolbar_btn","lui_toolbar_btn_c","lui_toolbar_btn_l","lui_toolbar_btn_r","lui_toolbar_content","lui_toolbar_frame_float","lui_toolbar_frame_float_mark","lui_toolbar_left","lui_toolbar_right","lui_widget_btn","lui_widget_btn_txt","noCustomerClass","nodeinfo_box","orgelement","process_review_panel","selected","selectitem","swfupload","swfuploadbutton","swfuploadtext","tb_label","tb_noborder","tb_normal","td_label","td_normal_title","tr_normal_title","txtstrong","txttitle","upload_list_filename_edit","upload_list_icon","upload_list_operation","upload_list_progress_img","upload_list_progress_text","upload_list_size","upload_list_status","upload_list_tr","upload_opt_down","upload_opt_view","upload_status","uploadinfotext"],["btnlabel","clearfloat","com_author","com_btn_link","com_goto","com_gototop","lui-component","lui_form_baseinfo","lui_form_content_frame","lui_form_subject","lui_form_title_frame","lui_panel_content_inside","lui_portlet_operations","lui_sns_signatureList","lui_tabpage_float_content","lui_tabpage_float_content_c","lui_tabpage_float_content_l","lui_tabpage_float_content_r","lui_tabpage_float_contents","lui_tabpage_float_footer_c","lui_tabpage_float_footer_l","lui_tabpage_float_footer_r","lui_tabpage_float_header_c","lui_tabpage_float_header_close","lui_tabpage_float_header_l","lui_tabpage_float_header_r","lui_tabpage_float_header_text","lui_tabpage_float_header_title","lui_tabpage_float_nav_item","lui_tabpage_float_nav_item_c","lui_tabpage_float_nav_item_l","lui_tabpage_float_nav_item_r","lui_tabpage_float_navs","lui_tabpage_float_navs_c","lui_tabpage_float_navs_l","lui_tabpage_float_navs_mark","lui_tabpage_float_navs_r","lui_tabpage_frame","lui_toolbar_btn","lui_toolbar_btn_c","lui_toolbar_btn_l","lui_toolbar_btn_r","lui_toolbar_content","lui_toolbar_frame_float","lui_toolbar_frame_float_mark","lui_toolbar_left","lui_toolbar_right","lui_widget_btn","lui_widget_btn_txt","noCustomerClass","nodeinfo_box","process_review_button","process_review_content","process_review_panel","selected","swfupload","swfuploadbutton","swfuploadtext","tb_label","tb_noborder","tb_normal","td_label","td_normal_title","tr_normal_title","uploadinfotext"]],"context5_0IcqTN":[["alt","bar","clearfloat","content","copyToClipboard","errorlist","errortitle","functions","item","line","lines","number","plain","printSource","prompt_buttons","prompt_centerC","prompt_centerL","prompt_centerR","prompt_container","prompt_content_error","prompt_content_inside","prompt_content_right","prompt_frame","prompt_message","prompt_title","promt_footerC","promt_footerL","promt_footerR","promt_headerC","promt_headerL","promt_headerR","showMoreError_plus","spaces","string","syntaxhighlighter","toolbar","viewSource"],["clearfloat","msgtitle","prompt_centerC","prompt_centerL","prompt_centerR","prompt_container","prompt_content_error","prompt_content_inside","prompt_content_right","prompt_frame"]]}},"page/tagTriplets":{"contexts":{"context4_9Vop89":[["-/-/DIV","-/-/FORM","-/-/SCRIPT","-/DIV/DIV","-/FORM/DIV","DIV/DIV/DIV","DIV/DIV/IFRAME","DIV/DIV/INPUT-hidden","DIV/DIV/LINK","DIV/DIV/SCRIPT","DIV/DIV/TABLE","DIV/TABLE/TBODY","FORM/DIV/DIV","FORM/DIV/TABLE","NOBR/LABEL/INPUT-checkbox","NOBR/LABEL/INPUT-radio","TABLE/TBODY/TR","TBODY/TR/TD","TD/DIV/DIV","TD/DIV/SCRIPT","TD/LABEL/INPUT-checkbox","TD/NOBR/IMG","TD/NOBR/INPUT-button","TD/NOBR/LABEL","TD/TABLE/TBODY","TR/TD/A","TR/TD/BR","TR/TD/DIV","TR/TD/IFRAME","TR/TD/INPUT-hidden","TR/TD/LABEL","TR/TD/NOBR","TR/TD/SCRIPT","TR/TD/SPAN","TR/TD/TABLE","TR/TD/TEXTAREA"],["-/-/DIV","-/-/FORM","-/-/SCRIPT","-/DIV/DIV","-/FORM/DIV","DIV/DIV/DIV","DIV/DIV/IFRAME","DIV/DIV/INPUT-hidden","DIV/DIV/LINK","DIV/DIV/OBJECT","DIV/DIV/SCRIPT","DIV/DIV/TABLE","DIV/OBJECT/PARAM","DIV/TABLE/TBODY","FORM/DIV/DIV","FORM/DIV/TABLE","NOBR/LABEL/INPUT-checkbox","NOBR/LABEL/INPUT-radio","TABLE/TBODY/TR","TBODY/TR/TD","TD/DIV/A","TD/DIV/DIV","TD/DIV/INPUT-hidden","TD/DIV/SCRIPT","TD/DIV/TABLE","TD/LABEL/INPUT-checkbox","TD/LABEL/INPUT-radio","TD/LABEL/SPAN","TD/NOBR/IMG","TD/NOBR/INPUT-button","TD/NOBR/LABEL","TD/SELECT/OPTION","TD/TABLE/TBODY","TR/TD/A","TR/TD/BR","TR/TD/DIV","TR/TD/IFRAME","TR/TD/INPUT-button","TR/TD/INPUT-hidden","TR/TD/LABEL","TR/TD/LINK","TR/TD/NOBR","TR/TD/SCRIPT","TR/TD/SELECT","TR/TD/SPAN","TR/TD/TABLE","TR/TD/TEXTAREA"],["-/-/DIV","-/-/FORM","-/-/SCRIPT","-/DIV/DIV","-/DIV/IFRAME","-/FORM/DIV","DIV/DIV/DIV","DIV/DIV/IFRAME","DIV/DIV/INPUT-hidden","DIV/DIV/LINK","DIV/DIV/OBJECT","DIV/DIV/SCRIPT","DIV/DIV/TABLE","DIV/OBJECT/PARAM","DIV/TABLE/TBODY","FORM/DIV/DIV","FORM/DIV/TABLE","NOBR/LABEL/INPUT-checkbox","NOBR/LABEL/INPUT-radio","TABLE/TBODY/TR","TBODY/TR/TD","TD/DIV/A","TD/DIV/DIV","TD/DIV/INPUT-hidden","TD/DIV/SCRIPT","TD/DIV/TABLE","TD/LABEL/INPUT-checkbox","TD/LABEL/INPUT-radio","TD/LABEL/SPAN","TD/NOBR/IMG","TD/NOBR/INPUT-button","TD/NOBR/LABEL","TD/SELECT/OPTION","TD/TABLE/TBODY","TR/TD/A","TR/TD/BR","TR/TD/DIV","TR/TD/IFRAME","TR/TD/INPUT-button","TR/TD/INPUT-hidden","TR/TD/LABEL","TR/TD/LINK","TR/TD/NOBR","TR/TD/SCRIPT","TR/TD/SELECT","TR/TD/SPAN","TR/TD/TABLE","TR/TD/TEXTAREA"],["-/-/DIV","-/-/FORM","-/-/SCRIPT","-/DIV/DIV","-/DIV/IFRAME","-/FORM/DIV","-/FORM/INPUT-hidden","DIV/DIV/DIV","DIV/DIV/IFRAME","DIV/DIV/INPUT-hidden","DIV/DIV/INPUT-text","DIV/DIV/LINK","DIV/DIV/OBJECT","DIV/DIV/P","DIV/DIV/SCRIPT","DIV/DIV/TABLE","DIV/LABEL/B","DIV/NOBR/LABEL","DIV/OBJECT/PARAM","DIV/TABLE/TBODY","FORM/DIV/DIV","FORM/DIV/INPUT-hidden","FORM/DIV/SCRIPT","FORM/DIV/TABLE","NOBR/LABEL/INPUT-radio","TABLE/TBODY/SCRIPT","TABLE/TBODY/TR","TBODY/TR/TD","TD/DIV/DIV","TD/DIV/IFRAME","TD/DIV/INPUT-hidden","TD/DIV/LABEL","TD/DIV/NOBR","TD/DIV/TABLE","TD/LABEL/A","TD/LABEL/INPUT-checkbox","TD/LABEL/INPUT-radio","TD/LABEL/SPAN","TD/NOBR/IMG","TD/NOBR/INPUT-button","TD/NOBR/LABEL","TD/SELECT/OPTION","TD/TABLE/TBODY","TR/TD/A","TR/TD/BR","TR/TD/DIV","TR/TD/IFRAME","TR/TD/IMG","TR/TD/INPUT-hidden","TR/TD/INPUT-text","TR/TD/LABEL","TR/TD/LINK","TR/TD/NOBR","TR/TD/SCRIPT","TR/TD/SELECT","TR/TD/SPAN","TR/TD/STYLE","TR/TD/TABLE","TR/TD/TEXTAREA"],["-/-/DIV","-/-/FORM","-/-/SCRIPT","-/DIV/DIV","-/DIV/IFRAME","-/FORM/DIV","DIV/DIV/DIV","DIV/DIV/IFRAME","DIV/DIV/INPUT-hidden","DIV/DIV/INPUT-text","DIV/DIV/LINK","DIV/DIV/OBJECT","DIV/DIV/SCRIPT","DIV/DIV/SPAN","DIV/DIV/TABLE","DIV/NOBR/LABEL","DIV/OBJECT/PARAM","DIV/TABLE/TBODY","FORM/DIV/DIV","FORM/DIV/TABLE","NOBR/LABEL/INPUT-checkbox","NOBR/LABEL/INPUT-radio","TABLE/TBODY/SCRIPT","TABLE/TBODY/TR","TBODY/TR/TD","TD/DIV/A","TD/DIV/DIV","TD/DIV/INPUT-hidden","TD/DIV/NOBR","TD/DIV/SCRIPT","TD/DIV/TABLE","TD/LABEL/A","TD/LABEL/INPUT-checkbox","TD/LABEL/INPUT-radio","TD/LABEL/SPAN","TD/NOBR/IMG","TD/NOBR/INPUT-button","TD/NOBR/LABEL","TD/SELECT/OPTION","TD/TABLE/TBODY","TR/TD/A","TR/TD/BR","TR/TD/DIV","TR/TD/IFRAME","TR/TD/INPUT-button","TR/TD/INPUT-hidden","TR/TD/LABEL","TR/TD/LINK","TR/TD/NOBR","TR/TD/SCRIPT","TR/TD/SELECT","TR/TD/SPAN","TR/TD/TABLE","TR/TD/TEXTAREA"],["-/-/DIV","-/-/FORM","-/-/SCRIPT","-/DIV/DIV","-/FORM/DIV","-/FORM/INPUT-hidden","DIV/DIV/DIV","DIV/DIV/IFRAME","DIV/DIV/INPUT-hidden","DIV/DIV/INPUT-text","DIV/DIV/LINK","DIV/DIV/OBJECT","DIV/DIV/P","DIV/DIV/SCRIPT","DIV/DIV/TABLE","DIV/LABEL/B","DIV/NOBR/LABEL","DIV/OBJECT/PARAM","DIV/SELECT/OPTION","DIV/TABLE/TBODY","FORM/DIV/DIV","FORM/DIV/INPUT-hidden","FORM/DIV/SCRIPT","FORM/DIV/TABLE","NOBR/LABEL/INPUT-radio","TABLE/TBODY/SCRIPT","TABLE/TBODY/TR","TBODY/TR/TD","TD/DIV/DIV","TD/DIV/IFRAME","TD/DIV/INPUT-hidden","TD/DIV/INPUT-text","TD/DIV/LABEL","TD/DIV/NOBR","TD/DIV/SCRIPT","TD/DIV/SELECT","TD/DIV/SPAN","TD/DIV/TABLE","TD/LABEL/A","TD/LABEL/INPUT-checkbox","TD/LABEL/INPUT-radio","TD/LABEL/SPAN","TD/NOBR/IMG","TD/NOBR/INPUT-button","TD/NOBR/LABEL","TD/SELECT/OPTION","TD/TABLE/TBODY","TR/TD/A","TR/TD/BR","TR/TD/DIV","TR/TD/IFRAME","TR/TD/IMG","TR/TD/INPUT-hidden","TR/TD/INPUT-text","TR/TD/LABEL","TR/TD/LINK","TR/TD/NOBR","TR/TD/SCRIPT","TR/TD/SELECT","TR/TD/SPAN","TR/TD/STYLE","TR/TD/TABLE","TR/TD/TEXTAREA"],["-/-/DIV","-/-/FORM","-/-/SCRIPT","-/DIV/DIV","-/DIV/IFRAME","-/FORM/DIV","-/FORM/INPUT-hidden","DIV/DIV/DIV","DIV/DIV/IFRAME","DIV/DIV/INPUT-hidden","DIV/DIV/INPUT-text","DIV/DIV/LINK","DIV/DIV/OBJECT","DIV/DIV/P","DIV/DIV/SCRIPT","DIV/DIV/TABLE","DIV/LABEL/B","DIV/NOBR/LABEL","DIV/OBJECT/PARAM","DIV/SELECT/OPTION","DIV/TABLE/TBODY","FORM/DIV/DIV","FORM/DIV/INPUT-hidden","FORM/DIV/SCRIPT","FORM/DIV/TABLE","NOBR/LABEL/INPUT-radio","TABLE/TBODY/SCRIPT","TABLE/TBODY/TR","TBODY/TR/TD","TD/DIV/DIV","TD/DIV/IFRAME","TD/DIV/INPUT-hidden","TD/DIV/INPUT-text","TD/DIV/LABEL","TD/DIV/NOBR","TD/DIV/SCRIPT","TD/DIV/SELECT","TD/DIV/SPAN","TD/DIV/TABLE","TD/LABEL/A","TD/LABEL/INPUT-checkbox","TD/LABEL/INPUT-radio","TD/LABEL/SPAN","TD/NOBR/IMG","TD/NOBR/INPUT-button","TD/NOBR/LABEL","TD/SELECT/OPTION","TD/TABLE/TBODY","TR/TD/A","TR/TD/BR","TR/TD/DIV","TR/TD/IFRAME","TR/TD/IMG","TR/TD/INPUT-hidden","TR/TD/INPUT-text","TR/TD/LABEL","TR/TD/LINK","TR/TD/NOBR","TR/TD/SCRIPT","TR/TD/SELECT","TR/TD/SPAN","TR/TD/STYLE","TR/TD/TABLE","TR/TD/TEXTAREA"],["-/-/DIV","-/-/FORM","-/-/SCRIPT","-/DIV/DIV","-/FORM/DIV","DIV/DIV/DIV","DIV/DIV/IFRAME","DIV/DIV/INPUT-hidden","DIV/DIV/LINK","DIV/DIV/OBJECT","DIV/DIV/SCRIPT","DIV/DIV/TABLE","DIV/OBJECT/PARAM","DIV/TABLE/TBODY","FORM/DIV/DIV","FORM/DIV/TABLE","NOBR/LABEL/INPUT-checkbox","NOBR/LABEL/INPUT-radio","TABLE/TBODY/SCRIPT","TABLE/TBODY/STYLE","TABLE/TBODY/TR","TBODY/TR/TD","TD/DIV/A","TD/DIV/DIV","TD/DIV/INPUT-hidden","TD/DIV/SCRIPT","TD/DIV/TABLE","TD/LABEL/INPUT-checkbox","TD/LABEL/INPUT-radio","TD/LABEL/SPAN","TD/NOBR/IMG","TD/NOBR/INPUT-button","TD/NOBR/LABEL","TD/SELECT/OPTION","TD/TABLE/TBODY","TR/TD/A","TR/TD/BR","TR/TD/DIV","TR/TD/IFRAME","TR/TD/INPUT-button","TR/TD/INPUT-hidden","TR/TD/LABEL","TR/TD/LINK","TR/TD/NOBR","TR/TD/SCRIPT","TR/TD/SELECT","TR/TD/SPAN","TR/TD/TABLE","TR/TD/TEXTAREA","TR/TD/UL"]],"context5_0IcqTN":[["-/-/DIV","-/-/SCRIPT","-/DIV/DIV","DIV/DIV/A","DIV/DIV/DIV","DIV/DIV/EMBED","DIV/DIV/SPAN","DIV/DIV/TABLE","DIV/SPAN/BR","DIV/SPAN/DIV","DIV/SPAN/SPAN","DIV/TABLE/TBODY","SPAN/DIV/DIV","SPAN/SPAN/DIV","TABLE/TBODY/TR","TBODY/TR/TD","TR/TD/CODE"],["-/-/DIV","-/-/SCRIPT","-/DIV/DIV","DIV/DIV/DIV"]]}}}}