{
  "version": "0.1",
  "id": "lks_rules",
  "targetURL": "http://oa.sec.com.cn/lks/koa/lks_rules.nsf/0/F7EAABC5A1D3A5B3482582870010FA0E?OpenDocument",
  "jsFile": "index.js",
  "requires": {
    "choosePeople": "../choosePeople/index.json",
    "Global_Approval": "../Global_Approval/index.json",
    "returnMsg": "../returnMsg/index.json",
    "lks_copy": "../lks_copy/index.json",
    "lks_rules": "../lks_rules/index.json",
    "chooseCategory": "../chooseCategory/index.json",
    "lks_File_Search": "../lks_File_Search/index.json",
    "Flowchart_SelectPeople": "../Flowchart_SelectPeople/index.json",
    "lks_plflowreview": "../lks_plflowreview/index.json",
    "lks-filemng": "../lks-filemng/index.json",
    "lks_review": "../lks_review/index.json",
    "lks_financeflowreview_edit": "../lks_financeflowreview_edit/index.json",
    "lks_tasks": "../lks_tasks/index.json",
    "lks_archivemngnewex": "../lks_archivemngnewex/index.json",
    "lks_hrreview": "../lks_hrreview/index.json",
    "lks_profile": "../lks_profile/index.json"
  },
  "chineseName": "制度流程",
  "description": "",
  "firstPaintEnable": false,
  "controls": {
    "control23_HHZp7i": {
      "location": {
        "data": {
          "tagName": "DIV"
        },
        "userData": {
          "data": [],
          "force": false
        },
        "locators": [
          {
            "id": "@id/word",
            "prob": 2,
            "value": [
              "descendant::TABLE[@id=\"BtnTable\"]/TBODY[1]/TR[1]/TD[1]/DIV[1]",
              "descendant::TABLE[@id=\"BtnTable\"]//DIV"
            ]
          },
          {
            "id": "@class/word",
            "prob": 1,
            "ordinal": [
              0,
              2
            ],
            "value": "TABLE.tbmenudoc TBODY TR TD DIV"
          },
          {
            "id": "path/ordinal",
            "prob": 1,
            "value": "/HTML[1]/BODY[1]/FORM[1]/P[1]/TABLE[1]/TBODY[1]/TR[1]/TD[1]/DIV[1]"
          }
        ]
      },
      "events": {
        "onGetData": "getData_control23_HHZp7i"
      },
      "intendedRole": "custom",
      "roles": "element,custom",
      "monitored": true,
      "frameXPath": "",
      "componentType": "custom"
    },
    "control26_Hmciwd": {
      "location": {
        "data": {
          "tagName": "TR"
        },
        "userData": {
          "data": [],
          "force": false
        },
        "locators": [
          {
            "id": "@id/word",
            "prob": 2,
            "value": "descendant::TABLE[@id=\"labelTable\"]/TBODY[1]/TR[1]"
          },
          {
            "id": "@class/word",
            "prob": 1,
            "value": "TABLE.labeltb TR.tbbg"
          },
          {
            "id": "path/ordinal",
            "prob": 1,
            "value": "/HTML[1]/BODY[1]/FORM[1]/P[1]/TABLE[2]/TBODY[1]/TR[1]"
          }
        ]
      },
      "events": {
        "onGetData": "getData_control26_Hmciwd"
      },
      "intendedRole": "custom",
      "roles": "element,custom",
      "monitored": true,
      "frameXPath": "",
      "componentType": "custom"
    },
    "control27_QtWafo": {
      "location": {
        "data": {
          "tagName": "TABLE"
        },
        "userData": {
          "data": [],
          "force": false
        },
        "locators": [
          {
            "id": "@id/word",
            "prob": 3,
            "value": "descendant::TABLE[@id=\"labelTable\"]"
          },
          {
            "id": "@class/word",
            "prob": 1,
            "value": "TABLE.labeltb"
          },
          {
            "id": "path/ordinal",
            "prob": 1,
            "value": "/HTML[1]/BODY[1]/FORM[1]/P[1]/TABLE[2]"
          }
        ]
      },
      "events": {
        "onGetData": "getData_control27_QtWafo"
      },
      "intendedRole": "custom",
      "roles": "element,custom",
      "monitored": true,
      "frameXPath": "",
      "componentType": "custom"
    },
    "control28_G07Fqq": {
      "location": {
        "data": {
          "tagName": "TABLE"
        },
        "userData": {
          "data": [],
          "force": false
        },
        "locators": [
          {
            "id": "@id/word",
            "prob": 3,
            "value": "descendant::TABLE[@id=\"labelTable\"]"
          },
          {
            "id": "@class/word",
            "prob": 1,
            "value": "TABLE.labeltb"
          },
          {
            "id": "path/ordinal",
            "prob": 1,
            "value": "/HTML[1]/BODY[1]/FORM[1]/P[1]/TABLE[2]"
          }
        ]
      },
      "events": {
        "onGetData": "getData_control28_G07Fqq"
      },
      "intendedRole": "custom",
      "roles": "element,custom",
      "monitored": true,
      "frameXPath": "",
      "componentType": "custom"
    },
    "control29_Ld7AUk": {
      "location": {
        "data": {
          "tagName": "TABLE"
        },
        "userData": {
          "data": [],
          "force": false
        },
        "locators": [
          {
            "id": "@id/word",
            "prob": 3,
            "value": "descendant::TABLE[@id=\"labelTable\"]"
          },
          {
            "id": "@class/word",
            "prob": 1,
            "value": "TABLE.labeltb"
          },
          {
            "id": "path/ordinal",
            "prob": 1,
            "value": "/HTML[1]/BODY[1]/FORM[1]/P[1]/TABLE[2]"
          }
        ]
      },
      "events": {
        "onGetData": "getData_control29_Ld7AUk"
      },
      "intendedRole": "custom",
      "roles": "element,custom",
      "monitored": true,
      "frameXPath": "",
      "componentType": "custom"
    },
    "control30_wR2tot": {
      "location": {
        "data": {
          "tagName": "TR"
        },
        "userData": {
          "data": [],
          "force": false
        },
        "locators": [
          {
            "id": "@id/word",
            "prob": 2,
            "value": [
              "descendant::TABLE[@id=\"BtnTable\"]/TBODY[1]/TR[1]",
              "descendant::TABLE[@id=\"BtnTable\"]//TR"
            ]
          },
          {
            "id": "@class/word",
            "prob": 1,
            "value": "TABLE.tbmenudoc TBODY TR"
          },
          {
            "id": "path/ordinal",
            "prob": 1,
            "value": "/HTML[1]/BODY[1]/FORM[1]/P[1]/TABLE[1]/TBODY[1]/TR[1]"
          }
        ]
      },
      "events": {
        "onGetData": "getData_control30_wR2tot"
      },
      "intendedRole": "custom",
      "roles": "element,custom",
      "monitored": true,
      "frameXPath": "",
      "componentType": "custom"
    },
    "control31_OAH2Fm": {
      "location": {
        "data": {
          "tagName": "TD"
        },
        "userData": {
          "data": [],
          "force": false
        },
        "locators": [
          {
            "id": "@id/word",
            "prob": 3,
            "value": [
              "descendant::TABLE[@id=\"tbReview\"]//TD[@id=\"tdButton\"]",
              "descendant::TD[@id=\"tdButton\"]"
            ]
          },
          {
            "id": "path/ordinal",
            "prob": 1,
            "value": "/HTML[1]/BODY[1]/FORM[1]/TABLE[2]/TBODY[1]/TR[2]/TD[1]"
          }
        ]
      },
      "events": {
        "onGetData": "getData_control31_OAH2Fm"
      },
      "intendedRole": "custom",
      "roles": "element,custom",
      "monitored": true,
      "frameXPath": "//iframe[@id='ifFlow']<<IFRAME>>",
      "componentType": "custom"
    },
    "control64_iTQ1UQ": {
      "location": {
        "data": {
          "tagName": "TR"
        },
        "userData": {
          "data": [],
          "force": false
        },
        "locators": [
          {
            "id": "@id/word",
            "prob": 1,
            "value": "descendant::TABLE[@id=\"labelTable\"]/TBODY[1]/TR[6]/TD[1]/TABLE[1]/TBODY[1]/TR[1]"
          },
          {
            "id": "@class/word",
            "prob": 1,
            "ordinal": [
              36,
              48
            ],
            "value": "TABLE.labeltb TR.trbg TD.tdbg TABLE TBODY TR"
          },
          {
            "id": "path/ordinal",
            "prob": 1,
            "value": "/HTML[1]/BODY[1]/FORM[1]/P[1]/TABLE[2]/TBODY[1]/TR[6]/TD[1]/TABLE[1]/TBODY[1]/TR[1]"
          }
        ]
      },
      "events": {
        "onGetData": "getData_control64_iTQ1UQ"
      },
      "intendedRole": "custom",
      "roles": "element,custom",
      "monitored": true,
      "frameXPath": "",
      "componentType": "custom"
    },
    "control98_QrzCt7": {
      "location": {
        "data": {
          "tagName": "TABLE"
        },
        "userData": {
          "data": [],
          "force": false
        },
        "locators": [
          {
            "id": "@id/word",
            "prob": 3,
            "value": "descendant::TABLE[@id=\"tbReview\"]"
          },
          {
            "id": "path/ordinal",
            "prob": 1,
            "value": "/HTML[1]/BODY[1]/FORM[1]/TABLE[2]"
          }
        ]
      },
      "events": {
        "onGetData": "getData_control98_QrzCt7"
      },
      "intendedRole": "custom",
      "roles": "element,link,custom",
      "monitored": true,
      "frameXPath": "//iframe[@id='ifFlow']<<IFRAME>>",
      "componentType": "custom"
    },
    "control135_052DXH": {
      "location": {
        "data": {
          "tagName": "TABLE"
        },
        "userData": {
          "data": [],
          "force": false
        },
        "locators": [
          {
            "id": "@id/word",
            "prob": 3,
            "value": "descendant::TABLE[@id=\"labelTable\"]"
          },
          {
            "id": "@class/word",
            "prob": 1,
            "value": "TABLE.labeltb"
          },
          {
            "id": "path/ordinal",
            "prob": 1,
            "value": "/HTML[1]/BODY[1]/FORM[1]/P[1]/TABLE[2]"
          }
        ]
      },
      "events": {
        "onGetData": "getData_control135_052DXH"
      },
      "intendedRole": "custom",
      "roles": "element,custom",
      "monitored": true,
      "frameXPath": "",
      "componentType": "custom"
    },
    "control4_r0OBBO": {
      "location": {
        "data": {
          "tagName": "TABLE"
        },
        "userData": {
          "data": [],
          "force": false
        },
        "locators": [
          {
            "id": "@id/word",
            "prob": 3,
            "value": "descendant::TABLE[@id=\"tbReview\"]"
          },
          {
            "id": "path/ordinal",
            "prob": 1,
            "value": "/HTML[1]/BODY[1]/FORM[1]/TABLE[2]"
          }
        ]
      },
      "events": {
        "onGetData": "getData_control4_r0OBBO"
      },
      "intendedRole": "custom",
      "roles": "element,custom",
      "monitored": true,
      "frameXPath": "//iframe[@id='ifFlow']<<IFRAME>>",
      "componentType": "custom"
    },
    "control167_XdSVyM": {
      "location": {
        "data": {
          "tagName": "TABLE"
        },
        "userData": {
          "data": [],
          "force": false
        },
        "locators": [
          {
            "id": "@id/word",
            "prob": 3,
            "value": "descendant::TABLE[@id=\"labelTable\"]"
          },
          {
            "id": "@class/word",
            "prob": 1,
            "value": "TABLE.labeltb"
          },
          {
            "id": "path/ordinal",
            "prob": 1,
            "value": "/HTML[1]/BODY[1]/FORM[1]/P[1]/TABLE[2]"
          }
        ]
      },
      "events": {
        "onGetData": "getData_control167_XdSVyM"
      },
      "intendedRole": "custom",
      "roles": "element,custom",
      "monitored": true,
      "frameXPath": "",
      "componentType": "custom"
    }
  },
  "contexts": {
    "context4_nBTnvD": {
      "controls": [
        "control23_HHZp7i",
        "control26_Hmciwd",
        "control27_QtWafo",
        "control28_G07Fqq",
        "control29_Ld7AUk",
        "control30_wR2tot",
        "control31_OAH2Fm",
        "control64_iTQ1UQ",
        "control98_QrzCt7",
        "control135_052DXH",
        "control4_r0OBBO",
        "control167_XdSVyM"
      ],
      "anchors": [],
      "urlAnchor": [
        ".*\\/lks_.*rules.nsf\\/[^(FM_)].*\\/.*"
      ]
    }
  },
  "flows": {
    "flow24_zTVwcE": {
      "toContexts": [
        {
          "toContextId": "context4_nBTnvD"
        },
        {
          "toContextId": "context13_k04Crz",
          "toModelId": "lks_plflowreview"
        },
        {
          "toContextId": "context5_3qQbFO",
          "toModelId": "lks_archivemngnewex"
        }
      ]
    },
    "flow25_XPwl8R": {
      "fromContextId": "context4_nBTnvD",
      "fromAction": "doAction",
      "fromControlId": "control26_Hmciwd",
      "toContexts": [
        {
          "toContextId": "context4_nBTnvD"
        },
        {
          "toContextId": "context14_TiC1dV",
          "toModelId": "lks-filemng"
        }
      ]
    },
    "flow26_s0oFeV": {
      "fromContextId": "context4_nBTnvD",
      "fromAction": "doAction",
      "fromControlId": "control27_QtWafo",
      "toContexts": [
        {
          "toContextId": "context4_nBTnvD"
        },
        {
          "toContextId": "context6_m0MbOe",
          "toModelId": "choosePeople"
        },
        {
          "toContextId": "context8_KkUJV6",
          "toModelId": "chooseCategory"
        }
      ]
    },
    "flow27_xiFwxa": {
      "fromContextId": "context4_nBTnvD",
      "fromAction": "doAction",
      "fromControlId": "control28_G07Fqq",
      "toContexts": [
        {
          "toContextId": "context4_nBTnvD"
        },
        {
          "toContextId": "context6_m0MbOe",
          "toModelId": "choosePeople"
        },
        {
          "toContextId": "context6_19iAzJ",
          "toModelId": "Global_Approval"
        }
      ]
    },
    "flow28_zn0yEE": {
      "fromContextId": "context4_nBTnvD",
      "fromAction": "doAction",
      "fromControlId": "control31_OAH2Fm",
      "toContexts": [
        {
          "toContextId": "context4_nBTnvD"
        },
        {
          "toContextId": "context7_adlfZy",
          "toModelId": "returnMsg"
        },
        {
          "toContextId": "context1_1FqdOH",
          "toModelId": "lks_copy"
        }
      ]
    },
    "flow31_gceMed": {
      "fromContextId": "context4_nBTnvD",
      "fromAction": "doAction",
      "fromControlId": "control30_wR2tot",
      "toContexts": [
        {
          "toContextId": "context4_nBTnvD"
        },
        {
          "toContextId": "context6_19iAzJ",
          "toModelId": "Global_Approval"
        },
        {
          "toContextId": "context7_adlfZy",
          "toModelId": "returnMsg"
        },
        {
          "toContextId": "context4_nBTnvD",
          "toModelId": "lks_rules"
        }
      ]
    },
    "flow51_SXpIZ5": {
      "fromContextId": "context4_nBTnvD",
      "fromAction": "doAction",
      "fromControlId": "control64_iTQ1UQ",
      "toContexts": [
        {
          "toContextId": "context4_nBTnvD"
        },
        {
          "toContextId": "context13_ZxcoOB",
          "toModelId": "lks_File_Search"
        }
      ]
    },
    "flow68_r7Jtux": {
      "fromContextId": "context4_nBTnvD",
      "fromAction": "doAction",
      "fromControlId": "control98_QrzCt7",
      "toContexts": [
        {
          "toContextId": "context4_nBTnvD"
        },
        {
          "toContextId": "context12_GGuSeZ",
          "toModelId": "Flowchart_SelectPeople"
        }
      ]
    },
    "flow109_f4snN5": {
      "fromContextId": "context4_nBTnvD",
      "fromAction": "doAction",
      "fromControlId": "control4_r0OBBO",
      "toContexts": [
        {
          "toContextId": "context4_nBTnvD"
        }
      ]
    },
    "flow155_ToAlEq": {
      "fromContextId": "context4_nBTnvD",
      "fromAction": "doAction",
      "fromControlId": "control29_Ld7AUk",
      "toContexts": [
        {
          "toContextId": "context4_nBTnvD"
        }
      ]
    }
  },
  "pages": {
    "page4_1Lchd2": {
      "contextId": "context4_nBTnvD",
      "layout": [
        {
          "id": "uiControl29_wr0u4m",
          "controlId": "control23_HHZp7i",
          "display": {
            "adapterId": "custom",
            "type": "custom",
            "adapter": {
              "templateType": "react",
              "events": {
                "onDoAction": "doAction_uiControl29_wr0u4m",
                "onGetTemplate": "getTemplate_uiControl29_wr0u4m"
              }
            }
          }
        },
        {
          "id": "uiControl32_dWAnoN",
          "controlId": "control26_Hmciwd",
          "display": {
            "adapterId": "custom",
            "type": "custom",
            "adapter": {
              "templateType": "react",
              "events": {
                "onDoAction": "doAction_uiControl32_dWAnoN",
                "onGetTemplate": "getTemplate_uiControl32_dWAnoN"
              }
            }
          }
        },
        {
          "id": "uiControl33_5tMXlw",
          "controlId": "control27_QtWafo",
          "display": {
            "adapterId": "custom",
            "type": "custom",
            "adapter": {
              "templateType": "react",
              "events": {
                "onDoAction": "doAction_uiControl33_5tMXlw",
                "onGetTemplate": "getTemplate_uiControl33_5tMXlw"
              }
            }
          }
        },
        {
          "id": "uiControl147_nREVW2",
          "controlId": "control135_052DXH",
          "display": {
            "adapterId": "custom",
            "type": "custom",
            "adapter": {
              "templateType": "react",
              "events": {
                "onDoAction": "doAction_uiControl147_nREVW2",
                "onGetTemplate": "getTemplate_uiControl147_nREVW2"
              }
            }
          }
        },
        {
          "id": "uiControl42_nIl2GM",
          "controlId": "control31_OAH2Fm",
          "display": {
            "adapterId": "custom",
            "type": "custom",
            "adapter": {
              "templateType": "react",
              "events": {
                "onDoAction": "doAction_uiControl42_nIl2GM",
                "onGetTemplate": "getTemplate_uiControl42_nIl2GM"
              }
            }
          }
        },
        {
          "id": "uiControl184_6CorQr",
          "controlId": "control167_XdSVyM",
          "display": {
            "adapterId": "custom",
            "type": "custom",
            "adapter": {
              "templateType": "react",
              "events": {
                "onDoAction": "doAction_uiControl184_6CorQr",
                "onGetTemplate": "getTemplate_uiControl184_6CorQr"
              }
            }
          }
        },
        {
          "id": "uiControl34_zbJJwf",
          "controlId": "control28_G07Fqq",
          "display": {
            "adapterId": "custom",
            "type": "custom",
            "adapter": {
              "templateType": "react",
              "events": {
                "onDoAction": "doAction_uiControl34_zbJJwf",
                "onGetTemplate": "getTemplate_uiControl34_zbJJwf"
              }
            }
          }
        },
        {
          "id": "uiControl3_ncaCLl",
          "controlId": "control4_r0OBBO",
          "display": {
            "adapterId": "custom",
            "type": "custom",
            "adapter": {
              "templateType": "react",
              "events": {
                "onDoAction": "doAction_uiControl3_ncaCLl",
                "onGetTemplate": "getTemplate_uiControl3_ncaCLl"
              }
            }
          }
        },
        {
          "id": "uiControl118_XgMtkT",
          "controlId": "control98_QrzCt7",
          "display": {
            "adapterId": "custom",
            "type": "custom",
            "adapter": {
              "templateType": "react",
              "events": {
                "onDoAction": "doAction_uiControl118_XgMtkT",
                "onGetTemplate": "getTemplate_uiControl118_XgMtkT"
              }
            }
          }
        },
        {
          "id": "uiControl79_Jf5OMy",
          "controlId": "control64_iTQ1UQ",
          "display": {
            "adapterId": "custom",
            "type": "custom",
            "adapter": {
              "templateType": "react",
              "events": {
                "onDoAction": "doAction_uiControl79_Jf5OMy",
                "onGetTemplate": "getTemplate_uiControl79_Jf5OMy"
              }
            }
          }
        },
        {
          "id": "uiControl35_aSZkkb",
          "controlId": "control29_Ld7AUk",
          "display": {
            "adapterId": "custom",
            "type": "custom",
            "adapter": {
              "templateType": "react",
              "events": {
                "onDoAction": "doAction_uiControl35_aSZkkb",
                "onGetTemplate": "getTemplate_uiControl35_aSZkkb"
              }
            }
          }
        },
        {
          "id": "uiControl41_ID3tkQ",
          "display": {
            "type": "sticky",
            "adapterId": "sticky",
            "class": "ui-footer-button",
            "adapter": {
              "templateType": ""
            }
          },
          "layout": [
            {
              "id": "uiControl41_ID3tkQbody",
              "display": {
                "type": "stickyBody",
                "adapterId": "stickyBody",
                "adapter": {
                  "templateType": ""
                }
              },
              "layout": [
                {
                  "id": "uiControl36_yg7sKC",
                  "controlId": "control30_wR2tot",
                  "display": {
                    "adapterId": "custom",
                    "type": "custom",
                    "adapter": {
                      "templateType": "react",
                      "events": {
                        "onDoAction": "doAction_uiControl36_yg7sKC",
                        "onGetTemplate": "getTemplate_uiControl36_yg7sKC"
                      }
                    }
                  }
                }
              ]
            }
          ]
        }
      ]
    }
  },
  "matchers": {
    "page/title": {
      "contexts": {
        "context4_nBTnvD": [
          "深圳能源集团OA系统_制度管理_移动办公制度流程测试流程",
          "深圳能源集团OA系统_制度管理_AFCC002发展党员表决票",
          "深圳能源集团OA系统_制度管理_APHR045深圳能源集团所属企业绩效管理",
          "深圳能源集团OA系统_制度管理_APHR050集团外派干部管理",
          "深圳能源集团OA系统_制度管理_移动办公制度管理流程测试流程",
          "深圳能源集团OA系统_知识中心_每日财经观察2018-0917",
          "深圳能源集团OA系统__财务流程关联其他类流程",
          "深圳能源集团OA系统_制度管理_AWBC003招标公告公示及投诉",
          "深圳能源集团OA系统_制度管理_APAD036合同管理",
          "深圳能源集团OA系统_制度管理_AWBC004招标文件编制"
        ]
      }
    },
    "page/urls": {
      "contexts": {
        "context4_nBTnvD": [
          "oa.sec.com.cn/lks/koa/lks_rules.nsf/0/F7EAABC5A1D3A5B3482582870010FA0E?OpenDocument",
          "oa.sec.com.cn/lks/koa/lks_rules.nsf/0/f7eaabc5a1d3a5b3482582870010fa0e?EditDocument",
          "oa.sec.com.cn/lks/koa/lks_rules.nsf/0/F7EAABC5A1D3A5B3482582870010FA0E?OpenDocument&m_Seq=0.30077878228061383",
          "oa.sec.com.cn/lks/koa/lks_rules.nsf/0/F7EAABC5A1D3A5B3482582870010FA0E?OpenDocument&m_Seq=0.8417387063888879",
          "oa.sec.com.cn/lks/koa/lks_rules.nsf/VD_AllRules/46BA041D74A0DD0F4825756E002AE577?opendocument&m_Seq=0.21615793757526136",
          "oa.sec.com.cn/lks/koa/lks_rules.nsf/0/6F71E9AEAED6A3D3482580EA000B3182?opendocument",
          "oa.sec.com.cn/lks/koa/lks_rules.nsf/VD_ByApproveTime/F558119EC6583188482582E200245C5E?opendocument&m_Seq=0.7089713693874182",
          "oa.sec.com.cn/lks/koa/lks_rules.nsf/vd_approve/e8ed28b5c481ee1f482582d300079ca3?opendocument&m_seq=0.26872233427128833",
          "oa.sec.com.cn/lks/koa/lks_filemng.nsf/vd_byclass/54e48d2bbc2b9bbd4825830b002297be?opendocument&m_seq=0.14662654478648307",
          "oa.sec.com.cn/lks/koa/lks_rules.nsf/vd_approve/e8ed28b5c481ee1f482582d300079ca3?opendocument",
          "oa.sec.com.cn/lks/koa/lks_financeflowreview.nsf/0/a84fc7ef01a88b664825830d0027fa2e?opendocument",
          "oa.sec.com.cn/lks/koa/lks_rules.nsf/0/6A9E719951D3B20D4825830500296864?opendocument&Highlight=%E6%B5%8B%E8%AF%95",
          "oac1.sec.com.cn/lks/koa.xxjs/lks_rules.nsf/VD_AllRules/46355B1F7CE6F2F1482582F2002AB6C6?opendocument&m_Seq=0.8089700769515254",
          "oa.sec.com.cn/lks/koa/lks_rules.nsf/VD_AllRules/B5A444439CC2FC26482583050014BA7E?opendocument&m_Seq=0.8895600778111394",
          "oa.sec.com.cn/lks/koa/lks_rules.nsf/0/6F71E9AEAED6A3D3482580EA000B3182?opendocument&userAd=lc_gp4"
        ]
      }
    },
    "page/ids": {
      "contexts": {
        "context4_nBTnvD": [
          [
            "AttachmentDiv",
            "AttachmentOCX",
            "BtnTable",
            "Calendar_SWFObjectName",
            "F_BodyDiv",
            "F_BodyView",
            "F_KADocsPath",
            "F_KADocsTitle",
            "FlashPopWin",
            "FlashTemplate",
            "ImageAlign",
            "ImageTemplate",
            "Sys_EsaField",
            "VW_VERSION",
            "buLabel",
            "dLinks",
            "ifFlow",
            "isSF_Public",
            "labelTable",
            "oattach",
            "quickreview",
            "spanChkAttach",
            "spanTxtAttach"
          ],
          [
            "AttachmentCheck",
            "AttachmentDiv",
            "AttachmentOCX",
            "BtnTable",
            "Calendar_SWFObjectName",
            "F_BodyDiv",
            "F_BodyDvbbs_Container",
            "F_BodyDvbbs_TabDesign",
            "F_BodyDvbbs_TabHtml",
            "F_BodyDvbbs_TabView",
            "F_BodyDvbbs_formatSelect",
            "F_BodyExtToolbar",
            "F_BodyFontName",
            "F_BodyFontSize",
            "F_BodyIframe",
            "F_BodyPostiFrame",
            "F_BodyZoom",
            "F_Bodybackcolor",
            "F_Bodyforecolor",
            "FlashPopWin",
            "FlashTemplate",
            "ImageAlign",
            "ImageTemplate",
            "Sys_EsaField",
            "VW_VERSION",
            "aSelHref",
            "buLabel",
            "dLinks",
            "flashupload",
            "idF_CanNot",
            "ifFlow",
            "imageupload",
            "isSF_Public",
            "labelTable",
            "oattach",
            "quickreview",
            "selectNewClass",
            "setImportanceDay",
            "spanChkAttach",
            "spanSelAttach",
            "spanTxtAttach",
            "tdEditAttRight",
            "trID"
          ],
          [
            "AttachmentCheck",
            "AttachmentDiv",
            "AttachmentOCX",
            "BtnTable",
            "Calendar_SWFObjectName",
            "F_BodyDiv",
            "F_BodyDvbbs_Container",
            "F_BodyDvbbs_TabDesign",
            "F_BodyDvbbs_TabHtml",
            "F_BodyDvbbs_TabView",
            "F_BodyDvbbs_formatSelect",
            "F_BodyExtToolbar",
            "F_BodyFontName",
            "F_BodyFontSize",
            "F_BodyIframe",
            "F_BodyPostiFrame",
            "F_BodyZoom",
            "F_Bodybackcolor",
            "F_Bodyforecolor",
            "FlashPopWin",
            "FlashTemplate",
            "ImageAlign",
            "ImageTemplate",
            "Sys_EsaField",
            "VW_VERSION",
            "aSelHref",
            "buLabel",
            "dLinks",
            "flashupload",
            "idF_CanNot",
            "ifFlow",
            "imageupload",
            "isSF_Public",
            "labelTable",
            "oattach",
            "selectNewClass",
            "setImportanceDay",
            "spanChkAttach",
            "spanSelAttach",
            "spanTxtAttach",
            "tdEditAttRight",
            "trID"
          ],
          [
            "AttachmentDiv",
            "AttachmentOCX",
            "BtnTable",
            "Calendar_SWFObjectName",
            "F_BodyDiv",
            "F_BodyView",
            "F_KADocsPath",
            "F_KADocsTitle",
            "FlashPopWin",
            "FlashTemplate",
            "ImageAlign",
            "ImageTemplate",
            "Sys_EsaField",
            "VW_VERSION",
            "buLabel",
            "dLinks",
            "ifFlow",
            "isSF_Public",
            "labelTable",
            "oattach",
            "spanChkAttach",
            "spanTxtAttach"
          ],
          [
            "AttachmentDiv",
            "AttachmentOCX",
            "BtnTable",
            "Calendar_SWFObjectName",
            "F_BodyDiv",
            "F_BodyView",
            "F_KADocsPath",
            "F_KADocsTitle",
            "FlashPopWin",
            "FlashTemplate",
            "ImageAlign",
            "ImageTemplate",
            "Sys_EsaField",
            "VWVERSIONVWROW_",
            "VW_VERSION",
            "VW_VWVERSION",
            "buLabel",
            "dLinks",
            "isSF_Public",
            "labelTable",
            "nodeNo",
            "oattach",
            "spanChkAttach",
            "spanTxtAttach"
          ],
          [
            "AttachmentDiv",
            "AttachmentOCX",
            "BtnTable",
            "Calendar_SWFObjectName",
            "F_BodyDiv",
            "F_BodyView",
            "F_KADocsPath",
            "F_KADocsTitle",
            "FlashPopWin",
            "FlashTemplate",
            "FlowLog_MainTable",
            "FlowLog_Table",
            "ImageAlign",
            "ImageTemplate",
            "Sys_EsaField",
            "VWVERSIONVWROW_",
            "VW_VERSION",
            "VW_VWVERSION",
            "buLabel",
            "dLinks",
            "dealType",
            "dealType_",
            "isSF_Public",
            "labelTable",
            "moreImg",
            "oattach",
            "post_",
            "spanChkAttach",
            "spanTxtAttach",
            "timeStrFull_"
          ],
          [
            "AttachmentDiv",
            "AttachmentOCX",
            "BtnTable",
            "Calendar_SWFObjectName",
            "F_BodyDiv",
            "F_BodyView",
            "F_KADocsPath",
            "F_KADocsTitle",
            "FlashPopWin",
            "FlashTemplate",
            "FlowLog_MainTable",
            "FlowLog_Table",
            "ImageAlign",
            "ImageTemplate",
            "Sys_EsaField",
            "VWVERSIONVWROW_",
            "VW_VERSION",
            "VW_VWVERSION",
            "buLabel",
            "dLinks",
            "dealType",
            "dealType_",
            "isSF_Public",
            "labelTable",
            "lks_rules",
            "moreImg",
            "oattach",
            "post_",
            "spanChkAttach",
            "spanTxtAttach",
            "timeStrFull_"
          ],
          [
            "AttachmentDiv",
            "AttachmentOCX",
            "BtnTable",
            "Calendar_SWFObjectName",
            "F_BodyDiv",
            "F_BodyView",
            "F_KADocsPath",
            "F_KADocsTitle",
            "FlashPopWin",
            "FlashTemplate",
            "ImageAlign",
            "ImageTemplate",
            "Sys_EsaField",
            "VW_VERSION",
            "buLabel",
            "dLinks",
            "ifFlow",
            "isSF_Public",
            "labelTable",
            "lks_rules",
            "oattach",
            "quickreview",
            "spanChkAttach",
            "spanTxtAttach"
          ],
          [
            "AttachmentDiv",
            "AttachmentOCX",
            "BtnTable",
            "Calendar_SWFObjectName",
            "F_BodyDiv",
            "F_BodyView",
            "F_KADocsPath",
            "F_KADocsTitle",
            "FlashPopWin",
            "FlashTemplate",
            "ImageAlign",
            "ImageTemplate",
            "Sys_EsaField",
            "VW_VERSION",
            "buLabel",
            "dLinks",
            "ifFlow",
            "isSF_Public",
            "labelTable",
            "lks_rules",
            "oattach",
            "spanChkAttach",
            "spanTxtAttach"
          ],
          [
            "AttachmentDiv",
            "AttachmentOCX",
            "F_AboHistoryDiv",
            "F_BodyDiv",
            "F_BodyView",
            "F_HitsDiv",
            "F_KADocsPath",
            "F_KADocsTitle",
            "F_ReadHistoryDiv",
            "F_RecHistoryDiv",
            "F_VisitorDiv",
            "FlashTemplate",
            "FlowLog_MainTable",
            "ImageAlign",
            "ImageTemplate",
            "ReviewRec",
            "ReviewSpan",
            "ReviewSpanH",
            "Sys_EsaField",
            "VWVERSIONVWROW_",
            "VW_VERSION",
            "VW_VWVERSION",
            "buLabel",
            "dLinks",
            "dealType",
            "dealType_",
            "isSF_Public",
            "labelTable",
            "lks_filemng",
            "moreImg",
            "oattach",
            "readHistory",
            "readRec",
            "readSpan",
            "readSpanH",
            "readTimes",
            "reclog",
            "reclogSpan",
            "reclogSpanH",
            "reviewDiv",
            "tb_",
            "timeStrFull_"
          ],
          [
            "AttachmentDiv",
            "AttachmentOCX",
            "BtnTable",
            "Calendar_SWFObjectName",
            "F_BodyDiv",
            "F_KADocsPath",
            "F_KADocsTitle",
            "F_Keyword",
            "FlashPopWin",
            "Sys_EsaField",
            "TD_ReviewNo",
            "aMore",
            "buLabel",
            "dLinks",
            "ifFlow",
            "if_subform",
            "labelTable",
            "lks_financeflowreview",
            "quickreview",
            "tb_"
          ],
          [
            "AttachmentDiv",
            "AttachmentOCX",
            "BtnTable",
            "Calendar_SWFObjectName",
            "F_BodyDiv",
            "F_BodyView",
            "F_KADocsPath",
            "F_KADocsTitle",
            "FlashPopWin",
            "FlashTemplate",
            "FlowLog_MainTable",
            "ImageAlign",
            "ImageTemplate",
            "Sys_EsaField",
            "VWVERSIONVWROW_",
            "VW_VERSION",
            "VW_VWVERSION",
            "buLabel",
            "dLinks",
            "dealType",
            "dealType_",
            "isSF_Public",
            "labelTable",
            "lks_rules",
            "moreImg",
            "oattach",
            "post_",
            "spanChkAttach",
            "spanTxtAttach",
            "timeStrFull_"
          ]
        ]
      }
    },
    "page/classes": {
      "contexts": {
        "context4_nBTnvD": [
          [
            "btndoc",
            "btnmenudoc",
            "doctoptb",
            "labelbg",
            "labeltb",
            "onepxborder",
            "selectmenu",
            "tbbg",
            "tbmenudoc",
            "tdbg",
            "textdocdown",
            "trbg"
          ],
          [
            "btndoc",
            "btnmenudoc",
            "doctoptb",
            "labelbg",
            "onepxborder",
            "selectmenu",
            "tbbg",
            "tbmenudoc",
            "textdocdown"
          ],
          [
            "Dvbbs_Body",
            "Dvbbs_Btn",
            "Dvbbs_Ico",
            "Dvbbs_TBGen",
            "Dvbbs_TabOff",
            "Dvbbs_TabOn",
            "Iframe",
            "btndoc",
            "btnmenudoc",
            "doctoptb",
            "heading",
            "labelbg",
            "labeltb",
            "onepxborder",
            "selectmenu",
            "tadoc",
            "tbbg",
            "tbmenudoc",
            "tdbg",
            "textdocdown",
            "textdocnone",
            "trbg",
            "upload",
            "yToolbar"
          ],
          [
            "TbView",
            "TrViewFirst",
            "btndoc",
            "btnmenudoc",
            "doctoptb",
            "labelbg",
            "labeltb",
            "onepxborder",
            "selectmenu",
            "tbbg",
            "tbmenudoc",
            "tdbg",
            "textdocdown",
            "trbg"
          ],
          [
            "MsoNormal",
            "MsoNormalTable",
            "TbView",
            "TrViewFirst",
            "btndoc",
            "btnmenudoc",
            "doctoptb",
            "labelbg",
            "labeltb",
            "onepxborder",
            "selectmenu",
            "tbbg",
            "tbmenudoc",
            "tdbg",
            "textdocdown",
            "trbg"
          ],
          [
            "TbView",
            "TrViewFirst",
            "btndoc",
            "btnmenudoc",
            "labelbg",
            "labeltb",
            "selectmenu",
            "tbbg",
            "tbmenudoc",
            "tdbg",
            "trbg"
          ],
          [
            "btnmenudoc",
            "labelbg",
            "labeltb",
            "tbbg",
            "tdbg",
            "trbg"
          ]
        ]
      }
    },
    "page/tagTriplets": {
      "contexts": {
        "context4_nBTnvD": [
          [
            "-/-/DIV",
            "-/-/FORM",
            "-/-/IFRAME",
            "-/-/OBJECT",
            "-/-/SCRIPT",
            "-/-/STYLE",
            "-/FORM/P",
            "-/FORM/TABLE",
            "-/OBJECT/PARAM",
            "DIV/A/IMG",
            "DIV/TABLE/TBODY",
            "FORM/P/BR",
            "FORM/P/IFRAME",
            "FORM/P/TABLE",
            "FORM/TABLE/TBODY",
            "P/SPAN/INPUT-button",
            "P/TABLE/TBODY",
            "TABLE/TBODY/TR",
            "TBODY/TR/TD",
            "TD/B/FONT",
            "TD/DIV/A",
            "TD/DIV/BR",
            "TD/DIV/FONT",
            "TD/DIV/INPUT-button",
            "TD/DIV/TABLE",
            "TD/FONT/BR",
            "TD/FONT/SPAN",
            "TD/OBJECT/PARAM",
            "TD/P/BR",
            "TD/P/INPUT-button",
            "TD/P/SPAN",
            "TD/SELECT/OPTION",
            "TD/SPAN/TEXTAREA",
            "TD/TABLE/TBODY",
            "TR/TD/B",
            "TR/TD/BR",
            "TR/TD/DIV",
            "TR/TD/FONT",
            "TR/TD/IFRAME",
            "TR/TD/IMG",
            "TR/TD/INPUT-button",
            "TR/TD/INPUT-checkbox",
            "TR/TD/INPUT-hidden",
            "TR/TD/INPUT-null",
            "TR/TD/INPUT-text",
            "TR/TD/OBJECT",
            "TR/TD/P",
            "TR/TD/SCRIPT",
            "TR/TD/SELECT",
            "TR/TD/SPAN",
            "TR/TD/STYLE",
            "TR/TD/TABLE",
            "TR/TD/TEXTAREA"
          ],
          [
            "-/-/DIV",
            "-/-/FORM",
            "-/-/IFRAME",
            "-/-/OBJECT",
            "-/-/SCRIPT",
            "-/-/STYLE",
            "-/FORM/P",
            "-/FORM/TABLE",
            "-/OBJECT/PARAM",
            "DIV/A/IMG",
            "DIV/TABLE/TBODY",
            "FORM/P/BR",
            "FORM/P/IFRAME",
            "FORM/P/TABLE",
            "FORM/TABLE/TBODY",
            "P/SPAN/INPUT-button",
            "P/TABLE/TBODY",
            "TABLE/TBODY/TR",
            "TBODY/TR/TD",
            "TD/B/FONT",
            "TD/DIV/A",
            "TD/DIV/BR",
            "TD/DIV/FONT",
            "TD/DIV/INPUT-button",
            "TD/DIV/TABLE",
            "TD/FONT/BR",
            "TD/FONT/SPAN",
            "TD/OBJECT/PARAM",
            "TD/P/BR",
            "TD/P/INPUT-button",
            "TD/P/SPAN",
            "TD/SELECT/OPTION",
            "TD/TABLE/TBODY",
            "TR/TD/B",
            "TR/TD/BR",
            "TR/TD/DIV",
            "TR/TD/FONT",
            "TR/TD/IFRAME",
            "TR/TD/IMG",
            "TR/TD/INPUT-button",
            "TR/TD/INPUT-checkbox",
            "TR/TD/INPUT-hidden",
            "TR/TD/INPUT-null",
            "TR/TD/INPUT-text",
            "TR/TD/OBJECT",
            "TR/TD/P",
            "TR/TD/SCRIPT",
            "TR/TD/SELECT",
            "TR/TD/SPAN",
            "TR/TD/STYLE",
            "TR/TD/TABLE",
            "TR/TD/TEXTAREA"
          ],
          [
            "-/-/DIV",
            "-/-/FORM",
            "-/-/IFRAME",
            "-/-/OBJECT",
            "-/-/SCRIPT",
            "-/-/STYLE",
            "-/FORM/INPUT-hidden",
            "-/FORM/P",
            "-/FORM/TABLE",
            "-/OBJECT/PARAM",
            "B/FONT/INPUT-null",
            "DIV/A/IMG",
            "DIV/FONT/BR",
            "DIV/FONT/INPUT-null",
            "DIV/TABLE/TBODY",
            "FORM/P/BR",
            "FORM/P/IFRAME",
            "FORM/P/TABLE",
            "FORM/TABLE/TBODY",
            "P/SPAN/INPUT-button",
            "P/SPAN/INPUT-null",
            "P/TABLE/TBODY",
            "TABLE/TBODY/TR",
            "TBODY/TR/TD",
            "TD/A/IMG",
            "TD/B/FONT",
            "TD/DIV/A",
            "TD/DIV/BR",
            "TD/DIV/FONT",
            "TD/DIV/INPUT-button",
            "TD/DIV/INPUT-checkbox",
            "TD/DIV/TABLE",
            "TD/DIV/TEXTAREA",
            "TD/FONT/BR",
            "TD/FONT/INPUT-null",
            "TD/FONT/SPAN",
            "TD/FONT/TEXTAREA",
            "TD/OBJECT/PARAM",
            "TD/P/BR",
            "TD/P/INPUT-button",
            "TD/P/SPAN",
            "TD/SELECT/OPTION",
            "TD/SPAN/A",
            "TD/SPAN/BR",
            "TD/SPAN/INPUT-checkbox",
            "TD/SPAN/INPUT-hidden",
            "TD/SPAN/INPUT-null",
            "TD/SPAN/TEXTAREA",
            "TD/TABLE/TBODY",
            "TR/TD/A",
            "TR/TD/B",
            "TR/TD/BR",
            "TR/TD/DIV",
            "TR/TD/FONT",
            "TR/TD/HR",
            "TR/TD/IFRAME",
            "TR/TD/IMG",
            "TR/TD/INPUT-button",
            "TR/TD/INPUT-checkbox",
            "TR/TD/INPUT-file",
            "TR/TD/INPUT-hidden",
            "TR/TD/INPUT-null",
            "TR/TD/INPUT-radio",
            "TR/TD/OBJECT",
            "TR/TD/P",
            "TR/TD/SCRIPT",
            "TR/TD/SELECT",
            "TR/TD/SPAN",
            "TR/TD/STYLE",
            "TR/TD/TABLE",
            "TR/TD/TEXTAREA"
          ],
          [
            "-/-/DIV",
            "-/-/FORM",
            "-/-/IFRAME",
            "-/-/OBJECT",
            "-/-/SCRIPT",
            "-/-/STYLE",
            "-/FORM/P",
            "-/FORM/TABLE",
            "-/OBJECT/PARAM",
            "DIV/A/IMG",
            "DIV/TABLE/TBODY",
            "FORM/P/BR",
            "FORM/P/IFRAME",
            "FORM/P/TABLE",
            "FORM/TABLE/TBODY",
            "P/SPAN/INPUT-button",
            "P/TABLE/TBODY",
            "TABLE/TBODY/TR",
            "TBODY/TR/TD",
            "TD/B/FONT",
            "TD/DIV/A",
            "TD/DIV/BR",
            "TD/DIV/FONT",
            "TD/DIV/INPUT-button",
            "TD/DIV/TABLE",
            "TD/FONT/BR",
            "TD/FONT/SPAN",
            "TD/OBJECT/PARAM",
            "TD/P/BR",
            "TD/P/INPUT-button",
            "TD/P/SPAN",
            "TD/SELECT/OPTION",
            "TD/SPAN/TEXTAREA",
            "TD/TABLE/TBODY",
            "TR/TD/B",
            "TR/TD/BR",
            "TR/TD/DIV",
            "TR/TD/FONT",
            "TR/TD/IMG",
            "TR/TD/INPUT-button",
            "TR/TD/INPUT-checkbox",
            "TR/TD/INPUT-hidden",
            "TR/TD/INPUT-null",
            "TR/TD/INPUT-text",
            "TR/TD/OBJECT",
            "TR/TD/P",
            "TR/TD/SCRIPT",
            "TR/TD/SELECT",
            "TR/TD/SPAN",
            "TR/TD/STYLE",
            "TR/TD/TABLE",
            "TR/TD/TEXTAREA"
          ],
          [
            "-/-/DIV",
            "-/-/FORM",
            "-/-/IFRAME",
            "-/-/OBJECT",
            "-/-/SCRIPT",
            "-/-/STYLE",
            "-/FORM/P",
            "-/FORM/TABLE",
            "-/OBJECT/PARAM",
            "A/B/IMG",
            "B/SPAN/SPAN",
            "DIV/A/IMG",
            "DIV/TABLE/TBODY",
            "FONT/SPAN/O:P",
            "FONT/TABLE/TBODY",
            "FORM/P/BR",
            "FORM/P/IFRAME",
            "FORM/P/TABLE",
            "FORM/TABLE/TBODY",
            "O:P/FONT/IMG",
            "O:P/FONT/SPAN",
            "O:P/FONT/TABLE",
            "O:P/P/FONT",
            "O:P/P/SPAN",
            "P/B/SPAN",
            "P/SPAN/INPUT-button",
            "P/SPAN/O:P",
            "P/SPAN/SPAN",
            "P/TABLE/TBODY",
            "SPAN/O:P/FONT",
            "SPAN/O:P/P",
            "SPAN/SPAN/O:P",
            "SPAN/SPAN/SPAN",
            "TABLE/TBODY/TR",
            "TBODY/TR/TD",
            "TD/A/B",
            "TD/B/FONT",
            "TD/DIV/A",
            "TD/DIV/BR",
            "TD/DIV/FONT",
            "TD/DIV/INPUT-button",
            "TD/DIV/TABLE",
            "TD/FONT/BR",
            "TD/FONT/SPAN",
            "TD/OBJECT/PARAM",
            "TD/P/B",
            "TD/P/BR",
            "TD/P/INPUT-button",
            "TD/P/SPAN",
            "TD/SELECT/OPTION",
            "TD/SPAN/B",
            "TD/SPAN/BR",
            "TD/SPAN/O:P",
            "TD/SPAN/SPAN",
            "TD/SPAN/TEXTAREA",
            "TD/TABLE/TBODY",
            "TR/TD/A",
            "TR/TD/B",
            "TR/TD/BR",
            "TR/TD/DIV",
            "TR/TD/FONT",
            "TR/TD/IMG",
            "TR/TD/INPUT-button",
            "TR/TD/INPUT-checkbox",
            "TR/TD/INPUT-hidden",
            "TR/TD/INPUT-null",
            "TR/TD/INPUT-text",
            "TR/TD/OBJECT",
            "TR/TD/P",
            "TR/TD/SCRIPT",
            "TR/TD/SELECT",
            "TR/TD/SPAN",
            "TR/TD/STYLE",
            "TR/TD/TABLE",
            "TR/TD/TEXTAREA",
            "TR/TD/UL"
          ],
          [
            "-/-/DIV",
            "-/-/FORM",
            "-/-/IFRAME",
            "-/-/OBJECT",
            "-/-/SCRIPT",
            "-/-/STYLE",
            "-/FORM/P",
            "-/FORM/TABLE",
            "-/OBJECT/PARAM",
            "A/B/IMG",
            "B/SPAN/SPAN",
            "DIV/A/IMG",
            "DIV/TABLE/TBODY",
            "FONT/SPAN/O:P",
            "FORM/P/BR",
            "FORM/P/DIV",
            "FORM/P/IFRAME",
            "FORM/P/TABLE",
            "FORM/TABLE/TBODY",
            "O:P/FONT/SPAN",
            "P/B/SPAN",
            "P/SPAN/FONT",
            "P/SPAN/INPUT-button",
            "P/SPAN/O:P",
            "P/SPAN/SPAN",
            "P/TABLE/TBODY",
            "SPAN/FONT/SPAN",
            "SPAN/O:P/FONT",
            "SPAN/SPAN/FONT",
            "SPAN/SPAN/O:P",
            "SPAN/SPAN/SPAN",
            "TABLE/TBODY/TR",
            "TBODY/TR/TD",
            "TD/A/B",
            "TD/B/FONT",
            "TD/DIV/A",
            "TD/DIV/BR",
            "TD/DIV/FONT",
            "TD/DIV/INPUT-button",
            "TD/DIV/TABLE",
            "TD/FONT/BR",
            "TD/FONT/SPAN",
            "TD/OBJECT/PARAM",
            "TD/P/B",
            "TD/P/BR",
            "TD/P/IMG",
            "TD/P/INPUT-button",
            "TD/P/SPAN",
            "TD/SELECT/OPTION",
            "TD/SPAN/B",
            "TD/SPAN/SPAN",
            "TD/SPAN/TEXTAREA",
            "TD/TABLE/TBODY",
            "TR/TD/A",
            "TR/TD/B",
            "TR/TD/BR",
            "TR/TD/DIV",
            "TR/TD/FONT",
            "TR/TD/IMG",
            "TR/TD/INPUT-button",
            "TR/TD/INPUT-checkbox",
            "TR/TD/INPUT-hidden",
            "TR/TD/INPUT-null",
            "TR/TD/INPUT-text",
            "TR/TD/OBJECT",
            "TR/TD/P",
            "TR/TD/SCRIPT",
            "TR/TD/SELECT",
            "TR/TD/SPAN",
            "TR/TD/STYLE",
            "TR/TD/TABLE",
            "TR/TD/TEXTAREA"
          ],
          [
            "-/-/DIV",
            "-/-/FORM",
            "-/-/IFRAME",
            "-/-/OBJECT",
            "-/-/SCRIPT",
            "-/-/STYLE",
            "-/FORM/P",
            "-/FORM/TABLE",
            "-/OBJECT/PARAM",
            "DIV/A/IMG",
            "DIV/TABLE/TBODY",
            "FORM/P/BR",
            "FORM/P/DIV",
            "FORM/P/IFRAME",
            "FORM/P/TABLE",
            "FORM/TABLE/TBODY",
            "P/SPAN/INPUT-button",
            "P/TABLE/TBODY",
            "TABLE/TBODY/TR",
            "TBODY/TR/TD",
            "TD/B/FONT",
            "TD/DIV/A",
            "TD/DIV/BR",
            "TD/DIV/FONT",
            "TD/DIV/INPUT-button",
            "TD/DIV/TABLE",
            "TD/FONT/BR",
            "TD/FONT/SPAN",
            "TD/OBJECT/PARAM",
            "TD/P/BR",
            "TD/P/INPUT-button",
            "TD/P/SPAN",
            "TD/SELECT/OPTION",
            "TD/SPAN/TEXTAREA",
            "TD/TABLE/TBODY",
            "TR/TD/B",
            "TR/TD/BR",
            "TR/TD/DIV",
            "TR/TD/FONT",
            "TR/TD/IFRAME",
            "TR/TD/IMG",
            "TR/TD/INPUT-button",
            "TR/TD/INPUT-checkbox",
            "TR/TD/INPUT-hidden",
            "TR/TD/INPUT-null",
            "TR/TD/INPUT-text",
            "TR/TD/OBJECT",
            "TR/TD/P",
            "TR/TD/SCRIPT",
            "TR/TD/SELECT",
            "TR/TD/SPAN",
            "TR/TD/STYLE",
            "TR/TD/TABLE",
            "TR/TD/TEXTAREA"
          ],
          [
            "-/-/DIV",
            "-/-/FORM",
            "-/-/IFRAME",
            "-/-/OBJECT",
            "-/-/SCRIPT",
            "-/-/STYLE",
            "-/FORM/P",
            "-/FORM/TABLE",
            "-/OBJECT/PARAM",
            "DIV/A/IMG",
            "DIV/TABLE/TBODY",
            "FORM/P/BR",
            "FORM/P/DIV",
            "FORM/P/IFRAME",
            "FORM/P/TABLE",
            "FORM/TABLE/TBODY",
            "P/SPAN/INPUT-button",
            "P/TABLE/TBODY",
            "TABLE/TBODY/TR",
            "TBODY/TR/TD",
            "TD/B/FONT",
            "TD/DIV/A",
            "TD/DIV/BR",
            "TD/DIV/FONT",
            "TD/DIV/INPUT-button",
            "TD/DIV/TABLE",
            "TD/FONT/A",
            "TD/FONT/BR",
            "TD/FONT/SPAN",
            "TD/OBJECT/PARAM",
            "TD/P/BR",
            "TD/P/INPUT-button",
            "TD/P/SPAN",
            "TD/SELECT/OPTION",
            "TD/SPAN/TEXTAREA",
            "TD/TABLE/TBODY",
            "TR/TD/B",
            "TR/TD/BR",
            "TR/TD/DIV",
            "TR/TD/FONT",
            "TR/TD/IFRAME",
            "TR/TD/IMG",
            "TR/TD/INPUT-button",
            "TR/TD/INPUT-checkbox",
            "TR/TD/INPUT-hidden",
            "TR/TD/INPUT-null",
            "TR/TD/INPUT-text",
            "TR/TD/OBJECT",
            "TR/TD/P",
            "TR/TD/SCRIPT",
            "TR/TD/SELECT",
            "TR/TD/SPAN",
            "TR/TD/STYLE",
            "TR/TD/TABLE",
            "TR/TD/TEXTAREA"
          ],
          [
            "-/-/FORM",
            "-/-/SCRIPT",
            "-/FORM/BR",
            "-/FORM/CENTER",
            "-/FORM/DIV",
            "-/FORM/SCRIPT",
            "-/FORM/TABLE",
            "A/B/IMG",
            "CENTER/TABLE/TBODY",
            "DIV/A/IMG",
            "DIV/B/FONT",
            "DIV/TABLE/TBODY",
            "FORM/CENTER/DIV",
            "FORM/CENTER/TABLE",
            "FORM/DIV/B",
            "FORM/TABLE/TBODY",
            "P/OBJECT/PARAM",
            "P/TABLE/TBODY",
            "TABLE/TBODY/TR",
            "TBODY/TR/TD",
            "TD/A/B",
            "TD/DIV/A",
            "TD/DIV/B",
            "TD/DIV/BR",
            "TD/DIV/FONT",
            "TD/DIV/INPUT-button",
            "TD/DIV/TABLE",
            "TD/FONT/SPAN",
            "TD/P/BR",
            "TD/P/FONT",
            "TD/P/INPUT-button",
            "TD/P/INPUT-checkbox",
            "TD/P/OBJECT",
            "TD/P/SCRIPT",
            "TD/P/SPAN",
            "TD/P/TABLE",
            "TD/SELECT/OPTION",
            "TD/SPAN/B",
            "TD/SPAN/IMG",
            "TD/SPAN/INPUT-button",
            "TD/SPAN/TEXTAREA",
            "TD/TABLE/TBODY",
            "TR/TD/A",
            "TR/TD/B",
            "TR/TD/BR",
            "TR/TD/DIV",
            "TR/TD/FONT",
            "TR/TD/IFRAME",
            "TR/TD/IMG",
            "TR/TD/INPUT-button",
            "TR/TD/INPUT-null",
            "TR/TD/P",
            "TR/TD/SCRIPT",
            "TR/TD/SELECT",
            "TR/TD/SPAN",
            "TR/TD/STYLE",
            "TR/TD/TABLE",
            "TR/TD/TEXTAREA",
            "TR/TD/UL"
          ],
          [
            "-/-/FORM",
            "-/-/IFRAME",
            "-/-/OBJECT",
            "-/-/SCRIPT",
            "-/-/STYLE",
            "-/FORM/BR",
            "-/FORM/CENTER",
            "-/FORM/DIV",
            "-/FORM/IFRAME",
            "-/FORM/INPUT-button",
            "-/FORM/SCRIPT",
            "-/FORM/TABLE",
            "-/OBJECT/PARAM",
            "CENTER/B/FONT",
            "DIV/TABLE/TBODY",
            "FORM/CENTER/B",
            "FORM/TABLE/TBODY",
            "TABLE/TBODY/TR",
            "TBODY/TR/TD",
            "TD/A/B",
            "TD/B/FONT",
            "TD/DIV/B",
            "TD/DIV/FONT",
            "TD/DIV/INPUT-button",
            "TD/DIV/TABLE",
            "TD/FONT/A",
            "TD/FONT/B",
            "TD/FONT/BR",
            "TD/P/BR",
            "TD/P/INPUT-button",
            "TD/TABLE/TBODY",
            "TD/UL/BR",
            "TD/UL/FONT",
            "TD/UL/OBJECT",
            "TD/UL/P",
            "TD/UL/SCRIPT",
            "TD/UL/SPAN",
            "TD/UL/TABLE",
            "TR/TD/A",
            "TR/TD/B",
            "TR/TD/BR",
            "TR/TD/DIV",
            "TR/TD/FONT",
            "TR/TD/IFRAME",
            "TR/TD/IMG",
            "TR/TD/INPUT-button",
            "TR/TD/INPUT-hidden",
            "TR/TD/INPUT-null",
            "TR/TD/P",
            "TR/TD/SCRIPT",
            "TR/TD/SPAN",
            "TR/TD/TABLE",
            "TR/TD/TEXTAREA",
            "TR/TD/UL",
            "UL/OBJECT/PARAM",
            "UL/P/SCRIPT",
            "UL/TABLE/TBODY"
          ],
          [
            "-/-/DIV",
            "-/-/FORM",
            "-/-/IFRAME",
            "-/-/OBJECT",
            "-/-/SCRIPT",
            "-/-/STYLE",
            "-/FORM/P",
            "-/FORM/TABLE",
            "-/OBJECT/PARAM",
            "A/B/IMG",
            "DIV/A/IMG",
            "DIV/TABLE/TBODY",
            "FONT/FONT/B",
            "FONT/SPAN/FONT",
            "FONT/SPAN/O:P",
            "FORM/P/BR",
            "FORM/P/DIV",
            "FORM/P/IFRAME",
            "FORM/P/TABLE",
            "FORM/TABLE/TBODY",
            "O:P/FONT/SPAN",
            "P/B/SPAN",
            "P/SPAN/FONT",
            "P/SPAN/INPUT-button",
            "P/SPAN/O:P",
            "P/TABLE/TBODY",
            "SPAN/O:P/FONT",
            "SPAN/SPAN/SPAN",
            "TABLE/TBODY/TR",
            "TBODY/TR/TD",
            "TD/A/B",
            "TD/B/FONT",
            "TD/DIV/A",
            "TD/DIV/BR",
            "TD/DIV/FONT",
            "TD/DIV/INPUT-button",
            "TD/DIV/TABLE",
            "TD/FONT/B",
            "TD/FONT/BR",
            "TD/FONT/FONT",
            "TD/FONT/SPAN",
            "TD/OBJECT/PARAM",
            "TD/P/B",
            "TD/P/BR",
            "TD/P/IMG",
            "TD/P/INPUT-button",
            "TD/P/SPAN",
            "TD/P/TABLE",
            "TD/SELECT/OPTION",
            "TD/SPAN/B",
            "TD/SPAN/SPAN",
            "TD/SPAN/TEXTAREA",
            "TD/TABLE/TBODY",
            "TR/TD/A",
            "TR/TD/B",
            "TR/TD/BR",
            "TR/TD/DIV",
            "TR/TD/FONT",
            "TR/TD/IMG",
            "TR/TD/INPUT-button",
            "TR/TD/INPUT-checkbox",
            "TR/TD/INPUT-hidden",
            "TR/TD/INPUT-null",
            "TR/TD/INPUT-text",
            "TR/TD/OBJECT",
            "TR/TD/P",
            "TR/TD/SCRIPT",
            "TR/TD/SELECT",
            "TR/TD/SPAN",
            "TR/TD/STYLE",
            "TR/TD/TABLE",
            "TR/TD/TEXTAREA"
          ],
          [
            "-/-/DIV",
            "-/-/FORM",
            "-/-/IFRAME",
            "-/-/OBJECT",
            "-/-/SCRIPT",
            "-/-/STYLE",
            "-/FORM/P",
            "-/FORM/TABLE",
            "-/OBJECT/PARAM",
            "A/B/IMG",
            "B/FONT/IMG",
            "DIV/A/IMG",
            "DIV/TABLE/TBODY",
            "FORM/P/BR",
            "FORM/P/DIV",
            "FORM/P/IFRAME",
            "FORM/P/TABLE",
            "FORM/TABLE/TBODY",
            "P/SPAN/INPUT-button",
            "P/TABLE/TBODY",
            "SPAN/B/FONT",
            "SPAN/SPAN/B",
            "SPAN/SPAN/SPAN",
            "TABLE/TBODY/TR",
            "TBODY/TR/TD",
            "TD/A/B",
            "TD/B/FONT",
            "TD/DIV/A",
            "TD/DIV/BR",
            "TD/DIV/FONT",
            "TD/DIV/INPUT-button",
            "TD/DIV/TABLE",
            "TD/FONT/BR",
            "TD/FONT/SPAN",
            "TD/OBJECT/PARAM",
            "TD/P/BR",
            "TD/P/INPUT-button",
            "TD/P/SPAN",
            "TD/SELECT/OPTION",
            "TD/SPAN/B",
            "TD/SPAN/SPAN",
            "TD/SPAN/TEXTAREA",
            "TD/TABLE/TBODY",
            "TR/TD/A",
            "TR/TD/B",
            "TR/TD/BR",
            "TR/TD/DIV",
            "TR/TD/FONT",
            "TR/TD/IMG",
            "TR/TD/INPUT-button",
            "TR/TD/INPUT-checkbox",
            "TR/TD/INPUT-hidden",
            "TR/TD/INPUT-null",
            "TR/TD/INPUT-text",
            "TR/TD/OBJECT",
            "TR/TD/P",
            "TR/TD/SCRIPT",
            "TR/TD/SELECT",
            "TR/TD/SPAN",
            "TR/TD/STYLE",
            "TR/TD/TABLE",
            "TR/TD/TEXTAREA"
          ],
          [
            "-/-/DIV",
            "-/-/FORM",
            "-/-/IFRAME",
            "-/-/OBJECT",
            "-/-/SCRIPT",
            "-/-/STYLE",
            "-/FORM/P",
            "-/FORM/TABLE",
            "-/OBJECT/PARAM",
            "A/B/IMG",
            "DIV/A/IMG",
            "DIV/TABLE/TBODY",
            "FONT/P/SPAN",
            "FORM/P/BR",
            "FORM/P/DIV",
            "FORM/P/IFRAME",
            "FORM/P/TABLE",
            "FORM/TABLE/TBODY",
            "O:P/FONT/P",
            "O:P/FONT/SPAN",
            "P/B/SPAN",
            "P/SPAN/FONT",
            "P/SPAN/INPUT-button",
            "P/SPAN/O:P",
            "P/TABLE/TBODY",
            "SPAN/O:P/FONT",
            "SPAN/SPAN/SPAN",
            "TABLE/TBODY/TR",
            "TBODY/TR/TD",
            "TD/A/B",
            "TD/B/FONT",
            "TD/DIV/A",
            "TD/DIV/BR",
            "TD/DIV/FONT",
            "TD/DIV/INPUT-button",
            "TD/DIV/TABLE",
            "TD/FONT/BR",
            "TD/FONT/SPAN",
            "TD/OBJECT/PARAM",
            "TD/P/B",
            "TD/P/BR",
            "TD/P/IMG",
            "TD/P/INPUT-button",
            "TD/P/SPAN",
            "TD/SELECT/OPTION",
            "TD/SPAN/B",
            "TD/SPAN/O:P",
            "TD/SPAN/SPAN",
            "TD/SPAN/TEXTAREA",
            "TD/TABLE/TBODY",
            "TR/TD/A",
            "TR/TD/B",
            "TR/TD/BR",
            "TR/TD/DIV",
            "TR/TD/FONT",
            "TR/TD/IMG",
            "TR/TD/INPUT-button",
            "TR/TD/INPUT-checkbox",
            "TR/TD/INPUT-hidden",
            "TR/TD/INPUT-null",
            "TR/TD/INPUT-text",
            "TR/TD/OBJECT",
            "TR/TD/P",
            "TR/TD/SCRIPT",
            "TR/TD/SELECT",
            "TR/TD/SPAN",
            "TR/TD/STYLE",
            "TR/TD/TABLE",
            "TR/TD/TEXTAREA"
          ],
          [
            "-/-/DIV",
            "-/-/FORM",
            "-/-/IFRAME",
            "-/-/OBJECT",
            "-/-/SCRIPT",
            "-/-/STYLE",
            "-/FORM/P",
            "-/FORM/TABLE",
            "-/OBJECT/PARAM",
            "A/B/IMG",
            "B/SPAN/SPAN",
            "DIV/A/IMG",
            "DIV/TABLE/TBODY",
            "FONT/SPAN/O:P",
            "FONT/TABLE/TBODY",
            "FORM/P/BR",
            "FORM/P/DIV",
            "FORM/P/IFRAME",
            "FORM/P/TABLE",
            "FORM/TABLE/TBODY",
            "O:P/FONT/IMG",
            "O:P/FONT/SPAN",
            "O:P/FONT/TABLE",
            "O:P/P/FONT",
            "O:P/P/SPAN",
            "P/B/SPAN",
            "P/SPAN/INPUT-button",
            "P/SPAN/O:P",
            "P/SPAN/SPAN",
            "P/TABLE/TBODY",
            "SPAN/O:P/FONT",
            "SPAN/O:P/P",
            "SPAN/SPAN/O:P",
            "SPAN/SPAN/SPAN",
            "TABLE/TBODY/TR",
            "TBODY/TR/TD",
            "TD/A/B",
            "TD/B/FONT",
            "TD/DIV/A",
            "TD/DIV/BR",
            "TD/DIV/FONT",
            "TD/DIV/INPUT-button",
            "TD/DIV/TABLE",
            "TD/FONT/BR",
            "TD/FONT/SPAN",
            "TD/OBJECT/PARAM",
            "TD/P/B",
            "TD/P/BR",
            "TD/P/INPUT-button",
            "TD/P/SPAN",
            "TD/SELECT/OPTION",
            "TD/SPAN/B",
            "TD/SPAN/BR",
            "TD/SPAN/O:P",
            "TD/SPAN/SPAN",
            "TD/SPAN/TEXTAREA",
            "TD/TABLE/TBODY",
            "TR/TD/A",
            "TR/TD/B",
            "TR/TD/BR",
            "TR/TD/DIV",
            "TR/TD/FONT",
            "TR/TD/IMG",
            "TR/TD/INPUT-button",
            "TR/TD/INPUT-checkbox",
            "TR/TD/INPUT-hidden",
            "TR/TD/INPUT-null",
            "TR/TD/INPUT-text",
            "TR/TD/OBJECT",
            "TR/TD/P",
            "TR/TD/SCRIPT",
            "TR/TD/SELECT",
            "TR/TD/SPAN",
            "TR/TD/STYLE",
            "TR/TD/TABLE",
            "TR/TD/TEXTAREA",
            "TR/TD/UL"
          ]
        ]
      }
    }
  }
}