{
  "version": "0.1",
  "id": "lks_review_new",
  "targetURL": "http://oa.sec.com.cn/lks/koa/lks_review.nsf/FM_CommonReview?openForm&type=%u4EBA%u529B%u8D44%u6E90%u90E8/%u96C6%u56E2%u9886%u5BFC%u4EE3%u804C%u53CA%u79BB%u6DF1%u8BF7%u793A",
  "jsFile": "index.js",
  "requires": {
    "choosePeople": "../choosePeople/index.json",
    "kaedit": "../kaedit/index.json",
    "lks_Association_Search": "../lks_Association_Search/index.json",
    "lks_devconfigsec": "../lks_devconfigsec/index.json",
    "returnMsg": "../returnMsg/index.json",
    "lks_review_new": "../lks_review_new/index.json",
    "lks_tasks": "../lks_tasks/index.json"
  },
  "chineseName": "流程管理类",
  "description": "",
  "firstPaintEnable": false,
  "controls": {
    "control201_ViSr1D": {
      "location": {
        "data": {
          "tagName": "CENTER"
        },
        "userData": {
          "data": [],
          "force": false
        },
        "locators": [
          {
            "id": "path/ordinal",
            "prob": 1,
            "value": "/HTML[1]/BODY[1]/FORM[1]/CENTER[1]"
          }
        ]
      },
      "events": {
        "onGetData": "getData_control201_ViSr1D"
      },
      "intendedRole": "custom",
      "roles": "element,custom",
      "monitored": true,
      "frameXPath": "",
      "componentType": "custom"
    },
    "control202_gOJHHZ": {
      "location": {
        "data": {
          "tagName": "TR"
        },
        "userData": {
          "data": [],
          "force": false
        },
        "locators": [
          {
            "id": "@id/word",
            "prob": 2,
            "value": "descendant::TABLE[@id=\"labelTable\"]/TBODY[1]/TR[1]"
          },
          {
            "id": "@class/word",
            "prob": 1,
            "value": "TABLE.labeltb TR.tbbg"
          },
          {
            "id": "path/ordinal",
            "prob": 1,
            "ordinal": [
              0,
              3
            ],
            "value": "/HTML[1]/BODY[1]/FORM[1]/TABLE[3]/TBODY[1]/TR[1]"
          }
        ]
      },
      "events": {
        "onGetData": "getData_control202_gOJHHZ"
      },
      "intendedRole": "custom",
      "roles": "element,custom",
      "monitored": true,
      "frameXPath": "",
      "componentType": "custom"
    },
    "control203_ZPzr5Q": {
      "location": {
        "data": {
          "tagName": "TABLE"
        },
        "userData": {
          "data": [],
          "force": false
        },
        "locators": [
          {
            "id": "@id/word",
            "prob": 3,
            "value": "descendant::TABLE[@id=\"labelTable\"]"
          },
          {
            "id": "@class/word",
            "prob": 1,
            "value": "TABLE.labeltb"
          },
          {
            "id": "path/ordinal",
            "prob": 1,
            "ordinal": [
              0,
              3
            ],
            "value": "/HTML[1]/BODY[1]/FORM[1]/TABLE[3]"
          }
        ]
      },
      "events": {
        "onGetData": "getData_control203_ZPzr5Q"
      },
      "intendedRole": "custom",
      "roles": "element,custom",
      "monitored": true,
      "frameXPath": "",
      "componentType": "custom"
    },
    "control204_3b2qN7": {
      "location": {
        "data": {
          "tagName": "TABLE"
        },
        "userData": {
          "data": [],
          "force": false
        },
        "locators": [
          {
            "id": "@id/word",
            "prob": 3,
            "value": "descendant::TABLE[@id=\"BtnTable\"]"
          },
          {
            "id": "path/ordinal",
            "prob": 1,
            "ordinal": [
              0,
              3
            ],
            "value": "/HTML[1]/BODY[1]/FORM[1]/TABLE[2]"
          }
        ]
      },
      "events": {
        "onGetData": "getData_control204_3b2qN7"
      },
      "intendedRole": "custom",
      "roles": "element,custom",
      "monitored": true,
      "frameXPath": "",
      "componentType": "custom"
    },
    "control205_QBzfJV": {
      "location": {
        "data": {
          "tagName": "TABLE"
        },
        "userData": {
          "data": [],
          "force": false
        },
        "locators": [
          {
            "id": "@id/word",
            "prob": 3,
            "value": "descendant::TABLE[@id=\"labelTable\"]"
          },
          {
            "id": "@class/word",
            "prob": 1,
            "value": "TABLE.labeltb"
          },
          {
            "id": "path/ordinal",
            "prob": 1,
            "ordinal": [
              0,
              3
            ],
            "value": "/HTML[1]/BODY[1]/FORM[1]/TABLE[3]"
          }
        ]
      },
      "events": {
        "onGetData": "getData_control205_QBzfJV"
      },
      "intendedRole": "custom",
      "roles": "element,custom",
      "monitored": true,
      "frameXPath": "",
      "componentType": "custom"
    },
    "control206_Jdfw6c": {
      "location": {
        "data": {
          "tagName": "TABLE"
        },
        "userData": {
          "data": [],
          "force": false
        },
        "locators": [
          {
            "id": "@id/word",
            "prob": 3,
            "value": "descendant::TABLE[@id=\"labelTable\"]"
          },
          {
            "id": "@class/word",
            "prob": 1,
            "value": "TABLE.labeltb"
          },
          {
            "id": "path/ordinal",
            "prob": 1,
            "ordinal": [
              0,
              3
            ],
            "value": "/HTML[1]/BODY[1]/FORM[1]/TABLE[3]"
          }
        ]
      },
      "events": {
        "onGetData": "getData_control206_Jdfw6c"
      },
      "intendedRole": "custom",
      "roles": "element,custom",
      "monitored": true,
      "frameXPath": "",
      "componentType": "custom"
    },
    "control207_ReJoeU": {
      "location": {
        "data": {
          "tagName": "IFRAME"
        },
        "userData": {
          "data": [],
          "force": false
        },
        "locators": [
          {
            "id": "@id/word",
            "prob": 3,
            "value": [
              "descendant::TABLE[@id=\"labelTable\"]//IFRAME[@id=\"ifFlow\"]",
              "descendant::IFRAME[@id=\"ifFlow\"]"
            ]
          },
          {
            "id": "@class/word",
            "prob": 1,
            "value": "TABLE.labeltb TR.trbg TD.tdbg TABLE TBODY TR TD IFRAME"
          },
          {
            "id": "path/ordinal",
            "prob": 1,
            "value": "/HTML[1]/BODY[1]/FORM[1]/TABLE[3]/TBODY[1]/TR[4]/TD[1]/TABLE[1]/TBODY[1]/TR[2]/TD[1]/IFRAME[1]"
          },
          {
            "id": "elderLevel",
            "value": {
              "level": 0
            }
          }
        ]
      },
      "events": {
        "onGetData": "getData_control207_ReJoeU"
      },
      "intendedRole": "custom",
      "roles": "element,custom",
      "monitored": true,
      "frameXPath": "",
      "componentType": "custom"
    },
    "control208_FExvWD": {
      "location": {
        "data": {
          "tagName": "TABLE"
        },
        "userData": {
          "data": [],
          "force": false
        },
        "locators": [
          {
            "id": "@id/word",
            "prob": 3,
            "value": "descendant::TABLE[@id=\"flowTable\"]"
          },
          {
            "id": "path/ordinal",
            "prob": 1,
            "value": "/HTML[1]/BODY[1]/FORM[1]/TABLE[3]"
          }
        ]
      },
      "events": {
        "onGetData": "getData_control208_FExvWD"
      },
      "intendedRole": "custom",
      "roles": "element,custom",
      "monitored": true,
      "frameXPath": "//iframe[@id='ifFlow']<<IFRAME>>",
      "componentType": "custom"
    },
    "control209_OJv4in": {
      "location": {
        "data": {
          "tagName": "SPAN"
        },
        "userData": {
          "data": [],
          "force": false
        },
        "locators": [
          {
            "id": "@id/word",
            "prob": 3,
            "value": "descendant::SPAN[@id=\"spanCondition\"]"
          },
          {
            "id": "path/ordinal",
            "prob": 1,
            "value": "/HTML[1]/BODY[1]/FORM[1]/SPAN[1]"
          }
        ]
      },
      "events": {
        "onGetData": "getData_control209_OJv4in"
      },
      "intendedRole": "custom",
      "roles": "element,custom",
      "monitored": true,
      "frameXPath": "//iframe[@id='ifFlow']<<IFRAME>>",
      "componentType": "custom"
    },
    "control210_5xsh1b": {
      "location": {
        "data": {
          "tagName": "IFRAME"
        },
        "userData": {
          "data": [],
          "force": false
        },
        "locators": [
          {
            "id": "@id/word",
            "prob": 3,
            "value": [
              "descendant::TABLE[@id=\"labelTable\"]//IFRAME[@id=\"ifFlow\"]",
              "descendant::IFRAME[@id=\"ifFlow\"]"
            ]
          },
          {
            "id": "@class/word",
            "prob": 1,
            "value": "TABLE.labeltb TR.trbg TD.tdbg TABLE TBODY TR TD IFRAME"
          },
          {
            "id": "path/ordinal",
            "prob": 1,
            "value": "/HTML[1]/BODY[1]/FORM[1]/TABLE[3]/TBODY[1]/TR[4]/TD[1]/TABLE[1]/TBODY[1]/TR[2]/TD[1]/IFRAME[1]"
          },
          {
            "id": "elderLevel",
            "value": {
              "level": 0
            }
          }
        ]
      },
      "events": {
        "onGetData": "getData_control210_5xsh1b"
      },
      "intendedRole": "custom",
      "roles": "element,custom",
      "monitored": true,
      "frameXPath": "",
      "componentType": "custom"
    },
    "control211_e6EnZv": {
      "location": {
        "data": {
          "tagName": "TABLE"
        },
        "userData": {
          "data": [],
          "force": false
        },
        "locators": [
          {
            "id": "@id/word",
            "prob": 3,
            "value": "descendant::TABLE[@id=\"labelTable\"]"
          },
          {
            "id": "@class/word",
            "prob": 1,
            "value": "TABLE.labeltb"
          },
          {
            "id": "path/ordinal",
            "prob": 1,
            "ordinal": [
              0,
              3
            ],
            "value": "/HTML[1]/BODY[1]/FORM[1]/TABLE[3]"
          }
        ]
      },
      "events": {
        "onGetData": "getData_control211_e6EnZv"
      },
      "intendedRole": "custom",
      "roles": "element,custom",
      "monitored": true,
      "frameXPath": "",
      "componentType": "custom"
    },
    "control212_l4D3E2": {
      "location": {
        "data": {
          "tagName": "TABLE"
        },
        "userData": {
          "data": [],
          "force": false
        },
        "locators": [
          {
            "id": "@id/word",
            "prob": 3,
            "value": "descendant::TABLE[@id=\"labelTable\"]"
          },
          {
            "id": "@class/word",
            "prob": 1,
            "value": "TABLE.labeltb"
          },
          {
            "id": "path/ordinal",
            "prob": 1,
            "ordinal": [
              0,
              3
            ],
            "value": "/HTML[1]/BODY[1]/FORM[1]/TABLE[3]"
          }
        ]
      },
      "events": {
        "onGetData": "getData_control212_l4D3E2"
      },
      "intendedRole": "custom",
      "roles": "element,custom",
      "monitored": true,
      "frameXPath": "",
      "componentType": "custom"
    },
    "control213_tA2qQi": {
      "location": {
        "data": {
          "tagName": "TABLE"
        },
        "userData": {
          "data": [],
          "force": false
        },
        "locators": [
          {
            "id": "@id/word",
            "prob": 3,
            "value": "descendant::TABLE[@id=\"labelTable\"]"
          },
          {
            "id": "@class/word",
            "prob": 1,
            "value": "TABLE.labeltb"
          },
          {
            "id": "path/ordinal",
            "prob": 1,
            "ordinal": [
              0,
              3
            ],
            "value": "/HTML[1]/BODY[1]/FORM[1]/TABLE[3]"
          }
        ]
      },
      "events": {
        "onGetData": "getData_control213_tA2qQi"
      },
      "intendedRole": "custom",
      "roles": "element,custom",
      "monitored": true,
      "frameXPath": "",
      "componentType": "custom"
    },
    "control214_cxTGEv": {
      "location": {
        "data": {
          "tagName": "IFRAME"
        },
        "userData": {
          "data": [],
          "force": false
        },
        "locators": [
          {
            "id": "@id/word",
            "prob": 3,
            "value": [
              "descendant::TABLE[@id=\"labelTable\"]//IFRAME[@id=\"ifFlow\"]",
              "descendant::IFRAME[@id=\"ifFlow\"]"
            ]
          },
          {
            "id": "@class/word",
            "prob": 1,
            "value": "TABLE.labeltb TR.trbg TD.tdbg TABLE TBODY TR TD IFRAME"
          },
          {
            "id": "path/ordinal",
            "prob": 1,
            "value": "/HTML[1]/BODY[1]/FORM[1]/TABLE[3]/TBODY[1]/TR[4]/TD[1]/TABLE[1]/TBODY[1]/TR[2]/TD[1]/IFRAME[1]"
          },
          {
            "id": "elderLevel",
            "value": {
              "level": 0
            }
          }
        ]
      },
      "events": {
        "onGetData": "getData_control214_cxTGEv"
      },
      "intendedRole": "custom",
      "roles": "element,custom",
      "monitored": true,
      "frameXPath": "",
      "componentType": "custom"
    },
    "control215_s1OpIm": {
      "location": {
        "data": {
          "tagName": "DIV"
        },
        "userData": {
          "data": [],
          "force": false
        },
        "locators": [
          {
            "id": "text",
            "prob": 3,
            "value": {
              "text": [
                "lks_review"
              ],
              "visText": [
                "lks_review"
              ]
            }
          },
          {
            "id": "@id/word",
            "prob": 3,
            "value": "descendant::DIV[@id=\"lks_review\"]"
          },
          {
            "id": "path/ordinal",
            "prob": 1,
            "value": "/HTML[1]/BODY[1]/FORM[1]/DIV[1]"
          },
          {
            "id": "elderLevel",
            "value": {
              "level": 0
            }
          }
        ]
      },
      "roles": "element",
      "text": "",
      "frameXPath": ""
    },
    "control216_P3iVWr": {
      "location": {
        "data": {
          "tagName": "DIV"
        },
        "userData": {
          "data": [],
          "force": false
        },
        "locators": [
          {
            "id": "text",
            "prob": 3,
            "value": {
              "text": [
                "lks_review_FM_CommonReview"
              ],
              "visText": [
                "lks_review_FM_CommonReview"
              ]
            }
          },
          {
            "id": "@id/word",
            "prob": 3,
            "value": "descendant::DIV[@id=\"lks_review_FM_CommonReview\"]"
          },
          {
            "id": "path/ordinal",
            "prob": 1,
            "value": "/HTML[1]/BODY[1]/FORM[1]/DIV[1]"
          },
          {
            "id": "elderLevel",
            "value": {
              "level": 0
            }
          }
        ]
      },
      "roles": "element",
      "text": "lks_review_FM_CommonReview",
      "frameXPath": ""
    }
  },
  "contexts": {
    "context29_DDp3FX": {
      "controls": [
        "control201_ViSr1D",
        "control202_gOJHHZ",
        "control203_ZPzr5Q",
        "control204_3b2qN7",
        "control205_QBzfJV",
        "control206_Jdfw6c",
        "control207_ReJoeU",
        "control208_FExvWD",
        "control209_OJv4in",
        "control210_5xsh1b",
        "control211_e6EnZv",
        "control212_l4D3E2",
        "control213_tA2qQi",
        "control214_cxTGEv"
      ],
      "anchors": [],
      "urlAnchor": [
        ".*lks_review\\.nsf\\/FM_CommonReview\\?[Oo]pen[Ff]orm\\&type=.*"
      ]
    }
  },
  "flows": {
    "flow125_AUfJEu": {
      "toContexts": [
        {
          "toContextId": "context29_DDp3FX"
        },
        {
          "toContextId": "context29_myM0HG",
          "toModelId": "lks_devconfigsec"
        },
        {
          "toContextId": "context29_DDp3FX",
          "toModelId": "lks_review_new"
        },
        {
          "toContextId": "context7_adlfZy",
          "toModelId": "returnMsg"
        },
        {
          "toContextId": "context1_uBcbtH",
          "toModelId": "lks_tasks"
        }
      ]
    },
    "flow129_RxaTrt": {
      "fromContextId": "context29_DDp3FX",
      "fromAction": "doAction",
      "fromControlId": "control202_gOJHHZ",
      "toContexts": [
        {
          "toContextId": "context29_DDp3FX"
        },
        {
          "toContextId": "context9_qwD8oo",
          "toModelId": "lks_Association_Search"
        },
        {
          "toContextId": "context1_uBcbtH",
          "toModelId": "lks_tasks"
        }
      ]
    },
    "flow130_5BhiJi": {
      "fromContextId": "context29_DDp3FX",
      "fromAction": "doAction",
      "fromControlId": "control203_ZPzr5Q",
      "toContexts": [
        {
          "toContextId": "context29_DDp3FX"
        },
        {
          "toContextId": "context6_m0MbOe",
          "toModelId": "choosePeople"
        }
      ]
    },
    "flow131_kq4xu7": {
      "fromContextId": "context29_DDp3FX",
      "fromAction": "doAction",
      "fromControlId": "control205_QBzfJV",
      "toContexts": [
        {
          "toContextId": "context29_DDp3FX"
        },
        {
          "toContextId": "context6_m0MbOe",
          "toModelId": "choosePeople"
        }
      ]
    },
    "flow132_gR5Oyr": {
      "fromContextId": "context29_DDp3FX",
      "fromAction": "doAction",
      "fromControlId": "control206_Jdfw6c",
      "toContexts": [
        {
          "toContextId": "context29_DDp3FX"
        }
      ]
    },
    "flow133_ERTDv7": {
      "fromContextId": "context29_DDp3FX",
      "fromAction": "doAction",
      "fromControlId": "control207_ReJoeU",
      "toContexts": [
        {
          "toContextId": "context29_DDp3FX"
        },
        {
          "toContextId": "context6_m0MbOe",
          "toModelId": "choosePeople"
        }
      ]
    },
    "flow134_HqccGH": {
      "fromContextId": "context29_DDp3FX",
      "fromAction": "doAction",
      "fromControlId": "control209_OJv4in",
      "toContexts": [
        {
          "toContextId": "context29_DDp3FX"
        }
      ]
    },
    "flow135_wFmCOM": {
      "fromContextId": "context29_DDp3FX",
      "fromAction": "doAction",
      "fromControlId": "control210_5xsh1b",
      "toContexts": [
        {
          "toContextId": "context29_DDp3FX"
        }
      ]
    },
    "flow136_cXcsS9": {
      "fromContextId": "context29_DDp3FX",
      "fromAction": "doAction",
      "fromControlId": "control214_cxTGEv",
      "toContexts": [
        {
          "toContextId": "context29_DDp3FX"
        }
      ]
    },
    "flow137_OyD4wc": {
      "fromContextId": "context29_DDp3FX",
      "fromAction": "doAction",
      "fromControlId": "control211_e6EnZv",
      "toContexts": [
        {
          "toContextId": "context29_DDp3FX"
        },
        {
          "toContextId": "context21_izL7hB",
          "toModelId": "kaedit"
        },
        {
          "toContextId": "context9_qwD8oo",
          "toModelId": "lks_Association_Search"
        }
      ]
    },
    "flow143_i8syEk": {
      "fromContextId": "context29_DDp3FX",
      "fromAction": "doAction",
      "fromControlId": "control204_3b2qN7",
      "toContexts": [
        {
          "toContextId": "context29_DDp3FX"
        },
        {
          "toContextId": "context7_adlfZy",
          "toModelId": "returnMsg"
        }
      ]
    },
    "flow144_nHVRNs": {
      "fromContextId": "context29_DDp3FX",
      "fromAction": "doAction",
      "fromControlId": "control208_FExvWD",
      "toContexts": [
        {
          "toContextId": "context29_DDp3FX"
        },
        {
          "toContextId": "context6_m0MbOe",
          "toModelId": "choosePeople"
        }
      ]
    }
  },
  "pages": {
    "page29_N8F8QL": {
      "contextId": "context29_DDp3FX",
      "layout": [
        {
          "id": "uiControl218_P04F8q",
          "controlId": "control201_ViSr1D",
          "display": {
            "adapterId": "custom",
            "type": "custom",
            "adapter": {
              "templateType": "react",
              "events": {
                "onDoAction": "doAction_uiControl218_P04F8q",
                "onGetTemplate": "getTemplate_uiControl218_P04F8q"
              }
            }
          }
        },
        {
          "id": "uiControl219_WBUuGy",
          "controlId": "control202_gOJHHZ",
          "display": {
            "adapterId": "custom",
            "type": "custom",
            "adapter": {
              "templateType": "react",
              "events": {
                "onDoAction": "doAction_uiControl219_WBUuGy",
                "onGetTemplate": "getTemplate_uiControl219_WBUuGy"
              }
            }
          }
        },
        {
          "id": "uiControl220_uJpJdE",
          "controlId": "control203_ZPzr5Q",
          "display": {
            "adapterId": "custom",
            "type": "custom",
            "adapter": {
              "templateType": "react",
              "events": {
                "onDoAction": "doAction_uiControl220_uJpJdE",
                "onGetTemplate": "getTemplate_uiControl220_uJpJdE"
              }
            }
          }
        },
        {
          "id": "uiControl221_vShEb9",
          "display": {
            "type": "sticky",
            "adapterId": "sticky",
            "adapter": {
              "templateType": ""
            }
          },
          "layout": [
            {
              "id": "uiControl221_vShEb9body",
              "display": {
                "type": "stickyBody",
                "adapterId": "stickyBody",
                "adapter": {
                  "templateType": ""
                }
              },
              "layout": [
                {
                  "id": "uiControl222_CNhxUe",
                  "controlId": "control204_3b2qN7",
                  "display": {
                    "adapterId": "custom",
                    "type": "custom",
                    "adapter": {
                      "templateType": "react",
                      "events": {
                        "onDoAction": "doAction_uiControl222_CNhxUe",
                        "onGetTemplate": "getTemplate_uiControl222_CNhxUe"
                      }
                    }
                  }
                }
              ]
            }
          ]
        },
        {
          "id": "uiControl223_DLEU1t",
          "controlId": "control205_QBzfJV",
          "display": {
            "adapterId": "custom",
            "type": "custom",
            "adapter": {
              "templateType": "react",
              "events": {
                "onDoAction": "doAction_uiControl223_DLEU1t",
                "onGetTemplate": "getTemplate_uiControl223_DLEU1t"
              }
            }
          }
        },
        {
          "id": "uiControl224_xrPseo",
          "controlId": "control206_Jdfw6c",
          "display": {
            "adapterId": "custom",
            "type": "custom",
            "adapter": {
              "templateType": "react",
              "events": {
                "onDoAction": "doAction_uiControl224_xrPseo",
                "onGetTemplate": "getTemplate_uiControl224_xrPseo"
              }
            }
          }
        },
        {
          "id": "uiControl228_2zvkUV",
          "controlId": "control210_5xsh1b",
          "display": {
            "adapterId": "custom",
            "type": "custom",
            "adapter": {
              "templateType": "react",
              "events": {
                "onDoAction": "doAction_uiControl228_2zvkUV",
                "onGetTemplate": "getTemplate_uiControl228_2zvkUV"
              }
            }
          }
        },
        {
          "id": "uiControl225_Ko14sC",
          "controlId": "control207_ReJoeU",
          "display": {
            "adapterId": "custom",
            "type": "custom",
            "adapter": {
              "templateType": "react",
              "events": {
                "onDoAction": "doAction_uiControl225_Ko14sC",
                "onGetTemplate": "getTemplate_uiControl225_Ko14sC"
              }
            }
          }
        },
        {
          "id": "uiControl227_v8MrH9",
          "controlId": "control209_OJv4in",
          "display": {
            "adapterId": "custom",
            "type": "custom",
            "adapter": {
              "templateType": "react",
              "events": {
                "onDoAction": "doAction_uiControl227_v8MrH9",
                "onGetTemplate": "getTemplate_uiControl227_v8MrH9"
              }
            }
          }
        },
        {
          "id": "uiControl232_K7a5tg",
          "controlId": "control214_cxTGEv",
          "display": {
            "adapterId": "custom",
            "type": "custom",
            "adapter": {
              "templateType": "react",
              "events": {
                "onDoAction": "doAction_uiControl232_K7a5tg",
                "onGetTemplate": "getTemplate_uiControl232_K7a5tg"
              }
            }
          }
        },
        {
          "id": "uiControl226_CdNSuZ",
          "controlId": "control208_FExvWD",
          "display": {
            "adapterId": "custom",
            "type": "custom",
            "adapter": {
              "templateType": "react",
              "events": {
                "onDoAction": "doAction_uiControl226_CdNSuZ",
                "onGetTemplate": "getTemplate_uiControl226_CdNSuZ"
              }
            }
          }
        },
        {
          "id": "uiControl229_XTTe1r",
          "controlId": "control211_e6EnZv",
          "display": {
            "adapterId": "custom",
            "type": "custom",
            "adapter": {
              "templateType": "react",
              "events": {
                "onDoAction": "doAction_uiControl229_XTTe1r",
                "onGetTemplate": "getTemplate_uiControl229_XTTe1r"
              }
            }
          }
        },
        {
          "id": "uiControl230_sAP7QG",
          "controlId": "control212_l4D3E2",
          "display": {
            "adapterId": "custom",
            "type": "custom",
            "adapter": {
              "templateType": "react",
              "events": {
                "onDoAction": "doAction_uiControl230_sAP7QG",
                "onGetTemplate": "getTemplate_uiControl230_sAP7QG"
              }
            }
          }
        },
        {
          "id": "uiControl231_sn66pA",
          "controlId": "control213_tA2qQi",
          "display": {
            "adapterId": "custom",
            "type": "custom",
            "adapter": {
              "templateType": "react",
              "events": {
                "onDoAction": "doAction_uiControl231_sn66pA",
                "onGetTemplate": "getTemplate_uiControl231_sn66pA"
              }
            }
          }
        }
      ]
    }
  },
  "matchers": {
    "page/title": {
      "contexts": {
        "context29_DDp3FX": [
          "深圳能源集团OA系统_流程管理_新建审批流程"
        ]
      }
    },
    "page/urls": {
      "contexts": {
        "context29_DDp3FX": [
          "oa.sec.com.cn/lks/koa/lks_review.nsf/FM_CommonReview?openForm&type=%u4EBA%u529B%u8D44%u6E90%u90E8/%u96C6%u56E2%u9886%u5BFC%u4EE3%u804C%u53CA%u79BB%u6DF1%u8BF7%u793A",
          "oa.sec.com.cn/lks/koa/lks_review.nsf/FM_CommonReview?openForm&type=%u4EBA%u529B%u8D44%u6E90%u90E8/%u96C6%u56E2%u603B%u90E8%u4E2D%u5C42%u6B63%u804C%u53CA%u673A%u6784%u8D1F%u8D23%u4EBA%u4EE3%u804C%u53CA%u79BB%u6DF1%u8BF7%u793A",
          "oa.sec.com.cn/lks/koa/lks_review.nsf/FM_CommonReview?openform&type=%E4%BA%BA%E5%8A%9B%E8%B5%84%E6%BA%90%E9%83%A8%2F%E6%89%80%E5%B1%9E%E4%BC%81%E4%B8%9A%E9%A2%86%E5%AF%BC%EF%BC%88%E6%AD%A3%E8%81%8C%EF%BC%89%E7%A6%BB%E5%BC%80%E5%B7%A5%E4%BD%9C%E5%9C%B0%E5%8F%8A%E4%BB%A3%E8%81%8C%E8%AF%B7%E7%A4%BA",
          "oa.sec.com.cn/lks/koa/lks_review.nsf/FM_CommonReview?openForm&type=%u4EBA%u529B%u8D44%u6E90%u90E8/%u6240%u5C5E%u4F01%u4E1A%u9886%u5BFC%uFF08%u6B63%u804C%uFF09%u51FA%u5DEE%u53CA%u4EE3%u804C%u8BF7%u793A"
        ]
      }
    },
    "page/ids": {
      "contexts": {
        "context29_DDp3FX": [
          [
            "AttachmentDiv",
            "AttachmentOCX",
            "BtnTable",
            "Calendar_SWFObjectName",
            "F_BodyDiv",
            "FlashPopWin",
            "FlashTemplate",
            "FlowJoinLog_Td",
            "ImageAlign",
            "ImageTemplate",
            "Sys_EsaField",
            "TD_ReviewNo",
            "buLabel",
            "dLinks",
            "flashupload",
            "ifFlow",
            "if_subform",
            "imageupload",
            "isSF_Public",
            "labelTable",
            "lks_review_new",
            "quickdelete",
            "selectNewClass",
            "setImportanceDay",
            "tb_",
            "trID"
          ],
          [
            "AttachmentDiv",
            "AttachmentOCX",
            "BtnTable",
            "Calendar_SWFObjectName",
            "F_BodyDiv",
            "FlashPopWin",
            "FlashTemplate",
            "FlowJoinLog_Td",
            "ImageAlign",
            "ImageTemplate",
            "Sys_EsaField",
            "TD_ReviewNo",
            "buLabel",
            "dLinks",
            "flashupload",
            "ifFlow",
            "if_subform",
            "imageupload",
            "isSF_Public",
            "labelTable",
            "lks_review",
            "quickdelete",
            "selectNewClass",
            "setImportanceDay",
            "tb_",
            "trID"
          ],
          [
            "AttachmentDiv",
            "AttachmentOCX",
            "BtnTable",
            "Calendar_SWFObjectName",
            "F_BodyDiv",
            "FlashPopWin",
            "FlashTemplate",
            "ImageAlign",
            "ImageTemplate",
            "Sys_EsaField",
            "TD_ReviewNo",
            "buLabel",
            "dLinks",
            "flashupload",
            "ifFlow",
            "if_subform",
            "imageupload",
            "isSF_Public",
            "labelTable",
            "lks_review",
            "quickdelete",
            "selectNewClass",
            "setImportanceDay",
            "tb_",
            "trID"
          ],
          [
            "retmsg"
          ],
          [
            "AttachmentDiv",
            "AttachmentOCX",
            "BtnTable",
            "Calendar_SWFObjectName",
            "F_BodyDiv",
            "FlashPopWin",
            "FlashTemplate",
            "ImageAlign",
            "ImageTemplate",
            "Sys_EsaField",
            "TD_ReviewNo",
            "buLabel",
            "dLinks",
            "flashupload",
            "ifFlow",
            "if_subform",
            "imageupload",
            "isSF_Public",
            "labelTable",
            "lks_review_FM_CommonReview",
            "quickdelete",
            "selectNewClass",
            "setImportanceDay",
            "tb_",
            "trID"
          ]
        ]
      }
    },
    "page/classes": {
      "contexts": {
        "context29_DDp3FX": [
          [
            "btndoc",
            "btnmenudoc",
            "labelbg",
            "labeltb",
            "selectmenu",
            "tadoc",
            "tbbg",
            "tdbg",
            "textdocdown",
            "textdocnone",
            "trbg",
            "upload"
          ],
          [
            "clsReturnMsg"
          ]
        ]
      }
    },
    "page/tagTriplets": {
      "contexts": {
        "context29_DDp3FX": [
          [
            "-/-/DIV",
            "-/-/FORM",
            "-/-/IFRAME",
            "-/-/OBJECT",
            "-/-/SCRIPT",
            "-/-/STYLE",
            "-/FORM/BR",
            "-/FORM/CENTER",
            "-/FORM/DIV",
            "-/FORM/IFRAME",
            "-/FORM/INPUT-button",
            "-/FORM/INPUT-hidden",
            "-/FORM/SCRIPT",
            "-/FORM/TABLE",
            "-/OBJECT/PARAM",
            "CENTER/B/FONT",
            "DIV/FONT/BR",
            "DIV/TABLE/TBODY",
            "DIV/UL/FONT",
            "FORM/CENTER/B",
            "FORM/TABLE/TBODY",
            "P/TABLE/TBODY",
            "TABLE/TBODY/TR",
            "TBODY/TR/TD",
            "TD/B/FONT",
            "TD/DIV/B",
            "TD/DIV/FONT",
            "TD/DIV/INPUT-button",
            "TD/DIV/TABLE",
            "TD/DIV/UL",
            "TD/FONT/B",
            "TD/FONT/INPUT-null",
            "TD/FONT/SPAN",
            "TD/FONT/TEXTAREA",
            "TD/P/BR",
            "TD/P/INPUT-button",
            "TD/P/INPUT-null",
            "TD/P/TABLE",
            "TD/SELECT/OPTION",
            "TD/SPAN/BR",
            "TD/SPAN/INPUT-button",
            "TD/SPAN/INPUT-checkbox",
            "TD/SPAN/INPUT-hidden",
            "TD/SPAN/INPUT-null",
            "TD/SPAN/TEXTAREA",
            "TD/TABLE/TBODY",
            "TD/UL/BR",
            "TD/UL/FONT",
            "TD/UL/INPUT-null",
            "TD/UL/OBJECT",
            "TD/UL/P",
            "TD/UL/SCRIPT",
            "TD/UL/SPAN",
            "TD/UL/TABLE",
            "TR/TD/A",
            "TR/TD/B",
            "TR/TD/BR",
            "TR/TD/DIV",
            "TR/TD/FONT",
            "TR/TD/HR",
            "TR/TD/IFRAME",
            "TR/TD/INPUT-button",
            "TR/TD/INPUT-checkbox",
            "TR/TD/INPUT-file",
            "TR/TD/INPUT-hidden",
            "TR/TD/INPUT-null",
            "TR/TD/INPUT-radio",
            "TR/TD/P",
            "TR/TD/SCRIPT",
            "TR/TD/SELECT",
            "TR/TD/SPAN",
            "TR/TD/TABLE",
            "TR/TD/TEXTAREA",
            "TR/TD/UL",
            "UL/OBJECT/PARAM",
            "UL/TABLE/TBODY"
          ],
          [
            "-/-/DIV",
            "-/-/FORM",
            "-/-/IFRAME",
            "-/-/OBJECT",
            "-/-/SCRIPT",
            "-/-/STYLE",
            "-/FORM/BR",
            "-/FORM/CENTER",
            "-/FORM/DIV",
            "-/FORM/IFRAME",
            "-/FORM/INPUT-button",
            "-/FORM/INPUT-hidden",
            "-/FORM/SCRIPT",
            "-/FORM/TABLE",
            "-/OBJECT/PARAM",
            "CENTER/B/FONT",
            "DIV/FONT/BR",
            "DIV/TABLE/TBODY",
            "DIV/UL/FONT",
            "FORM/CENTER/B",
            "FORM/TABLE/TBODY",
            "P/TABLE/TBODY",
            "TABLE/TBODY/TR",
            "TBODY/TR/TD",
            "TD/B/FONT",
            "TD/DIV/B",
            "TD/DIV/FONT",
            "TD/DIV/INPUT-button",
            "TD/DIV/TABLE",
            "TD/DIV/UL",
            "TD/FONT/B",
            "TD/FONT/INPUT-null",
            "TD/FONT/SPAN",
            "TD/FONT/TEXTAREA",
            "TD/P/BR",
            "TD/P/INPUT-button",
            "TD/P/INPUT-null",
            "TD/P/TABLE",
            "TD/SELECT/OPTION",
            "TD/SPAN/BR",
            "TD/SPAN/INPUT-button",
            "TD/SPAN/INPUT-checkbox",
            "TD/SPAN/INPUT-hidden",
            "TD/SPAN/INPUT-null",
            "TD/SPAN/TEXTAREA",
            "TD/TABLE/TBODY",
            "TD/UL/BR",
            "TD/UL/FONT",
            "TD/UL/INPUT-null",
            "TD/UL/OBJECT",
            "TD/UL/P",
            "TD/UL/SCRIPT",
            "TD/UL/SPAN",
            "TD/UL/TABLE",
            "TR/TD/A",
            "TR/TD/B",
            "TR/TD/BR",
            "TR/TD/DIV",
            "TR/TD/FONT",
            "TR/TD/HR",
            "TR/TD/IFRAME",
            "TR/TD/IMG",
            "TR/TD/INPUT-button",
            "TR/TD/INPUT-checkbox",
            "TR/TD/INPUT-file",
            "TR/TD/INPUT-hidden",
            "TR/TD/INPUT-null",
            "TR/TD/INPUT-radio",
            "TR/TD/P",
            "TR/TD/SCRIPT",
            "TR/TD/SELECT",
            "TR/TD/SPAN",
            "TR/TD/TABLE",
            "TR/TD/TEXTAREA",
            "TR/TD/UL",
            "UL/OBJECT/PARAM",
            "UL/TABLE/TBODY"
          ],
          [
            "-/-/DIV",
            "-/DIV/TABLE",
            "CENTER/CENTER/BR",
            "DIV/TABLE/TBODY",
            "TABLE/TBODY/TR",
            "TBODY/TR/TD",
            "TD/B/FONT",
            "TD/CENTER/BR",
            "TD/CENTER/CENTER",
            "TD/CENTER/INPUT-button",
            "TD/P/B",
            "TD/P/FONT",
            "TD/TABLE/TBODY",
            "TR/TD/B",
            "TR/TD/BR",
            "TR/TD/CENTER",
            "TR/TD/P",
            "TR/TD/TABLE"
          ]
        ]
      }
    }
  }
}