{
  "version": "0.1",
  "id": "customerLabel",
  "targetURL": "http://218.203.103.203:8082/oc/bes/sm/login/phone.html?timestamp=1535524884215",
  "jsFile": "index.js",
  "chineseName": "客户标签",
  "description": "",
  "firstPaintEnable": false,
  "controls": {
    "control4_sb6gE1": {
      "location": {
        "data": {
          "tagName": "LI"
        },
        "userData": {
          "data": [],
          "force": false
        },
        "locators": [
          {
            "id": "text",
            "prob": 3,
            "value": {
              "text": [
                "客户标签查询"
              ],
              "visText": [
                "客户标签查询"
              ]
            }
          },
          {
            "id": "@title",
            "prob": 2,
            "value": {
              "text": [
                "客户标签查询"
              ]
            }
          },
          {
            "id": "@class/word",
            "prob": 1,
            "value": "DIV.tab UL.floatCon.toLeft LI.selected"
          },
          {
            "id": "style/color",
            "value": [
              42,
              142,
              231
            ]
          }
        ]
      },
      "roles": "element",
      "text": "\t\t                                                        \t\t                        客户标签查询\t                          ",
      "frameXPath": "",
      "customJS": "if($(elem).hasClass(\"selected\")&&$(elem).find(\".tab-title\").text()==\"客户标签查询\"){\nreturn true\n}else{\nreturn false}"
    },
    "control6_8gzTGf": {
      "location": {
        "data": {
          "tagName": "LI"
        },
        "userData": {
          "data": [],
          "force": false
        },
        "locators": [
          {
            "id": "@title",
            "prob": 2,
            "value": {
              "text": [
                "客户标签查询"
              ]
            }
          },
          {
            "id": "@class/word",
            "prob": 1,
            "value": "DIV.tab UL.floatCon.toLeft LI.selected"
          },
          {
            "id": "style/color",
            "value": [
              42,
              142,
              231
            ]
          }
        ]
      },
      "events": {
        "onGetData": "getData_control6_8gzTGf"
      },
      "intendedRole": "custom",
      "roles": "element,custom",
      "ignoreVisibility": true,
      "monitored": true,
      "frameXPath": "",
      "componentType": "custom"
    },
    "control7_8RpDgT": {
      "location": {
        "data": {
          "tagName": "TR"
        },
        "userData": {
          "data": [],
          "force": false
        },
        "locators": [
          {
            "id": "path/ordinal",
            "prob": 1,
            "value": "/HTML[1]/BODY[1]/FORM[1]/TABLE[2]/TBODY[1]/TR[1]"
          }
        ]
      },
      "events": {
        "onGetData": "getData_control7_8RpDgT"
      },
      "intendedRole": "custom",
      "roles": "element,custom",
      "monitored": true,
      "frameXPath": "//iframe[1]<<IFRAME>>",
      "componentType": "custom"
    },
    "control14_DbDbvg": {
      "location": {
        "data": {
          "tagName": "FORM"
        },
        "userData": {
          "data": [],
          "force": false
        },
        "locators": [
          {
            "id": "path/ordinal",
            "prob": 1,
            "value": "/HTML[1]/BODY[1]/FORM[1]"
          }
        ]
      },
      "events": {
        "onGetData": "getData_control14_DbDbvg"
      },
      "intendedRole": "custom",
      "roles": "element,custom",
      "monitored": true,
      "frameXPath": "//iframe[1]<<IFRAME>>",
      "componentType": "custom"
    }
  },
  "contexts": {
    "context1_qTtxGL": {
      "controls": [
        "control6_8gzTGf",
        "control7_8RpDgT",
        "control14_DbDbvg"
      ],
      "anchors": [
        "control4_sb6gE1"
      ],
      "urlAnchor": []
    }
  },
  "flows": {
    "flow5_B1PfW5": {
      "toContexts": [
        {
          "toContextId": "context1_qTtxGL"
        }
      ]
    },
    "flow6_5gh7CG": {
      "fromContextId": "context1_qTtxGL",
      "fromAction": "doAction",
      "fromControlId": "control6_8gzTGf",
      "toContexts": [
        {
          "toContextId": "context1_qTtxGL"
        }
      ]
    },
    "flow44_UeooiM": {
      "fromContextId": "context1_qTtxGL",
      "fromAction": "doAction",
      "fromControlId": "control7_8RpDgT",
      "toContexts": [
        {
          "toContextId": "context1_qTtxGL"
        }
      ]
    },
    "flow119_1f1wVW": {
      "fromContextId": "context1_qTtxGL",
      "fromAction": "doAction",
      "fromControlId": "control14_DbDbvg",
      "toContexts": [
        {
          "toContextId": "context1_qTtxGL"
        }
      ]
    }
  },
  "pages": {
    "page1_HA6ZXr": {
      "contextId": "context1_qTtxGL",
      "layout": [
        {
          "id": "uiControl4_Qdo4NX",
          "controlId": "control6_8gzTGf",
          "display": {
            "adapterId": "custom",
            "type": "custom",
            "adapter": {
              "templateType": "react",
              "events": {
                "onDoAction": "doAction_uiControl4_Qdo4NX",
                "onGetTemplate": "getTemplate_uiControl4_Qdo4NX"
              }
            }
          }
        },
        {
          "id": "uiControl5_VrtxMv",
          "controlId": "control7_8RpDgT",
          "display": {
            "adapterId": "custom",
            "type": "custom",
            "adapter": {
              "templateType": "react",
              "events": {
                "onDoAction": "doAction_uiControl5_VrtxMv",
                "onGetTemplate": "getTemplate_uiControl5_VrtxMv"
              }
            }
          }
        },
        {
          "id": "uiControl6_fkZWUT",
          "controlId": "control14_DbDbvg",
          "display": {
            "adapterId": "custom",
            "type": "custom",
            "adapter": {
              "templateType": "react",
              "events": {
                "onDoAction": "doAction_uiControl6_fkZWUT",
                "onGetTemplate": "getTemplate_uiControl6_fkZWUT"
              }
            }
          }
        }
      ]
    }
  },
  "matchers": {
    "page/title": {
      "contexts": {
        "context1_qTtxGL": [
          "中国移动宁夏公司第三代CRM系统"
        ]
      }
    },
    "page/urls": {
      "contexts": {
        "context1_qTtxGL": [
          "218.203.103.203:8082/oc/bes/sm/login/phone.html?timestamp=1535524884215"
        ]
      }
    },
    "page/ids": {
      "contexts": {
        "context1_qTtxGL": [
          [
            "datetimepicker_div",
            "emailchoice",
            "ins_mpuiconsendsms",
            "lockPageDiv",
            "lockpage_pwd",
            "middleFrame",
            "oclogin",
            "orderScrollbar",
            "popBox",
            "popNote",
            "popNoteBox",
            "rightheadermenu",
            "shoppingcartNumber",
            "shoppingcartPlat",
            "shoppingcartcheckout",
            "staticshoppingcar_close",
            "staticshoppingcar_open",
            "tab-scrollbar",
            "tip_footdiv",
            "top_gadget",
            "uee-",
            "uee-_bmeDSTImg",
            "uee-_input_img",
            "uee-_ueeDTMShowFmt",
            "uee-_value",
            "unlockpage_btn",
            "workPlace"
          ]
        ]
      }
    },
    "page/classes": {
      "contexts": {
        "context1_qTtxGL": [
          [
            "LeftScrollBar",
            "LeftxScrollBar",
            "ScrollbarArrow",
            "ScrollbarHandle",
            "ScrollbarHandleC",
            "ScrollbarHandleR",
            "ScrollbarTrack",
            "bes-ad-staticshoppingcar",
            "bes-common-pagecontext",
            "bes-oc-base-sectionright",
            "bes-oc-base-shoppingcart",
            "bf_tips",
            "bf_tips_container",
            "bf_tips_content",
            "btn_negative",
            "caiDanLianJie",
            "cart_num",
            "checkbox",
            "checked",
            "cn_bg",
            "cn_center",
            "cn_impl",
            "cn_left",
            "cn_right",
            "currentOrder",
            "currentOrderEmpty",
            "datetime_input",
            "datetimepicker_DST",
            "datetimepicker_div_trigger",
            "disable",
            "ele_normal",
            "fl",
            "floatCon",
            "font_left",
            "font_right",
            "foot",
            "fr",
            "hasDatepicker",
            "head",
            "header_menu_child",
            "header_menu_grandchild",
            "hide",
            "icon",
            "label",
            "left",
            "lock",
            "lock_input",
            "main-right",
            "mb_",
            "menu_btn",
            "mid",
            "middle",
            "ml_",
            "mt_",
            "navigatorBar",
            "ng-binding",
            "ng-hide",
            "ng-scope",
            "normal_img",
            "ocshoppingcart",
            "order_content",
            "order_footer",
            "order_opt",
            "order_title",
            "p",
            "panel",
            "panel_login",
            "pgHeader",
            "pl_content",
            "pl_title",
            "r_contnet",
            "right",
            "scrollbar_container",
            "scrollbar_container_inner",
            "scrollbar_container_outer",
            "selected",
            "selector",
            "shoppingCar",
            "shopping_Number",
            "shopping_close",
            "tab",
            "tab-close",
            "tab-menu",
            "tab-popup",
            "tab-title",
            "tabCon",
            "tabcontainer",
            "toLeft",
            "uIcon",
            "u_name",
            "u_no",
            "uee",
            "uee-border",
            "uee-datetime",
            "uee-datetime-container",
            "uee-gadget",
            "uee-input",
            "uee-input-normal",
            "uee-inputele-view",
            "uee-ipt-ele",
            "w_right",
            "win_cover",
            "win_lock",
            "win_lock_bg",
            "windowBoxwrap",
            "wrap"
          ]
        ]
      }
    },
    "page/tagTriplets": {
      "contexts": {
        "context1_qTtxGL": [
          [
            "-/-/DIV",
            "-/-/SCRIPT",
            "-/-/UEE:INCLUDE",
            "-/DIV/DIV",
            "-/UEE:INCLUDE/DIV",
            "-/UEE:INCLUDE/LINK",
            "-/UEE:INCLUDE/META",
            "-/UEE:INCLUDE/STYLE",
            "-/UEE:INCLUDE/UEE:FIRE",
            "A/SPAN/UEE:FIRE",
            "DIV/A/SPAN",
            "DIV/DIV/A",
            "DIV/DIV/DIV",
            "DIV/DIV/H3",
            "DIV/DIV/IFRAME",
            "DIV/DIV/IMG",
            "DIV/DIV/INPUT-null",
            "DIV/DIV/INPUT-password",
            "DIV/DIV/LABEL",
            "DIV/DIV/P",
            "DIV/DIV/SPAN",
            "DIV/DIV/UEE:FIRE",
            "DIV/DIV/UEE:INCLUDE",
            "DIV/DIV/UL",
            "DIV/LABEL/INS",
            "DIV/LABEL/SPAN",
            "DIV/NG:SWITCH/DIV",
            "DIV/NG:SWITCH/INPUT-hidden",
            "DIV/SPAN/DIV",
            "DIV/SPAN/EM",
            "DIV/SPAN/SPAN",
            "DIV/SPAN/UEE:FIRE",
            "DIV/UEE:INCLUDE/DIV",
            "DIV/UEE:INCLUDE/UEE:FIRE",
            "DIV/UL/LI",
            "LABEL/INS/UEE:FIRE",
            "LABEL/SPAN/UEE:FIRE",
            "LI/DIV/SPAN",
            "NG:SWITCH/DIV/DIV",
            "SPAN/DIV/DIV",
            "SPAN/DIV/NG:SWITCH",
            "UEE:INCLUDE/DIV/A",
            "UEE:INCLUDE/DIV/BR",
            "UEE:INCLUDE/DIV/DIV",
            "UEE:INCLUDE/DIV/IFRAME",
            "UEE:INCLUDE/DIV/LINK",
            "UEE:INCLUDE/DIV/SPAN",
            "UEE:INCLUDE/DIV/UEE:FIRE",
            "UL/LI/DIV"
          ]
        ]
      }
    }
  }
}