{
  "version": "0.1",
  "id": "lks_hrreview",
  "targetURL": "http://oa.sec.com.cn/lks/koa/lks_hrreview.nsf/0/B2848E9F9AE6001C482582970010C257?OpenDocument",
  "jsFile": "index.js",
  "requires": {
    "Global_Approval": "../Global_Approval/index.json",
    "choosePeople": "../choosePeople/index.json",
    "lks_copy": "../lks_copy/index.json",
    "returnMsg": "../returnMsg/index.json",
    "lks_review": "../lks_review/index.json",
    "lks_tasks": "../lks_tasks/index.json",
    "lks_archivemngnewex": "../lks_archivemngnewex/index.json",
    "lks_plflowreview": "../lks_plflowreview/index.json",
    "lks_devconfigsec": "../lks_devconfigsec/index.json",
    "lks_sapitems": "../lks_sapitems/index.json",
    "lks_financeflowreview_edit": "../lks_financeflowreview_edit/index.json",
    "lks_hrreview": "../lks_hrreview/index.json",
    "lks_profile": "../lks_profile/index.json",
    "lks-filemng": "../lks-filemng/index.json",
    "lks_rules": "../lks_rules/index.json",
    "lks_financeflowreview": "../lks_financeflowreview/index.json",
    "lks_zhaotoubiao": "../lks_zhaotoubiao/index.json",
    "lks_bargaincollection": "../lks_bargaincollection/index.json"
  },
  "chineseName": "hr流程",
  "description": "",
  "firstPaintEnable": false,
  "controls": {
    "control101_RtiueN": {
      "location": {
        "data": {
          "tagName": "CENTER"
        },
        "userData": {
          "data": [],
          "force": false
        },
        "locators": [
          {
            "id": "path/ordinal",
            "prob": 1,
            "value": "/HTML[1]/BODY[1]/FORM[1]/CENTER[1]"
          }
        ]
      },
      "events": {
        "onGetData": "getData_control101_RtiueN"
      },
      "intendedRole": "custom",
      "roles": "element,custom",
      "monitored": false,
      "frameXPath": "",
      "componentType": "custom"
    },
    "control103_BlNbDB": {
      "location": {
        "data": {
          "tagName": "TABLE"
        },
        "userData": {
          "data": [],
          "force": false
        },
        "locators": [
          {
            "id": "@id/word",
            "prob": 3,
            "value": "descendant::TABLE[@id=\"labelTable\"]"
          },
          {
            "id": "@class/word",
            "prob": 1,
            "value": "TABLE.labeltb"
          },
          {
            "id": "path/ordinal",
            "prob": 1,
            "value": "/HTML[1]/BODY[1]/FORM[1]/TABLE[3]"
          }
        ]
      },
      "events": {
        "onGetData": "getData_control103_BlNbDB"
      },
      "intendedRole": "custom",
      "roles": "element,custom",
      "monitored": true,
      "frameXPath": "",
      "componentType": "custom"
    },
    "control104_xB7Uxd": {
      "location": {
        "data": {
          "tagName": "TR"
        },
        "userData": {
          "data": [],
          "force": false
        },
        "locators": [
          {
            "id": "@id/word",
            "prob": 2,
            "value": "descendant::TABLE[@id=\"labelTable\"]/TBODY[1]/TR[1]"
          },
          {
            "id": "@class/word",
            "prob": 1,
            "value": "TABLE.labeltb TR.tbbg"
          },
          {
            "id": "path/ordinal",
            "prob": 1,
            "value": "/HTML[1]/BODY[1]/FORM[1]/TABLE[3]/TBODY[1]/TR[1]"
          }
        ]
      },
      "events": {
        "onGetData": "getData_control104_xB7Uxd"
      },
      "intendedRole": "custom",
      "roles": "element,custom",
      "monitored": true,
      "frameXPath": "",
      "componentType": "custom"
    },
    "control105_aWTb1f": {
      "location": {
        "data": {
          "tagName": "TABLE"
        },
        "userData": {
          "data": [],
          "force": false
        },
        "locators": [
          {
            "id": "path/ordinal",
            "prob": 1,
            "ordinal": [
              0,
              3
            ],
            "value": "/HTML[1]/BODY[1]/FORM[1]/TABLE[2]"
          }
        ]
      },
      "events": {
        "onGetData": "getData_control105_aWTb1f"
      },
      "intendedRole": "custom",
      "roles": "element,custom",
      "monitored": true,
      "frameXPath": "",
      "componentType": "custom"
    },
    "control107_c52n1S": {
      "location": {
        "data": {
          "tagName": "TR"
        },
        "userData": {
          "data": [],
          "force": false
        },
        "locators": [
          {
            "id": "@id/word",
            "prob": 2,
            "value": "descendant::TABLE[@id=\"tbReview\"]/TBODY[1]/TR[2]"
          },
          {
            "id": "path/ordinal",
            "prob": 1,
            "value": "/HTML[1]/BODY[1]/FORM[1]/TABLE[2]/TBODY[1]/TR[2]"
          }
        ]
      },
      "events": {
        "onGetData": "getData_control107_c52n1S"
      },
      "intendedRole": "custom",
      "roles": "element,custom",
      "monitored": true,
      "frameXPath": "//iframe[@id='ifFlow']<<IFRAME>>",
      "componentType": "custom"
    },
    "control108_Kc06vf": {
      "location": {
        "data": {
          "tagName": "IFRAME"
        },
        "userData": {
          "data": [],
          "force": false
        },
        "locators": [
          {
            "id": "@id/word",
            "prob": 3,
            "value": [
              "descendant::TABLE[@id=\"labelTable\"]//IFRAME[@id=\"ifFlow\"]",
              "descendant::IFRAME[@id=\"ifFlow\"]"
            ]
          },
          {
            "id": "@class/word",
            "prob": 1,
            "value": "TABLE.labeltb TR.trbg TD.tdbg TABLE TBODY TR TD IFRAME"
          },
          {
            "id": "path/ordinal",
            "prob": 1,
            "value": "/HTML[1]/BODY[1]/FORM[1]/TABLE[3]/TBODY[1]/TR[4]/TD[1]/TABLE[1]/TBODY[1]/TR[2]/TD[1]/IFRAME[1]"
          },
          {
            "id": "elderLevel",
            "value": {
              "level": 0
            }
          }
        ]
      },
      "events": {
        "onGetData": "getData_control108_Kc06vf"
      },
      "intendedRole": "custom",
      "roles": "element,custom",
      "monitored": true,
      "frameXPath": "",
      "componentType": "custom"
    },
    "control109_QEgM8p": {
      "location": {
        "data": {
          "tagName": "TABLE"
        },
        "userData": {
          "data": [],
          "force": false
        },
        "locators": [
          {
            "id": "@id/word",
            "prob": 3,
            "value": "descendant::TABLE[@id=\"labelTable\"]"
          },
          {
            "id": "@class/word",
            "prob": 1,
            "value": "TABLE.labeltb"
          },
          {
            "id": "path/ordinal",
            "prob": 1,
            "ordinal": [
              0,
              2
            ],
            "value": "/HTML[1]/BODY[1]/FORM[1]/TABLE[3]"
          }
        ]
      },
      "events": {
        "onGetData": "getData_control109_QEgM8p"
      },
      "intendedRole": "custom",
      "roles": "element,link,custom",
      "monitored": true,
      "frameXPath": "",
      "componentType": "custom"
    },
    "control110_gtoRFX": {
      "location": {
        "data": {
          "tagName": "TABLE"
        },
        "userData": {
          "data": [],
          "force": false
        },
        "locators": [
          {
            "id": "@id/word",
            "prob": 3,
            "value": "descendant::TABLE[@id=\"labelTable\"]"
          },
          {
            "id": "@class/word",
            "prob": 1,
            "value": "TABLE.labeltb"
          },
          {
            "id": "path/ordinal",
            "prob": 1,
            "ordinal": [
              0,
              2
            ],
            "value": "/HTML[1]/BODY[1]/FORM[1]/TABLE[3]"
          }
        ]
      },
      "events": {
        "onGetData": "getData_control110_gtoRFX"
      },
      "intendedRole": "custom",
      "roles": "element,link,custom",
      "monitored": true,
      "frameXPath": "",
      "componentType": "custom"
    },
    "control114_XdbMLQ": {
      "location": {
        "data": {
          "tagName": "TABLE"
        },
        "userData": {
          "data": [],
          "force": false
        },
        "locators": [
          {
            "id": "@id/word",
            "prob": 3,
            "value": "descendant::TABLE[@id=\"labelTable\"]"
          },
          {
            "id": "@class/word",
            "prob": 1,
            "value": "TABLE.labeltb"
          },
          {
            "id": "path/ordinal",
            "prob": 1,
            "value": "/HTML[1]/BODY[1]/FORM[1]/TABLE[3]"
          }
        ]
      },
      "events": {
        "onGetData": "getData_control114_XdbMLQ"
      },
      "intendedRole": "custom",
      "roles": "element,custom",
      "monitored": true,
      "frameXPath": "",
      "componentType": "custom"
    },
    "control117_amgbaJ": {
      "location": {
        "data": {
          "tagName": "TABLE"
        },
        "userData": {
          "data": [],
          "force": false
        },
        "locators": [
          {
            "id": "@id/word",
            "prob": 3,
            "value": "descendant::TABLE[@id=\"tbReview\"]"
          },
          {
            "id": "path/ordinal",
            "prob": 1,
            "value": "/HTML[1]/BODY[1]/FORM[1]/TABLE[2]"
          }
        ]
      },
      "events": {
        "onGetData": "getData_control117_amgbaJ"
      },
      "intendedRole": "custom",
      "roles": "element,link,custom",
      "monitored": true,
      "frameXPath": "//iframe[@id='ifFlow']<<IFRAME>>",
      "componentType": "custom"
    },
    "control118_zPpuet": {
      "location": {
        "data": {
          "tagName": "TABLE"
        },
        "userData": {
          "data": [],
          "force": false
        },
        "locators": [
          {
            "id": "@id/word",
            "prob": 3,
            "value": "descendant::TABLE[@id=\"tbReview\"]"
          },
          {
            "id": "path/ordinal",
            "prob": 1,
            "value": "/HTML[1]/BODY[1]/FORM[1]/TABLE[2]"
          }
        ]
      },
      "events": {
        "onGetData": "getData_control118_zPpuet"
      },
      "intendedRole": "custom",
      "roles": "element,custom",
      "monitored": true,
      "frameXPath": "//iframe[@id='ifFlow']<<IFRAME>>",
      "componentType": "custom"
    },
    "control129_eaGmf4": {
      "location": {
        "data": {
          "tagName": "TABLE"
        },
        "userData": {
          "data": [],
          "force": false
        },
        "locators": [
          {
            "id": "@id/word",
            "prob": 3,
            "value": "descendant::TABLE[@id=\"labelTable\"]"
          },
          {
            "id": "@class/word",
            "prob": 1,
            "value": "TABLE.labeltb"
          },
          {
            "id": "path/ordinal",
            "prob": 1,
            "ordinal": [
              0,
              2
            ],
            "value": "/HTML[1]/BODY[1]/FORM[1]/TABLE[3]"
          }
        ]
      },
      "events": {
        "onGetData": "getData_control129_eaGmf4"
      },
      "intendedRole": "custom",
      "roles": "element,link,custom",
      "monitored": true,
      "frameXPath": "",
      "componentType": "custom"
    },
    "control163_lxyreS": {
      "location": {
        "data": {
          "tagName": "TABLE"
        },
        "userData": {
          "data": [],
          "force": false
        },
        "locators": [
          {
            "id": "@id/word",
            "prob": 3,
            "value": "descendant::TABLE[@id=\"labelTable\"]"
          },
          {
            "id": "@class/word",
            "prob": 1,
            "value": "TABLE.labeltb"
          },
          {
            "id": "path/ordinal",
            "prob": 1,
            "ordinal": [
              0,
              2
            ],
            "value": "/HTML[1]/BODY[1]/FORM[1]/TABLE[3]"
          }
        ]
      },
      "events": {
        "onGetData": "getData_control163_lxyreS"
      },
      "intendedRole": "custom",
      "roles": "element,link,custom",
      "monitored": true,
      "frameXPath": "",
      "componentType": "custom"
    },
    "control164_Fpx9ZA": {
      "location": {
        "data": {
          "tagName": "TABLE"
        },
        "userData": {
          "data": [],
          "force": false
        },
        "locators": [
          {
            "id": "@id/word",
            "prob": 3,
            "value": "descendant::TABLE[@id=\"labelTable\"]"
          },
          {
            "id": "@class/word",
            "prob": 1,
            "value": "TABLE.labeltb"
          },
          {
            "id": "path/ordinal",
            "prob": 1,
            "ordinal": [
              0,
              2
            ],
            "value": "/HTML[1]/BODY[1]/FORM[1]/TABLE[3]"
          }
        ]
      },
      "events": {
        "onGetData": "getData_control164_Fpx9ZA"
      },
      "intendedRole": "custom",
      "roles": "element,link,custom",
      "monitored": true,
      "frameXPath": "",
      "componentType": "custom"
    },
    "control42_Pmm1uJ": {
      "location": {
        "data": {
          "tagName": "TABLE"
        },
        "userData": {
          "data": [],
          "force": false
        },
        "locators": [
          {
            "id": "@id/word",
            "prob": 3,
            "value": "descendant::TABLE[@id=\"labelTable\"]"
          },
          {
            "id": "@class/word",
            "prob": 1,
            "value": "TABLE.labeltb"
          },
          {
            "id": "path/ordinal",
            "prob": 1,
            "ordinal": [
              0,
              2
            ],
            "value": "/HTML[1]/BODY[1]/FORM[1]/TABLE[3]"
          }
        ]
      },
      "events": {
        "onGetData": "getData_control42_Pmm1uJ"
      },
      "intendedRole": "custom",
      "roles": "element,link,custom",
      "monitored": true,
      "frameXPath": "",
      "componentType": "custom"
    },
    "control227_CaO9nk": {
      "location": {
        "data": {
          "tagName": "SPAN"
        },
        "userData": {
          "data": [],
          "force": false
        },
        "locators": [
          {
            "id": "@id/word",
            "prob": 3,
            "value": [
              "descendant::TABLE[@id=\"tbReview\"]//SPAN[@id=\"spanCondition\"]",
              "descendant::SPAN[@id=\"spanCondition\"]"
            ]
          },
          {
            "id": "path/ordinal",
            "prob": 1,
            "value": "/HTML[1]/BODY[1]/FORM[1]/TABLE[2]/TBODY[1]/TR[17]/TD[1]/SPAN[1]"
          }
        ]
      },
      "events": {
        "onGetData": "getData_control227_CaO9nk"
      },
      "intendedRole": "custom",
      "roles": "element,custom",
      "monitored": true,
      "frameXPath": "//iframe[@id='ifFlow']<<IFRAME>>",
      "componentType": "custom"
    },
    "control257_31VQKL": {
      "location": {
        "data": {
          "tagName": "TD"
        },
        "userData": {
          "data": [],
          "force": false
        },
        "locators": [
          {
            "id": "@id/word",
            "prob": 3,
            "value": [
              "descendant::DIV[@id=\"divEntrantTable\"]//TD[@id=\"td_button\"]",
              "descendant::TD[@id=\"td_button\"]"
            ]
          },
          {
            "id": "path/ordinal",
            "prob": 1,
            "value": "/HTML[1]/BODY[1]/FORM[1]/DIV[1]/TABLE[1]/TBODY[1]/TR[2]/TD[1]"
          }
        ]
      },
      "events": {
        "onGetData": "getData_control257_31VQKL"
      },
      "intendedRole": "custom",
      "roles": "element,custom",
      "monitored": true,
      "frameXPath": "//iframe[@id='if_subform']<<IFRAME>>",
      "componentType": "custom"
    }
  },
  "contexts": {
    "context15_HgJeLK": {
      "controls": [
        "control101_RtiueN",
        "control103_BlNbDB",
        "control104_xB7Uxd",
        "control105_aWTb1f",
        "control107_c52n1S",
        "control108_Kc06vf",
        "control109_QEgM8p",
        "control110_gtoRFX",
        "control114_XdbMLQ",
        "control117_amgbaJ",
        "control118_zPpuet",
        "control129_eaGmf4",
        "control163_lxyreS",
        "control164_Fpx9ZA",
        "control42_Pmm1uJ",
        "control227_CaO9nk",
        "control257_31VQKL"
      ],
      "anchors": [],
      "urlAnchor": [
        ".*\\/lks_.*hrreview\\.nsf\\/[^(FM_)].*\\/.*"
      ]
    }
  },
  "flows": {
    "flow63_RcuAOT": {
      "toContexts": [
        {
          "toContextId": "context15_HgJeLK"
        },
        {
          "toContextId": "context0_2puPsG",
          "toModelId": "lks_review"
        }
      ]
    },
    "flow69_miubSo": {
      "fromContextId": "context15_HgJeLK",
      "fromAction": "doAction",
      "fromControlId": "control104_xB7Uxd",
      "toContexts": [
        {
          "toContextId": "context15_HgJeLK"
        },
        {
          "toContextId": "context13_k04Crz",
          "toModelId": "lks_plflowreview"
        },
        {
          "toContextId": "context0_2puPsG",
          "toModelId": "lks_review"
        }
      ]
    },
    "flow70_3nNIIq": {
      "fromContextId": "context15_HgJeLK",
      "fromAction": "doAction",
      "fromControlId": "control108_Kc06vf",
      "toContexts": [
        {
          "toContextId": "context15_HgJeLK"
        },
        {
          "toContextId": "context6_19iAzJ",
          "toModelId": "Global_Approval"
        },
        {
          "toContextId": "context6_m0MbOe",
          "toModelId": "choosePeople"
        }
      ]
    },
    "flow71_VrsZw5": {
      "fromContextId": "context15_HgJeLK",
      "fromAction": "doAction",
      "fromControlId": "control107_c52n1S",
      "toContexts": [
        {
          "toContextId": "context15_HgJeLK"
        },
        {
          "toContextId": "context1_1FqdOH",
          "toModelId": "lks_copy"
        },
        {
          "toContextId": "context7_adlfZy",
          "toModelId": "returnMsg"
        }
      ]
    },
    "flow74_uhGdy9": {
      "fromContextId": "context15_HgJeLK",
      "fromAction": "doAction",
      "fromControlId": "control114_XdbMLQ",
      "toContexts": [
        {
          "toContextId": "context15_HgJeLK"
        },
        {
          "toContextId": "context6_m0MbOe",
          "toModelId": "choosePeople"
        },
        {
          "toContextId": "context22_xTIXkc",
          "toModelId": "lks_sapitems"
        }
      ]
    },
    "flow66_BgUOv9": {
      "fromContextId": "context15_HgJeLK",
      "fromAction": "doAction",
      "fromControlId": "control105_aWTb1f",
      "toContexts": [
        {
          "toContextId": "context15_HgJeLK"
        },
        {
          "toContextId": "context7_adlfZy",
          "toModelId": "returnMsg"
        },
        {
          "toContextId": "context5_3qQbFO",
          "toModelId": "lks_archivemngnewex"
        },
        {
          "toContextId": "context29_myM0HG",
          "toModelId": "lks_devconfigsec"
        }
      ]
    },
    "flow76_tDdE2w": {
      "fromContextId": "context15_HgJeLK",
      "fromAction": "doAction",
      "fromControlId": "control117_amgbaJ",
      "toContexts": [
        {
          "toContextId": "context15_HgJeLK"
        }
      ]
    },
    "flow102_ORPy5O": {
      "fromContextId": "context15_HgJeLK",
      "fromAction": "doAction",
      "fromControlId": "control110_gtoRFX",
      "toContexts": [
        {
          "toContextId": "context15_HgJeLK"
        },
        {
          "toContextId": "context5_3qQbFO",
          "toModelId": "lks_archivemngnewex"
        }
      ]
    },
    "flow101_t4agUu": {
      "fromContextId": "context15_HgJeLK",
      "fromAction": "doAction",
      "fromControlId": "control164_Fpx9ZA",
      "toContexts": [
        {
          "toContextId": "context15_HgJeLK"
        },
        {
          "toContextId": "context5_3qQbFO",
          "toModelId": "lks_archivemngnewex"
        }
      ]
    },
    "flow38_yV6emm": {
      "fromContextId": "context15_HgJeLK",
      "fromAction": "doAction",
      "fromControlId": "control118_zPpuet",
      "toContexts": [
        {
          "toContextId": "context15_HgJeLK"
        }
      ]
    },
    "flow142_xA8Dnd": {
      "fromContextId": "context15_HgJeLK",
      "fromAction": "doAction",
      "fromControlId": "control227_CaO9nk",
      "toContexts": [
        {
          "toContextId": "context15_HgJeLK"
        }
      ]
    },
    "flow157_U2QyGs": {
      "fromContextId": "context15_HgJeLK",
      "fromAction": "doAction",
      "fromControlId": "control163_lxyreS",
      "toContexts": [
        {
          "toContextId": "context15_HgJeLK"
        },
        {
          "toContextId": "context11_DdpfNi",
          "toModelId": "lks_financeflowreview"
        },
        {
          "toContextId": "context0_2puPsG",
          "toModelId": "lks_review"
        },
        {
          "toContextId": "context13_k04Crz",
          "toModelId": "lks_plflowreview"
        },
        {
          "toContextId": "context5_3qQbFO",
          "toModelId": "lks_archivemngnewex"
        },
        {
          "toContextId": "context1_uBcbtH",
          "toModelId": "lks_tasks"
        },
        {
          "toContextId": "context14_TiC1dV",
          "toModelId": "lks-filemng"
        },
        {
          "toContextId": "context4_nBTnvD",
          "toModelId": "lks_rules"
        },
        {
          "toContextId": "context34_I9qaXK",
          "toModelId": "lks_zhaotoubiao"
        },
        {
          "toContextId": "context33_J5eXTh",
          "toModelId": "lks_bargaincollection"
        }
      ]
    },
    "flow160_1ft1WP": {
      "fromContextId": "context15_HgJeLK",
      "fromAction": "doAction",
      "fromControlId": "control257_31VQKL",
      "toContexts": [
        {
          "toContextId": "context15_HgJeLK"
        }
      ]
    }
  },
  "pages": {
    "page15_0eLzzM": {
      "contextId": "context15_HgJeLK",
      "layout": [
        {
          "id": "uiControl120_a11Qt2",
          "controlId": "control101_RtiueN",
          "display": {
            "adapterId": "custom",
            "type": "custom",
            "adapter": {
              "templateType": "react",
              "events": {
                "onDoAction": "doAction_uiControl120_a11Qt2",
                "onGetTemplate": "getTemplate_uiControl120_a11Qt2"
              }
            }
          }
        },
        {
          "id": "uiControl124_VpHcao",
          "controlId": "control104_xB7Uxd",
          "display": {
            "adapterId": "custom",
            "type": "custom",
            "adapter": {
              "templateType": "react",
              "events": {
                "onDoAction": "doAction_uiControl124_VpHcao",
                "onGetTemplate": "getTemplate_uiControl124_VpHcao"
              }
            }
          }
        },
        {
          "id": "uiControl123_RdeiTb",
          "controlId": "control103_BlNbDB",
          "display": {
            "adapterId": "custom",
            "type": "custom",
            "adapter": {
              "templateType": "react",
              "events": {
                "onDoAction": "doAction_uiControl123_RdeiTb",
                "onGetTemplate": "getTemplate_uiControl123_RdeiTb"
              }
            }
          }
        },
        {
          "id": "uiControl251_cHUFmk",
          "controlId": "control257_31VQKL",
          "display": {
            "adapterId": "custom",
            "type": "custom",
            "adapter": {
              "templateType": "react",
              "events": {
                "onDoAction": "doAction_uiControl251_cHUFmk",
                "onGetTemplate": "getTemplate_uiControl251_cHUFmk"
              }
            }
          }
        },
        {
          "id": "uiControl134_8ZNRrW",
          "controlId": "control114_XdbMLQ",
          "display": {
            "adapterId": "custom",
            "type": "custom",
            "adapter": {
              "templateType": "react",
              "events": {
                "onDoAction": "doAction_uiControl134_8ZNRrW",
                "onGetTemplate": "getTemplate_uiControl134_8ZNRrW"
              }
            }
          }
        },
        {
          "id": "uiControl54_Q0Huri",
          "controlId": "control42_Pmm1uJ",
          "display": {
            "adapterId": "custom",
            "type": "custom",
            "adapter": {
              "templateType": "react",
              "events": {
                "onDoAction": "doAction_uiControl54_Q0Huri",
                "onGetTemplate": "getTemplate_uiControl54_Q0Huri"
              }
            }
          }
        },
        {
          "id": "uiControl179_4CaB8o",
          "controlId": "control163_lxyreS",
          "display": {
            "adapterId": "custom",
            "type": "custom",
            "adapter": {
              "templateType": "react",
              "events": {
                "onDoAction": "doAction_uiControl179_4CaB8o",
                "onGetTemplate": "getTemplate_uiControl179_4CaB8o"
              }
            }
          }
        },
        {
          "id": "uiControl180_mzQzhn",
          "controlId": "control164_Fpx9ZA",
          "display": {
            "adapterId": "custom",
            "type": "custom",
            "adapter": {
              "templateType": "react",
              "events": {
                "onDoAction": "doAction_uiControl180_mzQzhn",
                "onGetTemplate": "getTemplate_uiControl180_mzQzhn"
              }
            }
          }
        },
        {
          "id": "uiControl122_m9U6z8",
          "display": {
            "type": "sticky",
            "adapterId": "sticky",
            "class": "ui-footer-button",
            "adapter": {
              "templateType": ""
            }
          },
          "layout": [
            {
              "id": "uiControl122_m9U6z8body",
              "display": {
                "type": "stickyBody",
                "adapterId": "stickyBody",
                "adapter": {
                  "templateType": ""
                }
              },
              "layout": [
                {
                  "id": "uiControl125_aDCq52",
                  "controlId": "control105_aWTb1f",
                  "display": {
                    "adapterId": "custom",
                    "type": "custom",
                    "adapter": {
                      "templateType": "react",
                      "events": {
                        "onDoAction": "doAction_uiControl125_aDCq52",
                        "onGetTemplate": "getTemplate_uiControl125_aDCq52"
                      }
                    }
                  }
                }
              ]
            }
          ]
        },
        {
          "id": "uiControl140_2hTCRf",
          "controlId": "control129_eaGmf4",
          "display": {
            "adapterId": "custom",
            "type": "custom",
            "adapter": {
              "templateType": "react",
              "events": {
                "onDoAction": "doAction_uiControl140_2hTCRf",
                "onGetTemplate": "getTemplate_uiControl140_2hTCRf"
              }
            }
          }
        },
        {
          "id": "uiControl127_5WLOCs",
          "controlId": "control107_c52n1S",
          "display": {
            "adapterId": "custom",
            "type": "custom",
            "adapter": {
              "templateType": "react",
              "events": {
                "onDoAction": "doAction_uiControl127_5WLOCs",
                "onGetTemplate": "getTemplate_uiControl127_5WLOCs"
              }
            }
          }
        },
        {
          "id": "uiControl128_cMUrnz",
          "controlId": "control108_Kc06vf",
          "display": {
            "adapterId": "custom",
            "type": "custom",
            "adapter": {
              "templateType": "react",
              "events": {
                "onDoAction": "doAction_uiControl128_cMUrnz",
                "onGetTemplate": "getTemplate_uiControl128_cMUrnz"
              }
            }
          }
        },
        {
          "id": "uiControl243_HtSTwl",
          "controlId": "control227_CaO9nk",
          "display": {
            "adapterId": "custom",
            "type": "custom",
            "adapter": {
              "templateType": "react",
              "events": {
                "onDoAction": "doAction_uiControl243_HtSTwl",
                "onGetTemplate": "getTemplate_uiControl243_HtSTwl"
              }
            }
          }
        },
        {
          "id": "uiControl132_hINa3k",
          "controlId": "control118_zPpuet",
          "display": {
            "adapterId": "custom",
            "type": "custom",
            "adapter": {
              "templateType": "react",
              "events": {
                "onDoAction": "doAction_uiControl132_hINa3k",
                "onGetTemplate": "getTemplate_uiControl132_hINa3k"
              }
            }
          }
        },
        {
          "id": "uiControl112_yHtMQ9",
          "controlId": "control117_amgbaJ",
          "display": {
            "adapterId": "custom",
            "type": "custom",
            "adapter": {
              "templateType": "react",
              "events": {
                "onDoAction": "doAction_uiControl112_yHtMQ9",
                "onGetTemplate": "getTemplate_uiControl112_yHtMQ9"
              }
            }
          }
        },
        {
          "id": "uiControl129_vhNOM4",
          "controlId": "control109_QEgM8p",
          "display": {
            "adapterId": "custom",
            "type": "custom",
            "adapter": {
              "templateType": "react",
              "events": {
                "onDoAction": "doAction_uiControl129_vhNOM4",
                "onGetTemplate": "getTemplate_uiControl129_vhNOM4"
              }
            }
          }
        },
        {
          "id": "uiControl130_cxtLCi",
          "controlId": "control110_gtoRFX",
          "display": {
            "adapterId": "custom",
            "type": "custom",
            "adapter": {
              "templateType": "react",
              "events": {
                "onDoAction": "doAction_uiControl130_cxtLCi",
                "onGetTemplate": "getTemplate_uiControl130_cxtLCi"
              }
            }
          }
        }
      ]
    }
  },
  "matchers": {
    "page/title": {
      "contexts": {
        "context15_HgJeLK": [
          "深圳能源集团OA系统_流程管理(HR流程)_移动办公请休假申请测试流程",
          "深圳能源集团OA系统_流程管理(HR流程)_移动办公员工离职申请测试流程",
          "深圳能源集团OA系统_流程管理(HR流程)_移动办公人力资源事项请示集团审批流程测试流程",
          "深圳能源集团OA系统_流程管理(HR流程)_葛兰岗位应聘申请",
          "深圳能源集团OA系统_流程管理(HR流程)_员工:葛 兰2018年 年初绩效计划审批test",
          "深圳能源集团OA系统_流程管理(HR流程)_SAP-OA绩效流程测试部门2018年上半年绩效评估审批",
          "深圳能源集团OA系统_流程管理(HR流程)_新建审批流程",
          "深圳能源集团OA系统_流程管理(财务公司HR流程)_移动办公测试-财务公司HR流程（加班申请）",
          "深圳能源集团OA系统_流程管理(HR流程)_集团所属企业领导（正职）请休假申请测试",
          "深圳能源集团OA系统_制度管理_移动办公制度管理流程测试流程",
          "深圳能源集团OA系统_流程管理(HR流程)_test",
          "深圳能源集团OA系统_流程管理(HR流程)_加班申请移动办公审批测试",
          "深圳能源集团OA系统_流程管理(HR流程)_HR流程关联其他类流程测试",
          "深圳能源集团OA系统_公文管理_公文流程关联其他类流程测试",
          "深圳能源集团OA系统_流程管理(HR流程)_请休假申请测试20181101",
          "深圳能源集团OA系统_流程管理(HR流程)_加班申请移动办公审批测试04"
        ]
      }
    },
    "page/urls": {
      "contexts": {
        "context15_HgJeLK": [
          "oa.sec.com.cn/lks/koa/lks_hrreview.nsf/0/B2848E9F9AE6001C482582970010C257?OpenDocument",
          "oa.sec.com.cn/lks/koa/lks_hrreview.nsf/0/DC614B23591AE1B048258296002C0A10?OpenDocument",
          "oa.sec.com.cn/lks/koa/lks_hrreview.nsf/0/DC614B23591AE1B048258296002C0A10?OpenDocument&m_Seq=0.9151198794790984",
          "oa.sec.com.cn/lks/koa/lks_hrreview.nsf/0/503CCCAEE935D06348258296002DCEDA?OpenDocument&m_Seq=0.10272484507567659",
          "oa.sec.com.cn/lks/koa/lks_hrreview.nsf/0/B2848E9F9AE6001C482582970010C257?opendocument&Highlight=%E8%AF%B7%E4%BC%91%E5%81%87%E7%94%B3%E8%AF%B7",
          "oa.sec.com.cn/lks/koa/lks_hrreview.nsf/0/DC614B23591AE1B048258296002C0A10?opendocument&Highlight=%E5%91%98%E5%B7%A5%E7%A6%BB%E8%81%8C%E7%94%B3%E8%AF%B7",
          "oa.sec.com.cn/lks/koa/lks_hrreview.nsf/0/B2848E9F9AE6001C482582970010C257?OpenDocument&label=3",
          "oa.sec.com.cn/lks/koa/lks_hrreview.nsf/0/9F77516EA352F5154825829F0019A658?OpenDocument",
          "oa.sec.com.cn/lks/koa/lks_hrreview.nsf/0/5CDB4694E58D3111482582DB000CE852?OpenDocument",
          "oa.sec.com.cn/lks/koa/lks_hrreview.nsf/0/951F6C227D77F382482582DB000E7EC9?opendocument&m_Seq=0.3322853818315666",
          "oa.sec.com.cn/lks/koa/lks_hrreview.nsf/0/967CB884E0B2BFBD482582E50003E68F?OpenDocument",
          "oa.sec.com.cn/lks/koa/lks_hrreview.nsf/0/88C197A118ADCB03482582E9000B53C3?editdocument",
          "oa.sec.com.cn/lks/koa/lks_hrreview.nsf/vd_alldoc/bff25ae116a9995f482582f9002e788c?opendocument&m_seq=0.8215779276520789",
          "oa.sec.com.cn/lks/koa/lks_hrreview.nsf/vd_alldoc/bff25ae116a9995f482582f9002e788c?opendocument",
          "oa.sec.com.cn/lks/koa/lks_hrreview.nsf/0/89A1B84C5D17965E482582F6003BB9AC?opendocument&m_Seq=0.9105645053497202",
          "oa.sec.com.cn/lks/koa/lks_hrreview.nsf/0/89A1B84C5D17965E482582F6003BB9AC?opendocument",
          "oac1.sec.com.cn/lks/koa.xxjs/lks_hrreview.nsf/0/B97529102C0CD0DC4825830F002842B1?OpenDocument",
          "oa.sec.com.cn/lks/koa/lks_hrreview.nsf/0/407F19654452A96E4825830D00360408?opendocument&Highlight=%E6%B5%8B%E8%AF%95",
          "oa.sec.com.cn/lks/koa/lks_archivemngnewex.nsf/0/A891A6A353F04E534825830D0036695B?opendocument&Highlight=%E6%B5%8B%E8%AF%95",
          "oac1.sec.com.cn/lks/koa.xxjs/lks_hrreview.nsf/0/6FE70EDDBDC22D954825833800098D75?OpenDocument",
          "oac1.sec.com.cn/lks/koa.xxjs/lks_hrreview.nsf/0/3F13BC5264DEA13B482583370006B0C1?opendocument&m_Seq=0.03777872050052522"
        ]
      }
    },
    "page/ids": {
      "contexts": {
        "context15_HgJeLK": [
          [
            "AttachmentDiv",
            "AttachmentOCX",
            "Calendar_SWFObjectName",
            "DisCompForJS",
            "F_BodyDiv",
            "F_KADocsPath",
            "F_KADocsTitle",
            "F_Keyword",
            "FlashPopWin",
            "Sys_EsaField",
            "TD_ReviewNo",
            "aMore",
            "buLabel",
            "dLinks",
            "ifFlow",
            "if_subform",
            "isSF_Public",
            "labelTable",
            "quickreview",
            "tb_"
          ],
          [
            "AttachmentDiv",
            "AttachmentOCX",
            "Calendar_SWFObjectName",
            "DisCompForJS",
            "F_BodyDiv",
            "F_KADocsPath",
            "F_KADocsTitle",
            "F_Keyword",
            "FlashPopWin",
            "FlowJoinLog_Td",
            "Sys_EsaField",
            "TD_ReviewNo",
            "aMore",
            "buLabel",
            "dLinks",
            "ifFlow",
            "if_subform",
            "isSF_Public",
            "labelTable",
            "quickreview",
            "tb_"
          ],
          [
            "AttachmentDiv",
            "AttachmentOCX",
            "Calendar_SWFObjectName",
            "DisCompForJS",
            "F_BodyDiv",
            "F_KADocsPath",
            "F_KADocsTitle",
            "F_Keyword",
            "FlashPopWin",
            "FlowJoinLog_Td",
            "Sys_EsaField",
            "TD_ReviewNo",
            "aMore",
            "buLabel",
            "dLinks",
            "ifFlow",
            "if_subform",
            "isSF_Public",
            "labelTable",
            "lks_hrreview",
            "tb_"
          ],
          [
            "AttachmentDiv",
            "AttachmentOCX",
            "Calendar_SWFObjectName",
            "DisCompForJS",
            "F_BodyDiv",
            "F_KADocsPath",
            "F_KADocsTitle",
            "F_Keyword",
            "FlashPopWin",
            "FlowJoinLog_Td",
            "FlowLog_MainTable",
            "FlowLog_Table",
            "Sys_EsaField",
            "TD_ReviewNo",
            "aMore",
            "buLabel",
            "dLinks",
            "dealType",
            "dealType_",
            "if_subform",
            "isSF_Public",
            "labelTable",
            "lks_hrreview",
            "moreImg",
            "tb_",
            "timeStrFull_"
          ],
          [
            "AttachmentDiv",
            "AttachmentOCX",
            "Calendar_SWFObjectName",
            "DisCompForJS",
            "F_BodyDiv",
            "F_KADocsPath",
            "F_KADocsTitle",
            "F_Keyword",
            "FlashPopWin",
            "Sys_EsaField",
            "TD_ReviewNo",
            "aMore",
            "buLabel",
            "dLinks",
            "ifFlow",
            "if_subform",
            "isSF_Public",
            "labelTable",
            "lks_hrreview",
            "quickreview",
            "tb_"
          ],
          [
            "AttachmentDiv",
            "AttachmentOCX",
            "Calendar_SWFObjectName",
            "DisCompForJS",
            "F_BodyDiv",
            "F_KADocsPath",
            "F_KADocsTitle",
            "F_Keyword",
            "FlashPopWin",
            "FlowJoinLog_Td",
            "Sys_EsaField",
            "TD_ReviewNo",
            "aMore",
            "buLabel",
            "dLinks",
            "ifFlow",
            "if_subform",
            "isSF_Public",
            "labelTable",
            "lks_hrreview",
            "quickreview",
            "tb_"
          ],
          [
            "AttachmentDiv",
            "AttachmentOCX",
            "Calendar_SWFObjectName",
            "DisCompForJS",
            "F_BodyDiv",
            "F_KADocsPath",
            "F_KADocsTitle",
            "F_Keyword",
            "FlashPopWin",
            "Sys_EsaField",
            "TD_ReviewNo",
            "aMore",
            "buLabel",
            "dLinks",
            "ifFlow",
            "if_subform",
            "isSF_Public",
            "labelTable",
            "lks_hrreview",
            "tb_"
          ],
          [
            "AttachmentDiv",
            "AttachmentOCX",
            "Calendar_SWFObjectName",
            "DisCompForJS",
            "F_BodyDiv",
            "F_KADocsPath",
            "F_KADocsTitle",
            "FlashPopWin",
            "Sys_EsaField",
            "TD_ReviewNo",
            "buLabel",
            "dLinks",
            "ifFlow",
            "if_subform",
            "isSF_Public",
            "labelTable",
            "lks_hrreview",
            "quickreview",
            "tb_"
          ],
          [
            "AttachmentDiv",
            "AttachmentOCX",
            "Calendar_SWFObjectName",
            "DisCompForJS",
            "F_BodyDiv",
            "FlashPopWin",
            "Sys_EsaField",
            "TD_ReviewNo",
            "buLabel",
            "dLinks",
            "ifFlow",
            "if_subform",
            "isSF_Public",
            "labelTable",
            "lks_hrreview",
            "quickdelete",
            "selectNewClass",
            "setImportanceDay",
            "tb_",
            "trID"
          ],
          [
            "AttachmentDiv",
            "AttachmentOCX",
            "Calendar_SWFObjectName",
            "DisCompForJS",
            "F_BodyDiv",
            "F_KADocsPath",
            "F_KADocsTitle",
            "F_Keyword",
            "FlashPopWin",
            "FlowLog_MainTable",
            "FlowLog_Table",
            "Sys_EsaField",
            "TD_ReviewNo",
            "aMore",
            "buLabel",
            "dLinks",
            "dealType",
            "dealType_",
            "if_subform",
            "isSF_Public",
            "labelTable",
            "lks_hrreview",
            "moreImg",
            "tb_",
            "timeStrFull_"
          ],
          [
            "AttachmentDiv",
            "AttachmentOCX",
            "BtnTable",
            "Calendar_SWFObjectName",
            "F_BodyDiv",
            "F_BodyView",
            "F_KADocsPath",
            "F_KADocsTitle",
            "FlashPopWin",
            "FlashTemplate",
            "ImageAlign",
            "ImageTemplate",
            "Sys_EsaField",
            "VW_VERSION",
            "buLabel",
            "dLinks",
            "ifFlow",
            "isSF_Public",
            "labelTable",
            "lks_rules",
            "oattach",
            "spanChkAttach",
            "spanTxtAttach"
          ],
          [
            "AttachmentDiv",
            "AttachmentOCX",
            "Calendar_SWFObjectName",
            "DisCompForJS",
            "F_BodyDiv",
            "F_KADocsPath",
            "F_KADocsTitle",
            "FlashPopWin",
            "Sys_EsaField",
            "TD_ReviewNo",
            "buLabel",
            "dLinks",
            "ifFlow",
            "if_subform",
            "isSF_Public",
            "labelTable",
            "lks_hrreview",
            "quickdelete",
            "tb_"
          ],
          [
            "AttachmentDiv",
            "AttachmentOCX",
            "Calendar_SWFObjectName",
            "DisCompForJS",
            "F_BodyDiv",
            "F_BodyView",
            "F_KADocsPath",
            "F_KADocsTitle",
            "F_Keyword",
            "FlashPopWin",
            "FlashTemplate",
            "ImageAlign",
            "ImageTemplate",
            "Sys_EsaField",
            "TD_ReviewNo",
            "aMore",
            "buLabel",
            "dLinks",
            "ifFlow",
            "isSF_Public",
            "labelTable",
            "lks_hrreview",
            "quickreview",
            "tb_"
          ],
          [
            "AttachmentDiv",
            "AttachmentOCX",
            "BtnTable",
            "Calendar_SWFObjectName",
            "FSave",
            "F_KADocsPath",
            "F_KADocsTitle",
            "FlashPopWin",
            "Sys_EsaField",
            "buLabel",
            "dLinks",
            "ifFlow",
            "isSF_Public",
            "labelTable",
            "lks_archivemngnewex",
            "oattach",
            "quickreview",
            "readPeople",
            "readRec",
            "spanChkAttach",
            "spanTxtAttach",
            "spanWordObj",
            "wjFlowNo"
          ]
        ]
      }
    },
    "page/classes": {
      "contexts": {
        "context15_HgJeLK": [
          [
            "btnmenudoc",
            "labelbg",
            "labeltb",
            "tbbg",
            "tdbg",
            "trbg"
          ],
          [
            "btnmenudoc",
            "labelbg",
            "labeltb",
            "tbbg",
            "tbmenudoc",
            "tdbg",
            "trbg"
          ],
          [
            "ReviewLogPat",
            "btnmenudoc",
            "labelbg",
            "labeltb",
            "tbbg",
            "tbmenudoc",
            "tdbg",
            "trbg"
          ],
          [
            "btndoc",
            "btnmenudoc",
            "labelbg",
            "labeltb",
            "selectmenu",
            "tadoc",
            "tbbg",
            "tdbg",
            "textdocdown",
            "textdocnone",
            "trbg"
          ],
          [
            "btndoc",
            "btnmenudoc",
            "doctoptb",
            "labelbg",
            "labeltb",
            "onepxborder",
            "selectmenu",
            "tbbg",
            "tbmenudoc",
            "tdbg",
            "textdocdown",
            "trbg"
          ],
          [
            "btndoc",
            "btnmenudoc",
            "labelbg",
            "labeltb",
            "selectmenu",
            "tbbg",
            "tdbg",
            "trbg"
          ]
        ]
      }
    },
    "page/tagTriplets": {
      "contexts": {
        "context15_HgJeLK": [
          [
            "-/-/DIV",
            "-/-/FORM",
            "-/-/IFRAME",
            "-/-/OBJECT",
            "-/-/SCRIPT",
            "-/-/STYLE",
            "-/FORM/BR",
            "-/FORM/CENTER",
            "-/FORM/IFRAME",
            "-/FORM/INPUT-button",
            "-/FORM/SCRIPT",
            "-/FORM/TABLE",
            "-/OBJECT/PARAM",
            "CENTER/B/FONT",
            "FORM/CENTER/B",
            "FORM/TABLE/TBODY",
            "TABLE/TBODY/TR",
            "TBODY/TR/TD",
            "TD/A/B",
            "TD/DIV/B",
            "TD/DIV/FONT",
            "TD/DIV/INPUT-button",
            "TD/TABLE/TBODY",
            "TD/UL/BR",
            "TD/UL/FONT",
            "TD/UL/OBJECT",
            "TD/UL/P",
            "TD/UL/SCRIPT",
            "TD/UL/SPAN",
            "TD/UL/TABLE",
            "TR/TD/A",
            "TR/TD/BR",
            "TR/TD/DIV",
            "TR/TD/FONT",
            "TR/TD/IFRAME",
            "TR/TD/IMG",
            "TR/TD/INPUT-button",
            "TR/TD/INPUT-null",
            "TR/TD/SCRIPT",
            "TR/TD/SPAN",
            "TR/TD/TABLE",
            "TR/TD/TEXTAREA",
            "TR/TD/UL",
            "UL/OBJECT/PARAM",
            "UL/TABLE/TBODY"
          ],
          [
            "-/-/DIV",
            "-/-/FORM",
            "-/-/IFRAME",
            "-/-/OBJECT",
            "-/-/SCRIPT",
            "-/-/STYLE",
            "-/FORM/BR",
            "-/FORM/CENTER",
            "-/FORM/IFRAME",
            "-/FORM/INPUT-button",
            "-/FORM/SCRIPT",
            "-/FORM/TABLE",
            "-/OBJECT/PARAM",
            "CENTER/B/FONT",
            "FORM/CENTER/B",
            "FORM/TABLE/TBODY",
            "TABLE/TBODY/TR",
            "TBODY/TR/TD",
            "TD/DIV/B",
            "TD/DIV/FONT",
            "TD/DIV/INPUT-button",
            "TD/TABLE/TBODY",
            "TD/UL/BR",
            "TD/UL/FONT",
            "TD/UL/OBJECT",
            "TD/UL/P",
            "TD/UL/SCRIPT",
            "TD/UL/SPAN",
            "TD/UL/TABLE",
            "TR/TD/A",
            "TR/TD/BR",
            "TR/TD/DIV",
            "TR/TD/FONT",
            "TR/TD/IFRAME",
            "TR/TD/IMG",
            "TR/TD/INPUT-button",
            "TR/TD/INPUT-null",
            "TR/TD/SCRIPT",
            "TR/TD/SPAN",
            "TR/TD/TABLE",
            "TR/TD/TEXTAREA",
            "TR/TD/UL",
            "UL/OBJECT/PARAM",
            "UL/SPAN/TEXTAREA",
            "UL/TABLE/TBODY"
          ],
          [
            "-/-/FORM",
            "-/-/IFRAME",
            "-/-/OBJECT",
            "-/-/SCRIPT",
            "-/-/STYLE",
            "-/FORM/BR",
            "-/FORM/CENTER",
            "-/FORM/DIV",
            "-/FORM/IFRAME",
            "-/FORM/INPUT-button",
            "-/FORM/SCRIPT",
            "-/FORM/TABLE",
            "-/OBJECT/PARAM",
            "CENTER/B/FONT",
            "FORM/CENTER/B",
            "FORM/TABLE/TBODY",
            "TABLE/TBODY/TR",
            "TBODY/TR/TD",
            "TD/DIV/B",
            "TD/DIV/FONT",
            "TD/DIV/INPUT-button",
            "TD/TABLE/TBODY",
            "TD/UL/BR",
            "TD/UL/FONT",
            "TD/UL/OBJECT",
            "TD/UL/P",
            "TD/UL/SCRIPT",
            "TD/UL/SPAN",
            "TD/UL/TABLE",
            "TR/TD/A",
            "TR/TD/BR",
            "TR/TD/DIV",
            "TR/TD/FONT",
            "TR/TD/IFRAME",
            "TR/TD/IMG",
            "TR/TD/INPUT-button",
            "TR/TD/INPUT-null",
            "TR/TD/SCRIPT",
            "TR/TD/SPAN",
            "TR/TD/TABLE",
            "TR/TD/TEXTAREA",
            "TR/TD/UL",
            "UL/OBJECT/PARAM",
            "UL/SPAN/TEXTAREA",
            "UL/TABLE/TBODY"
          ],
          [
            "-/-/DIV",
            "-/-/FORM",
            "-/-/IFRAME",
            "-/-/OBJECT",
            "-/-/SCRIPT",
            "-/-/STYLE",
            "-/FORM/BR",
            "-/FORM/CENTER",
            "-/FORM/DIV",
            "-/FORM/IFRAME",
            "-/FORM/INPUT-button",
            "-/FORM/SCRIPT",
            "-/FORM/TABLE",
            "-/OBJECT/PARAM",
            "A/B/IMG",
            "CENTER/B/FONT",
            "DIV/TABLE/TBODY",
            "FORM/CENTER/B",
            "FORM/TABLE/TBODY",
            "TABLE/TBODY/TR",
            "TBODY/TR/TD",
            "TD/A/B",
            "TD/DIV/B",
            "TD/DIV/FONT",
            "TD/DIV/INPUT-button",
            "TD/DIV/TABLE",
            "TD/SPAN/B",
            "TD/SPAN/SPAN",
            "TD/TABLE/TBODY",
            "TD/UL/BR",
            "TD/UL/FONT",
            "TD/UL/OBJECT",
            "TD/UL/P",
            "TD/UL/SCRIPT",
            "TD/UL/SPAN",
            "TD/UL/TABLE",
            "TR/TD/A",
            "TR/TD/B",
            "TR/TD/BR",
            "TR/TD/DIV",
            "TR/TD/FONT",
            "TR/TD/IFRAME",
            "TR/TD/IMG",
            "TR/TD/INPUT-button",
            "TR/TD/INPUT-null",
            "TR/TD/SCRIPT",
            "TR/TD/SPAN",
            "TR/TD/TABLE",
            "TR/TD/TEXTAREA",
            "TR/TD/UL",
            "UL/OBJECT/PARAM",
            "UL/SPAN/TEXTAREA",
            "UL/TABLE/TBODY"
          ],
          [
            "-/-/DIV",
            "-/-/FORM",
            "-/-/IFRAME",
            "-/-/OBJECT",
            "-/-/SCRIPT",
            "-/-/STYLE",
            "-/FORM/BR",
            "-/FORM/CENTER",
            "-/FORM/DIV",
            "-/FORM/IFRAME",
            "-/FORM/INPUT-button",
            "-/FORM/SCRIPT",
            "-/FORM/TABLE",
            "-/OBJECT/PARAM",
            "CENTER/B/FONT",
            "FORM/CENTER/B",
            "FORM/TABLE/TBODY",
            "TABLE/TBODY/TR",
            "TBODY/TR/TD",
            "TD/A/B",
            "TD/DIV/B",
            "TD/DIV/FONT",
            "TD/DIV/INPUT-button",
            "TD/TABLE/TBODY",
            "TD/UL/BR",
            "TD/UL/FONT",
            "TD/UL/OBJECT",
            "TD/UL/P",
            "TD/UL/SCRIPT",
            "TD/UL/SPAN",
            "TD/UL/TABLE",
            "TR/TD/A",
            "TR/TD/BR",
            "TR/TD/DIV",
            "TR/TD/FONT",
            "TR/TD/IFRAME",
            "TR/TD/IMG",
            "TR/TD/INPUT-button",
            "TR/TD/INPUT-null",
            "TR/TD/SCRIPT",
            "TR/TD/SPAN",
            "TR/TD/TABLE",
            "TR/TD/TEXTAREA",
            "TR/TD/UL",
            "UL/OBJECT/PARAM",
            "UL/SPAN/TEXTAREA",
            "UL/TABLE/TBODY"
          ],
          [
            "-/-/DIV",
            "-/-/FORM",
            "-/-/IFRAME",
            "-/-/OBJECT",
            "-/-/SCRIPT",
            "-/-/STYLE",
            "-/FORM/BR",
            "-/FORM/CENTER",
            "-/FORM/DIV",
            "-/FORM/IFRAME",
            "-/FORM/INPUT-button",
            "-/FORM/SCRIPT",
            "-/FORM/TABLE",
            "-/OBJECT/PARAM",
            "B/FONT/FONT",
            "CENTER/B/FONT",
            "FONT/FONT/B",
            "FORM/CENTER/B",
            "FORM/TABLE/TBODY",
            "TABLE/TBODY/TR",
            "TBODY/TR/TD",
            "TD/A/B",
            "TD/DIV/B",
            "TD/DIV/FONT",
            "TD/DIV/INPUT-button",
            "TD/FONT/B",
            "TD/TABLE/TBODY",
            "TD/UL/BR",
            "TD/UL/FONT",
            "TD/UL/OBJECT",
            "TD/UL/P",
            "TD/UL/SCRIPT",
            "TD/UL/SPAN",
            "TD/UL/TABLE",
            "TR/TD/A",
            "TR/TD/BR",
            "TR/TD/DIV",
            "TR/TD/FONT",
            "TR/TD/IFRAME",
            "TR/TD/IMG",
            "TR/TD/INPUT-button",
            "TR/TD/INPUT-null",
            "TR/TD/SCRIPT",
            "TR/TD/SPAN",
            "TR/TD/TABLE",
            "TR/TD/TEXTAREA",
            "TR/TD/UL",
            "UL/FONT/FONT",
            "UL/OBJECT/PARAM",
            "UL/TABLE/TBODY"
          ],
          [
            "-/-/DIV",
            "-/-/FORM",
            "-/-/IFRAME",
            "-/-/OBJECT",
            "-/-/SCRIPT",
            "-/-/STYLE",
            "-/FORM/BR",
            "-/FORM/CENTER",
            "-/FORM/DIV",
            "-/FORM/IFRAME",
            "-/FORM/INPUT-button",
            "-/FORM/SCRIPT",
            "-/FORM/TABLE",
            "-/OBJECT/PARAM",
            "CENTER/B/FONT",
            "FONT/FONT/B",
            "FORM/CENTER/B",
            "FORM/TABLE/TBODY",
            "TABLE/TBODY/TR",
            "TBODY/TR/TD",
            "TD/DIV/B",
            "TD/DIV/FONT",
            "TD/DIV/INPUT-button",
            "TD/FONT/B",
            "TD/TABLE/TBODY",
            "TD/UL/BR",
            "TD/UL/FONT",
            "TD/UL/OBJECT",
            "TD/UL/P",
            "TD/UL/SCRIPT",
            "TD/UL/SPAN",
            "TD/UL/TABLE",
            "TR/TD/A",
            "TR/TD/BR",
            "TR/TD/DIV",
            "TR/TD/FONT",
            "TR/TD/IFRAME",
            "TR/TD/IMG",
            "TR/TD/INPUT-button",
            "TR/TD/INPUT-null",
            "TR/TD/SCRIPT",
            "TR/TD/SPAN",
            "TR/TD/TABLE",
            "TR/TD/TEXTAREA",
            "TR/TD/UL",
            "UL/FONT/FONT",
            "UL/OBJECT/PARAM",
            "UL/SPAN/TEXTAREA",
            "UL/TABLE/TBODY"
          ],
          [
            "-/-/DIV",
            "-/-/FORM",
            "-/-/IFRAME",
            "-/-/OBJECT",
            "-/-/SCRIPT",
            "-/-/STYLE",
            "-/FORM/BR",
            "-/FORM/CENTER",
            "-/FORM/DIV",
            "-/FORM/IFRAME",
            "-/FORM/INPUT-button",
            "-/FORM/SCRIPT",
            "-/FORM/TABLE",
            "-/OBJECT/PARAM",
            "CENTER/B/FONT",
            "FORM/CENTER/B",
            "FORM/TABLE/TBODY",
            "TABLE/TBODY/TR",
            "TBODY/TR/TD",
            "TD/A/B",
            "TD/DIV/B",
            "TD/DIV/FONT",
            "TD/DIV/INPUT-button",
            "TD/TABLE/TBODY",
            "TD/UL/BR",
            "TD/UL/FONT",
            "TD/UL/OBJECT",
            "TD/UL/P",
            "TD/UL/SCRIPT",
            "TD/UL/SPAN",
            "TD/UL/TABLE",
            "TR/TD/A",
            "TR/TD/BR",
            "TR/TD/DIV",
            "TR/TD/FONT",
            "TR/TD/IFRAME",
            "TR/TD/IMG",
            "TR/TD/INPUT-button",
            "TR/TD/INPUT-null",
            "TR/TD/SCRIPT",
            "TR/TD/SPAN",
            "TR/TD/TABLE",
            "TR/TD/TEXTAREA",
            "TR/TD/UL",
            "UL/OBJECT/PARAM",
            "UL/TABLE/TBODY"
          ],
          [
            "-/-/DIV",
            "-/-/FORM",
            "-/-/IFRAME",
            "-/-/OBJECT",
            "-/-/SCRIPT",
            "-/-/STYLE",
            "-/FORM/BR",
            "-/FORM/CENTER",
            "-/FORM/DIV",
            "-/FORM/IFRAME",
            "-/FORM/INPUT-button",
            "-/FORM/SCRIPT",
            "-/FORM/TABLE",
            "-/OBJECT/PARAM",
            "CENTER/B/FONT",
            "FORM/CENTER/B",
            "FORM/TABLE/TBODY",
            "TABLE/TBODY/TR",
            "TBODY/TR/TD",
            "TD/DIV/B",
            "TD/DIV/FONT",
            "TD/DIV/INPUT-button",
            "TD/TABLE/TBODY",
            "TD/UL/BR",
            "TD/UL/FONT",
            "TD/UL/OBJECT",
            "TD/UL/P",
            "TD/UL/SCRIPT",
            "TD/UL/SPAN",
            "TD/UL/TABLE",
            "TR/TD/A",
            "TR/TD/BR",
            "TR/TD/DIV",
            "TR/TD/FONT",
            "TR/TD/IFRAME",
            "TR/TD/IMG",
            "TR/TD/INPUT-button",
            "TR/TD/INPUT-null",
            "TR/TD/SCRIPT",
            "TR/TD/SPAN",
            "TR/TD/TABLE",
            "TR/TD/TEXTAREA",
            "TR/TD/UL",
            "UL/OBJECT/PARAM",
            "UL/TABLE/TBODY"
          ],
          [
            "-/-/FORM",
            "-/-/IFRAME",
            "-/-/OBJECT",
            "-/-/SCRIPT",
            "-/-/STYLE",
            "-/FORM/BR",
            "-/FORM/CENTER",
            "-/FORM/DIV",
            "-/FORM/IFRAME",
            "-/FORM/INPUT-button",
            "-/FORM/SCRIPT",
            "-/FORM/TABLE",
            "-/OBJECT/PARAM",
            "CENTER/B/FONT",
            "FORM/CENTER/B",
            "FORM/TABLE/TBODY",
            "TABLE/TBODY/TR",
            "TBODY/TR/TD",
            "TD/DIV/B",
            "TD/DIV/FONT",
            "TD/DIV/INPUT-button",
            "TD/TABLE/TBODY",
            "TD/UL/BR",
            "TD/UL/FONT",
            "TD/UL/OBJECT",
            "TD/UL/P",
            "TD/UL/SCRIPT",
            "TD/UL/SPAN",
            "TD/UL/TABLE",
            "TR/TD/A",
            "TR/TD/BR",
            "TR/TD/DIV",
            "TR/TD/FONT",
            "TR/TD/IFRAME",
            "TR/TD/IMG",
            "TR/TD/INPUT-button",
            "TR/TD/INPUT-null",
            "TR/TD/SCRIPT",
            "TR/TD/SPAN",
            "TR/TD/TABLE",
            "TR/TD/TEXTAREA",
            "TR/TD/UL",
            "UL/OBJECT/PARAM",
            "UL/TABLE/TBODY"
          ],
          [
            "-/-/FORM",
            "-/-/IFRAME",
            "-/-/OBJECT",
            "-/-/SCRIPT",
            "-/-/STYLE",
            "-/FORM/BR",
            "-/FORM/CENTER",
            "-/FORM/DIV",
            "-/FORM/IFRAME",
            "-/FORM/INPUT-button",
            "-/FORM/SCRIPT",
            "-/FORM/TABLE",
            "-/OBJECT/PARAM",
            "CENTER/B/FONT",
            "FORM/CENTER/B",
            "FORM/TABLE/TBODY",
            "TABLE/TBODY/TR",
            "TBODY/TR/TD",
            "TD/DIV/B",
            "TD/DIV/FONT",
            "TD/DIV/INPUT-button",
            "TD/TABLE/TBODY",
            "TD/UL/BR",
            "TD/UL/FONT",
            "TD/UL/OBJECT",
            "TD/UL/P",
            "TD/UL/SCRIPT",
            "TD/UL/SPAN",
            "TD/UL/TABLE",
            "TR/TD/BR",
            "TR/TD/DIV",
            "TR/TD/FONT",
            "TR/TD/IFRAME",
            "TR/TD/IMG",
            "TR/TD/INPUT-button",
            "TR/TD/INPUT-null",
            "TR/TD/SCRIPT",
            "TR/TD/SPAN",
            "TR/TD/TABLE",
            "TR/TD/TEXTAREA",
            "TR/TD/UL",
            "UL/OBJECT/PARAM",
            "UL/SPAN/TEXTAREA",
            "UL/TABLE/TBODY"
          ],
          [
            "-/-/FORM",
            "-/-/IFRAME",
            "-/-/OBJECT",
            "-/-/SCRIPT",
            "-/-/STYLE",
            "-/FORM/BR",
            "-/FORM/CENTER",
            "-/FORM/DIV",
            "-/FORM/IFRAME",
            "-/FORM/INPUT-button",
            "-/FORM/SCRIPT",
            "-/FORM/TABLE",
            "-/OBJECT/PARAM",
            "CENTER/B/FONT",
            "FORM/CENTER/B",
            "FORM/TABLE/TBODY",
            "TABLE/TBODY/TR",
            "TBODY/TR/TD",
            "TD/DIV/B",
            "TD/DIV/FONT",
            "TD/DIV/INPUT-button",
            "TD/TABLE/TBODY",
            "TD/UL/BR",
            "TD/UL/FONT",
            "TD/UL/OBJECT",
            "TD/UL/P",
            "TD/UL/SCRIPT",
            "TD/UL/SPAN",
            "TD/UL/TABLE",
            "TR/TD/B",
            "TR/TD/BR",
            "TR/TD/DIV",
            "TR/TD/FONT",
            "TR/TD/IFRAME",
            "TR/TD/IMG",
            "TR/TD/INPUT-button",
            "TR/TD/INPUT-null",
            "TR/TD/SCRIPT",
            "TR/TD/SPAN",
            "TR/TD/TABLE",
            "TR/TD/TEXTAREA",
            "TR/TD/UL",
            "UL/OBJECT/PARAM",
            "UL/SPAN/TEXTAREA",
            "UL/TABLE/TBODY"
          ],
          [
            "-/-/DIV",
            "-/-/FORM",
            "-/-/IFRAME",
            "-/-/OBJECT",
            "-/-/SCRIPT",
            "-/-/STYLE",
            "-/FORM/BR",
            "-/FORM/CENTER",
            "-/FORM/DIV",
            "-/FORM/IFRAME",
            "-/FORM/INPUT-button",
            "-/FORM/INPUT-hidden",
            "-/FORM/SCRIPT",
            "-/FORM/TABLE",
            "-/OBJECT/PARAM",
            "CENTER/B/FONT",
            "DIV/FONT/BR",
            "FORM/CENTER/B",
            "FORM/TABLE/TBODY",
            "TABLE/TBODY/TR",
            "TBODY/TR/TD",
            "TD/A/B",
            "TD/B/FONT",
            "TD/DIV/B",
            "TD/DIV/FONT",
            "TD/DIV/INPUT-button",
            "TD/FONT/INPUT-null",
            "TD/FONT/TEXTAREA",
            "TD/SELECT/OPTION",
            "TD/SPAN/BR",
            "TD/SPAN/INPUT-checkbox",
            "TD/SPAN/INPUT-hidden",
            "TD/SPAN/INPUT-null",
            "TD/SPAN/TEXTAREA",
            "TD/TABLE/TBODY",
            "TD/UL/BR",
            "TD/UL/FONT",
            "TD/UL/INPUT-null",
            "TD/UL/OBJECT",
            "TD/UL/P",
            "TD/UL/SCRIPT",
            "TD/UL/SPAN",
            "TD/UL/TABLE",
            "TR/TD/A",
            "TR/TD/B",
            "TR/TD/BR",
            "TR/TD/DIV",
            "TR/TD/FONT",
            "TR/TD/HR",
            "TR/TD/IFRAME",
            "TR/TD/IMG",
            "TR/TD/INPUT-button",
            "TR/TD/INPUT-checkbox",
            "TR/TD/INPUT-hidden",
            "TR/TD/INPUT-null",
            "TR/TD/INPUT-radio",
            "TR/TD/SCRIPT",
            "TR/TD/SELECT",
            "TR/TD/SPAN",
            "TR/TD/TABLE",
            "TR/TD/TEXTAREA",
            "TR/TD/UL",
            "UL/OBJECT/PARAM",
            "UL/SPAN/TEXTAREA",
            "UL/TABLE/TBODY"
          ],
          [
            "-/-/DIV",
            "-/-/FORM",
            "-/-/IFRAME",
            "-/-/OBJECT",
            "-/-/SCRIPT",
            "-/-/STYLE",
            "-/FORM/BR",
            "-/FORM/CENTER",
            "-/FORM/DIV",
            "-/FORM/IFRAME",
            "-/FORM/INPUT-button",
            "-/FORM/SCRIPT",
            "-/FORM/TABLE",
            "-/OBJECT/PARAM",
            "A/B/IMG",
            "CENTER/B/FONT",
            "DIV/TABLE/TBODY",
            "FORM/CENTER/B",
            "FORM/TABLE/TBODY",
            "TABLE/TBODY/TR",
            "TBODY/TR/TD",
            "TD/A/B",
            "TD/DIV/B",
            "TD/DIV/FONT",
            "TD/DIV/INPUT-button",
            "TD/DIV/TABLE",
            "TD/SPAN/B",
            "TD/SPAN/BR",
            "TD/SPAN/SPAN",
            "TD/TABLE/TBODY",
            "TD/UL/BR",
            "TD/UL/FONT",
            "TD/UL/OBJECT",
            "TD/UL/P",
            "TD/UL/SCRIPT",
            "TD/UL/SPAN",
            "TD/UL/TABLE",
            "TR/TD/A",
            "TR/TD/B",
            "TR/TD/BR",
            "TR/TD/DIV",
            "TR/TD/FONT",
            "TR/TD/IFRAME",
            "TR/TD/IMG",
            "TR/TD/INPUT-button",
            "TR/TD/INPUT-null",
            "TR/TD/SCRIPT",
            "TR/TD/SPAN",
            "TR/TD/TABLE",
            "TR/TD/TEXTAREA",
            "TR/TD/UL",
            "UL/OBJECT/PARAM",
            "UL/SPAN/TEXTAREA",
            "UL/TABLE/TBODY"
          ],
          [
            "-/-/DIV",
            "-/-/FORM",
            "-/-/IFRAME",
            "-/-/OBJECT",
            "-/-/SCRIPT",
            "-/-/STYLE",
            "-/FORM/P",
            "-/FORM/TABLE",
            "-/OBJECT/PARAM",
            "DIV/A/IMG",
            "DIV/TABLE/TBODY",
            "FORM/P/BR",
            "FORM/P/DIV",
            "FORM/P/IFRAME",
            "FORM/P/TABLE",
            "FORM/TABLE/TBODY",
            "P/SPAN/INPUT-button",
            "P/TABLE/TBODY",
            "TABLE/TBODY/TR",
            "TBODY/TR/TD",
            "TD/B/FONT",
            "TD/DIV/A",
            "TD/DIV/BR",
            "TD/DIV/FONT",
            "TD/DIV/INPUT-button",
            "TD/DIV/TABLE",
            "TD/FONT/A",
            "TD/FONT/BR",
            "TD/FONT/SPAN",
            "TD/OBJECT/PARAM",
            "TD/P/BR",
            "TD/P/INPUT-button",
            "TD/P/SPAN",
            "TD/SELECT/OPTION",
            "TD/SPAN/TEXTAREA",
            "TD/TABLE/TBODY",
            "TR/TD/B",
            "TR/TD/BR",
            "TR/TD/DIV",
            "TR/TD/FONT",
            "TR/TD/IFRAME",
            "TR/TD/IMG",
            "TR/TD/INPUT-button",
            "TR/TD/INPUT-checkbox",
            "TR/TD/INPUT-hidden",
            "TR/TD/INPUT-null",
            "TR/TD/INPUT-text",
            "TR/TD/OBJECT",
            "TR/TD/P",
            "TR/TD/SCRIPT",
            "TR/TD/SELECT",
            "TR/TD/SPAN",
            "TR/TD/STYLE",
            "TR/TD/TABLE",
            "TR/TD/TEXTAREA"
          ],
          [
            "-/-/FORM",
            "-/-/IFRAME",
            "-/-/LINK",
            "-/-/OBJECT",
            "-/-/SCRIPT",
            "-/-/STYLE",
            "-/FORM/BR",
            "-/FORM/CENTER",
            "-/FORM/DIV",
            "-/FORM/IFRAME",
            "-/FORM/INPUT-button",
            "-/FORM/SCRIPT",
            "-/FORM/TABLE",
            "-/OBJECT/PARAM",
            "CENTER/B/FONT",
            "DIV/TABLE/TBODY",
            "DIV/UL/FONT",
            "FONT/FONT/B",
            "FORM/CENTER/B",
            "FORM/TABLE/TBODY",
            "TABLE/TBODY/TR",
            "TBODY/TR/TD",
            "TD/DIV/B",
            "TD/DIV/FONT",
            "TD/DIV/INPUT-button",
            "TD/DIV/TABLE",
            "TD/DIV/UL",
            "TD/FONT/A",
            "TD/FONT/B",
            "TD/FONT/BR",
            "TD/FONT/FONT",
            "TD/FONT/SPAN",
            "TD/SELECT/OPTION",
            "TD/SPAN/INPUT-button",
            "TD/TABLE/TBODY",
            "TD/UL/BR",
            "TD/UL/FONT",
            "TD/UL/OBJECT",
            "TD/UL/P",
            "TD/UL/SCRIPT",
            "TD/UL/SPAN",
            "TD/UL/TABLE",
            "TR/TD/A",
            "TR/TD/BR",
            "TR/TD/DIV",
            "TR/TD/FONT",
            "TR/TD/IFRAME",
            "TR/TD/IMG",
            "TR/TD/INPUT-button",
            "TR/TD/INPUT-null",
            "TR/TD/P",
            "TR/TD/SCRIPT",
            "TR/TD/SELECT",
            "TR/TD/SPAN",
            "TR/TD/TABLE",
            "TR/TD/TEXTAREA",
            "TR/TD/UL",
            "UL/FONT/FONT",
            "UL/OBJECT/PARAM",
            "UL/SPAN/TEXTAREA",
            "UL/TABLE/TBODY"
          ],
          [
            "-/-/FORM",
            "-/-/IFRAME",
            "-/-/LINK",
            "-/-/OBJECT",
            "-/-/SCRIPT",
            "-/FORM/BR",
            "-/FORM/DIV",
            "-/FORM/IFRAME",
            "-/FORM/SCRIPT",
            "-/FORM/TABLE",
            "-/OBJECT/PARAM",
            "DIV/B/FONT",
            "DIV/TABLE/TBODY",
            "FONT/FONT/B",
            "FORM/DIV/B",
            "FORM/TABLE/TBODY",
            "TABLE/TBODY/TR",
            "TBODY/TR/TD",
            "TD/B/FONT",
            "TD/DIV/B",
            "TD/DIV/FONT",
            "TD/DIV/INPUT-button",
            "TD/DIV/TABLE",
            "TD/FONT/A",
            "TD/FONT/B",
            "TD/FONT/BR",
            "TD/FONT/FONT",
            "TD/OBJECT/PARAM",
            "TD/P/BR",
            "TD/P/INPUT-button",
            "TD/P/SCRIPT",
            "TD/SPAN/TEXTAREA",
            "TD/TABLE/TBODY",
            "TD/UL/TABLE",
            "TR/TD/A",
            "TR/TD/B",
            "TR/TD/BR",
            "TR/TD/DIV",
            "TR/TD/FONT",
            "TR/TD/IFRAME",
            "TR/TD/IMG",
            "TR/TD/INPUT-button",
            "TR/TD/INPUT-checkbox",
            "TR/TD/INPUT-null",
            "TR/TD/OBJECT",
            "TR/TD/P",
            "TR/TD/SCRIPT",
            "TR/TD/SPAN",
            "TR/TD/TABLE",
            "TR/TD/TEXTAREA",
            "TR/TD/UL",
            "UL/TABLE/TBODY"
          ]
        ]
      }
    }
  }
}