{
  "version": "0.1",
  "id": "search",
  "targetURL": "http://oa.sec.com.cn/lks/koa/lks_moasearch.nsf/search?openframeset",
  "jsFile": "index.js",
  "requires": {
    "choosePeople": "../choosePeople/index.json",
    "lks_workcommunicate": "../lks_workcommunicate/index.json",
    "lks_tasks": "../lks_tasks/index.json",
    "lks_hrreview": "../lks_hrreview/index.json",
    "lks_archivemngnewex": "../lks_archivemngnewex/index.json",
    "lks-filemng": "../lks-filemng/index.json",
    "lks_financeflowreview": "../lks_financeflowreview/index.json",
    "lks_zhaotoubiao": "../lks_zhaotoubiao/index.json",
    "lks_plflowreview": "../lks_plflowreview/index.json",
    "lks_bargaincollection": "../lks_bargaincollection/index.json",
    "lks_rules": "../lks_rules/index.json",
    "lks_review": "../lks_review/index.json",
    "lks_news": "../lks_news/index.json"
  },
  "chineseName": "搜索",
  "description": "",
  "firstPaintEnable": false,
  "controls": {
    "control87_nb79AD": {
      "location": {
        "data": {
          "tagName": "DIV"
        },
        "userData": {
          "data": [],
          "force": false
        },
        "locators": [
          {
            "id": "@id/word",
            "prob": 4,
            "value": [
              "descendant::DIV[@id=\"searchIndex_div\"]//DIV[@id=\"containerdiv\"]//DIV[@id=\"searchinput\"]",
              "descendant::DIV[@id=\"containerdiv\"]//DIV[@id=\"searchinput\"]",
              "descendant::DIV[@id=\"searchinput\"]"
            ]
          },
          {
            "id": "@class/word",
            "prob": 1,
            "ordinal": [
              0,
              3
            ],
            "value": "DIV.containerdiv_Size1 DIV.rounddiv.searchinput_IE6.searchinput_Size1"
          },
          {
            "id": "path/ordinal",
            "prob": 1,
            "value": "/HTML[1]/BODY[1]/FORM[1]/DIV[2]/DIV[1]/DIV[11]"
          }
        ]
      },
      "events": {
        "onGetData": "getData_control87_nb79AD"
      },
      "intendedRole": "custom",
      "roles": "element,custom",
      "monitored": false,
      "frameXPath": "//frame[contains(@name,'frame')]<<IFRAME>>",
      "componentType": "custom"
    },
    "control231_Fo1JNV": {
      "location": {
        "data": {
          "tagName": "DIV"
        },
        "userData": {
          "data": [],
          "force": false
        },
        "locators": [
          {
            "id": "@id/word",
            "prob": 4,
            "value": [
              "descendant::DIV[@id=\"searchIndex_div\"]//DIV[@id=\"containerdiv\"]//DIV[@id=\"searchinput\"]",
              "descendant::DIV[@id=\"containerdiv\"]//DIV[@id=\"searchinput\"]",
              "descendant::DIV[@id=\"searchinput\"]"
            ]
          },
          {
            "id": "@class/word",
            "prob": 1,
            "ordinal": [
              0,
              3
            ],
            "value": "DIV.containerdiv_Size1 DIV.rounddiv.searchinput_IE6.searchinput_Size1"
          },
          {
            "id": "path/ordinal",
            "prob": 1,
            "value": "/HTML[1]/BODY[1]/FORM[1]/DIV[2]/DIV[1]/DIV[11]"
          }
        ]
      },
      "events": {
        "onGetData": "getData_control231_Fo1JNV"
      },
      "intendedRole": "custom",
      "roles": "element,custom",
      "monitored": true,
      "frameXPath": "//frame[contains(@name,'frame')]<<IFRAME>>",
      "componentType": "custom"
    },
    "control233_f7TnqO": {
      "location": {
        "data": {
          "tagName": "TBODY"
        },
        "userData": {
          "data": [],
          "force": false
        },
        "locators": [
          {
            "id": "@id/word",
            "prob": 2,
            "value": [
              "descendant::DIV[@id=\"searchIndex_div\"]//DIV[@id=\"containerdiv\"]//DIV[@id=\"searchScope\"]/TABLE[2]/TBODY[1]",
              "descendant::DIV[@id=\"searchIndex_div\"]//DIV[@id=\"containerdiv\"]//DIV[@id=\"searchScope\"]//TBODY",
              "descendant::DIV[@id=\"containerdiv\"]//DIV[@id=\"searchScope\"]//TBODY",
              "descendant::DIV[@id=\"searchScope\"]//TBODY"
            ]
          },
          {
            "id": "@class/word",
            "prob": 1,
            "ordinal": [
              1,
              12
            ],
            "value": "DIV.containerdiv_Size1 DIV.searchScope_Size1 TABLE TBODY"
          },
          {
            "id": "path/ordinal",
            "prob": 1,
            "value": "/HTML[1]/BODY[1]/FORM[1]/DIV[2]/DIV[1]/DIV[13]/TABLE[2]/TBODY[1]"
          }
        ]
      },
      "events": {
        "onGetData": "getData_control233_f7TnqO"
      },
      "intendedRole": "custom",
      "roles": "element,custom",
      "monitored": true,
      "frameXPath": "//frame[contains(@name,'frame')]<<IFRAME>>",
      "componentType": "custom"
    },
    "control235_6huuff": {
      "location": {
        "data": {
          "tagName": "DIV"
        },
        "userData": {
          "data": [],
          "force": false
        },
        "locators": [
          {
            "id": "@id/word",
            "prob": 3,
            "value": "descendant::DIV[@id=\"searchResult_div\"]"
          },
          {
            "id": "path/ordinal",
            "prob": 1,
            "value": "/HTML[1]/BODY[1]/FORM[1]/DIV[3]"
          }
        ]
      },
      "events": {
        "onGetData": "getData_control235_6huuff"
      },
      "intendedRole": "custom",
      "roles": "element,custom",
      "monitored": true,
      "frameXPath": "//frame[contains(@name,'frame')]<<IFRAME>>",
      "componentType": "custom"
    }
  },
  "contexts": {
    "context32_bcu8sS": {
      "controls": [
        "control87_nb79AD",
        "control231_Fo1JNV",
        "control233_f7TnqO",
        "control235_6huuff"
      ],
      "anchors": [],
      "urlAnchor": [
        ".*lks_.*search\\.nsf\\/search\\?openframeset"
      ]
    }
  },
  "flows": {
    "flow157_hkghrM": {
      "toContexts": [
        {
          "toContextId": "context32_bcu8sS"
        }
      ]
    },
    "flow158_S2LPqq": {
      "fromContextId": "context32_bcu8sS",
      "fromAction": "doAction",
      "fromControlId": "control231_Fo1JNV",
      "toContexts": [
        {
          "toContextId": "context32_bcu8sS"
        }
      ]
    },
    "flow162_xLmrBP": {
      "fromContextId": "context32_bcu8sS",
      "fromAction": "doAction",
      "fromControlId": "control233_f7TnqO",
      "toContexts": [
        {
          "toContextId": "context32_bcu8sS"
        }
      ]
    },
    "flow159_EiOsZJ": {
      "fromContextId": "context32_bcu8sS",
      "fromAction": "doAction",
      "fromControlId": "control235_6huuff",
      "toContexts": [
        {
          "toContextId": "context32_bcu8sS",
          "toModelId": "search"
        },
        {
          "toContextId": "context6_m0MbOe",
          "toModelId": "choosePeople"
        },
        {
          "toContextId": "context34_cpOru2",
          "toModelId": "lks_workcommunicate"
        },
        {
          "toContextId": "context32_bcu8sS"
        },
        {
          "toContextId": "context1_uBcbtH",
          "toModelId": "lks_tasks"
        },
        {
          "toContextId": "context15_HgJeLK",
          "toModelId": "lks_hrreview"
        },
        {
          "toContextId": "context5_3qQbFO",
          "toModelId": "lks_archivemngnewex"
        },
        {
          "toContextId": "context14_TiC1dV",
          "toModelId": "lks-filemng"
        },
        {
          "toContextId": "context11_DdpfNi",
          "toModelId": "lks_financeflowreview"
        },
        {
          "toContextId": "context34_I9qaXK",
          "toModelId": "lks_zhaotoubiao"
        },
        {
          "toContextId": "context13_k04Crz",
          "toModelId": "lks_plflowreview"
        },
        {
          "toContextId": "context33_J5eXTh",
          "toModelId": "lks_bargaincollection"
        },
        {
          "toContextId": "context4_nBTnvD",
          "toModelId": "lks_rules"
        },
        {
          "toContextId": "context0_2puPsG",
          "toModelId": "lks_review"
        },
        {
          "toContextId": "context24_t9JPlV",
          "toModelId": "lks_news"
        }
      ]
    }
  },
  "pages": {
    "page32_iuvwKy": {
      "contextId": "context32_bcu8sS",
      "layout": [
        {
          "id": "uiControl255_EctrpQ",
          "controlId": "control235_6huuff",
          "display": {
            "adapterId": "custom",
            "type": "custom",
            "adapter": {
              "templateType": "react",
              "events": {
                "onDoAction": "doAction_uiControl255_EctrpQ",
                "onGetTemplate": "getTemplate_uiControl255_EctrpQ"
              }
            }
          }
        },
        {
          "id": "uiControl247_opk7Lf",
          "controlId": "control87_nb79AD",
          "display": {
            "adapterId": "custom",
            "type": "custom",
            "adapter": {
              "templateType": "react",
              "events": {
                "onDoAction": "doAction_uiControl247_opk7Lf",
                "onGetTemplate": "getTemplate_uiControl247_opk7Lf"
              }
            }
          }
        },
        {
          "id": "uiControl248_fq13PJ",
          "controlId": "control231_Fo1JNV",
          "display": {
            "adapterId": "custom",
            "type": "custom",
            "adapter": {
              "templateType": "react",
              "events": {
                "onDoAction": "doAction_uiControl248_fq13PJ",
                "onGetTemplate": "getTemplate_uiControl248_fq13PJ"
              }
            }
          }
        },
        {
          "id": "uiControl105_1TTZPg",
          "display": {
            "type": "card",
            "adapterId": "card",
            "adapter": {
              "templateType": ""
            }
          },
          "layout": [
            {
              "id": "uiControl105_1TTZPgheader",
              "display": {
                "type": "cardHeader",
                "text": "",
                "adapterId": "cardHeader",
                "adapter": {
                  "templateType": ""
                }
              },
              "layout": []
            },
            {
              "id": "uiControl105_1TTZPgbody",
              "display": {
                "type": "cardBody",
                "adapterId": "cardBody",
                "adapter": {
                  "templateType": ""
                }
              },
              "layout": [
                {
                  "id": "uiControl250_FgDIVX",
                  "controlId": "control233_f7TnqO",
                  "display": {
                    "adapterId": "custom",
                    "type": "custom",
                    "adapter": {
                      "templateType": "react",
                      "events": {
                        "onDoAction": "doAction_uiControl250_FgDIVX",
                        "onGetTemplate": "getTemplate_uiControl250_FgDIVX"
                      }
                    }
                  }
                }
              ]
            },
            {
              "id": "uiControl105_1TTZPgfooter",
              "display": {
                "type": "cardFooter",
                "adapterId": "cardFooter",
                "adapter": {
                  "templateType": ""
                }
              },
              "layout": []
            }
          ]
        }
      ]
    }
  },
  "matchers": {
    "page/title": {
      "contexts": {
        "context32_bcu8sS": [
          "_多库搜索系统",
          "请登录深圳能源OA系统",
          "",
          "深圳能源集团OA系统_多库搜索系统",
          "深圳能源集团OA系统_工作沟通_移动办公内部沟通测试3",
          "深圳能源集团OA系统_流程管理_跨域OAC1-xxjs测试流程"
        ]
      }
    },
    "page/urls": {
      "contexts": {
        "context32_bcu8sS": [
          "oa.sec.com.cn/lks/koa/lks_moasearch.nsf/search?openframeset",
          "text/html,chromewebdata",
          "oac1.sec.com.cn/lks/koa.xxjs/lks_muldbsearch.nsf/search?openframeset",
          "oac1.sec.com.cn/lks/koa.xxjs/lks_workcommunicate.nsf/0/BC14C825E61F6BBF482583200030FFA9?opendocument&Highlight=%E6%B5%8B%E8%AF%95",
          "oac1.sec.com.cn/lks/koa.xxjs/lks_review.nsf/0/034AA25DE335A3E8482582E2000E385B?opendocument&Highlight=%E6%B5%8B%E8%AF%95"
        ]
      }
    },
    "page/ids": {
      "contexts": {
        "context32_bcu8sS": [
          [],
          [
            "loaddata_div",
            "mainTable",
            "unauthor",
            "xtts"
          ],
          [
            "AttachmentDiv",
            "AttachmentOCX",
            "Calendar_SWFObjectName",
            "F_KADocsPath",
            "F_KADocsTitle",
            "FlashPopWin",
            "Sys_EsaField",
            "VW_REVIEW",
            "buLabel",
            "dLinks",
            "labelTable",
            "reply"
          ],
          [
            "AttachmentDiv",
            "AttachmentOCX",
            "BtnTable",
            "Calendar_SWFObjectName",
            "F_BodyDiv",
            "F_KADocsPath",
            "F_KADocsTitle",
            "F_Keyword",
            "FlashPopWin",
            "Sys_EsaField",
            "TD_ReviewNo",
            "aMore",
            "buLabel",
            "dLinks",
            "ifFlow",
            "if_subform",
            "isSF_Public",
            "labelTable",
            "lks_review",
            "tb_"
          ]
        ]
      }
    },
    "page/classes": {
      "contexts": {
        "context32_bcu8sS": [
          [],
          [
            "field"
          ],
          [
            "btnmenudoc",
            "doctoptb",
            "labelbg",
            "labeltb",
            "tbbg",
            "tbmenudoc",
            "tdbg",
            "trbg"
          ],
          [
            "btnmenudoc",
            "labelbg",
            "labeltb",
            "tbbg",
            "tbmenudoc",
            "tdbg",
            "trbg"
          ]
        ]
      }
    },
    "page/tagTriplets": {
      "contexts": {
        "context32_bcu8sS": [
          [
            "-/-/FRAME"
          ],
          [
            "-/-/FORM",
            "-/-/SCRIPT",
            "-/FORM/DIV",
            "-/FORM/INPUT-hidden",
            "-/FORM/INPUT-null",
            "-/FORM/SCRIPT",
            "-/FORM/STYLE",
            "-/FORM/TABLE",
            "DIV/FONT/B",
            "FORM/DIV/FONT",
            "FORM/DIV/IMG",
            "FORM/TABLE/TBODY",
            "TABLE/TBODY/TR",
            "TBODY/TR/TD",
            "TD/TABLE/TBODY",
            "TR/TD/BR",
            "TR/TD/IMG",
            "TR/TD/INPUT-checkbox",
            "TR/TD/INPUT-hidden",
            "TR/TD/INPUT-null",
            "TR/TD/INPUT-password",
            "TR/TD/INPUT-submit",
            "TR/TD/SPAN",
            "TR/TD/TABLE"
          ],
          [],
          [
            "-/-/FORM",
            "-/-/IFRAME",
            "-/-/LINK",
            "-/-/OBJECT",
            "-/-/SCRIPT",
            "-/-/STYLE",
            "-/FORM/BR",
            "-/FORM/CENTER",
            "-/FORM/TABLE",
            "-/OBJECT/PARAM",
            "CENTER/DIV/B",
            "CENTER/DIV/BR",
            "CENTER/DIV/FONT",
            "CENTER/TABLE/TBODY",
            "DIV/B/FONT",
            "FONT/FONT/B",
            "FORM/CENTER/BR",
            "FORM/CENTER/DIV",
            "FORM/CENTER/TABLE",
            "FORM/TABLE/TBODY",
            "P/B/FONT",
            "P/OBJECT/PARAM",
            "P/TABLE/TBODY",
            "TABLE/TBODY/TR",
            "TBODY/TR/TD",
            "TD/A/FONT",
            "TD/CENTER/TABLE",
            "TD/DIV/B",
            "TD/DIV/INPUT-button",
            "TD/FONT/B",
            "TD/FONT/FONT",
            "TD/P/B",
            "TD/P/BR",
            "TD/P/FONT",
            "TD/P/INPUT-button",
            "TD/P/OBJECT",
            "TD/P/SCRIPT",
            "TD/P/TABLE",
            "TD/SPAN/TEXTAREA",
            "TD/TABLE/TBODY",
            "TR/TD/A",
            "TR/TD/BR",
            "TR/TD/CENTER",
            "TR/TD/DIV",
            "TR/TD/FONT",
            "TR/TD/IMG",
            "TR/TD/INPUT-button",
            "TR/TD/INPUT-checkbox",
            "TR/TD/INPUT-null",
            "TR/TD/P",
            "TR/TD/SCRIPT",
            "TR/TD/SPAN",
            "TR/TD/TABLE",
            "TR/TD/TEXTAREA",
            "TR/TD/UL"
          ],
          [
            "-/-/DIV",
            "-/-/FORM",
            "-/-/IFRAME",
            "-/-/OBJECT",
            "-/-/SCRIPT",
            "-/-/STYLE",
            "-/FORM/BR",
            "-/FORM/CENTER",
            "-/FORM/DIV",
            "-/FORM/IFRAME",
            "-/FORM/INPUT-button",
            "-/FORM/SCRIPT",
            "-/FORM/TABLE",
            "-/OBJECT/PARAM",
            "CENTER/B/FONT",
            "FONT/FONT/B",
            "FORM/CENTER/B",
            "FORM/TABLE/TBODY",
            "TABLE/TBODY/TR",
            "TBODY/TR/TD",
            "TD/B/FONT",
            "TD/DIV/B",
            "TD/DIV/FONT",
            "TD/DIV/INPUT-button",
            "TD/FONT/B",
            "TD/P/BR",
            "TD/P/INPUT-button",
            "TD/TABLE/TBODY",
            "TD/UL/BR",
            "TD/UL/FONT",
            "TD/UL/OBJECT",
            "TD/UL/P",
            "TD/UL/SCRIPT",
            "TD/UL/SPAN",
            "TD/UL/TABLE",
            "TR/TD/A",
            "TR/TD/B",
            "TR/TD/BR",
            "TR/TD/DIV",
            "TR/TD/FONT",
            "TR/TD/IFRAME",
            "TR/TD/IMG",
            "TR/TD/INPUT-button",
            "TR/TD/INPUT-hidden",
            "TR/TD/INPUT-null",
            "TR/TD/P",
            "TR/TD/SCRIPT",
            "TR/TD/SPAN",
            "TR/TD/TABLE",
            "TR/TD/TEXTAREA",
            "TR/TD/UL",
            "UL/FONT/FONT",
            "UL/OBJECT/PARAM",
            "UL/P/SCRIPT",
            "UL/TABLE/TBODY"
          ]
        ]
      }
    }
  }
}