{
  "version": "0.1",
  "id": "empty_template",
  "targetURL": "http://oa.sec.com.cn/lks/koa/lks_filemng.nsf?opendatabase",
  "jsFile": "index.js",
  "chineseName": "空数据模板",
  "description": "",
  "controls": {
    "control9_EwOmx2": {
      "location": {
        "data": {
          "tagName": "FONT"
        },
        "locators": [
          {
            "id": "@class/word",
            "prob": 1,
            "ordinal": [
              0,
              7
            ],
            "value": "FONT.curpath"
          },
          {
            "id": "path/ordinal",
            "prob": 1,
            "value": "/HTML[1]/BODY[1]/FORM[1]/TABLE[4]/TBODY[1]/TR[1]/TD[1]/FONT[1]"
          },
          {
            "id": "elderLevel",
            "value": {
              "level": 0
            }
          }
        ]
      },
      "events": {
        "onGetData": "getData_control9_EwOmx2"
      },
      "intendedRole": "custom",
      "roles": "element,custom",
      "monitored": false,
      "frameXPath": "//frame[@name='bodyFrame']<<IFRAME>>//frame[@name='viewFrame']<<IFRAME>>",
      "componentType": "custom"
    }
  },
  "contexts": {
    "context3_hhpL0f": {
      "controls": [
        "control9_EwOmx2"
      ],
      "anchors": [],
      "urlAnchor": []
    }
  },
  "flows": {
    "flow7_EF14uU": {
      "toContexts": [
        {
          "toContextId": "context3_hhpL0f"
        }
      ]
    }
  },
  "pages": {
    "page3_kATKTf": {
      "contextId": "context3_hhpL0f",
      "layout": [
        {
          "id": "uiControl10_QM52JW",
          "controlId": "control9_EwOmx2",
          "display": {
            "adapterId": "custom",
            "type": "custom",
            "adapter": {
              "templateType": "react",
              "events": {
                "onDoAction": "doAction_uiControl10_QM52JW",
                "onGetTemplate": "getTemplate_uiControl10_QM52JW"
              }
            }
          }
        }
      ]
    }
  },
  "matchers": {
    "page/title": {
      "contexts": {
        "context3_hhpL0f": [
          ""
        ]
      }
    },
    "page/urls": {
      "contexts": {
        "context3_hhpL0f": [
          ""
        ]
      }
    },
    "page/ids": {
      "contexts": {
        "context3_hhpL0f": [
          []
        ]
      }
    },
    "page/classes": {
      "contexts": {
        "context3_hhpL0f": [
          []
        ]
      }
    },
    "page/tagTriplets": {
      "contexts": {
        "context3_hhpL0f": [
          [
            "-/-/CENTER",
            "-/CENTER/IFRAME"
          ]
        ]
      }
    }
  }
}