{"version":"0.1","id":"secondpwd","targetURL":"https://7.carpoly.com/ekp/sys/organization/sys_org_person/chgPersonInfo.do?method=vaildateSecondPwd","jsFile":"index.js","chineseName":"二级密码","description":"","controls":{"control48_usEOil":{"location":{"data":{"tagName":"DIV"},"locators":[{"id":"@id/word","prob":3,"value":"descendant::DIV[@id=\"S_OperationBar\"]"},{"id":"path/ordinal","prob":1,"value":"/HTML[1]/BODY[1]/DIV[2]"}]},"events":{"onGetData":"getData_control48_usEOil"},"intendedRole":"custom","roles":"element,custom","monitored":true,"frameXPath":""},"control49_IwENi1":{"location":{"data":{"tagName":"FORM"},"locators":[{"id":"path/ordinal","prob":1,"value":"/HTML[1]/BODY[1]/FORM[1]"}]},"events":{"onGetData":"getData_control49_IwENi1"},"intendedRole":"custom","roles":"element,custom","monitored":true,"frameXPath":""},"control50_tRmZ2K":{"location":{"data":{"tagName":"DIV"},"locators":[{"id":"@id/word","prob":3,"value":"descendant::DIV[@id=\"S_OperationBar\"]"},{"id":"path/ordinal","prob":1,"value":"/HTML[1]/BODY[1]/DIV[2]"}]},"events":{"onGetData":"getData_control50_tRmZ2K"},"intendedRole":"custom","roles":"element,custom","monitored":true,"frameXPath":""}},"contexts":{"context7_tRtG0W":{"controls":["control48_usEOil","control49_IwENi1","control50_tRmZ2K"],"anchors":[],"urlAnchor":[]}},"flows":{"flow44_HQE6ft":{"toContexts":[{"toContextId":"context7_tRtG0W"}]}},"pages":{"page7_y5qkue":{"contextId":"context7_tRtG0W","layout":[{"id":"uiControl52_3d29Dp","controlId":"control48_usEOil","display":{"adapterId":"custom","type":"custom","adapter":{"templateType":"react","events":{"onDoAction":"doAction_uiControl52_3d29Dp","onGetTemplate":"getTemplate_uiControl52_3d29Dp"}}}},{"id":"uiControl53_0DsqwB","controlId":"control49_IwENi1","display":{"adapterId":"custom","type":"custom","adapter":{"templateType":"react","events":{"onDoAction":"doAction_uiControl53_0DsqwB","onGetTemplate":"getTemplate_uiControl53_0DsqwB"}}}},{"id":"uiControl54_IkMJT9","controlId":"control50_tRmZ2K","display":{"adapterId":"custom","type":"custom","adapter":{"templateType":"react","events":{"onDoAction":"doAction_uiControl54_IkMJT9","onGetTemplate":"getTemplate_uiControl54_IkMJT9"}}}}]}},"matchers":{"page/title":{"contexts":{"context7_tRtG0W":[""]}},"page/urls":{"contexts":{"context7_tRtG0W":["7.carpoly.com/ekp/sys/organization/sys_org_person/chgPersonInfo.do?method=vaildateSecondPwd"]}},"page/ids":{"contexts":{"context7_tRtG0W":[["S_OperationBar","optBarDiv","optBarMarginTop"]]}},"page/classes":{"contexts":{"context7_tRtG0W":[["innerTdBtn","innerTdRight","innerTdSpace","inputsgl","optContainerTd","optInnerContainerTab","optOuterContainerTab","tb_normal","td_normal_title"]]}},"page/tagTriplets":{"contexts":{"context7_tRtG0W":[["-/-/BR","-/-/DIV","-/-/FORM","-/-/LINK","-/-/SCRIPT","-/DIV/TABLE","-/FORM/CENTER","-/FORM/DIV","-/FORM/INPUT-hidden","CENTER/TABLE/TBODY","DIV/TABLE/TBODY","FORM/CENTER/TABLE","FORM/DIV/INPUT-button","FORM/DIV/INPUT-submit","TABLE/TBODY/TR","TBODY/TR/TD","TD/A/NOBR","TD/TABLE/TBODY","TR/TD/A","TR/TD/INPUT-password","TR/TD/TABLE"]]}}}}