{"version":"0.1","id":"dialog","targetURL":"https://7.carpoly.com/ekp/resource/html/dialog.html?mul=0","jsFile":"index.js","chineseName":"待选列表","description":"","controls":{"control66_zVdEFo":{"location":{"data":{"tagName":"TD"},"userData":{"data":[],"force":false},"locators":[{"id":"path/ordinal","prob":1,"value":"/HTML[1]/BODY[1]/TABLE[2]/TBODY[1]/TR[1]/TD[1]"}]},"events":{"onGetData":"getData_control66_zVdEFo"},"intendedRole":"custom","roles":"element,custom","monitored":false,"frameXPath":"//frame[@name='optFrame']<<IFRAME>>"},"control67_u8EAfF":{"location":{"data":{"tagName":"SELECT"},"userData":{"data":[],"force":false},"locators":[{"id":"elem/@name","prob":2,"value":"descendant::SELECT[@name=\"F_OptionList\"]"},{"id":"@class/word","prob":1,"ordinal":[0,2],"value":"SELECT.namelist"},{"id":"path/ordinal","prob":1,"value":"/HTML[1]/BODY[1]/TABLE[2]/TBODY[1]/TR[2]/TD[1]/SELECT[1]"}]},"events":{"onGetData":"getData_control67_u8EAfF"},"intendedRole":"custom","roles":"element,listbox,custom","monitored":true,"frameXPath":"//frame[@name='optFrame']<<IFRAME>>"},"control64_IpxeOT":{"location":{"data":{"tagName":"TD"},"locators":[{"id":"path/ordinal","prob":1,"value":"/HTML[1]/BODY[1]/TABLE[2]/TBODY[1]/TR[3]/TD[1]"}]},"events":{"onGetData":"getData_control64_IpxeOT"},"intendedRole":"custom","roles":"element,custom","monitored":true,"frameXPath":"//frame[@name='optFrame']<<IFRAME>>"}},"contexts":{"context7_uMWvdK":{"controls":["control66_zVdEFo","control67_u8EAfF","control64_IpxeOT"],"anchors":[],"urlAnchor":[]}},"flows":{"flow45_U40TTo":{"toContexts":[{"toContextId":"context7_uMWvdK"}]},"flow37_FhgeKO":{"fromContextId":"context7_uMWvdK","fromAction":"doAction","fromControlId":"control67_u8EAfF","toContexts":[{"toContextId":"context7_uMWvdK"}]},"flow56_TwIGKn":{"fromContextId":"context7_uMWvdK","fromAction":"doAction","fromControlId":"control64_IpxeOT","toContexts":[{"toContextId":"context7_uMWvdK"}]}},"pages":{"page7_VAxguc":{"contextId":"context7_uMWvdK","layout":[{"id":"uiControl70_lmR1op","controlId":"control66_zVdEFo","display":{"adapterId":"custom","type":"custom","adapter":{"templateType":"react","events":{"onDoAction":"doAction_uiControl70_lmR1op","onGetTemplate":"getTemplate_uiControl70_lmR1op"}}}},{"id":"uiControl71_HpM2KX","controlId":"control67_u8EAfF","display":{"adapterId":"custom","type":"custom","adapter":{"templateType":"react","events":{"onDoAction":"doAction_uiControl71_HpM2KX","onGetTemplate":"getTemplate_uiControl71_HpM2KX"}}}},{"id":"uiControl68_79rogT","display":{"type":"sticky","adapterId":"sticky","adapter":{"templateType":""}},"layout":[{"id":"uiControl68_79rogTbody","display":{"type":"stickyBody","adapterId":"stickyBody","adapter":{"templateType":""}},"layout":[{"id":"uiControl72_syxlvr","controlId":"control64_IpxeOT","display":{"adapterId":"custom","type":"custom","adapter":{"templateType":"react","events":{"onDoAction":"doAction_uiControl72_syxlvr","onGetTemplate":"getTemplate_uiControl72_syxlvr"}}}}]}]}]}},"matchers":{"page/title":{"contexts":{"context7_uMWvdK":[""]}},"page/urls":{"contexts":{"context7_uMWvdK":["7.carpoly.com/ekp/resource/html/dialog.html?mul=0"]}},"page/ids":{"contexts":{"context7_uMWvdK":[[]]}},"page/classes":{"contexts":{"context7_uMWvdK":[[]]}},"page/tagTriplets":{"contexts":{"context7_uMWvdK":[["-/-/FRAME"]]}}}}