{
  "version": "0.1",
  "id": "zhishikuUpdate",
  "targetURL": "http://218.203.103.203:8082/custcare/CUSTOMIZE/NX/receptionnew/servicequery/ESOPKnowledgeManage/ESOPKnowledgeManageAction.do?ngcrm_rnd=0.2733142350656135&ngcrm_reserved1=1&noCrmSSO=1&act=modifyKnowledge&knowledgeID=88089601717272&knowledgeType=manual&knowledgeName=%25E7%259A%2584%25E8%2590%25A8%25E8%258A%25AC%25E7%259A%2584&knowledgeDesc=&attachmentID=ESOP%2520%25E6%258E%25A5%25E5%258F%25A3%25E6%2595%25B4%25E7%2590%2586.docx",
  "jsFile": "index.js",
  "chineseName": "知识库修改",
  "description": "",
  "controls": {
    "control412_fIaW4l": {
      "location": {
        "data": {
          "tagName": "TD"
        },
        "userData": {
          "data": [],
          "force": false
        },
        "locators": [
          {
            "id": "@class/word",
            "prob": 1,
            "ordinal": [
              5,
              6
            ],
            "value": "TABLE.list02_table TD.list02_content"
          },
          {
            "id": "path/ordinal",
            "prob": 1,
            "value": "/HTML[1]/BODY[1]/FORM[1]/DIV[2]/TABLE[1]/TBODY[1]/TR[1]/TD[1]"
          }
        ]
      },
      "events": {
        "onGetData": "getData_control412_fIaW4l"
      },
      "intendedRole": "custom",
      "roles": "element,custom",
      "monitored": false,
      "frameXPath": "",
      "componentType": "custom"
    },
    "control416_AbTTTX": {
      "location": {
        "data": {
          "tagName": "TABLE"
        },
        "userData": {
          "data": [],
          "force": false
        },
        "locators": [
          {
            "id": "@class/word",
            "prob": 1,
            "ordinal": [
              0,
              3
            ],
            "value": "TABLE.list02_table"
          },
          {
            "id": "path/ordinal",
            "prob": 1,
            "value": "/HTML[1]/BODY[1]/FORM[1]/TABLE[2]"
          }
        ]
      },
      "events": {
        "onGetData": "getData_control416_AbTTTX"
      },
      "intendedRole": "custom",
      "roles": "element,custom",
      "monitored": true,
      "frameXPath": "",
      "componentType": "custom"
    },
    "control417_6iRmRo": {
      "location": {
        "data": {
          "tagName": "TR"
        },
        "userData": {
          "data": [],
          "force": false
        },
        "locators": [
          {
            "id": "@class/word",
            "prob": 1,
            "ordinal": [
              3,
              5
            ],
            "value": "TABLE.list02_table TBODY TR"
          },
          {
            "id": "path/ordinal",
            "prob": 1,
            "value": "/HTML[1]/BODY[1]/FORM[1]/DIV[1]/TABLE[1]/TBODY[1]/TR[1]"
          }
        ]
      },
      "events": {
        "onGetData": "getData_control417_6iRmRo"
      },
      "intendedRole": "custom",
      "roles": "element,custom",
      "monitored": true,
      "frameXPath": "",
      "componentType": "custom"
    },
    "control418_uBAJoc": {
      "location": {
        "data": {
          "tagName": "TD"
        },
        "userData": {
          "data": [],
          "force": false
        },
        "locators": [
          {
            "id": "@class/word",
            "prob": 1,
            "ordinal": [
              5,
              6
            ],
            "value": "TABLE.list02_table TD.list02_content"
          },
          {
            "id": "path/ordinal",
            "prob": 1,
            "value": "/HTML[1]/BODY[1]/FORM[1]/DIV[2]/TABLE[1]/TBODY[1]/TR[1]/TD[1]"
          }
        ]
      },
      "events": {
        "onGetData": "getData_control418_uBAJoc"
      },
      "intendedRole": "custom",
      "roles": "element,custom",
      "monitored": false,
      "frameXPath": "",
      "componentType": "custom"
    },
    "control419_rAWkQL": {
      "location": {
        "data": {
          "tagName": "TD"
        },
        "locators": [
          {
            "id": "@class/word",
            "prob": 1,
            "ordinal": [
              5,
              6
            ],
            "value": "TABLE.list02_table TD.list02_content"
          },
          {
            "id": "path/ordinal",
            "prob": 1,
            "value": "/HTML[1]/BODY[1]/FORM[1]/DIV[2]/TABLE[1]/TBODY[1]/TR[1]/TD[1]"
          }
        ]
      },
      "roles": "element",
      "text": " \n\t        \t\n\t\t\t      \n\t\t\t  \n         ",
      "frameXPath": ""
    },
    "control420_7O8GbQ": {
      "location": {
        "data": {
          "tagName": "TD"
        },
        "locators": [
          {
            "id": "@class/word",
            "prob": 1,
            "ordinal": [
              4,
              6
            ],
            "value": "TABLE.list02_table TD.list02_content"
          },
          {
            "id": "path/ordinal",
            "prob": 1,
            "value": "/HTML[1]/BODY[1]/FORM[1]/DIV[1]/TABLE[1]/TBODY[1]/TR[1]/TD[3]"
          }
        ]
      },
      "roles": "element",
      "text": "\n        \t  \n\t\t\t       \n\t\t\t  \n\t\t\t      \n\t\t\t  \n         \t",
      "frameXPath": ""
    }
  },
  "contexts": {
    "context46_OQe04p": {
      "controls": [
        "control412_fIaW4l",
        "control416_AbTTTX",
        "control417_6iRmRo",
        "control418_uBAJoc"
      ],
      "anchors": [
        "control419_rAWkQL",
        "control420_7O8GbQ"
      ],
      "urlAnchor": []
    }
  },
  "flows": {
    "flow259_4Hvgo1": {
      "toContexts": [
        {
          "toContextId": "context46_OQe04p"
        }
      ]
    },
    "flow260_5v3Odg": {
      "fromContextId": "context46_OQe04p",
      "fromAction": "doAction",
      "fromControlId": "control412_fIaW4l",
      "toContexts": [
        {
          "toContextId": "context46_OQe04p"
        }
      ]
    },
    "flow263_cRueyL": {
      "fromContextId": "context46_OQe04p",
      "fromAction": "doAction",
      "fromControlId": "control417_6iRmRo",
      "toContexts": [
        {
          "toContextId": "context46_OQe04p"
        }
      ]
    },
    "flow264_0aXmJ5": {
      "fromContextId": "context46_OQe04p",
      "fromAction": "doAction",
      "fromControlId": "control416_AbTTTX",
      "toContexts": [
        {
          "toContextId": "context46_OQe04p"
        }
      ]
    }
  },
  "pages": {
    "page46_6MJgbm": {
      "contextId": "context46_OQe04p",
      "layout": [
        {
          "id": "uiControl437_o8Vi88",
          "controlId": "control412_fIaW4l",
          "display": {
            "adapterId": "custom",
            "type": "custom",
            "adapter": {
              "templateType": "react",
              "events": {
                "onDoAction": "doAction_uiControl437_o8Vi88",
                "onGetTemplate": "getTemplate_uiControl437_o8Vi88"
              }
            }
          }
        },
        {
          "id": "uiControl443_dxXxCb",
          "display": {
            "type": "card",
            "adapterId": "card",
            "adapter": {
              "templateType": ""
            }
          },
          "layout": [
            {
              "id": "uiControl443_dxXxCbheader",
              "display": {
                "type": "cardHeader",
                "text": "",
                "adapterId": "cardHeader",
                "adapter": {
                  "templateType": ""
                }
              },
              "layout": []
            },
            {
              "id": "uiControl443_dxXxCbbody",
              "display": {
                "type": "cardBody",
                "adapterId": "cardBody",
                "adapter": {
                  "templateType": ""
                }
              },
              "layout": [
                {
                  "id": "uiControl442_XR0LsT",
                  "controlId": "control416_AbTTTX",
                  "display": {
                    "adapterId": "custom",
                    "type": "custom",
                    "adapter": {
                      "templateType": "react",
                      "events": {
                        "onDoAction": "doAction_uiControl442_XR0LsT",
                        "onGetTemplate": "getTemplate_uiControl442_XR0LsT"
                      }
                    }
                  }
                },
                {
                  "id": "uiControl444_2LPRnR",
                  "controlId": "control417_6iRmRo",
                  "display": {
                    "adapterId": "custom",
                    "type": "custom",
                    "adapter": {
                      "templateType": "react",
                      "events": {
                        "onDoAction": "doAction_uiControl444_2LPRnR",
                        "onGetTemplate": "getTemplate_uiControl444_2LPRnR"
                      }
                    }
                  }
                },
                {
                  "id": "uiControl445_30TZTW",
                  "controlId": "control418_uBAJoc",
                  "display": {
                    "adapterId": "custom",
                    "type": "custom",
                    "adapter": {
                      "templateType": "react",
                      "events": {
                        "onDoAction": "doAction_uiControl445_30TZTW",
                        "onGetTemplate": "getTemplate_uiControl445_30TZTW"
                      }
                    }
                  }
                }
              ]
            },
            {
              "id": "uiControl443_dxXxCbfooter",
              "display": {
                "type": "cardFooter",
                "adapterId": "cardFooter",
                "adapter": {
                  "templateType": ""
                }
              },
              "layout": []
            }
          ]
        }
      ]
    }
  },
  "matchers": {
    "page/title": {
      "contexts": {
        "context46_OQe04p": [
          "ESOP知识库修改"
        ]
      }
    },
    "page/urls": {
      "contexts": {
        "context46_OQe04p": [
          "218.203.103.203:8082/custcare/CUSTOMIZE/NX/receptionnew/servicequery/ESOPKnowledgeManage/ESOPKnowledgeManageAction.do?ngcrm_rnd=0.2733142350656135&ngcrm_reserved1=1&noCrmSSO=1&act=modifyKnowledge&knowledgeID=88089601717272&knowledgeType=manual&knowledgeName=%25E7%259A%2584%25E8%2590%25A8%25E8%258A%25AC%25E7%259A%2584&knowledgeDesc=&attachmentID=ESOP%2520%25E6%258E%25A5%25E5%258F%25A3%25E6%2595%25B4%25E7%2590%2586.docx",
          "218.203.103.203:8082/custcare/CUSTOMIZE/NX/receptionnew/servicequery/ESOPKnowledgeManage/ESOPKnowledgeManageAction.do?ngcrm_rnd=0.13290507796179707&ngcrm_reserved1=1&noCrmSSO=1&act=modifyKnowledge&knowledgeID=88089601717272&knowledgeType=manual&knowledgeName=%25E7%259A%2584%25E8%2590%25A8%25E8%258A%25AC%25E7%259A%2584&knowledgeDesc=&attachmentID=ESOP%2520%25E6%258E%25A5%25E5%258F%25A3%25E6%2595%25B4%25E7%2590%2586.docx"
        ]
      }
    },
    "page/ids": {
      "contexts": {
        "context46_OQe04p": [
          [
            "Calendar",
            "Cell",
            "attachmentID",
            "columnDiv",
            "file",
            "knowledgeDesc",
            "knowledgeID",
            "knowledgeName",
            "knowledgeType",
            "query_button",
            "retframe",
            "submitButton"
          ]
        ]
      }
    },
    "page/classes": {
      "contexts": {
        "context46_OQe04p": [
          [
            "button_fix",
            "column_title",
            "list_content",
            "list_table",
            "list_title"
          ]
        ]
      }
    },
    "page/tagTriplets": {
      "contexts": {
        "context46_OQe04p": [
          [
            "-/-/FORM",
            "-/-/IFRAME",
            "-/-/LINK",
            "-/-/OBJECT",
            "-/-/SCRIPT",
            "-/FORM/DIV",
            "-/FORM/IFRAME",
            "-/FORM/INPUT-hidden",
            "-/FORM/INPUT-text",
            "-/FORM/TABLE",
            "DIV/TABLE/TBODY",
            "FORM/DIV/TABLE",
            "FORM/TABLE/TBODY",
            "TABLE/TBODY/TR",
            "TBODY/TR/TD",
            "TD/SELECT/OPTION",
            "TR/TD/FONT",
            "TR/TD/IMG",
            "TR/TD/INPUT-button",
            "TR/TD/INPUT-file",
            "TR/TD/INPUT-text",
            "TR/TD/SELECT"
          ]
        ]
      }
    }
  }
}