{"version":"0.1","id":"login","targetURL":"https://7.carpoly.com/ekp/login.jsp#cri.q=docStatus:30","jsFile":"index.js","requires":{"store_list":"../store_list/index.json"},"chineseName":"登录页","description":"","controls":{"control0_igB64l":{"location":{"data":{"tagName":"INPUT"},"userData":{"data":[],"force":false},"locators":[{"id":"elem/@name","prob":2,"value":"descendant::INPUT[@name=\"j_username\"]"},{"id":"@class/word","prob":1,"value":"TD.lui_login_input_td DIV.lui_login_input_div INPUT.lui_login_input_username"},{"id":"path/ordinal","prob":1,"value":"/HTML[1]/BODY[1]/DIV[4]/DIV[1]/FORM[1]/TABLE[1]/TBODY[1]/TR[2]/TD[2]/DIV[1]/INPUT[1]"},{"id":"input/type","verifyEnabled":true,"value":"text"}]},"intendedRole":"textbox","roles":"element,textbox","monitored":true,"frameXPath":""},"control1_dVSKpU":{"location":{"data":{"tagName":"INPUT"},"userData":{"data":[],"force":false},"locators":[{"id":"elem/@name","prob":2,"value":"descendant::INPUT[@name=\"j_password\"]"},{"id":"@class/word","prob":1,"value":"TD.lui_login_input_td DIV.lui_login_input_div INPUT.lui_login_input_password"},{"id":"path/ordinal","prob":1,"value":"/HTML[1]/BODY[1]/DIV[4]/DIV[1]/FORM[1]/TABLE[1]/TBODY[1]/TR[3]/TD[2]/DIV[1]/INPUT[1]"},{"id":"input/type","verifyEnabled":true,"value":"password"}]},"intendedRole":"passwordbox","roles":"element,passwordbox,textbox","monitored":true,"frameXPath":""},"control2_KcKV4Q":{"location":{"data":{"tagName":"A"},"userData":{"data":[],"force":false},"locators":[{"id":"button/text","prob":3,"value":{"text":["登录"],"visText":["登录"]}},{"id":"text","prob":3,"value":{"text":["登录"],"visText":["登录"]}},{"id":"@class/word","prob":1,"value":"DIV.login_iframe TABLE.lui_login_form_table TD.lui_login_button_td A"},{"id":"path/ordinal","prob":1,"value":"/HTML[1]/BODY[1]/DIV[4]/DIV[1]/FORM[1]/TABLE[1]/TBODY[1]/TR[4]/TD[1]/A[1]"}]},"intendedRole":"button","roles":"element,button,link","monitored":false,"frameXPath":""}},"contexts":{"context0_WyHxGQ":{"controls":["control0_igB64l","control1_dVSKpU","control2_KcKV4Q"],"anchors":[],"urlAnchor":[]}},"flows":{"flow0_wM7sqe":{"toContexts":[{"toContextId":"context0_WyHxGQ"}]},"flow1_9rWRCv":{"fromContextId":"context0_WyHxGQ","fromAction":"click","fromControlId":"control0_igB64l","toContexts":[{"toContextId":"context0_WyHxGQ"}]},"flow2_Hx9hOm":{"fromContextId":"context0_WyHxGQ","fromAction":"click","fromControlId":"control2_KcKV4Q","toContexts":[{"toContextId":"context0_WyHxGQ"},{"toContextId":"context1_DxgTL0","toModelId":"store_list"}]}},"pages":{"page0_oQMuCb":{"contextId":"context0_WyHxGQ","layout":[{"id":"uiControl28_cWkx4D","display":{"type":"card","adapterId":"card","adapter":{"templateType":""}},"layout":[{"id":"uiControl28_cWkx4Dheader","display":{"type":"cardHeader","text":"","adapterId":"cardHeader","adapter":{"templateType":""}},"layout":[]},{"id":"uiControl28_cWkx4Dbody","display":{"type":"cardBody","adapterId":"cardBody","adapter":{"templateType":""}},"layout":[{"id":"uiControl0_IFXzDu","controlId":"control0_igB64l","display":{"adapterId":"textbox","type":"textbox","label":"用户名","adapter":{"templateType":""}}},{"id":"uiControl1_Xiym2F","controlId":"control1_dVSKpU","display":{"adapterId":"passwordbox","type":"passwordbox","label":"密码","adapter":{"templateType":""}}},{"id":"uiControl2_nVT7Lk","controlId":"control2_KcKV4Q","display":{"adapterId":"clickable","type":"button","adapter":{"templateType":""}}}]},{"id":"uiControl28_cWkx4Dfooter","display":{"type":"cardFooter","adapterId":"cardFooter","adapter":{"templateType":""}},"layout":[]}]}]}},"matchers":{"page/title":{"contexts":{"context0_WyHxGQ":["登陆营销云平台"]}},"page/urls":{"contexts":{"context0_WyHxGQ":["7.carpoly.com/ekp/login.jsp","7.carpoly.com/ekp/login.jsp;jsessionid=0EE70BE50FDCC1D362989B5AFAEEDA61","7.carpoly.com/ekp/login.jsp;jsessionid=CEC52C5D8601CCDF0CA4C72A30FB1FBA","7.carpoly.com/ekp/login.jsp;jsessionid=698362570A28FA13D8805E7A27B348E2","7.carpoly.com/ekp/login.jsp;jsessionid=31DD5334BCA7D03834A34070DF8073BC","7.carpoly.com/ekp/login.jsp;jsessionid=1DB77B63B92430134FD42358F78BF0F4","7.carpoly.com/ekp/login.jsp;jsessionid=09A3F06F1BF4C977BA3DFA1C225BCF49","7.carpoly.com/ekp/login.jsp;jsessionid=A9EC68E3960B1603FD5AAE4A714AA6E4","7.carpoly.com/ekp/login.jsp;jsessionid=DB09C7E11FD10DBB3273F3B038A70EF0","7.carpoly.com/ekp/login.jsp;jsessionid=F641422AC53AF80E57E3AAB6555BD6D3"]}},"page/ids":{"contexts":{"context0_WyHxGQ":[["floatPanel"],["floatPanel","login-bgImg"]]}},"page/classes":{"contexts":{"context0_WyHxGQ":[["arrow","arrowPanel","backstretch","con","ctrolPanel","footer","form-control","kh","login","login_con","logo","lui_login_button_div_c","lui_login_button_div_l","lui_login_button_div_r","lui_login_button_td","lui_login_form_table","lui_login_input_div","lui_login_input_password","lui_login_input_td","lui_login_input_title","lui_login_input_username","lui_login_message_div","lui_login_message_td","popPanel","popPanel-inner","qrcodePanel","wechatQrcode","wraper"],["arrow","arrowPanel","backstretch","con","ctrolPanel","deleteable","footer","form-control","kh","login","login_con","logo","lui_login_button_div_c","lui_login_button_div_l","lui_login_button_div_r","lui_login_button_td","lui_login_form_table","lui_login_input_div","lui_login_input_password","lui_login_input_td","lui_login_input_title","lui_login_input_username","lui_login_message_div","lui_login_message_td","popPanel","popPanel-inner","qrcodePanel","wechatQrcode","wraper"],["animated","arrow","arrowPanel","ctrolPanel","dog_bg","fadeInLeft","fadeInUp","fireworks","flipInX","footer","header","icon_del","login-background-img","login_content","login_footer","login_header","login_iframe","login_top_bar","logo","lui_login_button_div_c","lui_login_button_div_l","lui_login_button_div_r","lui_login_button_td","lui_login_form_table","lui_login_input_div","lui_login_input_password","lui_login_input_td","lui_login_input_title","lui_login_input_username","lui_login_message_div","lui_login_message_td","main_content","marroon_bg","popPanel","popPanel-inner","qrcodePanel","textTop","tip_message","tit_","titcon","tree_bg","wechatQrcode"]]}},"page/tagTriplets":{"contexts":{"context0_WyHxGQ":[["-/-/DIV","-/-/SCRIPT","-/-/STYLE","-/DIV/DIV","-/DIV/IMG","DIV/A/SPAN","DIV/DIV/A","DIV/DIV/BR","DIV/DIV/DIV","DIV/DIV/FORM","DIV/DIV/IMG","DIV/DIV/P","DIV/DIV/SCRIPT","DIV/FORM/INPUT-hidden","DIV/FORM/INPUT-submit","DIV/FORM/TABLE","FORM/TABLE/TBODY","TABLE/TBODY/TR","TBODY/TR/TD","TD/DIV/DIV","TD/DIV/INPUT-password","TD/DIV/INPUT-text","TR/TD/DIV"],["-/-/DIV","-/-/SCRIPT","-/DIV/DIV","-/DIV/IMG","-/DIV/STYLE","A/DIV/DIV","DIV/A/SPAN","DIV/DIV/A","DIV/DIV/BR","DIV/DIV/DIV","DIV/DIV/FORM","DIV/DIV/IMG","DIV/DIV/P","DIV/DIV/SCRIPT","DIV/DIV/SPAN","DIV/DIV/UL","DIV/FORM/INPUT-hidden","DIV/FORM/INPUT-submit","DIV/FORM/TABLE","DIV/UL/LI","FORM/TABLE/TBODY","TABLE/TBODY/TR","TBODY/TR/TD","TD/A/DIV","TD/DIV/I","TD/DIV/INPUT-password","TD/DIV/INPUT-text","TR/TD/A","TR/TD/DIV"]]}}}}