{
  "version": "0.1",
  "id": "GroupArchivesInformation",
  "targetURL": "http://218.203.103.203:8082/oc/bes/sm/login/operator_ctz.html?type=2",
  "jsFile": "index.js",
  "requires": {
    "QueryConditionsRelationship": "../QueryConditionsRelationship/index.json",
    "GroupArchivesInformation": "../GroupArchivesInformation/index.json"
  },
  "chineseName": "集团档案资料信息",
  "description": "集团档案资料信息",
  "controls": {
    "control58_rH1Ucu": {
      "location": {
        "data": {
          "tagName": "DIV"
        },
        "userData": {
          "data": [],
          "force": false
        },
        "locators": [
          {
            "id": "@id/word",
            "prob": 2,
            "value": [
              "descendant::FORM[@id=\"groupDossierInfoForm\"]/DIV[1]/DIV[1]",
              "descendant::FORM[@id=\"groupDossierInfoForm\"]//DIV"
            ]
          },
          {
            "id": "path/ordinal",
            "prob": 1,
            "value": "/HTML[1]/BODY[1]/FORM[1]/DIV[1]/DIV[1]"
          }
        ]
      },
      "events": {
        "onGetData": "getData_control58_rH1Ucu"
      },
      "intendedRole": "custom",
      "roles": "element,custom",
      "monitored": true,
      "frameXPath": "//iframe[1]<<IFRAME>>",
      "componentType": "custom"
    },
    "control78_o68sB7": {
      "location": {
        "data": {
          "tagName": "TABLE"
        },
        "userData": {
          "data": [],
          "force": false
        },
        "locators": [
          {
            "id": "@id/word",
            "prob": 2,
            "value": [
              "descendant::FORM[@id=\"groupDossierInfoForm\"]/DIV[2]/DIV[1]/TABLE[1]",
              "descendant::FORM[@id=\"groupDossierInfoForm\"]//TABLE"
            ]
          },
          {
            "id": "path/ordinal",
            "prob": 1,
            "value": "/HTML[1]/BODY[1]/FORM[1]/DIV[2]/DIV[1]/TABLE[1]"
          }
        ]
      },
      "events": {
        "onGetData": "getData_control78_o68sB7"
      },
      "intendedRole": "custom",
      "roles": "element,custom",
      "monitored": true,
      "frameXPath": "//iframe[1]<<IFRAME>>",
      "componentType": "custom"
    },
    "control76_UEndkP": {
      "location": {
        "data": {
          "tagName": "TD"
        },
        "userData": {
          "data": [],
          "force": false
        },
        "locators": [
          {
            "id": "text",
            "prob": 3,
            "value": {
              "text": [
                "集团档案资料信息"
              ],
              "visText": [
                "集团档案资料信息"
              ]
            }
          },
          {
            "id": "path/ordinal",
            "prob": 1,
            "value": "/HTML[1]/BODY[1]/FORM[1]/DIV[1]/TABLE[1]/TBODY[1]/TR[1]/TD[1]"
          },
          {
            "id": "elderLevel",
            "value": {
              "level": 0
            }
          }
        ]
      },
      "roles": "element",
      "content": true,
      "monitored": true,
      "frameXPath": "//iframe[1]<<IFRAME>>",
      "componentType": "content"
    },
    "control77_Ogf4SB": {
      "location": {
        "data": {
          "tagName": "TD"
        },
        "userData": {
          "data": [],
          "force": false
        },
        "locators": [
          {
            "id": "text",
            "prob": 3,
            "value": {
              "text": [
                "集团扩展属性"
              ],
              "visText": [
                "集团扩展属性"
              ]
            }
          },
          {
            "id": "path/ordinal",
            "prob": 1,
            "value": "/HTML[1]/BODY[1]/FORM[1]/DIV[2]/TABLE[1]/TBODY[1]/TR[1]/TD[1]"
          },
          {
            "id": "elderLevel",
            "value": {
              "level": 0
            }
          }
        ]
      },
      "roles": "element",
      "content": true,
      "monitored": true,
      "frameXPath": "//iframe[1]<<IFRAME>>",
      "componentType": "content"
    },
    "control79_Z40pKa": {
      "location": {
        "data": {
          "tagName": "INPUT"
        },
        "userData": {
          "data": [],
          "force": false
        },
        "locators": [
          {
            "id": "input/button/@value",
            "prob": 3,
            "value": {
              "text": [
                "确 认"
              ]
            }
          },
          {
            "id": "path/ordinal",
            "prob": 1,
            "value": "/HTML[1]/BODY[1]/FORM[1]/DIV[3]/TABLE[1]/TBODY[1]/TR[1]/TD[1]/INPUT[1]"
          },
          {
            "id": "input/type",
            "verifyEnabled": true,
            "value": "button"
          }
        ]
      },
      "intendedRole": "button",
      "roles": "element,button",
      "monitored": true,
      "frameXPath": "//iframe[1]<<IFRAME>>",
      "componentType": "button"
    },
    "control80_DyOT57": {
      "location": {
        "data": {
          "tagName": "INPUT"
        },
        "userData": {
          "data": [],
          "force": false
        },
        "locators": [
          {
            "id": "input/button/@value",
            "prob": 3,
            "value": {
              "text": [
                "重 置"
              ]
            }
          },
          {
            "id": "path/ordinal",
            "prob": 1,
            "value": "/HTML[1]/BODY[1]/FORM[1]/DIV[3]/TABLE[1]/TBODY[1]/TR[1]/TD[1]/INPUT[2]"
          },
          {
            "id": "input/type",
            "verifyEnabled": true,
            "value": "reset"
          }
        ]
      },
      "intendedRole": "button",
      "roles": "element,button",
      "monitored": true,
      "frameXPath": "//iframe[1]<<IFRAME>>",
      "componentType": "button"
    },
    "control81_MspQSq": {
      "location": {
        "data": {
          "tagName": "UL"
        },
        "userData": {
          "data": [],
          "force": false
        },
        "locators": [
          {
            "id": "@class/word",
            "prob": 1,
            "value": "DIV.tabCon DIV.tab UL.floatCon.toLeft"
          }
        ]
      },
      "events": {
        "onGetData": "getData_control81_MspQSq"
      },
      "intendedRole": "custom",
      "roles": "element,custom",
      "monitored": true,
      "frameXPath": "",
      "componentType": "custom"
    },
    "control376_bZhig2": {
      "location": {
        "data": {
          "tagName": "LI"
        },
        "userData": {
          "data": [],
          "force": false
        },
        "locators": [
          {
            "id": "text",
            "prob": 3,
            "value": {
              "text": [
                "集团档案资料信息"
              ],
              "visText": [
                "集团档案资料信息"
              ]
            }
          },
          {
            "id": "@title",
            "prob": 2,
            "value": {
              "text": [
                "集团档案资料信息"
              ]
            }
          },
          {
            "id": "@class/word",
            "prob": 1,
            "value": "DIV.tab UL.floatCon.toLeft LI.selected"
          },
          {
            "id": "style/color",
            "value": [
              42,
              142,
              231
            ]
          }
        ]
      },
      "roles": "element",
      "text": "\t\t                                                        \t\t                        集团档案资料信息\t                          ",
      "frameXPath": ""
    },
    "control381_297Is2": {
      "location": {
        "data": {
          "tagName": "IMG"
        },
        "locators": [
          {
            "id": "@title",
            "prob": 2,
            "value": {
              "text": [
                "业务办理成功"
              ]
            }
          },
          {
            "id": "img/@src",
            "prob": 1,
            "value": {
              "pathname": "/ngmarket/skins/ng35/images/crm/resultmsg/operate_success_top01.gif"
            }
          },
          {
            "id": "path/ordinal",
            "prob": 1,
            "value": "/HTML[1]/BODY[1]/DIV[1]/TABLE[1]/TBODY[1]/TR[1]/TD[1]/TABLE[1]/TBODY[1]/TR[1]/TD[1]/IMG[1]"
          }
        ]
      },
      "roles": "element,image,button",
      "content": true,
      "monitored": true,
      "frameXPath": "//iframe[1]<<IFRAME>>",
      "componentType": "content"
    },
    "control386_fQfqR9": {
      "location": {
        "data": {
          "tagName": "TD"
        },
        "locators": [
          {
            "id": "text",
            "prob": 3,
            "value": {
              "text": [
                "成功提示: 业务办理成功！"
              ],
              "visText": [
                "成功提示: 业务办理成功！"
              ]
            }
          },
          {
            "id": "path/ordinal",
            "prob": 1,
            "value": "/HTML[1]/BODY[1]/DIV[1]/TABLE[1]/TBODY[1]/TR[1]/TD[1]/TABLE[1]/TBODY[1]/TR[2]/TD[1]"
          }
        ]
      },
      "roles": "element",
      "content": true,
      "monitored": true,
      "frameXPath": "//iframe[1]<<IFRAME>>",
      "componentType": "content"
    },
    "control387_KmymFz": {
      "location": {
        "data": {
          "tagName": "TD"
        },
        "locators": [
          {
            "id": "path/ordinal",
            "prob": 1,
            "value": "/HTML[1]/BODY[1]/DIV[1]/TABLE[1]/TBODY[1]/TR[1]/TD[1]/TABLE[1]/TBODY[1]/TR[4]/TD[1]"
          }
        ]
      },
      "events": {
        "onGetData": "getData_control387_KmymFz"
      },
      "intendedRole": "custom",
      "roles": "element,custom",
      "monitored": true,
      "frameXPath": "//iframe[1]<<IFRAME>>",
      "componentType": "custom"
    }
  },
  "contexts": {
    "context11_JfBEMp": {
      "controls": [
        "control58_rH1Ucu",
        "control78_o68sB7",
        "control76_UEndkP",
        "control77_Ogf4SB",
        "control79_Z40pKa",
        "control80_DyOT57",
        "control81_MspQSq",
        "control381_297Is2",
        "control386_fQfqR9",
        "control387_KmymFz"
      ],
      "anchors": [
        "control376_bZhig2"
      ],
      "urlAnchor": []
    }
  },
  "flows": {
    "flow45_i0lV5P": {
      "toContexts": [
        {
          "toContextId": "context11_JfBEMp"
        }
      ]
    },
    "flow57_i6sT41": {
      "fromContextId": "context11_JfBEMp",
      "fromAction": "doAction",
      "fromControlId": "control58_rH1Ucu",
      "toContexts": [
        {
          "toContextId": "context11_JfBEMp"
        },
        {
          "toContextId": "context12_ZBuQnW",
          "toModelId": "QueryConditionsRelationship"
        }
      ]
    },
    "flow58_zS5TbK": {
      "fromContextId": "context11_JfBEMp",
      "fromAction": "doAction",
      "fromControlId": "control78_o68sB7",
      "toContexts": [
        {
          "toContextId": "context11_JfBEMp"
        }
      ]
    },
    "flow59_2cQCzC": {
      "fromContextId": "context11_JfBEMp",
      "fromAction": "click",
      "fromControlId": "control77_Ogf4SB",
      "toContexts": [
        {
          "toContextId": "context11_JfBEMp"
        }
      ]
    },
    "flow60_hFXluu": {
      "fromContextId": "context11_JfBEMp",
      "fromAction": "doAction",
      "fromControlId": "control81_MspQSq",
      "toContexts": [
        {
          "toContextId": "context11_JfBEMp"
        }
      ]
    },
    "flow64_FtUWSt": {
      "fromContextId": "context11_JfBEMp",
      "fromAction": "click",
      "fromControlId": "control79_Z40pKa",
      "toContexts": [
        {
          "toContextId": "context11_JfBEMp"
        }
      ]
    }
  },
  "pages": {
    "page11_ZKoLaM": {
      "contextId": "context11_JfBEMp",
      "layout": [
        {
          "id": "uiControl80_xaZqUn",
          "display": {
            "type": "card",
            "adapterId": "card",
            "showFooter": true,
            "class": "searchArea",
            "adapter": {
              "templateType": ""
            }
          },
          "layout": [
            {
              "id": "uiControl80_xaZqUnheader",
              "display": {
                "type": "cardHeader",
                "text": "",
                "adapterId": "cardHeader",
                "adapter": {
                  "templateType": ""
                }
              },
              "layout": []
            },
            {
              "id": "uiControl80_xaZqUnbody",
              "display": {
                "type": "cardBody",
                "adapterId": "cardBody",
                "adapter": {
                  "templateType": ""
                }
              },
              "layout": [
                {
                  "id": "uiControl85_DooiBi",
                  "controlId": "control81_MspQSq",
                  "display": {
                    "adapterId": "custom",
                    "type": "custom",
                    "adapter": {
                      "templateType": "react",
                      "events": {
                        "onDoAction": "doAction_uiControl85_DooiBi",
                        "onGetTemplate": "getTemplate_uiControl85_DooiBi"
                      }
                    }
                  }
                },
                {
                  "id": "uiControl81_zMmSbn",
                  "controlId": "control76_UEndkP",
                  "display": {
                    "adapterId": "content",
                    "type": "content",
                    "class": "w-tit",
                    "adapter": {
                      "templateType": ""
                    }
                  }
                },
                {
                  "id": "uiControl58_rkAN2V",
                  "controlId": "control58_rH1Ucu",
                  "display": {
                    "adapterId": "custom",
                    "type": "custom",
                    "adapter": {
                      "templateType": "react",
                      "events": {
                        "onDoAction": "doAction_uiControl58_rkAN2V",
                        "onGetTemplate": "getTemplate_uiControl58_rkAN2V"
                      }
                    }
                  }
                },
                {
                  "id": "uiControl82_PMJq8y",
                  "controlId": "control77_Ogf4SB",
                  "display": {
                    "adapterId": "content",
                    "type": "content",
                    "class": "w-tit",
                    "adapter": {
                      "templateType": ""
                    }
                  }
                },
                {
                  "id": "uiControl79_OPnAQv",
                  "controlId": "control78_o68sB7",
                  "display": {
                    "adapterId": "custom",
                    "type": "custom",
                    "adapter": {
                      "templateType": "react",
                      "events": {
                        "onDoAction": "doAction_uiControl79_OPnAQv",
                        "onGetTemplate": "getTemplate_uiControl79_OPnAQv"
                      }
                    }
                  }
                }
              ]
            },
            {
              "id": "uiControl80_xaZqUnfooter",
              "display": {
                "type": "cardFooter",
                "adapterId": "cardFooter",
                "adapter": {
                  "templateType": ""
                }
              },
              "layout": [
                {
                  "id": "uiControl83_37IGTT",
                  "controlId": "control79_Z40pKa",
                  "display": {
                    "adapterId": "clickable",
                    "type": "button",
                    "amStyle": "success",
                    "hollow": false,
                    "adapter": {
                      "templateType": ""
                    }
                  }
                },
                {
                  "id": "uiControl84_J499kX",
                  "controlId": "control80_DyOT57",
                  "display": {
                    "adapterId": "clickable",
                    "type": "button",
                    "class": "reset",
                    "adapter": {
                      "templateType": ""
                    }
                  }
                }
              ]
            }
          ]
        },
        {
          "id": "uiControl406_p2MXTF",
          "display": {
            "type": "card",
            "adapterId": "card",
            "adapter": {
              "templateType": ""
            }
          },
          "layout": [
            {
              "id": "uiControl406_p2MXTFheader",
              "display": {
                "type": "cardHeader",
                "text": "",
                "adapterId": "cardHeader",
                "adapter": {
                  "templateType": ""
                }
              },
              "layout": []
            },
            {
              "id": "uiControl406_p2MXTFbody",
              "display": {
                "type": "cardBody",
                "adapterId": "cardBody",
                "adapter": {
                  "templateType": ""
                }
              },
              "layout": [
                {
                  "id": "uiControl407_riWlZI",
                  "controlId": "control381_297Is2",
                  "display": {
                    "adapterId": "content",
                    "type": "content",
                    "class": "imgs",
                    "adapter": {
                      "templateType": ""
                    }
                  }
                },
                {
                  "id": "uiControl411_6tEsIc",
                  "controlId": "control386_fQfqR9",
                  "display": {
                    "adapterId": "content",
                    "type": "content",
                    "class": "w-cen",
                    "adapter": {
                      "templateType": ""
                    }
                  }
                },
                {
                  "id": "uiControl412_hLPB4C",
                  "controlId": "control387_KmymFz",
                  "display": {
                    "adapterId": "custom",
                    "type": "custom",
                    "adapter": {
                      "templateType": "react",
                      "events": {
                        "onDoAction": "doAction_uiControl412_hLPB4C",
                        "onGetTemplate": "getTemplate_uiControl412_hLPB4C"
                      }
                    }
                  }
                }
              ]
            },
            {
              "id": "uiControl406_p2MXTFfooter",
              "display": {
                "type": "cardFooter",
                "adapterId": "cardFooter",
                "adapter": {
                  "templateType": ""
                }
              },
              "layout": []
            }
          ]
        }
      ]
    }
  },
  "matchers": {
    "page/title": {
      "contexts": {
        "context11_JfBEMp": [
          "中国移动宁夏公司第三代CRM系统",
          "选择集团"
        ]
      }
    },
    "page/urls": {
      "contexts": {
        "context11_JfBEMp": [
          "218.203.103.203:8082/oc/bes/sm/login/operator_ctz.html?type=2",
          "218.203.103.203:8082/ngmarket/custmgt/queryPrtGroupcustInit.action?orglevel=400103001&childCustId=9510801909786&ngcrm_reserved1=1",
          "218.203.103.203:8082/oc/bes/sm/login/operator_ctz.html?type=2"
        ]
      }
    },
    "page/ids": {
      "contexts": {
        "context11_JfBEMp": [
          [
            "bes_sm_portal_email_div",
            "bes_sm_portal_email_input",
            "bes_sm_portal_email_span",
            "bes_sm_portal_exit_pic",
            "bes_sm_portal_lock_pic",
            "bes_sm_portal_phone_div",
            "bes_sm_portal_phone_input",
            "bes_sm_portal_phone_span",
            "bes_sm_portal_updatePwd_pic",
            "bes_sm_portal_userName_div",
            "bes_sm_portal_userName_input",
            "bes_sm_portal_userName_span",
            "bes_sm_portal_welcom_div",
            "bes_sm_portal_welcome_input",
            "bes_sm_portal_welcome_span",
            "beslogo",
            "besprintiframe",
            "crt-be",
            "datetimepicker_div",
            "drag",
            "emailchoice",
            "frame_calculator",
            "frame_search_employee",
            "headerMenu",
            "helpClose",
            "helpMax",
            "helpMin",
            "helpRestore",
            "helpcenter",
            "helper_center_li",
            "helpifr",
            "helpmore",
            "helptitle",
            "helpul",
            "helpwindow",
            "ins_mpuiconsendsms",
            "ipt_lang",
            "ipt_loginid",
            "leftMenu",
            "lockPageDiv",
            "lockpage_pwd",
            "menuSearch",
            "middleFrame",
            "mymarquee",
            "note_pad",
            "noticeleft",
            "noticeli",
            "noticelistdiv",
            "noticetop",
            "orderScrollbar",
            "popBox",
            "popNote",
            "popNoteBox",
            "printdiv",
            "rightheadermenu",
            "search_button_info",
            "search_info_text",
            "shoppingcartNumber",
            "shoppingcartPlat",
            "shoppingcartcheckout",
            "showmenudiv",
            "sitemap",
            "staticshoppingcar_close",
            "staticshoppingcar_open",
            "switchberegion",
            "tab-scrollbar",
            "tip_footdiv",
            "top_gadget",
            "uee-",
            "uee-_bmeDSTImg",
            "uee-_input_img",
            "uee-_ueeDTMShowFmt",
            "uee-_value",
            "unlockpage_btn",
            "workPlace"
          ],
          [
            "Util_js",
            "beginConvoy",
            "btn_submit",
            "childCustId",
            "columnDiv",
            "columnIcon",
            "corpscope",
            "index",
            "maxesopType",
            "maxorgid",
            "maxorglevel",
            "maxorgname",
            "maxrouteRegion",
            "metaweb_arch_css",
            "metaweb_css",
            "mw_",
            "mw_div",
            "mwajax_js",
            "mwutils_js",
            "orgid",
            "orglevel",
            "orgname",
            "queryResultTable",
            "routeRegion",
            "table_operations_js"
          ],
          [
            "attachName",
            "bes_sm_portal_email_div",
            "bes_sm_portal_email_input",
            "bes_sm_portal_email_span",
            "bes_sm_portal_exit_pic",
            "bes_sm_portal_lock_pic",
            "bes_sm_portal_phone_div",
            "bes_sm_portal_phone_input",
            "bes_sm_portal_phone_span",
            "bes_sm_portal_updatePwd_pic",
            "bes_sm_portal_userName_div",
            "bes_sm_portal_userName_input",
            "bes_sm_portal_userName_span",
            "bes_sm_portal_welcom_div",
            "bes_sm_portal_welcome_input",
            "bes_sm_portal_welcome_span",
            "beslogo",
            "besprintiframe",
            "crt-be",
            "datetimepicker_div",
            "downloadExportExcel",
            "drag",
            "emailchoice",
            "frame_calculator",
            "frame_search_employee",
            "headerMenu",
            "helpClose",
            "helpMax",
            "helpMin",
            "helpRestore",
            "helpcenter",
            "helper_center_li",
            "helpifr",
            "helpmore",
            "helptitle",
            "helpul",
            "helpwindow",
            "img_",
            "ins_mpuiconsendsms",
            "ipt_lang",
            "ipt_loginid",
            "leftMenu",
            "leftPopBox",
            "lockPageDiv",
            "lockpage_pwd",
            "menuSearch",
            "middleFrame",
            "moreNotice",
            "mymarquee",
            "noteContent",
            "note_",
            "note_pad",
            "noticeleft",
            "noticeli",
            "noticelistdiv",
            "noticetop",
            "orderScrollbar",
            "popBox",
            "popNote",
            "popNoteBox",
            "popupTitle",
            "printdiv",
            "rightheadermenu",
            "searchReset",
            "search_button_info",
            "search_info_text",
            "shoppingcartNumber",
            "shoppingcartPlat",
            "shoppingcartcheckout",
            "showmenudiv",
            "sitemap",
            "staticshoppingcar_close",
            "staticshoppingcar_open",
            "switchberegion",
            "tab-scrollbar",
            "tip_footdiv",
            "top_gadget",
            "uee-",
            "uee-_bmeDSTImg",
            "uee-_input_img",
            "uee-_ueeDTMShowFmt",
            "uee-_value",
            "unlockpage_btn",
            "workPlace"
          ],
          [
            "bes_sm_portal_email_div",
            "bes_sm_portal_email_input",
            "bes_sm_portal_email_span",
            "bes_sm_portal_exit_pic",
            "bes_sm_portal_lock_pic",
            "bes_sm_portal_phone_div",
            "bes_sm_portal_phone_input",
            "bes_sm_portal_phone_span",
            "bes_sm_portal_updatePwd_pic",
            "bes_sm_portal_userName_div",
            "bes_sm_portal_userName_input",
            "bes_sm_portal_userName_span",
            "bes_sm_portal_welcom_div",
            "bes_sm_portal_welcome_input",
            "bes_sm_portal_welcome_span",
            "beslogo",
            "besprintiframe",
            "crt-be",
            "datetimepicker_div",
            "emailchoice",
            "headerMenu",
            "ins_mpuiconsendsms",
            "ipt_lang",
            "ipt_loginid",
            "leftMenu",
            "lockPageDiv",
            "lockpage_pwd",
            "menuSearch",
            "middleFrame",
            "mymarquee",
            "noticelistdiv",
            "noticetop",
            "orderScrollbar",
            "popBox",
            "popNote",
            "popNoteBox",
            "printdiv",
            "rightheadermenu",
            "search_button_info",
            "search_info_text",
            "shoppingcartNumber",
            "shoppingcartPlat",
            "shoppingcartcheckout",
            "showmenudiv",
            "staticshoppingcar_close",
            "staticshoppingcar_open",
            "tab-scrollbar",
            "tip_footdiv",
            "top_gadget",
            "uee-",
            "uee-_bmeDSTImg",
            "uee-_input_img",
            "uee-_ueeDTMShowFmt",
            "uee-_value",
            "unlockpage_btn",
            "workPlace"
          ]
        ]
      }
    },
    "page/classes": {
      "contexts": {
        "context11_JfBEMp": [
          [
            "LeftScrollBar",
            "LeftxScrollBar",
            "ScrollbarArrow",
            "ScrollbarHandle",
            "ScrollbarHandleC",
            "ScrollbarHandleR",
            "ScrollbarTrack",
            "accountOpt",
            "active",
            "ao-droplist",
            "ao-exit",
            "ao-header",
            "ao-lock",
            "ao-popup",
            "ao-updatepwd",
            "beforeEdit",
            "bes-ad-common-smplugin",
            "bes-ad-staticshoppingcar",
            "bes-common-pagecontext",
            "bes-oc-base-login",
            "bes-oc-base-shoppingcart",
            "bes-sm-commontools",
            "bes-sm-ctz-notice",
            "bes-sm-helpcenter",
            "bes-sm-oc-print",
            "bes-sm-sales-workbench",
            "bes-sm-sitemap",
            "bes-sm-switchbe",
            "bes-sm-unioncash",
            "bf_tips",
            "bf_tips_container",
            "bf_tips_content",
            "btn_negative",
            "cart_num",
            "checkbox",
            "checked",
            "clearfix",
            "close",
            "cn_bg",
            "cn_center",
            "cn_impl",
            "cn_left",
            "cn_right",
            "content",
            "currentOrder",
            "currentOrderEmpty",
            "datetime_input",
            "datetimepicker_DST",
            "datetimepicker_div_trigger",
            "disable",
            "disableEdit",
            "droplist",
            "droplistIcon",
            "editSpan",
            "ele_normal",
            "emailSpan",
            "even",
            "fl",
            "floatCon",
            "fontH",
            "font_blue",
            "font_left",
            "font_right",
            "foot",
            "fr",
            "ft-h",
            "hasDatepicker",
            "head",
            "headerMenu",
            "header_menu_child",
            "header_menu_grandchild",
            "helpcenter",
            "helper_center",
            "hide",
            "icon",
            "inlineTitle",
            "label",
            "last",
            "lastLiOpt",
            "left",
            "lock",
            "lock_input",
            "logo",
            "main-right",
            "max",
            "mb_",
            "menu_btn",
            "mid",
            "middle",
            "min",
            "ml_",
            "mt_",
            "navigatorBar",
            "ng-binding",
            "ng-hide",
            "ng-scope",
            "noneedopenwithtab",
            "normal_img",
            "notice",
            "noticeli",
            "oclogin",
            "ocprint",
            "ocshoppingcart",
            "openwithtab",
            "order_content",
            "order_footer",
            "order_opt",
            "order_title",
            "p",
            "pgHeader",
            "phoneSpan",
            "pophelp-more",
            "pophelp_pa",
            "pre",
            "print_block",
            "print_close",
            "print_content",
            "print_header",
            "r_contnet",
            "resizeB",
            "resizeBR",
            "resizeL",
            "resizeLB",
            "resizeLT",
            "resizeR",
            "resizeT",
            "resizeTR",
            "revert",
            "right",
            "scrollbar_container",
            "scrollbar_container_inner",
            "scrollbar_container_outer",
            "searchBar",
            "searchButton",
            "searchBuyPanel",
            "searchPopup",
            "selected",
            "selector",
            "sh-inputCon",
            "sh-value",
            "shoppingCar",
            "shopping_Number",
            "shopping_close",
            "showMenuDiv",
            "switchbe",
            "tab",
            "tab-close",
            "tab-menu",
            "tab-popup",
            "tab-title",
            "tabCon",
            "tab_nav",
            "tabcontainer",
            "tc-content",
            "tc-mask",
            "tc-popup",
            "tc-tip",
            "tc_content",
            "tc_linkCon",
            "tc_mask",
            "tc_popup",
            "tc_sub_title",
            "tc_title",
            "title",
            "toLeft",
            "tool",
            "toolCon",
            "tool_v",
            "toolbar",
            "uIcon",
            "u_name",
            "u_no",
            "uee",
            "uee-border",
            "uee-datetime",
            "uee-datetime-container",
            "uee-gadget",
            "uee-input",
            "uee-input-normal",
            "uee-inputele-view",
            "uee-ipt-ele",
            "userNameSpan",
            "welcomeSpan",
            "win_cover",
            "win_lock",
            "win_lock_bg",
            "windowBoxwrap",
            "wrap"
          ],
          [
            "LeftScrollBar",
            "LeftxScrollBar",
            "ScrollbarArrow",
            "ScrollbarHandle",
            "ScrollbarHandleC",
            "ScrollbarHandleR",
            "ScrollbarTrack",
            "accountOpt",
            "active",
            "ao-droplist",
            "ao-exit",
            "ao-header",
            "ao-lock",
            "ao-popup",
            "ao-updatepwd",
            "beforeEdit",
            "bes-ad-common-smplugin",
            "bes-ad-staticshoppingcar",
            "bes-common-pagecontext",
            "bes-oc-base-login",
            "bes-oc-base-shoppingcart",
            "bes-sm-commontools",
            "bes-sm-ctz-notice",
            "bes-sm-helpcenter",
            "bes-sm-oc-print",
            "bes-sm-sales-workbench",
            "bes-sm-sitemap",
            "bes-sm-switchbe",
            "bes-sm-unioncash",
            "bf_tips",
            "bf_tips_container",
            "bf_tips_content",
            "btn_negative",
            "cart_num",
            "checkbox",
            "checked",
            "clearfix",
            "close",
            "cn_bg",
            "cn_center",
            "cn_impl",
            "cn_left",
            "cn_right",
            "content",
            "currentOrder",
            "currentOrderEmpty",
            "datetime_input",
            "datetimepicker_DST",
            "datetimepicker_div_trigger",
            "disable",
            "disableEdit",
            "droplist",
            "droplistIcon",
            "editSpan",
            "ele_normal",
            "emailSpan",
            "even",
            "fl",
            "floatCon",
            "fontH",
            "font_blue",
            "font_left",
            "font_right",
            "foot",
            "fr",
            "ft-h",
            "hasDatepicker",
            "head",
            "headerMenu",
            "header_menu_child",
            "header_menu_grandchild",
            "helpcenter",
            "helper_center",
            "hide",
            "icon",
            "inlineTitle",
            "label",
            "last",
            "lastLiOpt",
            "left",
            "lock",
            "lock_input",
            "logo",
            "main-right",
            "max",
            "mb_",
            "menu_btn",
            "mid",
            "middle",
            "min",
            "ml_",
            "mt_",
            "navigatorBar",
            "ng-binding",
            "ng-hide",
            "ng-scope",
            "normal_img",
            "notice",
            "noticeli",
            "oclogin",
            "ocprint",
            "ocshoppingcart",
            "openwithtab",
            "order_content",
            "order_footer",
            "order_opt",
            "order_title",
            "p",
            "pgHeader",
            "phoneSpan",
            "pophelp-more",
            "pophelp_pa",
            "pre",
            "print_block",
            "print_close",
            "print_content",
            "print_header",
            "r_contnet",
            "resizeB",
            "resizeBR",
            "resizeL",
            "resizeLB",
            "resizeLT",
            "resizeR",
            "resizeT",
            "resizeTR",
            "revert",
            "right",
            "scrollbar_container",
            "scrollbar_container_inner",
            "scrollbar_container_outer",
            "searchBar",
            "searchButton",
            "searchBuyPanel",
            "searchPopup",
            "selected",
            "selector",
            "sh-inputCon",
            "sh-value",
            "shoppingCar",
            "shopping_Number",
            "shopping_close",
            "showMenuDiv",
            "switchbe",
            "tab",
            "tab-close",
            "tab-menu",
            "tab-popup",
            "tab-title",
            "tabCon",
            "tab_nav",
            "tabcontainer",
            "tc-content",
            "tc-mask",
            "tc-popup",
            "tc-tip",
            "tc_content",
            "tc_linkCon",
            "tc_mask",
            "tc_popup",
            "tc_sub_title",
            "tc_title",
            "title",
            "toLeft",
            "tool",
            "toolCon",
            "tool_v",
            "toolbar",
            "uIcon",
            "u_name",
            "u_no",
            "uee",
            "uee-border",
            "uee-datetime",
            "uee-datetime-container",
            "uee-gadget",
            "uee-input",
            "uee-input-normal",
            "uee-inputele-view",
            "uee-ipt-ele",
            "userNameSpan",
            "welcomeSpan",
            "win_cover",
            "win_lock",
            "win_lock_bg",
            "windowBoxwrap",
            "wrap"
          ],
          [
            "basic_arrow",
            "basicinfo_bg",
            "button_px",
            "list_tr_bgcolor",
            "list_tr_bgcolor,list_tr_bgcolor",
            "mw_field_button",
            "mw_field_reset",
            "mw_field_text",
            "mw_label",
            "mw_radiobutton",
            "mw_table",
            "mw_table_row",
            "newmain",
            "table_list",
            "table_listoutline",
            "td_input_width",
            "td_text_width",
            "tint_td_text",
            "title_boldtext"
          ],
          [
            "LeftScrollBar",
            "LeftxScrollBar",
            "ScrollbarArrow",
            "ScrollbarHandle",
            "ScrollbarHandleC",
            "ScrollbarHandleR",
            "ScrollbarTrack",
            "accountOpt",
            "active",
            "ao-droplist",
            "ao-exit",
            "ao-header",
            "ao-lock",
            "ao-popup",
            "ao-updatepwd",
            "beforeEdit",
            "bes-ad-common-smplugin",
            "bes-ad-staticshoppingcar",
            "bes-common-pagecontext",
            "bes-oc-base-login",
            "bes-oc-base-shoppingcart",
            "bes-sm-commontools",
            "bes-sm-ctz-notice",
            "bes-sm-helpcenter",
            "bes-sm-oc-print",
            "bes-sm-sales-workbench",
            "bes-sm-sitemap",
            "bes-sm-switchbe",
            "bes-sm-unioncash",
            "bf_tips",
            "bf_tips_container",
            "bf_tips_content",
            "btn_negative",
            "cart_num",
            "checkbox",
            "checked",
            "clearfix",
            "close",
            "close_box",
            "cn_bg",
            "cn_center",
            "cn_impl",
            "cn_left",
            "cn_right",
            "content",
            "currentOrder",
            "currentOrderEmpty",
            "dateInfo",
            "datetime_input",
            "datetimepicker_DST",
            "datetimepicker_div_trigger",
            "disable",
            "disableEdit",
            "droplist",
            "droplistIcon",
            "editSpan",
            "ele_normal",
            "emailSpan",
            "even",
            "fl",
            "floatCon",
            "fontH",
            "font_blue",
            "font_left",
            "font_right",
            "foot",
            "form_notice",
            "fr",
            "ft-h",
            "hasDatepicker",
            "head",
            "headerMenu",
            "header_menu_child",
            "header_menu_grandchild",
            "helpcenter",
            "helper_center",
            "hide",
            "icon",
            "inlineTitle",
            "label",
            "last",
            "lastLiOpt",
            "left",
            "lock",
            "lock_input",
            "logo",
            "main-right",
            "max",
            "mb_",
            "menu_btn",
            "mid",
            "middle",
            "min",
            "ml_",
            "moreLink",
            "mt_",
            "navigatorBar",
            "ng-binding",
            "ng-hide",
            "ng-scope",
            "normal_img",
            "notice",
            "noticeli",
            "oclogin",
            "ocprint",
            "ocshoppingcart",
            "openwithtab",
            "order_content",
            "order_footer",
            "order_opt",
            "order_title",
            "p",
            "pgHeader",
            "phoneSpan",
            "pophelp-more",
            "pophelp_pa",
            "pre",
            "print_block",
            "print_close",
            "print_content",
            "print_header",
            "r_contnet",
            "resizeB",
            "resizeBR",
            "resizeL",
            "resizeLB",
            "resizeLT",
            "resizeR",
            "resizeT",
            "resizeTR",
            "revert",
            "right",
            "scrollbar_container",
            "scrollbar_container_inner",
            "scrollbar_container_outer",
            "searchBar",
            "searchButton",
            "searchBuyPanel",
            "searchPopup",
            "selected",
            "selector",
            "sh-inputCon",
            "sh-value",
            "shoppingCar",
            "shopping_Number",
            "shopping_close",
            "showMenuDiv",
            "switchbe",
            "tab",
            "tab-close",
            "tab-menu",
            "tab-popup",
            "tab-title",
            "tabCon",
            "tab_nav",
            "tabcontainer",
            "tc-content",
            "tc-mask",
            "tc-popup",
            "tc-tip",
            "tc_content",
            "tc_linkCon",
            "tc_mask",
            "tc_popup",
            "tc_sub_title",
            "tc_title",
            "title",
            "toLeft",
            "tool",
            "toolCon",
            "tool_v",
            "toolbar",
            "uIcon",
            "u_name",
            "u_no",
            "uee",
            "uee-border",
            "uee-datetime",
            "uee-datetime-container",
            "uee-gadget",
            "uee-input",
            "uee-input-normal",
            "uee-inputele-view",
            "uee-ipt-ele",
            "urgentIcon",
            "userNameSpan",
            "wb_title",
            "welcomeSpan",
            "win_box",
            "win_cover",
            "win_lock",
            "win_lock_bg",
            "windowBoxwrap",
            "wrap"
          ],
          [
            "LeftScrollBar",
            "LeftxScrollBar",
            "ScrollbarArrow",
            "ScrollbarHandle",
            "ScrollbarHandleC",
            "ScrollbarHandleR",
            "ScrollbarTrack",
            "accountOpt",
            "active",
            "ao-droplist",
            "ao-exit",
            "ao-header",
            "ao-lock",
            "ao-popup",
            "ao-updatepwd",
            "beforeEdit",
            "bes-ad-common-smplugin",
            "bes-ad-staticshoppingcar",
            "bes-common-pagecontext",
            "bes-oc-base-login",
            "bes-oc-base-shoppingcart",
            "bes-sm-commontools",
            "bes-sm-ctz-notice",
            "bes-sm-helpcenter",
            "bes-sm-oc-print",
            "bes-sm-sales-workbench",
            "bes-sm-sitemap",
            "bes-sm-switchbe",
            "bes-sm-unioncash",
            "bf_tips",
            "bf_tips_container",
            "bf_tips_content",
            "btn_negative",
            "cart_num",
            "checkbox",
            "checked",
            "cn_bg",
            "cn_center",
            "cn_impl",
            "cn_left",
            "cn_right",
            "currentOrder",
            "currentOrderEmpty",
            "datetime_input",
            "datetimepicker_DST",
            "datetimepicker_div_trigger",
            "disable",
            "disableEdit",
            "droplist",
            "droplistIcon",
            "editSpan",
            "ele_normal",
            "emailSpan",
            "even",
            "fl",
            "floatCon",
            "font_blue",
            "font_left",
            "font_right",
            "foot",
            "fr",
            "hasDatepicker",
            "head",
            "headerMenu",
            "header_menu_child",
            "header_menu_grandchild",
            "hide",
            "icon",
            "label",
            "last",
            "lastLiOpt",
            "left",
            "lock",
            "lock_input",
            "logo",
            "main-right",
            "mb_",
            "menu_btn",
            "mid",
            "middle",
            "ml_",
            "mt_",
            "navigatorBar",
            "ng-binding",
            "ng-hide",
            "ng-scope",
            "normal_img",
            "notice",
            "ocshoppingcart",
            "openwithtab",
            "order_content",
            "order_footer",
            "order_opt",
            "order_title",
            "p",
            "pgHeader",
            "phoneSpan",
            "print_block",
            "print_close",
            "print_content",
            "print_header",
            "r_contnet",
            "right",
            "scrollbar_container",
            "scrollbar_container_inner",
            "scrollbar_container_outer",
            "searchBar",
            "searchButton",
            "searchBuyPanel",
            "searchPopup",
            "selected",
            "selector",
            "sh-inputCon",
            "sh-value",
            "shoppingCar",
            "shopping_Number",
            "shopping_close",
            "showMenuDiv",
            "tab",
            "tab-close",
            "tab-menu",
            "tab-popup",
            "tab-title",
            "tabCon",
            "tab_nav",
            "tabcontainer",
            "toLeft",
            "toolCon",
            "tool_v",
            "toolbar",
            "uIcon",
            "u_name",
            "u_no",
            "uee",
            "uee-border",
            "uee-datetime",
            "uee-datetime-container",
            "uee-gadget",
            "uee-input",
            "uee-input-normal",
            "uee-inputele-view",
            "uee-ipt-ele",
            "userNameSpan",
            "welcomeSpan",
            "win_cover",
            "win_lock",
            "win_lock_bg",
            "windowBoxwrap",
            "wrap"
          ]
        ]
      }
    },
    "page/tagTriplets": {
      "contexts": {
        "context11_JfBEMp": [
          [
            "-/-/DIV",
            "-/-/SCRIPT",
            "-/-/UEE:FIRE",
            "-/-/UEE:INCLUDE",
            "-/DIV/DIV",
            "-/UEE:FIRE/SCRIPT",
            "-/UEE:INCLUDE/DIV",
            "-/UEE:INCLUDE/LINK",
            "-/UEE:INCLUDE/META",
            "-/UEE:INCLUDE/STYLE",
            "-/UEE:INCLUDE/UEE:FIRE",
            "A/SPAN/UEE:FIRE",
            "DIV/A/IMG",
            "DIV/A/SPAN",
            "DIV/A/UEE:FIRE",
            "DIV/DIV/A",
            "DIV/DIV/DIV",
            "DIV/DIV/H2",
            "DIV/DIV/H3",
            "DIV/DIV/IFRAME",
            "DIV/DIV/IMG",
            "DIV/DIV/INPUT-null",
            "DIV/DIV/INPUT-password",
            "DIV/DIV/INPUT-text",
            "DIV/DIV/LABEL",
            "DIV/DIV/LINK",
            "DIV/DIV/MARQUEE",
            "DIV/DIV/P",
            "DIV/DIV/SPAN",
            "DIV/DIV/UEE:FIRE",
            "DIV/DIV/UEE:INCLUDE",
            "DIV/DIV/UEE：GADGET",
            "DIV/DIV/UL",
            "DIV/LABEL/INS",
            "DIV/LABEL/SPAN",
            "DIV/LI/A",
            "DIV/LI/DIV",
            "DIV/NG:SWITCH/DIV",
            "DIV/NG:SWITCH/INPUT-hidden",
            "DIV/SPAN/DIV",
            "DIV/SPAN/EM",
            "DIV/SPAN/SPAN",
            "DIV/SPAN/UEE:FIRE",
            "DIV/UEE:INCLUDE/DIV",
            "DIV/UEE:INCLUDE/LINK",
            "DIV/UEE:INCLUDE/UEE:FIRE",
            "DIV/UL/DIV",
            "DIV/UL/LI",
            "LABEL/INS/UEE:FIRE",
            "LABEL/SPAN/UEE:FIRE",
            "LI/DIV/DIV",
            "LI/DIV/INPUT-text",
            "LI/DIV/SPAN",
            "NG:SWITCH/DIV/DIV",
            "SPAN/DIV/DIV",
            "SPAN/DIV/NG:SWITCH",
            "UEE:INCLUDE/DIV/A",
            "UEE:INCLUDE/DIV/DIV",
            "UEE:INCLUDE/DIV/IFRAME",
            "UEE:INCLUDE/DIV/LINK",
            "UEE:INCLUDE/DIV/SPAN",
            "UEE:INCLUDE/DIV/UEE:FIRE",
            "UEE:INCLUDE/DIV/UL",
            "UL/DIV/LI",
            "UL/DIV/LINK",
            "UL/DIV/UEE:FIRE",
            "UL/LI/A",
            "UL/LI/DIV",
            "UL/LI/LABEL",
            "UL/LI/SPAN"
          ],
          [
            "-/-/DIV",
            "-/-/SCRIPT",
            "-/-/UEE:FIRE",
            "-/-/UEE:INCLUDE",
            "-/DIV/DIV",
            "-/UEE:FIRE/SCRIPT",
            "-/UEE:INCLUDE/DIV",
            "-/UEE:INCLUDE/LINK",
            "-/UEE:INCLUDE/META",
            "-/UEE:INCLUDE/STYLE",
            "-/UEE:INCLUDE/UEE:FIRE",
            "A/SPAN/UEE:FIRE",
            "DIV/A/IMG",
            "DIV/A/SPAN",
            "DIV/A/UEE:FIRE",
            "DIV/DIV/A",
            "DIV/DIV/DIV",
            "DIV/DIV/H2",
            "DIV/DIV/H3",
            "DIV/DIV/IFRAME",
            "DIV/DIV/IMG",
            "DIV/DIV/INPUT-null",
            "DIV/DIV/INPUT-password",
            "DIV/DIV/INPUT-text",
            "DIV/DIV/LABEL",
            "DIV/DIV/LINK",
            "DIV/DIV/MARQUEE",
            "DIV/DIV/P",
            "DIV/DIV/SPAN",
            "DIV/DIV/UEE:FIRE",
            "DIV/DIV/UEE:INCLUDE",
            "DIV/DIV/UEE：GADGET",
            "DIV/DIV/UL",
            "DIV/LABEL/INS",
            "DIV/LABEL/SPAN",
            "DIV/LI/A",
            "DIV/LI/DIV",
            "DIV/NG:SWITCH/DIV",
            "DIV/NG:SWITCH/INPUT-hidden",
            "DIV/SPAN/DIV",
            "DIV/SPAN/EM",
            "DIV/SPAN/SPAN",
            "DIV/SPAN/UEE:FIRE",
            "DIV/UEE:INCLUDE/DIV",
            "DIV/UEE:INCLUDE/LINK",
            "DIV/UEE:INCLUDE/UEE:FIRE",
            "DIV/UL/DIV",
            "DIV/UL/LI",
            "LABEL/INS/UEE:FIRE",
            "LABEL/SPAN/UEE:FIRE",
            "LI/DIV/DIV",
            "LI/DIV/INPUT-text",
            "LI/DIV/SPAN",
            "NG:SWITCH/DIV/DIV",
            "SPAN/DIV/DIV",
            "SPAN/DIV/NG:SWITCH",
            "UEE:INCLUDE/DIV/A",
            "UEE:INCLUDE/DIV/DIV",
            "UEE:INCLUDE/DIV/IFRAME",
            "UEE:INCLUDE/DIV/LINK",
            "UEE:INCLUDE/DIV/SPAN",
            "UEE:INCLUDE/DIV/UEE:FIRE",
            "UEE:INCLUDE/DIV/UL",
            "UL/DIV/LI",
            "UL/DIV/LINK",
            "UL/DIV/UEE:FIRE",
            "UL/LI/DIV",
            "UL/LI/LABEL",
            "UL/LI/SPAN"
          ],
          [
            "-/-/DIV",
            "-/-/FORM",
            "-/-/SCRIPT",
            "-/FORM/DIV",
            "-/FORM/INPUT-hidden",
            "-/FORM/LINK",
            "DIV/DIV/TABLE",
            "DIV/TABLE/TBODY",
            "DIV/TABLE/TFOOT",
            "FORM/DIV/DIV",
            "FORM/DIV/SCRIPT",
            "FORM/DIV/TABLE",
            "TABLE/TBODY/TR",
            "TABLE/TFOOT/TR",
            "TBODY/TR/TD",
            "TD/SELECT/OPTION",
            "TD/SPAN/IMG",
            "TD/SPAN/INPUT-text",
            "TFOOT/TR/TD",
            "TR/TD/IMG",
            "TR/TD/INPUT-button",
            "TR/TD/INPUT-hidden",
            "TR/TD/INPUT-radio",
            "TR/TD/INPUT-reset",
            "TR/TD/INPUT-text",
            "TR/TD/LABEL",
            "TR/TD/SCRIPT",
            "TR/TD/SELECT",
            "TR/TD/SPAN"
          ],
          [
            "-/-/DIV",
            "-/-/SCRIPT",
            "-/-/UEE:FIRE",
            "-/-/UEE:INCLUDE",
            "-/DIV/DIV",
            "-/UEE:FIRE/SCRIPT",
            "-/UEE:INCLUDE/DIV",
            "-/UEE:INCLUDE/LINK",
            "-/UEE:INCLUDE/META",
            "-/UEE:INCLUDE/STYLE",
            "-/UEE:INCLUDE/UEE:FIRE",
            "A/SPAN/UEE:FIRE",
            "DIV/A/IMG",
            "DIV/A/SPAN",
            "DIV/A/UEE:FIRE",
            "DIV/DIV/A",
            "DIV/DIV/BR",
            "DIV/DIV/DIV",
            "DIV/DIV/H2",
            "DIV/DIV/H3",
            "DIV/DIV/IFRAME",
            "DIV/DIV/IMG",
            "DIV/DIV/INPUT-null",
            "DIV/DIV/INPUT-password",
            "DIV/DIV/INPUT-text",
            "DIV/DIV/LABEL",
            "DIV/DIV/LINK",
            "DIV/DIV/MARQUEE",
            "DIV/DIV/P",
            "DIV/DIV/SPAN",
            "DIV/DIV/UEE:FIRE",
            "DIV/DIV/UEE:INCLUDE",
            "DIV/DIV/UEE：GADGET",
            "DIV/DIV/UL",
            "DIV/LABEL/INS",
            "DIV/LABEL/SPAN",
            "DIV/LI/A",
            "DIV/LI/DIV",
            "DIV/MARQUEE/SPAN",
            "DIV/NG:SWITCH/DIV",
            "DIV/NG:SWITCH/INPUT-hidden",
            "DIV/P/BR",
            "DIV/P/SPAN",
            "DIV/SPAN/DIV",
            "DIV/SPAN/EM",
            "DIV/SPAN/SPAN",
            "DIV/SPAN/UEE:FIRE",
            "DIV/UEE:INCLUDE/DIV",
            "DIV/UEE:INCLUDE/LINK",
            "DIV/UEE:INCLUDE/UEE:FIRE",
            "DIV/UL/DIV",
            "DIV/UL/LI",
            "LABEL/INS/UEE:FIRE",
            "LABEL/SPAN/UEE:FIRE",
            "LI/DIV/DIV",
            "LI/DIV/INPUT-text",
            "LI/DIV/SPAN",
            "MARQUEE/SPAN/IMG",
            "NG:SWITCH/DIV/DIV",
            "SPAN/DIV/DIV",
            "SPAN/DIV/NG:SWITCH",
            "UEE:INCLUDE/DIV/A",
            "UEE:INCLUDE/DIV/DIV",
            "UEE:INCLUDE/DIV/IFRAME",
            "UEE:INCLUDE/DIV/LINK",
            "UEE:INCLUDE/DIV/SPAN",
            "UEE:INCLUDE/DIV/UEE:FIRE",
            "UEE:INCLUDE/DIV/UL",
            "UL/DIV/LI",
            "UL/DIV/LINK",
            "UL/DIV/UEE:FIRE",
            "UL/LI/DIV",
            "UL/LI/LABEL",
            "UL/LI/SPAN"
          ],
          [
            "-/-/DIV",
            "-/-/SCRIPT",
            "-/-/UEE:FIRE",
            "-/-/UEE:INCLUDE",
            "-/DIV/DIV",
            "-/UEE:FIRE/SCRIPT",
            "-/UEE:INCLUDE/DIV",
            "-/UEE:INCLUDE/LINK",
            "-/UEE:INCLUDE/META",
            "-/UEE:INCLUDE/STYLE",
            "-/UEE:INCLUDE/UEE:FIRE",
            "A/SPAN/UEE:FIRE",
            "DIV/A/IMG",
            "DIV/A/SPAN",
            "DIV/DIV/A",
            "DIV/DIV/DIV",
            "DIV/DIV/H3",
            "DIV/DIV/IFRAME",
            "DIV/DIV/IMG",
            "DIV/DIV/INPUT-null",
            "DIV/DIV/INPUT-password",
            "DIV/DIV/INPUT-text",
            "DIV/DIV/LABEL",
            "DIV/DIV/MARQUEE",
            "DIV/DIV/P",
            "DIV/DIV/SPAN",
            "DIV/DIV/UEE:FIRE",
            "DIV/DIV/UEE:INCLUDE",
            "DIV/DIV/UEE：GADGET",
            "DIV/DIV/UL",
            "DIV/LABEL/INS",
            "DIV/LABEL/SPAN",
            "DIV/NG:SWITCH/DIV",
            "DIV/NG:SWITCH/INPUT-hidden",
            "DIV/SPAN/DIV",
            "DIV/SPAN/EM",
            "DIV/SPAN/SPAN",
            "DIV/SPAN/UEE:FIRE",
            "DIV/UEE:INCLUDE/DIV",
            "DIV/UEE:INCLUDE/LINK",
            "DIV/UEE:INCLUDE/UEE:FIRE",
            "DIV/UL/DIV",
            "DIV/UL/LI",
            "LABEL/INS/UEE:FIRE",
            "LABEL/SPAN/UEE:FIRE",
            "LI/DIV/INPUT-text",
            "LI/DIV/SPAN",
            "NG:SWITCH/DIV/DIV",
            "SPAN/DIV/DIV",
            "SPAN/DIV/NG:SWITCH",
            "UEE:INCLUDE/DIV/A",
            "UEE:INCLUDE/DIV/DIV",
            "UEE:INCLUDE/DIV/IFRAME",
            "UEE:INCLUDE/DIV/LINK",
            "UEE:INCLUDE/DIV/SPAN",
            "UEE:INCLUDE/DIV/UEE:FIRE",
            "UEE:INCLUDE/DIV/UL",
            "UL/LI/DIV",
            "UL/LI/LABEL",
            "UL/LI/SPAN"
          ]
        ]
      }
    }
  }
}