{
  "version": "0.1",
  "id": "lks_rules_list",
  "targetURL": "http://oa.sec.com.cn/lks/koa/lks_rules.nsf/$$ViewTemplate+For+VD_ByCreateTime?openform&Path=%e6%89%80%e6%9c%89%e6%96%87%e6%a1%a3",
  "jsFile": "index.js",
  "chineseName": "制度管理列表",
  "description": "",
  "controls": {
    "control12_nX6yIm": {
      "location": {
        "data": {
          "tagName": "DIV"
        },
        "userData": {
          "data": [],
          "force": false
        },
        "locators": [
          {
            "id": "@id/word",
            "prob": 3,
            "value": "descendant::DIV[@id=\"VW_TABLE\"]"
          },
          {
            "id": "path/ordinal",
            "prob": 1,
            "value": "/HTML[1]/BODY[1]/FORM[1]/TABLE[4]/TBODY[1]/TR[1]/TD[1]/DIV[2]"
          }
        ]
      },
      "events": {
        "onGetData": "getData_control12_nX6yIm"
      },
      "intendedRole": "custom",
      "roles": "element,custom",
      "monitored": true,
      "frameXPath": "//frame[@name='bodyFrame']<<IFRAME>>//frame[@name='viewFrame']<<IFRAME>>",
      "componentType": "custom"
    },
    "control12_bxkDwo": {
      "location": {
        "data": {
          "tagName": "DIV"
        },
        "userData": {
          "data": [],
          "force": false
        },
        "locators": [
          {
            "id": "@id/word",
            "prob": 3,
            "value": "descendant::DIV[@id=\"VW_NAVBOTTOM\"]"
          },
          {
            "id": "path/ordinal",
            "prob": 1,
            "value": "/HTML[1]/BODY[1]/FORM[1]/TABLE[4]/TBODY[1]/TR[1]/TD[1]/DIV[3]"
          }
        ]
      },
      "events": {
        "onGetData": "getData_control12_bxkDwo"
      },
      "intendedRole": "custom",
      "roles": "element,custom",
      "monitored": true,
      "frameXPath": "//frame[@name='bodyFrame']<<IFRAME>>//frame[@name='viewFrame']<<IFRAME>>",
      "componentType": "custom"
    },
    "control3_ONMFMe": {
      "location": {
        "data": {
          "tagName": "FONT"
        },
        "userData": {
          "data": [],
          "force": false
        },
        "locators": [
          {
            "id": "@class/word",
            "prob": 1,
            "ordinal": [
              0,
              6
            ],
            "value": "FONT.curpath"
          },
          {
            "id": "path/ordinal",
            "prob": 1,
            "value": "/HTML[1]/BODY[1]/FORM[1]/TABLE[4]/TBODY[1]/TR[1]/TD[1]/FONT[1]"
          },
          {
            "id": "elderLevel",
            "value": {
              "level": 0
            }
          }
        ]
      },
      "events": {
        "onGetData": "getData_control3_ONMFMe"
      },
      "intendedRole": "custom",
      "roles": "element,custom",
      "monitored": true,
      "frameXPath": "//frame[@name='bodyFrame']<<IFRAME>>//frame[@name='viewFrame']<<IFRAME>>",
      "componentType": "custom"
    }
  },
  "contexts": {
    "context1_Pkoby8": {
      "controls": [
        "control12_nX6yIm",
        "control12_bxkDwo",
        "control3_ONMFMe"
      ],
      "anchors": [],
      "urlAnchor": []
    }
  },
  "flows": {
    "flow1_wqkHTo": {
      "toContexts": [
        {
          "toContextId": "context1_Pkoby8"
        }
      ]
    },
    "flow7_dltq9O": {
      "fromContextId": "context1_Pkoby8",
      "fromAction": "doAction",
      "fromControlId": "control12_nX6yIm",
      "toContexts": [
        {
          "toContextId": "context1_Pkoby8"
        }
      ]
    }
  },
  "pages": {
    "page1_c6P4sc": {
      "contextId": "context1_Pkoby8",
      "layout": [
        {
          "id": "uiControl3_tQasHK",
          "controlId": "control3_ONMFMe",
          "display": {
            "adapterId": "custom",
            "type": "custom",
            "adapter": {
              "templateType": "react",
              "events": {
                "onDoAction": "doAction_uiControl3_tQasHK",
                "onGetTemplate": "getTemplate_uiControl3_tQasHK"
              }
            }
          }
        },
        {
          "id": "uiControl9_r13NyT",
          "controlId": "control12_nX6yIm",
          "display": {
            "adapterId": "custom",
            "type": "custom",
            "adapter": {
              "templateType": "react",
              "events": {
                "onDoAction": "doAction_uiControl9_r13NyT",
                "onGetTemplate": "getTemplate_uiControl9_r13NyT"
              }
            }
          }
        },
        {
          "id": "uiControl9_fOA9nc",
          "controlId": "control12_bxkDwo",
          "display": {
            "adapterId": "custom",
            "type": "custom",
            "adapter": {
              "templateType": "react",
              "events": {
                "onDoAction": "doAction_uiControl9_fOA9nc",
                "onGetTemplate": "getTemplate_uiControl9_fOA9nc"
              }
            }
          }
        }
      ]
    }
  },
  "matchers": {
    "page/title": {
      "contexts": {
        "context1_Pkoby8": [
          "",
          "请登录深圳能源OA系统"
        ]
      }
    },
    "page/urls": {
      "contexts": {
        "context1_Pkoby8": [
          "oa.sec.com.cn/lks/koa/lks_rules.nsf/$$ViewTemplate+For+VD_ByCreateTime?openform&Path=%u6240%u6709%u6587%u6863",
          "oac1.sec.com.cn/lks/koa.xxjs/lks_rules.nsf/$$ViewTemplate+For+VD_ByCreateTime?openform&Path=%u6240%u6709%u6587%u6863",
          "oa.sec.com.cn/lks/koa/lks_rules.nsf/$$ViewTemplate+For+VD_ByCreateTime?openform&Path=%e6%89%80%e6%9c%89%e6%96%87%e6%a1%a3",
          ""
        ]
      }
    },
    "page/ids": {
      "contexts": {
        "context1_Pkoby8": [
          [
            "DIV_SearchBar",
            "EndCurPage",
            "EndHead",
            "EndLast",
            "EndNext",
            "EndPrev",
            "EndRefresh",
            "EndTotalPage",
            "Endcount",
            "S_OperationBar",
            "TopCurPage",
            "TopHead",
            "TopLast",
            "TopNext",
            "TopPrev",
            "TopRefresh",
            "TopTotalPage",
            "Topcount",
            "VWVWROW_",
            "VW_NAVBOTTOM",
            "VW_NAVTOP",
            "VW_TABLE",
            "VW_VW",
            "btnGoBottom",
            "btnGoTop",
            "buttonDiv"
          ],
          [
            "loaddata_div",
            "mainTable",
            "unauthor",
            "xtts"
          ],
          [
            "TVN_"
          ]
        ]
      }
    },
    "page/classes": {
      "contexts": {
        "context1_Pkoby8": [
          [
            "BtnMenuView",
            "InputView",
            "TbView",
            "TrViewFirst",
            "btnmenuview",
            "curpath",
            "doclistbottom",
            "selectmenu",
            "tbsearchbar",
            "textdocnone"
          ],
          [
            "field"
          ],
          []
        ]
      }
    },
    "page/tagTriplets": {
      "contexts": {
        "context1_Pkoby8": [
          [
            "-/-/DIV",
            "-/-/FORM",
            "-/-/SCRIPT",
            "-/DIV/TABLE",
            "-/FORM/DIV",
            "-/FORM/INPUT-hidden",
            "-/FORM/TABLE",
            "DIV/TABLE/TBODY",
            "FONT/SELECT/OPTION",
            "FORM/DIV/TABLE",
            "FORM/TABLE/TBODY",
            "TABLE/TBODY/TR",
            "TBODY/TR/TD",
            "TD/A/IMG",
            "TD/A/NOBR",
            "TD/DIV/INPUT-button",
            "TD/DIV/TABLE",
            "TD/FONT/INPUT-hidden",
            "TD/FONT/INPUT-null",
            "TD/FONT/SELECT",
            "TD/TABLE/TBODY",
            "TR/TD/A",
            "TR/TD/BR",
            "TR/TD/DIV",
            "TR/TD/FONT",
            "TR/TD/IMG",
            "TR/TD/INPUT-button",
            "TR/TD/INPUT-text",
            "TR/TD/TABLE"
          ],
          [
            "-/-/FORM",
            "-/-/SCRIPT",
            "-/FORM/DIV",
            "-/FORM/INPUT-hidden",
            "-/FORM/INPUT-null",
            "-/FORM/SCRIPT",
            "-/FORM/STYLE",
            "-/FORM/TABLE",
            "DIV/FONT/B",
            "FORM/DIV/FONT",
            "FORM/DIV/IMG",
            "FORM/TABLE/TBODY",
            "TABLE/TBODY/TR",
            "TBODY/TR/TD",
            "TD/TABLE/TBODY",
            "TR/TD/BR",
            "TR/TD/IMG",
            "TR/TD/INPUT-checkbox",
            "TR/TD/INPUT-hidden",
            "TR/TD/INPUT-null",
            "TR/TD/INPUT-password",
            "TR/TD/INPUT-submit",
            "TR/TD/SPAN",
            "TR/TD/TABLE"
          ],
          [
            "-/-/TABLE",
            "-/TABLE/TBODY",
            "TABLE/TBODY/TR",
            "TBODY/TR/TD",
            "TD/A/IMG",
            "TR/TD/A",
            "TR/TD/IMG"
          ]
        ]
      }
    }
  }
}