{
  "version": "0.1",
  "id": "Flowchart_SelectPeople",
  "targetURL": "http://oa.sec.com.cn/lks/koa/lks_flow.nsf/FM_EditNodeReview?OpenForm&class=review&module=lks+koa+lks_archivemngnewex.nsf&fresh=false",
  "jsFile": "index.js",
  "requires": {
    "choosePeople": "../choosePeople/index.json"
  },
  "chineseName": "流程图选择人员",
  "description": "",
  "controls": {
    "control73_Lhk29C": {
      "location": {
        "data": {
          "tagName": "LEGEND"
        },
        "userData": {
          "data": [],
          "force": false
        },
        "locators": [
          {
            "id": "@id/word",
            "prob": 2,
            "value": [
              "descendant::TABLE[@id=\"labelTable\"]/TBODY[1]/TR[2]/TD[1]/FIELDSET[1]/LEGEND[1]",
              "descendant::TABLE[@id=\"labelTable\"]//LEGEND"
            ]
          },
          {
            "id": "@class/word",
            "prob": 1,
            "ordinal": [
              0,
              8
            ],
            "value": "TABLE.labeltb TR.trbg TD.tdbg FIELDSET LEGEND"
          },
          {
            "id": "path/ordinal",
            "prob": 1,
            "value": "/HTML[1]/BODY[1]/FORM[1]/DIV[1]/TABLE[1]/TBODY[1]/TR[2]/TD[1]/FIELDSET[1]/LEGEND[1]"
          },
          {
            "id": "elderLevel",
            "value": {
              "level": 0
            }
          }
        ]
      },
      "events": {
        "onGetData": "getData_control73_Lhk29C"
      },
      "intendedRole": "custom",
      "roles": "element,custom",
      "ignoreVisibility": true,
      "monitored": true,
      "frameXPath": "",
      "componentType": "custom"
    },
    "control75_tU5KFD": {
      "location": {
        "data": {
          "tagName": "TABLE"
        },
        "userData": {
          "data": [],
          "force": false
        },
        "locators": [
          {
            "id": "@id/word",
            "prob": 3,
            "value": "descendant::TABLE[@id=\"labelTable\"]"
          },
          {
            "id": "@class/word",
            "prob": 1,
            "value": "TABLE.labeltb"
          },
          {
            "id": "path/ordinal",
            "prob": 1,
            "value": "/HTML[1]/BODY[1]/FORM[1]/DIV[1]/TABLE[1]"
          }
        ]
      },
      "events": {
        "onGetData": "getData_control75_tU5KFD"
      },
      "intendedRole": "custom",
      "roles": "element,custom",
      "monitored": false,
      "frameXPath": "",
      "componentType": "custom"
    },
    "control74_96BGE2": {
      "location": {
        "data": {
          "tagName": "CENTER"
        },
        "userData": {
          "data": [],
          "force": false
        },
        "locators": [
          {
            "id": "path/ordinal",
            "prob": 1,
            "value": "/HTML[1]/BODY[1]/FORM[1]/CENTER[1]"
          }
        ]
      },
      "events": {
        "onGetData": "getData_control74_96BGE2"
      },
      "intendedRole": "custom",
      "roles": "element,custom",
      "monitored": true,
      "frameXPath": "",
      "componentType": "custom"
    }
  },
  "contexts": {
    "context12_GGuSeZ": {
      "controls": [
        "control73_Lhk29C",
        "control75_tU5KFD",
        "control74_96BGE2"
      ],
      "anchors": [],
      "urlAnchor": []
    }
  },
  "flows": {
    "flow56_Es2EC6": {
      "toContexts": [
        {
          "toContextId": "context12_GGuSeZ"
        }
      ]
    },
    "flow58_3QuOMh": {
      "fromContextId": "context12_GGuSeZ",
      "fromAction": "doAction",
      "fromControlId": "control75_tU5KFD",
      "toContexts": [
        {
          "toContextId": "context12_GGuSeZ"
        },
        {
          "toContextId": "context6_m0MbOe",
          "toModelId": "choosePeople"
        }
      ]
    },
    "flow59_es08B0": {
      "fromContextId": "context12_GGuSeZ",
      "fromAction": "doAction",
      "fromControlId": "control74_96BGE2",
      "toContexts": [
        {
          "toContextId": "context12_GGuSeZ"
        }
      ]
    }
  },
  "pages": {
    "page12_3EueZt": {
      "contextId": "context12_GGuSeZ",
      "layout": [
        {
          "id": "uiControl85_xOm65T",
          "controlId": "control73_Lhk29C",
          "display": {
            "adapterId": "custom",
            "type": "custom",
            "adapter": {
              "templateType": "react",
              "events": {
                "onDoAction": "doAction_uiControl85_xOm65T",
                "onGetTemplate": "getTemplate_uiControl85_xOm65T"
              }
            }
          }
        },
        {
          "id": "uiControl87_c4LkJI",
          "controlId": "control75_tU5KFD",
          "display": {
            "adapterId": "custom",
            "type": "custom",
            "adapter": {
              "templateType": "react",
              "events": {
                "onDoAction": "doAction_uiControl87_c4LkJI",
                "onGetTemplate": "getTemplate_uiControl87_c4LkJI"
              }
            }
          }
        },
        {
          "id": "uiControl119_CJbPwQ",
          "display": {
            "type": "sticky",
            "adapterId": "sticky",
            "class": "ui-footer-button",
            "adapter": {
              "templateType": ""
            }
          },
          "layout": [
            {
              "id": "uiControl119_CJbPwQbody",
              "display": {
                "type": "stickyBody",
                "adapterId": "stickyBody",
                "adapter": {
                  "templateType": ""
                }
              },
              "layout": [
                {
                  "id": "uiControl86_zXFpBm",
                  "controlId": "control74_96BGE2",
                  "display": {
                    "adapterId": "custom",
                    "type": "custom",
                    "adapter": {
                      "templateType": "react",
                      "events": {
                        "onDoAction": "doAction_uiControl86_zXFpBm",
                        "onGetTemplate": "getTemplate_uiControl86_zXFpBm"
                      }
                    }
                  }
                }
              ]
            }
          ]
        }
      ]
    }
  },
  "matchers": {
    "page/title": {
      "contexts": {
        "context12_GGuSeZ": [
          "编辑节点"
        ]
      }
    },
    "page/urls": {
      "contexts": {
        "context12_GGuSeZ": [
          "oa.sec.com.cn/lks/koa/lks_flow.nsf/FM_EditNodeReview?OpenForm&class=review&module=lks+koa+lks_archivemngnewex.nsf&fresh=false",
          "oa.sec.com.cn/lks/koa/lks_flow.nsf/FM_EditNodeReview?OpenForm&class=review&module=lks+koa+lks_rules.nsf&fresh=false",
          "oa.sec.com.cn/lks/koa/lks_flow.nsf/FM_EditNodeReview?OpenForm&class=review&module=lks+koa+lks_review.nsf&fresh=false",
          "oa.sec.com.cn/lks/koa/lks_flow.nsf/FM_EditNodeReview?OpenForm&class=review&module=lks+koa+lks_plflowreview.nsf&fresh=false",
          "oa.sec.com.cn/lks/koa/lks_flow.nsf/FM_EditNodeReview?OpenForm&class=review&module=lks+koa+lks_filemng.nsf&fresh=false",
          "oa.sec.com.cn/lks/koa/lks_flow.nsf/FM_EditNodeReview?OpenForm&class=review&module=lks+koa+lks_financeflowreview.nsf&fresh=false"
        ]
      }
    },
    "page/ids": {
      "contexts": {
        "context12_GGuSeZ": [
          [
            "AutoConditionInput",
            "FF_Type",
            "F_NodeName",
            "JumpConditionInput",
            "NodeNameInput",
            "NodeTypeInput",
            "ParsedBy",
            "ParsedBytd",
            "ReadOnlyFields",
            "ReviewType",
            "RvBakInput",
            "RvBakNameInput",
            "RvInput",
            "RvNameInput",
            "aBakSelectSpan",
            "aSelect",
            "aSelectSpan",
            "abandonCFID",
            "agreeCFID",
            "buLabel",
            "buOK",
            "chkFunList",
            "disAgreeCFID",
            "divCurNode",
            "divParsedBy",
            "fiedList",
            "labelTable",
            "nodeSet",
            "nodeSet_",
            "option",
            "optionEx",
            "optionSpan",
            "optionSpanEx",
            "optionTextEx",
            "optionextend",
            "optionextendSpan",
            "optionextendhours",
            "optionsend",
            "optionsendSpan",
            "press",
            "sign",
            "spanFunList",
            "spanJump",
            "span_extendhours",
            "subflowTab",
            "thd",
            "trF_AdditionFun",
            "trF_AutoCondition",
            "trF_JumpCondition",
            "trF_JumpNode",
            "trF_NodeDealMan",
            "trF_NodeDealSetting",
            "trF_NodeDealType",
            "trF_NodeEvent",
            "trF_NodeType",
            "vis",
            "visH"
          ],
          [
            "AutoConditionInput",
            "FF_Type",
            "FM_EditNodeReview",
            "F_NodeName",
            "JumpConditionInput",
            "NodeNameInput",
            "NodeTypeInput",
            "ParsedBy",
            "ParsedBytd",
            "ReadOnlyFields",
            "ReviewType",
            "RvBakInput",
            "RvBakNameInput",
            "RvInput",
            "RvNameInput",
            "aBakSelectSpan",
            "aSelect",
            "aSelectSpan",
            "abandonCFID",
            "agreeCFID",
            "buLabel",
            "buOK",
            "chkFunList",
            "disAgreeCFID",
            "divCurNode",
            "divParsedBy",
            "fiedList",
            "labelTable",
            "nodeSet",
            "nodeSet_",
            "option",
            "optionEx",
            "optionSpan",
            "optionSpanEx",
            "optionTextEx",
            "optionextend",
            "optionextendSpan",
            "optionextendhours",
            "optionsend",
            "optionsendSpan",
            "press",
            "sign",
            "spanFunList",
            "spanJump",
            "span_extendhours",
            "subflowTab",
            "thd",
            "trF_AdditionFun",
            "trF_AutoCondition",
            "trF_JumpCondition",
            "trF_JumpNode",
            "trF_NodeDealMan",
            "trF_NodeDealSetting",
            "trF_NodeDealType",
            "trF_NodeEvent",
            "trF_NodeType",
            "vis",
            "visH"
          ]
        ]
      }
    },
    "page/classes": {
      "contexts": {
        "context12_GGuSeZ": [
          [
            "btndoc",
            "labelbg",
            "labeltb",
            "selectmenu",
            "tadoc",
            "tb",
            "tbbg",
            "tdbg",
            "textdocdown",
            "trbg"
          ]
        ]
      }
    },
    "page/tagTriplets": {
      "contexts": {
        "context12_GGuSeZ": [
          [
            "-/-/DIV",
            "-/-/FORM",
            "-/-/SCRIPT",
            "-/FORM/BR",
            "-/FORM/CENTER",
            "-/FORM/DIV",
            "-/FORM/INPUT-hidden",
            "-/FORM/TABLE",
            "CENTER/DIV/INPUT-button",
            "DIV/DIV/INPUT-checkbox",
            "DIV/DIV/INPUT-text",
            "DIV/FONT/B",
            "DIV/FONT/BR",
            "DIV/TABLE/TBODY",
            "FIELDSET/TABLE/TBODY",
            "FONT/DIV/BR",
            "FONT/DIV/FONT",
            "FONT/DIV/IMG",
            "FORM/CENTER/DIV",
            "FORM/DIV/TABLE",
            "FORM/TABLE/TBODY",
            "SPAN/SELECT/OPTION",
            "TABLE/TBODY/TR",
            "TBODY/TR/TD",
            "TD/DIV/A",
            "TD/DIV/DIV",
            "TD/DIV/FONT",
            "TD/DIV/INPUT-text",
            "TD/FIELDSET/BR",
            "TD/FIELDSET/DIV",
            "TD/FIELDSET/LEGEND",
            "TD/FIELDSET/TABLE",
            "TD/FONT/DIV",
            "TD/FONT/INPUT-null",
            "TD/SELECT/OPTION",
            "TD/SPAN/A",
            "TD/SPAN/BR",
            "TD/SPAN/INPUT-checkbox",
            "TD/SPAN/INPUT-radio",
            "TD/SPAN/INPUT-text",
            "TD/SPAN/SELECT",
            "TD/SPAN/SPAN",
            "TR/TD/BR",
            "TR/TD/DIV",
            "TR/TD/FIELDSET",
            "TR/TD/FONT",
            "TR/TD/IMG",
            "TR/TD/INPUT-button",
            "TR/TD/INPUT-checkbox",
            "TR/TD/INPUT-input",
            "TR/TD/INPUT-null",
            "TR/TD/SCRIPT",
            "TR/TD/SELECT",
            "TR/TD/SPAN",
            "TR/TD/TEXTAREA"
          ],
          [
            "-/-/DIV",
            "-/-/FORM",
            "-/-/SCRIPT",
            "-/FORM/BR",
            "-/FORM/CENTER",
            "-/FORM/DIV",
            "-/FORM/INPUT-hidden",
            "-/FORM/TABLE",
            "CENTER/DIV/INPUT-button",
            "DIV/DIV/INPUT-checkbox",
            "DIV/DIV/INPUT-text",
            "DIV/FONT/B",
            "DIV/FONT/BR",
            "DIV/TABLE/TBODY",
            "FIELDSET/TABLE/TBODY",
            "FONT/DIV/BR",
            "FONT/DIV/FONT",
            "FONT/DIV/IMG",
            "FORM/CENTER/DIV",
            "FORM/DIV/DIV",
            "FORM/DIV/TABLE",
            "FORM/TABLE/TBODY",
            "SPAN/SELECT/OPTION",
            "TABLE/TBODY/TR",
            "TBODY/TR/TD",
            "TD/DIV/A",
            "TD/DIV/DIV",
            "TD/DIV/FONT",
            "TD/DIV/INPUT-text",
            "TD/FIELDSET/BR",
            "TD/FIELDSET/DIV",
            "TD/FIELDSET/LEGEND",
            "TD/FIELDSET/TABLE",
            "TD/FONT/DIV",
            "TD/FONT/INPUT-null",
            "TD/SELECT/OPTION",
            "TD/SPAN/A",
            "TD/SPAN/BR",
            "TD/SPAN/INPUT-checkbox",
            "TD/SPAN/INPUT-radio",
            "TD/SPAN/INPUT-text",
            "TD/SPAN/SELECT",
            "TD/SPAN/SPAN",
            "TR/TD/BR",
            "TR/TD/DIV",
            "TR/TD/FIELDSET",
            "TR/TD/FONT",
            "TR/TD/IMG",
            "TR/TD/INPUT-button",
            "TR/TD/INPUT-checkbox",
            "TR/TD/INPUT-input",
            "TR/TD/INPUT-null",
            "TR/TD/SCRIPT",
            "TR/TD/SELECT",
            "TR/TD/SPAN",
            "TR/TD/TEXTAREA"
          ],
          [
            "-/-/DIV",
            "-/-/FORM",
            "-/-/SCRIPT",
            "-/FORM/BR",
            "-/FORM/CENTER",
            "-/FORM/DIV",
            "-/FORM/INPUT-hidden",
            "-/FORM/TABLE",
            "CENTER/DIV/INPUT-button",
            "DIV/DIV/INPUT-checkbox",
            "DIV/DIV/INPUT-text",
            "DIV/FONT/B",
            "DIV/FONT/BR",
            "DIV/TABLE/TBODY",
            "FIELDSET/TABLE/TBODY",
            "FONT/DIV/BR",
            "FONT/DIV/FONT",
            "FONT/DIV/IMG",
            "FORM/CENTER/DIV",
            "FORM/DIV/DIV",
            "FORM/DIV/TABLE",
            "FORM/TABLE/TBODY",
            "SPAN/SELECT/OPTION",
            "TABLE/TBODY/TR",
            "TBODY/TR/TD",
            "TD/DIV/A",
            "TD/DIV/DIV",
            "TD/DIV/FONT",
            "TD/DIV/INPUT-text",
            "TD/FIELDSET/BR",
            "TD/FIELDSET/DIV",
            "TD/FIELDSET/LEGEND",
            "TD/FIELDSET/TABLE",
            "TD/FONT/DIV",
            "TD/FONT/INPUT-null",
            "TD/SELECT/OPTION",
            "TD/SPAN/A",
            "TD/SPAN/INPUT-checkbox",
            "TD/SPAN/INPUT-radio",
            "TD/SPAN/INPUT-text",
            "TD/SPAN/SELECT",
            "TD/SPAN/SPAN",
            "TR/TD/BR",
            "TR/TD/DIV",
            "TR/TD/FIELDSET",
            "TR/TD/FONT",
            "TR/TD/IMG",
            "TR/TD/INPUT-button",
            "TR/TD/INPUT-checkbox",
            "TR/TD/INPUT-input",
            "TR/TD/INPUT-null",
            "TR/TD/SCRIPT",
            "TR/TD/SELECT",
            "TR/TD/SPAN",
            "TR/TD/TEXTAREA"
          ],
          [
            "-/-/DIV",
            "-/-/FORM",
            "-/-/SCRIPT",
            "-/FORM/BR",
            "-/FORM/CENTER",
            "-/FORM/DIV",
            "-/FORM/INPUT-hidden",
            "-/FORM/TABLE",
            "CENTER/DIV/INPUT-button",
            "DIV/DIV/INPUT-checkbox",
            "DIV/DIV/INPUT-text",
            "DIV/FONT/B",
            "DIV/FONT/BR",
            "DIV/TABLE/TBODY",
            "FIELDSET/TABLE/TBODY",
            "FONT/DIV/BR",
            "FONT/DIV/FONT",
            "FONT/DIV/IMG",
            "FORM/CENTER/DIV",
            "FORM/DIV/DIV",
            "FORM/DIV/TABLE",
            "FORM/TABLE/TBODY",
            "SPAN/SELECT/OPTION",
            "TABLE/TBODY/TR",
            "TBODY/TR/TD",
            "TD/DIV/A",
            "TD/DIV/DIV",
            "TD/DIV/FONT",
            "TD/DIV/INPUT-text",
            "TD/FIELDSET/BR",
            "TD/FIELDSET/DIV",
            "TD/FIELDSET/LEGEND",
            "TD/FIELDSET/TABLE",
            "TD/FONT/DIV",
            "TD/FONT/INPUT-null",
            "TD/SELECT/OPTION",
            "TD/SPAN/A",
            "TD/SPAN/INPUT-checkbox",
            "TD/SPAN/INPUT-text",
            "TD/SPAN/SELECT",
            "TD/SPAN/SPAN",
            "TR/TD/BR",
            "TR/TD/DIV",
            "TR/TD/FIELDSET",
            "TR/TD/FONT",
            "TR/TD/IMG",
            "TR/TD/INPUT-button",
            "TR/TD/INPUT-checkbox",
            "TR/TD/INPUT-input",
            "TR/TD/INPUT-null",
            "TR/TD/SCRIPT",
            "TR/TD/SELECT",
            "TR/TD/SPAN",
            "TR/TD/TEXTAREA"
          ]
        ]
      }
    }
  }
}