{"version":"0.1","id":"collaborate","targetURL":"https://7.carpoly.com/ekp/km/collaborate/km_collaborate_main/kmCollaborateMain.do?method=add&fdModelName=com.landray.kmss.cm.project.model.CmProjectRecordMain&fdModelId=161410e09a8f3060714660d4cc6af752&key=&s_css=default","jsFile":"index.js","chineseName":"权限访问提示","description":"","controls":{"control29_pyqHNo":{"location":{"data":{"tagName":"DIV"},"locators":[{"id":"@class/word","prob":1,"value":"DIV.prompt_content_right DIV.prompt_content_inside DIV.msgtitle"},{"id":"path/ordinal","prob":1,"value":"/HTML[1]/BODY[1]/DIV[1]/DIV[1]/DIV[1]/DIV[1]/DIV[1]/DIV[1]/DIV[2]/DIV[1]/DIV[1]"},{"id":"style/color","value":[62,158,206]},{"id":"elderLevel","value":{"level":0}}]},"events":{"onGetData":"getData_control29_pyqHNo"},"intendedRole":"custom","roles":"element,custom","monitored":true,"frameXPath":""},"control30_QRgcwV":{"location":{"data":{"tagName":"DIV"},"locators":[{"id":"text","prob":2,"ordinal":[7,8],"value":{"text":["您的请求已提交，系统返回如下信息： 您没有权限访问当前的页面"],"visText":["您的请求已提交，系统返回如下信息： 您没有权限访问当前的页面"]}},{"id":"@class/word","prob":1,"value":"DIV.prompt_container.clearfloat DIV.prompt_content_right DIV.prompt_content_inside"},{"id":"path/ordinal","prob":1,"value":"/HTML[1]/BODY[1]/DIV[1]/DIV[1]/DIV[1]/DIV[1]/DIV[1]/DIV[1]/DIV[2]/DIV[1]"}]},"roles":"element","content":true,"monitored":true,"frameXPath":""}},"contexts":{"context5_vDLvsa":{"controls":["control29_pyqHNo","control30_QRgcwV"],"anchors":[],"urlAnchor":[]}},"flows":{"flow5_1wnwtV":{"toContexts":[{"toContextId":"context5_vDLvsa"}]}},"pages":{"page5_kgiTEW":{"contextId":"context5_vDLvsa","layout":[{"id":"uiControl15_ZTHhld","controlId":"control29_pyqHNo","display":{"adapterId":"custom","type":"custom","adapter":{"templateType":"react","events":{"onDoAction":"doAction_uiControl15_ZTHhld","onGetTemplate":"getTemplate_uiControl15_ZTHhld"}}}},{"id":"uiControl34_bE84TW","controlId":"control30_QRgcwV","display":{"adapterId":"content","type":"content","class":"data-empty","adapter":{"templateType":""}}}]}},"matchers":{"page/title":{"contexts":{"context5_vDLvsa":["系统提示"]}},"page/urls":{"contexts":{"context5_vDLvsa":["7.carpoly.com/ekp/km/collaborate/km_collaborate_main/kmCollaborateMain.do?method=add&fdModelName=com.landray.kmss.cm.project.model.CmProjectRecordMain&fdModelId=161410e09a8f3060714660d4cc6af752&key=&s_css=default"]}},"page/ids":{"contexts":{"context5_vDLvsa":[[]]}},"page/classes":{"contexts":{"context5_vDLvsa":[["clearfloat","msgtitle","prompt_centerC","prompt_centerL","prompt_centerR","prompt_container","prompt_content_error","prompt_content_inside","prompt_content_right","prompt_frame"]]}},"page/tagTriplets":{"contexts":{"context5_vDLvsa":[["-/-/DIV","-/-/SCRIPT","-/DIV/DIV","DIV/DIV/DIV"]]}}}}