{
  "version": "0.1",
  "id": "lks_hub",
  "targetURL": "http://oa.sec.com.cn/lks/sys/lks_interface.nsf/AG_OpenDbUrlByUserAD?openagent&type=uc",
  "jsFile": "index.js",
  "requires": {
    "lks_usercenter_list": "../lks_usercenter_list/index.json",
    "usercenter_secondary_menu": "../usercenter_secondary_menu/index.json",
    "lks_tasks": "../lks_tasks/index.json",
    "lks_review": "../lks_review/index.json",
    "lks_rules": "../lks_rules/index.json",
    "lks_financeflowreview": "../lks_financeflowreview/index.json"
  },
  "chineseName": "用户中心",
  "description": "",
  "firstPaintEnable": false,
  "controls": {
    "control198_EeZVN5": {
      "location": {
        "data": {
          "tagName": "DIV"
        },
        "userData": {
          "data": [],
          "force": false
        },
        "locators": [
          {
            "id": "@id/word",
            "prob": 3,
            "value": "descendant::DIV[@id=\"treeDiv\"]"
          },
          {
            "id": "@class/word",
            "prob": 1,
            "ordinal": [
              0,
              5
            ],
            "value": "DIV.leftpagediv"
          },
          {
            "id": "path/ordinal",
            "prob": 1,
            "value": "/HTML[1]/BODY[1]/DIV[1]"
          }
        ]
      },
      "events": {
        "onGetData": "getData_control198_EeZVN5"
      },
      "intendedRole": "custom",
      "roles": "element,custom",
      "monitored": true,
      "frameXPath": "//frame[@name='bodyFrame']<<IFRAME>>//frame[@name='treeFrame']<<IFRAME>>",
      "componentType": "custom"
    },
    "control199_9BRZEb": {
      "location": {
        "data": {
          "tagName": "DIV"
        },
        "userData": {
          "data": [],
          "force": false
        },
        "locators": [
          {
            "id": "@id/word",
            "prob": 3,
            "value": "descendant::DIV[@id=\"treeDiv\"]"
          },
          {
            "id": "@class/word",
            "prob": 1,
            "ordinal": [
              0,
              3
            ],
            "value": "DIV.leftpagediv"
          },
          {
            "id": "path/ordinal",
            "prob": 1,
            "value": "/HTML[1]/BODY[1]/DIV[1]"
          }
        ]
      },
      "events": {
        "onGetData": "getData_control199_9BRZEb"
      },
      "intendedRole": "custom",
      "roles": "element,custom",
      "monitored": true,
      "frameXPath": "//frame[@name='bodyFrame']<<IFRAME>>//frame[@name='treeFrame']<<IFRAME>>",
      "componentType": "custom"
    },
    "control201_cXUhTS": {
      "location": {
        "data": {
          "tagName": "DIV"
        },
        "userData": {
          "data": [],
          "force": false
        },
        "locators": [
          {
            "id": "@id/word",
            "prob": 3,
            "value": "descendant::DIV[@id=\"treeDiv\"]"
          },
          {
            "id": "@class/word",
            "prob": 1,
            "ordinal": [
              0,
              3
            ],
            "value": "DIV.leftpagediv"
          },
          {
            "id": "path/ordinal",
            "prob": 1,
            "value": "/HTML[1]/BODY[1]/DIV[1]"
          }
        ]
      },
      "intendedRole": "section",
      "roles": "element,section",
      "monitored": false,
      "frameXPath": "//frame[@name='bodyFrame']<<IFRAME>>//frame[@name='treeFrame']<<IFRAME>>",
      "componentType": "section"
    }
  },
  "contexts": {
    "context28_tXqVgF": {
      "controls": [
        "control198_EeZVN5",
        "control199_9BRZEb",
        "control201_cXUhTS"
      ],
      "anchors": [],
      "urlAnchor": [
        ".*lks/hub.index/lks_hub.*\\.nsf\\?opendatabase"
      ]
    }
  },
  "flows": {
    "flow125_D3DkGV": {
      "fromContextId": "context28_tXqVgF",
      "fromAction": "doAction",
      "fromControlId": "control198_EeZVN5",
      "toContexts": [
        {
          "toContextId": "context28_tXqVgF"
        },
        {
          "toContextId": "context1_uBcbtH",
          "toModelId": "lks_tasks"
        },
        {
          "toContextId": "context29_g4Fqq8",
          "toModelId": "lks_usercenter_list"
        },
        {
          "toContextId": "context0_2puPsG",
          "toModelId": "lks_review"
        }
      ]
    },
    "flow126_bfIsUT": {
      "toContexts": [
        {
          "toContextId": "context28_tXqVgF"
        },
        {
          "toContextId": "context4_nBTnvD",
          "toModelId": "lks_rules"
        },
        {
          "toContextId": "context11_DdpfNi",
          "toModelId": "lks_financeflowreview"
        }
      ]
    },
    "flow127_0i9RzX": {
      "fromContextId": "context28_tXqVgF",
      "fromAction": "section",
      "fromControlId": "control198_EeZVN5",
      "toContexts": [
        {
          "toContextId": "context29_g4Fqq8",
          "toModelId": "lks_usercenter_list"
        },
        {
          "toContextId": "context30_5H3Vyz",
          "toModelId": "usercenter_secondary_menu"
        },
        {
          "toContextId": "context28_tXqVgF"
        }
      ]
    }
  },
  "pages": {
    "page28_1oHF7M": {
      "contextId": "context28_tXqVgF",
      "layout": [
        {
          "id": "uiControl216_7eV0fU",
          "controlId": "control199_9BRZEb",
          "display": {
            "adapterId": "custom",
            "type": "custom",
            "adapter": {
              "templateType": "react",
              "events": {
                "onDoAction": "doAction_uiControl216_7eV0fU",
                "onGetTemplate": "getTemplate_uiControl216_7eV0fU"
              }
            }
          }
        },
        {
          "id": "uiControl215_RoLmMC",
          "controlId": "control198_EeZVN5",
          "display": {
            "adapterId": "custom",
            "type": "custom",
            "adapter": {
              "templateType": "react",
              "events": {
                "onDoAction": "doAction_uiControl215_RoLmMC",
                "onGetTemplate": "getTemplate_uiControl215_RoLmMC"
              }
            }
          }
        },
        {
          "id": "uiControl218_tEuAXi",
          "controlId": "control201_cXUhTS",
          "display": {
            "adapterId": "section",
            "type": "section",
            "adapter": {
              "templateType": ""
            }
          },
          "layout": []
        }
      ]
    }
  },
  "matchers": {
    "page/title": {
      "contexts": {
        "context28_tXqVgF": [
          "深圳能源集团OA系统_lc_gp4"
        ]
      }
    },
    "page/urls": {
      "contexts": {
        "context28_tXqVgF": [
          "uc.sec.com.cn/lks/hub.index/lks_hublc_gp4.nsf",
          "uc.sec.com.cn/lks/hub.index/lks_hublc_gp4.nsf?opendatabase&_ysp_target=self",
          "uc.sec.com.cn/lks/hub.index/lks_hublc_gp4.nsf?opendatabase"
        ]
      }
    },
    "page/ids": {
      "contexts": {
        "context28_tXqVgF": [
          []
        ]
      }
    },
    "page/classes": {
      "contexts": {
        "context28_tXqVgF": [
          []
        ]
      }
    },
    "page/tagTriplets": {
      "contexts": {
        "context28_tXqVgF": [
          [
            "-/-/FRAME"
          ]
        ]
      }
    }
  }
}