{
  "version": "0.1",
  "id": "lks_profile",
  "targetURL": "http://oac2.sec.com.cn/lks/sys/lks_profile.nsf/0/5AA356E28210FEDB482582E300097456?editdocument",
  "jsFile": "index.js",
  "chineseName": "常用审批语",
  "description": "",
  "controls": {
    "control223_2Ue2rh": {
      "location": {
        "data": {
          "tagName": "DIV"
        },
        "locators": [
          {
            "id": "@id/word",
            "prob": 3,
            "value": "descendant::DIV[@id=\"buttonDiv\"]"
          },
          {
            "id": "@class/word",
            "prob": 1,
            "value": "TABLE.TbMenuDoc TBODY TR TD DIV"
          },
          {
            "id": "path/ordinal",
            "prob": 1,
            "value": "/HTML[1]/BODY[1]/FORM[1]/TABLE[2]/TBODY[1]/TR[1]/TD[1]/DIV[1]"
          }
        ]
      },
      "events": {
        "onGetData": "getData_control223_2Ue2rh"
      },
      "intendedRole": "custom",
      "roles": "element,custom",
      "monitored": true,
      "frameXPath": "",
      "componentType": "custom"
    },
    "control224_uobb4C": {
      "location": {
        "data": {
          "tagName": "TABLE"
        },
        "userData": {
          "force": false,
          "data": []
        },
        "locators": [
          {
            "id": "path/ordinal",
            "prob": 1,
            "value": "/HTML[1]/BODY[1]/FORM[1]/TABLE[3]"
          }
        ]
      },
      "events": {
        "onGetData": "getData_control224_uobb4C"
      },
      "intendedRole": "custom",
      "roles": "element,custom",
      "monitored": true,
      "frameXPath": "",
      "componentType": "custom"
    },
    "control225_t0alaz": {
      "location": {
        "data": {
          "tagName": "DIV"
        },
        "locators": [
          {
            "id": "@id/word",
            "prob": 3,
            "value": "descendant::DIV[@id=\"buttonDiv\"]"
          },
          {
            "id": "@class/word",
            "prob": 1,
            "value": "TABLE.TbMenuDoc TBODY TR TD DIV"
          },
          {
            "id": "path/ordinal",
            "prob": 1,
            "value": "/HTML[1]/BODY[1]/FORM[1]/TABLE[2]/TBODY[1]/TR[1]/TD[1]/DIV[1]"
          }
        ]
      },
      "events": {
        "onGetData": "getData_control225_t0alaz"
      },
      "intendedRole": "custom",
      "roles": "element,custom",
      "monitored": true,
      "frameXPath": "",
      "componentType": "custom"
    }
  },
  "contexts": {
    "context31_3Syhpe": {
      "controls": [
        "control223_2Ue2rh",
        "control224_uobb4C",
        "control225_t0alaz"
      ],
      "anchors": [],
      "urlAnchor": []
    }
  },
  "flows": {
    "flow145_G9Gf2f": {
      "toContexts": [
        {
          "toContextId": "context31_3Syhpe"
        }
      ]
    },
    "flow146_bI9PAw": {
      "fromContextId": "context31_3Syhpe",
      "fromAction": "doAction",
      "fromControlId": "control224_uobb4C",
      "toContexts": [
        {
          "toContextId": "context31_3Syhpe"
        }
      ]
    }
  },
  "pages": {
    "page31_UmwnJr": {
      "contextId": "context31_3Syhpe",
      "layout": [
        {
          "id": "uiControl237_CAtTR1",
          "controlId": "control223_2Ue2rh",
          "display": {
            "adapterId": "custom",
            "type": "custom",
            "adapter": {
              "templateType": "react",
              "events": {
                "onDoAction": "doAction_uiControl237_CAtTR1",
                "onGetTemplate": "getTemplate_uiControl237_CAtTR1"
              }
            }
          }
        },
        {
          "id": "uiControl238_xdKor2",
          "controlId": "control224_uobb4C",
          "display": {
            "adapterId": "custom",
            "type": "custom",
            "adapter": {
              "templateType": "react",
              "events": {
                "onDoAction": "doAction_uiControl238_xdKor2",
                "onGetTemplate": "getTemplate_uiControl238_xdKor2"
              }
            }
          }
        },
        {
          "id": "uiControl239_FnWlfm",
          "controlId": "control225_t0alaz",
          "display": {
            "adapterId": "custom",
            "type": "custom",
            "adapter": {
              "templateType": "react",
              "events": {
                "onDoAction": "doAction_uiControl239_FnWlfm",
                "onGetTemplate": "getTemplate_uiControl239_FnWlfm"
              }
            }
          }
        }
      ]
    }
  },
  "matchers": {
    "page/title": {
      "contexts": {
        "context31_3Syhpe": [
          "深圳能源集团OA系统_我的常用审批语_lc_gp5"
        ]
      }
    },
    "page/urls": {
      "contexts": {
        "context31_3Syhpe": [
          "oac2.sec.com.cn/lks/sys/lks_profile.nsf/0/5AA356E28210FEDB482582E300097456?editdocument"
        ]
      }
    },
    "page/ids": {
      "contexts": {
        "context31_3Syhpe": [
          [
            "buttonDiv"
          ]
        ]
      }
    },
    "page/classes": {
      "contexts": {
        "context31_3Syhpe": [
          [
            "BtnMenuDoc",
            "TbMenuDoc",
            "tadoc",
            "textdocdown"
          ],
          [
            "BtnMenuDoc",
            "TbMenuDoc",
            "btnmenudoc",
            "tadoc",
            "textdocdown"
          ],
          [
            "TbMenuDoc",
            "btnmenudoc",
            "tadoc",
            "textdocdown"
          ]
        ]
      }
    },
    "page/tagTriplets": {
      "contexts": {
        "context31_3Syhpe": [
          [
            "-/-/FORM",
            "-/-/SCRIPT",
            "-/FORM/BR",
            "-/FORM/INPUT-hidden",
            "-/FORM/TABLE",
            "FORM/TABLE/TBODY",
            "TABLE/TBODY/TR",
            "TBODY/TR/TD",
            "TD/B/INPUT-null",
            "TD/DIV/B",
            "TD/DIV/INPUT-button",
            "TR/TD/B",
            "TR/TD/BR",
            "TR/TD/DIV",
            "TR/TD/IMG",
            "TR/TD/INPUT-button",
            "TR/TD/INPUT-null",
            "TR/TD/SCRIPT",
            "TR/TD/TEXTAREA"
          ]
        ]
      }
    }
  }
}