{"version":"0.1","id":"renovate-order","targetURL":"https://7.carpoly.com/ekp/cm/renovate/cm_renovate_order_apply/cmRenovateOrderProgress_strack.jsp?fdId=16242198987e79a9fb822fa4a4c91df2&tab=price&fdRenovateStatus=30&flag=progress&s_css=default","jsFile":"index.js","chineseName":"订单信息","description":"","controls":{"control44_qIfDqP":{"location":{"data":{"tagName":"P"},"userData":{"data":[],"force":false},"locators":[{"id":"@class/word","prob":1,"value":"DIV.lui_form_title_frame DIV.lui_form_subject P.txttitle"},{"id":"path/ordinal","prob":1,"value":"/HTML[1]/BODY[1]/DIV[1]/DIV[1]/P[1]"},{"id":"style/color","value":[62,158,206]},{"id":"elderLevel","value":{"level":0}}]},"events":{"onGetData":"getData_control44_qIfDqP"},"intendedRole":"custom","roles":"element,custom","monitored":true,"frameXPath":""},"control45_IUGEOz":{"location":{"data":{"tagName":"TABLE"},"userData":{"data":[],"force":false},"locators":[{"id":"@class/word","prob":1,"value":"DIV.lui_form_content_frame TABLE.tb_normal"},{"id":"path/ordinal","prob":1,"value":"/HTML[1]/BODY[1]/DIV[2]/TABLE[1]"}]},"events":{"onGetData":"getData_control45_IUGEOz"},"intendedRole":"custom","roles":"element,custom","monitored":true,"frameXPath":""},"control46_GOZkxz":{"location":{"data":{"tagName":"UL"},"userData":{"data":[],"force":false},"locators":[{"id":"@id/word","prob":3,"value":"descendant::UL[@id=\"mytab\"]"},{"id":"@class/word","prob":1,"value":"DIV.lui_admin_nav_wrapper UL.lui_admin_navBox.clrfix"},{"id":"path/ordinal","prob":1,"value":"/HTML[1]/BODY[1]/DIV[3]/UL[1]"}]},"events":{"onGetData":"getData_control46_GOZkxz"},"intendedRole":"custom","roles":"element,custom","ignoreVisibility":true,"monitored":true,"frameXPath":""},"control52_eT8Fez":{"location":{"data":{"tagName":"IFRAME"},"userData":{"data":[],"force":false},"locators":[{"id":"@id/word","prob":3,"value":"descendant::IFRAME[@id=\"detailFrame\"]"},{"id":"path/ordinal","prob":1,"value":"/HTML[1]/BODY[1]/IFRAME[1]"},{"id":"elderLevel","value":{"level":0}}]},"events":{"onGetData":"getData_control52_eT8Fez"},"intendedRole":"custom","roles":"element,custom","monitored":true,"frameXPath":""},"control53_bUXaRr":{"location":{"data":{"tagName":"IFRAME"},"userData":{"data":[],"force":false},"locators":[{"id":"@id/word","prob":3,"value":"descendant::IFRAME[@id=\"detailFrame\"]"},{"id":"path/ordinal","prob":1,"value":"/HTML[1]/BODY[1]/IFRAME[1]"},{"id":"elderLevel","value":{"level":0}}]},"events":{"onGetData":"getData_control53_bUXaRr"},"intendedRole":"custom","roles":"element,custom","monitored":true,"frameXPath":""},"control47_9cPL2n":{"location":{"data":{"tagName":"IFRAME"},"userData":{"data":[],"force":false},"locators":[{"id":"@id/word","prob":3,"value":"descendant::IFRAME[@id=\"detailFrame\"]"},{"id":"path/ordinal","prob":1,"value":"/HTML[1]/BODY[1]/IFRAME[1]"},{"id":"elderLevel","value":{"level":0}}]},"events":{"onGetData":"getData_control47_9cPL2n"},"intendedRole":"custom","roles":"element,custom","monitored":true,"frameXPath":""},"control54_4GTSRv":{"location":{"data":{"tagName":"IFRAME"},"userData":{"force":true,"data":[{"method":"customJS","value":"return doc.getElementById('dialog_iframe') || doc.getElementById('detailFrame').contentDocument.getElementById('dialog_iframe')"}]},"locators":[{"id":"@id/word","prob":3,"value":"descendant::IFRAME[@id=\"detailFrame\"]"},{"id":"path/ordinal","prob":1,"value":"/HTML[1]/BODY[1]/IFRAME[1]"},{"id":"elderLevel","value":{"level":0}}]},"intendedRole":"dialog","roles":"element,dialog","monitored":true,"frameXPath":""},"control55_F0SApV":{"location":{"data":{"tagName":"IFRAME"},"userData":{"data":[],"force":false},"locators":[{"id":"@id/word","prob":3,"value":"descendant::IFRAME[@id=\"detailFrame\"]"},{"id":"path/ordinal","prob":1,"value":"/HTML[1]/BODY[1]/IFRAME[1]"},{"id":"elderLevel","value":{"level":0}}]},"events":{"onGetData":"getData_control55_F0SApV"},"intendedRole":"custom","roles":"element,custom","monitored":true,"frameXPath":""},"control56_Ea3Fy2":{"location":{"data":{"tagName":"IFRAME"},"userData":{"data":[],"force":false},"locators":[{"id":"@id/word","prob":3,"value":"descendant::IFRAME[@id=\"detailFrame\"]"},{"id":"path/ordinal","prob":1,"value":"/HTML[1]/BODY[1]/IFRAME[1]"},{"id":"elderLevel","value":{"level":0}}]},"events":{"onGetData":"getData_control56_Ea3Fy2"},"intendedRole":"custom","roles":"element,custom","monitored":true,"frameXPath":""},"control57_kcyNAM":{"location":{"data":{"tagName":"IFRAME"},"userData":{"data":[],"force":false},"locators":[{"id":"@id/word","prob":3,"value":"descendant::IFRAME[@id=\"detailFrame\"]"},{"id":"path/ordinal","prob":1,"value":"/HTML[1]/BODY[1]/IFRAME[1]"},{"id":"elderLevel","value":{"level":0}}]},"events":{"onGetData":"getData_control57_kcyNAM"},"intendedRole":"custom","roles":"element,custom","monitored":true,"frameXPath":""},"control5_NZ9Eeo":{"location":{"data":{"tagName":"DIV"},"userData":{"data":[{"method":"selector","value":"body .lui_dialog_content_question"}],"force":true},"locators":[{"id":"@id/partialWord","prob":1,"disabled":true,"value":{"elemId":"lui-id-2","tagName":"DIV","prefix":"","suffix":"/DIV[1]/DIV[2]/DIV[1]/DIV[1]","ratio":0.21}},{"id":"@class/word","prob":1,"value":"DIV.lui_dialog_centerL DIV.lui_dialog_centerR DIV.lui_dialog_centerC"},{"id":"path/ordinal","prob":1,"value":"/HTML[1]/BODY[1]/DIV[1]/DIV[1]/DIV[2]/DIV[1]/DIV[1]"}]},"intendedRole":"dialog","roles":"element,dialog","monitored":true,"frameXPath":""},"control6_qoTMJL":{"location":{"data":{"tagName":"DIV"},"userData":{"data":[],"force":false},"locators":[{"id":"text","prob":3,"value":{"text":["温馨提示：提交后的进度将不能修改！"],"visText":["温馨提示：提交后的进度将不能修改！"]}},{"id":"@class/word","prob":1,"value":"DIV.lui-component DIV.lui_dialog_common_content_right DIV.lui_dialog_common_content_inside"},{"id":"path/ordinal","prob":1,"value":"/HTML[1]/BODY[1]/DIV[1]/DIV[1]/DIV[2]/DIV[1]/DIV[1]/DIV[1]/DIV[1]/DIV[2]/DIV[1]"},{"id":"elderLevel","value":{"level":0}}]},"roles":"element","content":true,"monitored":true,"frameXPath":""},"control60_Mu3boU":{"location":{"data":{"tagName":"DIV"},"userData":{"data":[],"force":false},"locators":[{"id":"button/text","prob":3,"ordinal":[3,5],"value":{"text":["确定"],"visText":["确定"]}},{"id":"@class/word","prob":1,"ordinal":[0,5],"value":"DIV.lui_toolbar_btn_l DIV.lui_toolbar_btn_r DIV.lui_toolbar_btn_c"},{"id":"path/ordinal","prob":1,"value":"/HTML[1]/BODY[1]/DIV[1]/DIV[1]/DIV[2]/DIV[1]/DIV[1]/DIV[1]/DIV[1]/DIV[2]/DIV[2]/DIV[1]/DIV[1]/DIV[1]/DIV[1]/DIV[1]"}]},"intendedRole":"button","roles":"element,button","monitored":true,"frameXPath":""},"control61_InzKT8":{"location":{"data":{"tagName":"DIV"},"userData":{"data":[],"force":false},"locators":[{"id":"button/text","prob":3,"ordinal":[3,5],"value":{"text":["取消"],"visText":["取消"]}},{"id":"@class/word","prob":1,"ordinal":[1,5],"value":"DIV.lui_toolbar_btn_l DIV.lui_toolbar_btn_r DIV.lui_toolbar_btn_c"},{"id":"path/ordinal","prob":1,"value":"/HTML[1]/BODY[1]/DIV[1]/DIV[1]/DIV[2]/DIV[1]/DIV[1]/DIV[1]/DIV[1]/DIV[2]/DIV[2]/DIV[1]/DIV[2]/DIV[1]/DIV[1]/DIV[1]"},{"id":"style/color","value":[71,181,230]}]},"intendedRole":"button","roles":"element,button","monitored":true,"frameXPath":""},"control62_xIULPN":{"location":{"data":{"tagName":"IFRAME"},"userData":{"data":[],"force":false},"locators":[{"id":"@id/word","prob":3,"value":"descendant::IFRAME[@id=\"detailFrame\"]"},{"id":"path/ordinal","prob":1,"value":"/HTML[1]/BODY[1]/IFRAME[1]"},{"id":"elderLevel","value":{"level":0}}]},"events":{"onGetData":"getData_control62_xIULPN"},"intendedRole":"custom","roles":"element,custom","monitored":true,"frameXPath":""},"control63_44agfQ":{"location":{"data":{"tagName":"IFRAME"},"locators":[{"id":"@id/word","prob":3,"value":"descendant::IFRAME[@id=\"detailFrame\"]"},{"id":"path/ordinal","prob":1,"value":"/HTML[1]/BODY[1]/IFRAME[1]"},{"id":"elderLevel","value":{"level":0}}]},"events":{"onGetData":"getData_control63_44agfQ"},"intendedRole":"custom","roles":"element,custom","monitored":true,"frameXPath":""}},"contexts":{"context7_u0dB0B":{"controls":["control44_qIfDqP","control45_IUGEOz","control46_GOZkxz","control52_eT8Fez","control53_bUXaRr","control47_9cPL2n","control54_4GTSRv","control55_F0SApV","control56_Ea3Fy2","control57_kcyNAM","control5_NZ9Eeo","control6_qoTMJL","control60_Mu3boU","control61_InzKT8","control62_xIULPN","control63_44agfQ"],"anchors":[],"urlAnchor":[]}},"flows":{"flow33_CenIKP":{"toContexts":[{"toContextId":"context7_u0dB0B"}]},"flow34_A51VKg":{"fromContextId":"context7_u0dB0B","fromAction":"doAction","fromControlId":"control46_GOZkxz","toContexts":[{"toContextId":"context7_u0dB0B"}]},"flow35_4ArLTz":{"fromContextId":"context7_u0dB0B","fromAction":"doAction","fromControlId":"control47_9cPL2n","toContexts":[{"toContextId":"context7_u0dB0B"}]},"flow36_0d1SCv":{"fromContextId":"context7_u0dB0B","fromAction":"doAction","fromControlId":"control52_eT8Fez","toContexts":[{"toContextId":"context7_u0dB0B"}]},"flow37_R14dad":{"fromContextId":"context7_u0dB0B","fromAction":"doAction","fromControlId":"control53_bUXaRr","toContexts":[{"toContextId":"context7_u0dB0B"}]},"flow39_ukietZ":{"fromContextId":"context7_u0dB0B","fromAction":"click","fromControlId":"control54_4GTSRv","toContexts":[{"toContextId":"context7_u0dB0B"}]},"flow40_gShUFP":{"fromContextId":"context7_u0dB0B","fromAction":"doAction","fromControlId":"control56_Ea3Fy2","toContexts":[{"toContextId":"context7_u0dB0B"}]},"flow41_v0069f":{"fromContextId":"context7_u0dB0B","fromAction":"doAction","fromControlId":"control55_F0SApV","toContexts":[{"toContextId":"context7_u0dB0B"}]},"flow42_hfndya":{"fromContextId":"context7_u0dB0B","fromAction":"doAction","fromControlId":"control57_kcyNAM","toContexts":[{"toContextId":"context7_u0dB0B"}]},"flow43_7iCqEu":{"fromContextId":"context7_u0dB0B","fromAction":"click","fromControlId":"control61_InzKT8","toContexts":[{"toContextId":"context7_u0dB0B"}]},"flow44_dgQf0u":{"fromContextId":"context7_u0dB0B","fromAction":"click","fromControlId":"control60_Mu3boU","toContexts":[{"toContextId":"context7_u0dB0B"}]},"flow45_R9nbDR":{"fromContextId":"context7_u0dB0B","fromAction":"click","fromControlId":"control5_NZ9Eeo","toContexts":[{"toContextId":"context7_u0dB0B"}]},"flow46_hVtgiP":{"fromContextId":"context7_u0dB0B","fromAction":"doAction","fromControlId":"control63_44agfQ","toContexts":[{"toContextId":"context7_u0dB0B"}]}},"pages":{"page7_uaQkOb":{"contextId":"context7_u0dB0B","layout":[{"id":"uiControl49_8p5J5i","controlId":"control44_qIfDqP","display":{"adapterId":"custom","type":"custom","adapter":{"templateType":"react","events":{"onDoAction":"doAction_uiControl49_8p5J5i","onGetTemplate":"getTemplate_uiControl49_8p5J5i"}}}},{"id":"uiControl50_KgcoLt","controlId":"control45_IUGEOz","display":{"adapterId":"custom","type":"custom","adapter":{"templateType":"react","events":{"onDoAction":"doAction_uiControl50_KgcoLt","onGetTemplate":"getTemplate_uiControl50_KgcoLt"}}}},{"id":"uiControl59_SnHShr","controlId":"control54_4GTSRv","display":{"adapterId":"dialog","type":"dialog","class":"ui-dialog","adapter":{"templateType":""}},"layout":[{"id":"uiControl59_SnHShrbody","display":{"type":"dialogBody","adapterId":"dialogBody","adapter":{"templateType":""}},"layout":[{"id":"uiControl60_mh4N4x","controlId":"control55_F0SApV","display":{"adapterId":"custom","type":"custom","adapter":{"templateType":"react","events":{"onDoAction":"doAction_uiControl60_mh4N4x","onGetTemplate":"getTemplate_uiControl60_mh4N4x"}}}}]},{"id":"uiControl59_SnHShrfooter","display":{"type":"dialogFooter","adapterId":"dialogFooter","adapter":{"templateType":""}},"layout":[{"id":"uiControl61_a5Ossw","controlId":"control56_Ea3Fy2","display":{"adapterId":"custom","type":"custom","adapter":{"templateType":"react","events":{"onDoAction":"doAction_uiControl61_a5Ossw","onGetTemplate":"getTemplate_uiControl61_a5Ossw"}}}}]}]},{"id":"uiControl55_ock5io","controlId":"control46_GOZkxz","display":{"adapterId":"custom","type":"custom","adapter":{"templateType":"react","events":{"onDoAction":"doAction_uiControl55_ock5io","onGetTemplate":"getTemplate_uiControl55_ock5io"}}}},{"id":"uiControl57_Qsm5ci","controlId":"control52_eT8Fez","display":{"adapterId":"custom","type":"custom","adapter":{"templateType":"react","events":{"onDoAction":"doAction_uiControl57_Qsm5ci","onGetTemplate":"getTemplate_uiControl57_Qsm5ci"}}}},{"id":"uiControl69_I77Umf","controlId":"control63_44agfQ","display":{"adapterId":"custom","type":"custom","adapter":{"templateType":"react","events":{"onDoAction":"doAction_uiControl69_I77Umf","onGetTemplate":"getTemplate_uiControl69_I77Umf"}}}},{"id":"uiControl56_SzGvk7","controlId":"control47_9cPL2n","display":{"adapterId":"custom","type":"custom","adapter":{"templateType":"react","events":{"onDoAction":"doAction_uiControl56_SzGvk7","onGetTemplate":"getTemplate_uiControl56_SzGvk7"}}}},{"id":"uiControl58_9ma9rk","controlId":"control53_bUXaRr","display":{"adapterId":"custom","type":"custom","adapter":{"templateType":"react","events":{"onDoAction":"doAction_uiControl58_9ma9rk","onGetTemplate":"getTemplate_uiControl58_9ma9rk"}}}},{"id":"uiControl68_xPJvVV","controlId":"control62_xIULPN","display":{"adapterId":"custom","type":"custom","adapter":{"templateType":"react","events":{"onDoAction":"doAction_uiControl68_xPJvVV","onGetTemplate":"getTemplate_uiControl68_xPJvVV"}}}},{"id":"uiControl62_3uiNp5","controlId":"control57_kcyNAM","display":{"adapterId":"custom","type":"custom","adapter":{"templateType":"react","events":{"onDoAction":"doAction_uiControl62_3uiNp5","onGetTemplate":"getTemplate_uiControl62_3uiNp5"}}}},{"id":"uiControl6_hHA5o8","controlId":"control5_NZ9Eeo","display":{"adapterId":"dialog","type":"dialog","adapter":{"templateType":""}},"layout":[{"id":"uiControl6_hHA5o8body","display":{"type":"dialogBody","adapterId":"dialogBody","adapter":{"templateType":""}},"layout":[{"id":"uiControl7_EXp0dS","controlId":"control6_qoTMJL","display":{"adapterId":"content","type":"content","adapter":{"templateType":""}}},{"id":"uiControl65_aqOTC1","display":{"type":"grid","adapterId":"grid","adapter":{"templateType":""}},"layout":[{"id":"uiControl65_aqOTC1row0","display":{"cols":3,"type":"col","adapterId":"col","adapter":{"templateType":""}},"layout":[{"id":"uiControl66_5cpONU","controlId":"control60_Mu3boU","display":{"adapterId":"clickable","type":"button","amStyle":"primary","adapter":{"templateType":""}}}]},{"id":"uiControl65_aqOTC1row1","display":{"cols":3,"type":"col","adapterId":"col","adapter":{"templateType":""}},"layout":[{"id":"uiControl67_qtRAOP","controlId":"control61_InzKT8","display":{"adapterId":"clickable","type":"button","adapter":{"templateType":""}}}]}]}]},{"id":"uiControl6_hHA5o8footer","display":{"type":"dialogFooter","adapterId":"dialogFooter","adapter":{"templateType":""}},"layout":[]}]}]}},"matchers":{"page/title":{"contexts":{"context7_u0dB0B":["嘉宝莉一站式涂装服务"]}},"page/urls":{"contexts":{"context7_u0dB0B":["7.carpoly.com/ekp/cm/renovate/cm_renovate_order_apply/cmRenovateOrderProgress_strack.jsp?fdId=16242198987e79a9fb822fa4a4c91df2&tab=price&fdRenovateStatus=30&flag=progress&s_css=default","7.carpoly.com/ekp/cm/renovate/cm_renovate_order_apply/cmRenovateOrderProgress_strack.jsp?fdId=16242186b1c7af7ba5c30ae47f3b937f&tab=base&fdRenovateStatus=95&flag=progress&s_css=default","7.carpoly.com/ekp/cm/renovate/cm_renovate_order_apply/cmRenovateOrderProgress_strack.jsp?fdId=16242198987e79a9fb822fa4a4c91df2&tab=base&fdRenovateStatus=30&flag=progress&s_css=default","7.carpoly.com/ekp/cm/renovate/cm_renovate_order_apply/cmRenovateOrderProgress_strack.jsp?fdId=162aec28b249bd8c21e20ec4031abd4a&tab=price&fdRenovateStatus=30&flag=progress&s_css=default","7.carpoly.com/ekp/cm/renovate/cm_renovate_order_apply/cmRenovateOrderProgress_strack.jsp?fdId=162aec44022b60a9aece1264217801b3&tab=progress&fdRenovateStatus=60&flag=progress&s_css=default","7.carpoly.com/ekp/cm/renovate/cm_renovate_order_apply/cmRenovateOrderProgress_strack.jsp?fdId=162e1a81eff815c0a2045e2407bbb9d4&tab=contract&fdRenovateStatus=50&flag=progress&s_css=default","7.carpoly.com/ekp/cm/renovate/cm_renovate_order_apply/cmRenovateOrderProgress_strack.jsp?fdId=162f1092cb1665f5c654b854101b5bef&tab=contract&fdRenovateStatus=50&flag=progress&s_css=default"]}},"page/ids":{"contexts":{"context7_u0dB0B":[["detailFrame","mytab","nav_app","nav_global"],["detailFrame","lui-id-","mytab","nav_app","nav_global"]]}},"page/classes":{"contexts":{"context7_u0dB0B":[["a_nav_item_link_","admin_nav_item","admin_nav_item_disable","admin_nav_item_select","clrfix","lui_admin_navBox","lui_admin_nav_wrapper","lui_form_baseinfo","lui_form_content_frame","lui_form_subject","lui_form_title_frame","tb_normal","td_normal_title","txttitle"],["a_nav_item_link_","admin_nav_item","admin_nav_item_select","clrfix","lui_admin_navBox","lui_admin_nav_wrapper","lui_form_baseinfo","lui_form_content_frame","lui_form_subject","lui_form_title_frame","tb_normal","td_normal_title","txttitle"],["a_nav_item_link_","admin_nav_item","admin_nav_item_disable","admin_nav_item_select","clearfloat","clr","clrfix","lui-component","lui_admin_navBox","lui_admin_nav_wrapper","lui_dialog_bottomC","lui_dialog_bottomL","lui_dialog_bottomR","lui_dialog_buttons_container","lui_dialog_centerC","lui_dialog_centerL","lui_dialog_centerR","lui_dialog_common_buttons","lui_dialog_common_content_inside","lui_dialog_common_content_right","lui_dialog_container","lui_dialog_content_question","lui_dialog_frame","lui_dialog_head","lui_dialog_headL","lui_dialog_headR","lui_dialog_head_left","lui_dialog_head_right","lui_form_baseinfo","lui_form_content_frame","lui_form_subject","lui_form_title_frame","lui_toolbar_btn_c","lui_toolbar_btn_def","lui_toolbar_btn_gray","lui_toolbar_btn_l","lui_toolbar_btn_r","lui_widget_btn","lui_widget_btn_txt","tb_normal","td_normal_title","txttitle"]]}},"page/tagTriplets":{"contexts":{"context7_u0dB0B":[["-/-/DIV","-/-/IFRAME","-/-/LINK","-/-/META","-/-/SCRIPT","-/-/TITLE","-/DIV/DIV","-/DIV/TABLE","-/DIV/UL","DIV/DIV/P","DIV/TABLE/TBODY","DIV/UL/LI","LI/A/SCRIPT","TABLE/TBODY/TR","TBODY/TR/TD","UL/LI/A"],["-/-/DIV","-/-/IFRAME","-/-/LINK","-/-/META","-/-/SCRIPT","-/-/TITLE","-/DIV/DIV","-/DIV/IFRAME","-/DIV/TABLE","-/DIV/UL","DIV/DIV/DIV","DIV/DIV/P","DIV/TABLE/TBODY","DIV/UL/LI","LI/A/SCRIPT","TABLE/TBODY/TR","TBODY/TR/TD","UL/LI/A"]]}}}}