{
  "version": "0.1",
  "id": "zhishikuSearch",
  "targetURL": "http://218.203.103.203:8082/custcare/CUSTOMIZE/NX/receptionnew/servicequery/ESOPKnowledgeManage/ESOPKnowledgeManageAction.do?ngcrm_rnd=0.4439250913601591&ngcrm_reserved1=1&noCrmSSO=1&act=showDetail&knowledgeType=manual&knowledgeName=%25E7%259A%2584%25E8%2590%25A8%25E8%258A%25AC%25E7%259A%2584&knowledgeDesc=&attachmentID=ESOP%2520%25E6%258E%25A5%25E5%258F%25A3%25E6%2595%25B4%25E7%2590%2586.docx",
  "jsFile": "index.js",
  "chineseName": "知识库查询",
  "description": "",
  "controls": {
    "control408_n5EPnI": {
      "location": {
        "data": {
          "tagName": "HTML"
        },
        "userData": {
          "data": [],
          "force": false
        },
        "locators": [
          {
            "id": "path/ordinal",
            "prob": 1,
            "value": "/HTML[1]"
          }
        ]
      },
      "events": {
        "onGetData": "getData_control408_n5EPnI"
      },
      "intendedRole": "custom",
      "roles": "element,custom",
      "monitored": false,
      "frameXPath": "",
      "componentType": "custom"
    },
    "control409_HKxqbR": {
      "location": {
        "data": {
          "tagName": "TABLE"
        },
        "userData": {
          "data": [],
          "force": false
        },
        "locators": [
          {
            "id": "@class/word",
            "prob": 1,
            "ordinal": [
              0,
              2
            ],
            "value": "TABLE.list02_table"
          },
          {
            "id": "path/ordinal",
            "prob": 1,
            "value": "/HTML[1]/BODY[1]/FORM[1]/TABLE[2]"
          }
        ]
      },
      "events": {
        "onGetData": "getData_control409_HKxqbR"
      },
      "intendedRole": "custom",
      "roles": "element,custom",
      "monitored": false,
      "frameXPath": "",
      "componentType": "custom"
    },
    "control410_pgH4qs": {
      "location": {
        "data": {
          "tagName": "TR"
        },
        "userData": {
          "data": [],
          "force": false
        },
        "locators": [
          {
            "id": "@class/word",
            "prob": 1,
            "ordinal": [
              3,
              4
            ],
            "value": "TABLE.list02_table TBODY TR"
          },
          {
            "id": "path/ordinal",
            "prob": 1,
            "value": "/HTML[1]/BODY[1]/FORM[1]/DIV[1]/TABLE[1]/TBODY[1]/TR[1]"
          }
        ]
      },
      "events": {
        "onGetData": "getData_control410_pgH4qs"
      },
      "intendedRole": "custom",
      "roles": "element,custom",
      "monitored": false,
      "frameXPath": "",
      "componentType": "custom"
    }
  },
  "contexts": {
    "context45_t7Bku0": {
      "controls": [
        "control408_n5EPnI",
        "control409_HKxqbR",
        "control410_pgH4qs"
      ],
      "anchors": [],
      "urlAnchor": []
    }
  },
  "flows": {
    "flow256_QCTnU0": {
      "toContexts": [
        {
          "toContextId": "context45_t7Bku0"
        }
      ]
    },
    "flow257_hofOra": {
      "fromContextId": "context45_t7Bku0",
      "fromAction": "doAction",
      "fromControlId": "control408_n5EPnI",
      "toContexts": [
        {
          "toContextId": "context45_t7Bku0"
        }
      ]
    },
    "flow258_yQIVCM": {
      "fromContextId": "context45_t7Bku0",
      "fromAction": "doAction",
      "fromControlId": "control410_pgH4qs",
      "toContexts": [
        {
          "toContextId": "context45_t7Bku0"
        }
      ]
    }
  },
  "pages": {
    "page45_J4esqS": {
      "contextId": "context45_t7Bku0",
      "layout": [
        {
          "id": "uiControl433_pyKm7a",
          "controlId": "control408_n5EPnI",
          "display": {
            "adapterId": "custom",
            "type": "custom",
            "adapter": {
              "templateType": "react",
              "events": {
                "onDoAction": "doAction_uiControl433_pyKm7a",
                "onGetTemplate": "getTemplate_uiControl433_pyKm7a"
              }
            }
          }
        },
        {
          "id": "uiControl435_AHVgOB",
          "display": {
            "type": "card",
            "adapterId": "card",
            "adapter": {
              "templateType": ""
            }
          },
          "layout": [
            {
              "id": "uiControl435_AHVgOBheader",
              "display": {
                "type": "cardHeader",
                "text": "",
                "adapterId": "cardHeader",
                "adapter": {
                  "templateType": ""
                }
              },
              "layout": []
            },
            {
              "id": "uiControl435_AHVgOBbody",
              "display": {
                "type": "cardBody",
                "adapterId": "cardBody",
                "adapter": {
                  "templateType": ""
                }
              },
              "layout": [
                {
                  "id": "uiControl434_LmwGoJ",
                  "controlId": "control409_HKxqbR",
                  "display": {
                    "adapterId": "custom",
                    "type": "custom",
                    "adapter": {
                      "templateType": "react",
                      "events": {
                        "onDoAction": "doAction_uiControl434_LmwGoJ",
                        "onGetTemplate": "getTemplate_uiControl434_LmwGoJ"
                      }
                    }
                  }
                },
                {
                  "id": "uiControl436_KTQbzf",
                  "controlId": "control410_pgH4qs",
                  "display": {
                    "adapterId": "custom",
                    "type": "custom",
                    "adapter": {
                      "templateType": "react",
                      "events": {
                        "onDoAction": "doAction_uiControl436_KTQbzf",
                        "onGetTemplate": "getTemplate_uiControl436_KTQbzf"
                      }
                    }
                  }
                }
              ]
            },
            {
              "id": "uiControl435_AHVgOBfooter",
              "display": {
                "type": "cardFooter",
                "adapterId": "cardFooter",
                "adapter": {
                  "templateType": ""
                }
              },
              "layout": []
            }
          ]
        }
      ]
    }
  },
  "matchers": {
    "page/title": {
      "contexts": {
        "context45_t7Bku0": [
          "ESOP知识库查看"
        ]
      }
    },
    "page/urls": {
      "contexts": {
        "context45_t7Bku0": [
          "218.203.103.203:8082/custcare/CUSTOMIZE/NX/receptionnew/servicequery/ESOPKnowledgeManage/ESOPKnowledgeManageAction.do?ngcrm_rnd=0.4439250913601591&ngcrm_reserved1=1&noCrmSSO=1&act=showDetail&knowledgeType=manual&knowledgeName=%25E7%259A%2584%25E8%2590%25A8%25E8%258A%25AC%25E7%259A%2584&knowledgeDesc=&attachmentID=ESOP%2520%25E6%258E%25A5%25E5%258F%25A3%25E6%2595%25B4%25E7%2590%2586.docx",
          "218.203.103.203:8082/custcare/CUSTOMIZE/NX/receptionnew/servicequery/ESOPKnowledgeManage/ESOPKnowledgeManageAction.do?ngcrm_rnd=0.11772227947697811&ngcrm_reserved1=1&noCrmSSO=1&act=showDetail&knowledgeType=manual&knowledgeName=%25E7%259A%2584%25E8%2590%25A8%25E8%258A%25AC%25E7%259A%2584&knowledgeDesc=&attachmentID=ESOP%2520%25E6%258E%25A5%25E5%258F%25A3%25E6%2595%25B4%25E7%2590%2586.docx",
          "218.203.103.203:8082/custcare/CUSTOMIZE/NX/receptionnew/servicequery/ESOPKnowledgeManage/ESOPKnowledgeManageAction.do?ngcrm_rnd=0.176672890475293&ngcrm_reserved1=1&noCrmSSO=1&act=showDetail&knowledgeType=manual&knowledgeName=dfs&knowledgeDesc=fsdf&attachmentID="
        ]
      }
    },
    "page/ids": {
      "contexts": {
        "context45_t7Bku0": [
          [
            "Calendar",
            "Cell",
            "columnDiv",
            "knowledgeType",
            "query_button"
          ]
        ]
      }
    },
    "page/classes": {
      "contexts": {
        "context45_t7Bku0": [
          [
            "button_fix",
            "column_title",
            "list_content",
            "list_table",
            "list_title"
          ]
        ]
      }
    },
    "page/tagTriplets": {
      "contexts": {
        "context45_t7Bku0": [
          [
            "-/-/DIV",
            "-/-/FORM",
            "-/-/IFRAME",
            "-/-/LINK",
            "-/-/OBJECT",
            "-/-/SCRIPT",
            "-/FORM/DIV",
            "-/FORM/INPUT-hidden",
            "-/FORM/TABLE",
            "DIV/TABLE/TBODY",
            "FORM/DIV/TABLE",
            "FORM/TABLE/TBODY",
            "TABLE/TBODY/TR",
            "TBODY/TR/TD",
            "TD/SELECT/OPTION",
            "TR/TD/IMG",
            "TR/TD/INPUT-button",
            "TR/TD/INPUT-text",
            "TR/TD/SELECT"
          ]
        ]
      }
    }
  }
}