{
  "version": "0.1",
  "id": "broadbandFrom",
  "targetURL": "http://218.203.103.203:8082/oc/bes/sm/login/phone.html?type=1",
  "jsFile": "index.js",
  "requires": {
    "toMainSchema": "../toMainSchema/index.json"
  },
  "chineseName": "宽带表单",
  "description": "",
  "firstPaintEnable": false,
  "controls": {
    "control118_7XMZax": {
      "location": {
        "data": {
          "tagName": "LI"
        },
        "userData": {
          "data": [],
          "force": false
        },
        "locators": [
          {
            "id": "text",
            "prob": 3,
            "value": {
              "text": [
                "本地入网"
              ],
              "visText": [
                "本地入网"
              ]
            }
          },
          {
            "id": "@title",
            "prob": 2,
            "value": {
              "text": [
                "本地入网"
              ]
            }
          },
          {
            "id": "@class/word",
            "prob": 1,
            "value": "DIV.tab UL.floatCon.toLeft LI.selected"
          },
          {
            "id": "style/color",
            "value": [
              42,
              142,
              231
            ]
          }
        ]
      },
      "roles": "element",
      "text": "\t\t                                                        \t\t                        本地入网\t                          ",
      "frameXPath": "",
      "customJS": "if($(elem).hasClass(\"selected\")&&$(elem).find(\".tab-title\").text()==\"本地入网\"){\nreturn true\n}else{\nreturn false}"
    },
    "control119_ISIm5T": {
      "location": {
        "data": {
          "tagName": "LI"
        },
        "userData": {
          "data": [],
          "force": false
        },
        "locators": [
          {
            "id": "@title",
            "prob": 2,
            "value": {
              "text": [
                "本地入网"
              ]
            }
          },
          {
            "id": "@class/word",
            "prob": 1,
            "value": "DIV.tab UL.floatCon.toLeft LI.selected"
          },
          {
            "id": "style/color",
            "value": [
              42,
              142,
              231
            ]
          }
        ]
      },
      "events": {
        "onGetData": "getData_control119_ISIm5T"
      },
      "intendedRole": "custom",
      "roles": "element,custom",
      "monitored": true,
      "frameXPath": "",
      "componentType": "custom"
    },
    "control120_KLlcTS": {
      "location": {
        "data": {
          "tagName": "DIV"
        },
        "userData": {
          "data": [],
          "force": false
        },
        "locators": [
          {
            "id": "@class/word",
            "prob": 1,
            "value": "DIV.main-right.ng-scope"
          },
          {
            "id": "shield",
            "value": {
              "zIndex": "auto",
              "width": 1450,
              "height": 839
            }
          }
        ]
      },
      "events": {
        "onGetData": "getData_control120_KLlcTS"
      },
      "intendedRole": "custom",
      "roles": "element,custom",
      "monitored": true,
      "frameXPath": "",
      "componentType": "custom"
    },
    "control121_xTzqi8": {
      "location": {
        "data": {
          "tagName": "DIV"
        },
        "userData": {
          "data": [],
          "force": false
        },
        "locators": [
          {
            "id": "@class/word",
            "prob": 1,
            "value": "DIV.main-right.ng-scope"
          },
          {
            "id": "shield",
            "value": {
              "zIndex": "auto",
              "width": 1450,
              "height": 839
            }
          }
        ]
      },
      "events": {
        "onGetData": "getData_control121_xTzqi8"
      },
      "intendedRole": "custom",
      "roles": "element,custom",
      "monitored": true,
      "frameXPath": "",
      "componentType": "custom"
    },
    "control122_maDCHy": {
      "location": {
        "data": {
          "tagName": "DIV"
        },
        "userData": {
          "data": [],
          "force": false
        },
        "locators": [
          {
            "id": "@id/word",
            "prob": 2,
            "value": [
              "descendant::DIV[@id=\"broadbandAccIndex\"]//DIV[@id=\"broadbandAccUserinfoGadget\"]//DIV[@id=\"custInfo\"]/DIV[1]/DIV[4]",
              "descendant::DIV[@id=\"broadbandAccUserinfoGadget\"]//DIV[@id=\"custInfo\"]/DIV[1]/DIV[4]",
              "descendant::DIV[@id=\"custInfo\"]/DIV[1]/DIV[4]"
            ]
          }
        ]
      },
      "events": {
        "onGetData": "getData_control122_maDCHy"
      },
      "intendedRole": "custom",
      "roles": "element,custom",
      "monitored": true,
      "frameXPath": "//iframe[1]<<IFRAME>>",
      "componentType": "custom"
    },
    "control123_H3JnEU": {
      "location": {
        "data": {
          "tagName": "DIV"
        },
        "userData": {
          "data": [],
          "force": false
        },
        "locators": [
          {
            "id": "@id/word",
            "prob": 4,
            "value": [
              "descendant::DIV[@id=\"broadbandAccUserinfoGadget\"]//DIV[@id=\"custInfo\"]//DIV[@id=\"custInfoContent\"]",
              "descendant::DIV[@id=\"custInfo\"]//DIV[@id=\"custInfoContent\"]",
              "descendant::DIV[@id=\"custInfoContent\"]"
            ]
          }
        ]
      },
      "events": {
        "onGetData": "getData_control123_H3JnEU"
      },
      "intendedRole": "custom",
      "roles": "element,custom",
      "monitored": true,
      "frameXPath": "//iframe[1]<<IFRAME>>",
      "componentType": "custom"
    },
    "control124_d9v4P2": {
      "location": {
        "data": {
          "tagName": "DIV"
        },
        "userData": {
          "data": [],
          "force": false
        },
        "locators": [
          {
            "id": "@id/word",
            "prob": 4,
            "value": [
              "descendant::DIV[@id=\"besAdBroadbandopen\"]//DIV[@id=\"broadbandAccIndex\"]//DIV[@id=\"broadbandAccSelectpackageinfoGadget\"]",
              "descendant::DIV[@id=\"broadbandAccIndex\"]//DIV[@id=\"broadbandAccSelectpackageinfoGadget\"]",
              "descendant::DIV[@id=\"broadbandAccSelectpackageinfoGadget\"]"
            ]
          }
        ]
      },
      "events": {
        "onGetData": "getData_control124_d9v4P2"
      },
      "intendedRole": "custom",
      "roles": "element,custom",
      "monitored": true,
      "frameXPath": "//iframe[1]<<IFRAME>>",
      "componentType": "custom"
    },
    "control125_LfGsbM": {
      "location": {
        "data": {
          "tagName": "DIV"
        },
        "userData": {
          "data": [],
          "force": false
        },
        "locators": [
          {
            "id": "@id/word",
            "prob": 4,
            "value": [
              "descendant::DIV[@id=\"besAdBroadbandopen\"]//DIV[@id=\"broadbandAccIndex\"]//DIV[@id=\"broadbandAccBroadbandaccountGadget\"]",
              "descendant::DIV[@id=\"broadbandAccIndex\"]//DIV[@id=\"broadbandAccBroadbandaccountGadget\"]",
              "descendant::DIV[@id=\"broadbandAccBroadbandaccountGadget\"]"
            ]
          }
        ]
      },
      "events": {
        "onGetData": "getData_control125_LfGsbM"
      },
      "intendedRole": "custom",
      "roles": "element,custom",
      "monitored": true,
      "frameXPath": "//iframe[1]<<IFRAME>>",
      "componentType": "custom"
    },
    "control127_M0c42K": {
      "location": {
        "data": {
          "tagName": "DIV"
        },
        "userData": {
          "data": [],
          "force": false
        },
        "locators": [
          {
            "id": "@id/word",
            "prob": 3,
            "value": "descendant::DIV[@id=\"maindiv\"]"
          },
          {
            "id": "path/ordinal",
            "prob": 1,
            "value": "/HTML[1]/BODY[1]/DIV[1]"
          }
        ]
      },
      "intendedRole": "section",
      "roles": "element,section",
      "monitored": true,
      "frameXPath": "//iframe[1]<<IFRAME>>//iframe[@name='selectaddr']<<IFRAME>>",
      "componentType": "section"
    },
    "control139_1dQpwF": {
      "location": {
        "data": {
          "tagName": "DIV"
        },
        "userData": {
          "data": [],
          "force": false
        },
        "locators": [
          {
            "id": "@id/word",
            "prob": 4,
            "value": [
              "descendant::DIV[@id=\"besAdBroadbandopen\"]//DIV[@id=\"broadbandAccIndex\"]//DIV[@id=\"broadbandAccSubscribeinfoGadget\"]",
              "descendant::DIV[@id=\"broadbandAccIndex\"]//DIV[@id=\"broadbandAccSubscribeinfoGadget\"]",
              "descendant::DIV[@id=\"broadbandAccSubscribeinfoGadget\"]"
            ]
          }
        ]
      },
      "events": {
        "onGetData": "getData_control139_1dQpwF"
      },
      "intendedRole": "custom",
      "roles": "element,custom",
      "monitored": true,
      "frameXPath": "//iframe[1]<<IFRAME>>",
      "componentType": "custom"
    },
    "control140_FEcCy8": {
      "location": {
        "data": {
          "tagName": "DIV"
        },
        "userData": {
          "data": [],
          "force": false
        },
        "locators": [
          {
            "id": "@id/word",
            "prob": 2,
            "value": [
              "descendant::DIV[@id=\"besAdBroadbandopen\"]//DIV[@id=\"broadbandAccIndex\"]/DIV[5]",
              "descendant::DIV[@id=\"broadbandAccIndex\"]/DIV[5]"
            ]
          }
        ]
      },
      "events": {
        "onGetData": "getData_control140_FEcCy8"
      },
      "intendedRole": "custom",
      "roles": "element,custom",
      "monitored": true,
      "frameXPath": "//iframe[1]<<IFRAME>>",
      "componentType": "custom"
    },
    "control141_eDmDRt": {
      "location": {
        "data": {
          "tagName": "DIV"
        },
        "userData": {
          "data": [],
          "force": false
        },
        "locators": [
          {
            "id": "@id/word",
            "prob": 2,
            "value": [
              "descendant::DIV[@id=\"besAdBroadbandopen\"]//DIV[@id=\"broadbandAccIndex\"]/DIV[6]",
              "descendant::DIV[@id=\"broadbandAccIndex\"]/DIV[6]"
            ]
          }
        ]
      },
      "events": {
        "onGetData": "getData_control141_eDmDRt"
      },
      "intendedRole": "custom",
      "roles": "element,custom",
      "monitored": true,
      "frameXPath": "//iframe[1]<<IFRAME>>",
      "componentType": "custom"
    },
    "control142_6cSX71": {
      "location": {
        "data": {
          "tagName": "DIV"
        },
        "userData": {
          "data": [],
          "force": false
        },
        "locators": [
          {
            "id": "@id/word",
            "prob": 4,
            "value": [
              "descendant::DIV[@id=\"besAdBroadbandopen\"]//DIV[@id=\"broadbandAccIndex\"]//DIV[@id=\"openViceCardSetpersonalityGadget\"]",
              "descendant::DIV[@id=\"broadbandAccIndex\"]//DIV[@id=\"openViceCardSetpersonalityGadget\"]",
              "descendant::DIV[@id=\"openViceCardSetpersonalityGadget\"]"
            ]
          }
        ]
      },
      "events": {
        "onGetData": "getData_control142_6cSX71"
      },
      "intendedRole": "custom",
      "roles": "element,custom",
      "monitored": true,
      "frameXPath": "//iframe[1]<<IFRAME>>",
      "componentType": "custom"
    },
    "control143_71nraS": {
      "location": {
        "data": {
          "tagName": "DIV"
        },
        "userData": {
          "data": [],
          "force": false
        },
        "locators": [
          {
            "id": "@id/word",
            "prob": 4,
            "value": [
              "descendant::DIV[@id=\"paymentContent\"]//DIV[@id=\"checkoutPaymentContent\"]//DIV[@id=\"checkoutPaymentContentDetail\"]",
              "descendant::DIV[@id=\"checkoutPaymentContent\"]//DIV[@id=\"checkoutPaymentContentDetail\"]",
              "descendant::DIV[@id=\"checkoutPaymentContentDetail\"]"
            ]
          }
        ]
      },
      "events": {
        "onGetData": "getData_control143_71nraS"
      },
      "intendedRole": "custom",
      "roles": "element,custom",
      "monitored": true,
      "frameXPath": "//iframe[1]<<IFRAME>>",
      "componentType": "custom"
    },
    "control144_tfggTH": {
      "location": {
        "data": {
          "tagName": "DIV"
        },
        "userData": {
          "data": [],
          "force": false
        },
        "locators": [
          {
            "id": "@id/word",
            "prob": 4,
            "value": [
              "descendant::DIV[@id=\"paymentContent\"]//DIV[@id=\"checkoutPaymentContent\"]//DIV[@id=\"checkoutPaymentContentDetail\"]",
              "descendant::DIV[@id=\"checkoutPaymentContent\"]//DIV[@id=\"checkoutPaymentContentDetail\"]",
              "descendant::DIV[@id=\"checkoutPaymentContentDetail\"]"
            ]
          }
        ]
      },
      "events": {
        "onGetData": "getData_control144_tfggTH"
      },
      "intendedRole": "custom",
      "roles": "element,custom",
      "monitored": true,
      "frameXPath": "//iframe[1]<<IFRAME>>",
      "componentType": "custom"
    },
    "control145_TJA6En": {
      "location": {
        "data": {
          "tagName": "DIV"
        },
        "userData": {
          "data": [],
          "force": false
        },
        "locators": [
          {
            "id": "@id/word",
            "prob": 4,
            "value": [
              "descendant::DIV[@id=\"checkoutPaymentContent\"]//DIV[@id=\"checkoutPaymentContentDetail\"]//DIV[@id=\"checkoutPaymentGoodlistGadget\"]",
              "descendant::DIV[@id=\"checkoutPaymentContentDetail\"]//DIV[@id=\"checkoutPaymentGoodlistGadget\"]",
              "descendant::DIV[@id=\"checkoutPaymentGoodlistGadget\"]"
            ]
          }
        ]
      },
      "events": {
        "onGetData": "getData_control145_TJA6En"
      },
      "intendedRole": "custom",
      "roles": "element,custom",
      "monitored": true,
      "frameXPath": "//iframe[1]<<IFRAME>>",
      "componentType": "custom"
    },
    "control146_boaR51": {
      "location": {
        "data": {
          "tagName": "DIV"
        },
        "userData": {
          "data": [],
          "force": false
        },
        "locators": [
          {
            "id": "@id/word",
            "prob": 4,
            "value": [
              "descendant::DIV[@id=\"checkoutPaymentContent\"]//DIV[@id=\"checkoutPaymentContentDetail\"]//DIV[@id=\"checkoutPaymentmethodGadget\"]",
              "descendant::DIV[@id=\"checkoutPaymentContentDetail\"]//DIV[@id=\"checkoutPaymentmethodGadget\"]",
              "descendant::DIV[@id=\"checkoutPaymentmethodGadget\"]"
            ]
          }
        ]
      },
      "events": {
        "onGetData": "getData_control146_boaR51"
      },
      "intendedRole": "custom",
      "roles": "element,custom",
      "monitored": true,
      "frameXPath": "//iframe[1]<<IFRAME>>",
      "componentType": "custom"
    },
    "control147_XGKqDq": {
      "location": {
        "data": {
          "tagName": "DIV"
        },
        "userData": {
          "data": [],
          "force": false
        },
        "locators": [
          {
            "id": "@id/word",
            "prob": 4,
            "value": [
              "descendant::DIV[@id=\"checkoutPaymentContent\"]//DIV[@id=\"checkoutPaymentContentDetail\"]//DIV[@id=\"checkoutOperatorGadget\"]",
              "descendant::DIV[@id=\"checkoutPaymentContentDetail\"]//DIV[@id=\"checkoutOperatorGadget\"]",
              "descendant::DIV[@id=\"checkoutOperatorGadget\"]"
            ]
          }
        ]
      },
      "events": {
        "onGetData": "getData_control147_XGKqDq"
      },
      "intendedRole": "custom",
      "roles": "element,custom",
      "monitored": true,
      "frameXPath": "//iframe[1]<<IFRAME>>",
      "componentType": "custom"
    },
    "control148_WQdd8G": {
      "location": {
        "data": {
          "tagName": "DIV"
        },
        "userData": {
          "data": [],
          "force": false
        },
        "locators": [
          {
            "id": "@id/word",
            "prob": 1,
            "value": [
              "descendant::DIV[@id=\"paymentContent\"]//DIV[@id=\"checkoutPaymentContent\"]//DIV[@id=\"checkoutPaymentContentDetail\"]/DIV[3]/DIV[1]/DIV[3]",
              "descendant::DIV[@id=\"checkoutPaymentContent\"]//DIV[@id=\"checkoutPaymentContentDetail\"]/DIV[3]/DIV[1]/DIV[3]",
              "descendant::DIV[@id=\"checkoutPaymentContentDetail\"]/DIV[3]/DIV[1]/DIV[3]"
            ]
          }
        ]
      },
      "events": {
        "onGetData": "getData_control148_WQdd8G"
      },
      "intendedRole": "custom",
      "roles": "element,custom",
      "monitored": true,
      "frameXPath": "//iframe[1]<<IFRAME>>",
      "componentType": "custom"
    },
    "control149_LqKpuf": {
      "location": {
        "data": {
          "tagName": "IMG"
        },
        "userData": {
          "data": [],
          "force": false
        },
        "locators": [
          {
            "id": "img/@src",
            "prob": 2,
            "value": {
              "pathname": "/oc/bes/ad/ctz/html/resource.root/bes/ad/images/Ok_large_bg.png"
            }
          },
          {
            "id": "@id/word",
            "prob": 1,
            "ordinal": [
              0,
              3
            ],
            "value": [
              "descendant::DIV[@id=\"besAdBroadbandopen\"]//DIV[@id=\"paymentContent\"]//DIV[@id=\"paymentFinishStep\"]/UEE:INCLUDE[1]/DIV[1]/UEE:INCLUDE[1]/DIV[1]/DIV[1]/DIV[1]/IMG[1]",
              "descendant::DIV[@id=\"besAdBroadbandopen\"]//DIV[@id=\"paymentContent\"]//DIV[@id=\"paymentFinishStep\"]//IMG",
              "descendant::DIV[@id=\"paymentContent\"]//DIV[@id=\"paymentFinishStep\"]//IMG",
              "descendant::DIV[@id=\"paymentFinishStep\"]//IMG"
            ]
          }
        ]
      },
      "roles": "element,image,button",
      "monitored": false,
      "frameXPath": "//iframe[1]<<IFRAME>>",
      "componentType": "image"
    },
    "control150_cQHaKg": {
      "location": {
        "data": {
          "tagName": "SPAN"
        },
        "userData": {
          "data": [],
          "force": false
        },
        "locators": [
          {
            "id": "text",
            "prob": 3,
            "value": {
              "text": [
                "业务受理成功。"
              ],
              "visText": [
                "业务受理成功。"
              ]
            }
          },
          {
            "id": "elderLevel",
            "value": {
              "level": 0
            }
          }
        ]
      },
      "roles": "element",
      "content": true,
      "monitored": false,
      "frameXPath": "//iframe[1]<<IFRAME>>",
      "componentType": "content"
    },
    "control151_AebJH8": {
      "location": {
        "data": {
          "tagName": "DIV"
        },
        "userData": {
          "data": [],
          "force": false
        },
        "locators": [
          {
            "id": "@id/word",
            "prob": 4,
            "value": [
              "descendant::DIV[@id=\"besAdBroadbandopen\"]//DIV[@id=\"paymentContent\"]//DIV[@id=\"paymentFinishStep\"]",
              "descendant::DIV[@id=\"paymentContent\"]//DIV[@id=\"paymentFinishStep\"]",
              "descendant::DIV[@id=\"paymentFinishStep\"]"
            ]
          }
        ]
      },
      "events": {
        "onGetData": "getData_control151_AebJH8"
      },
      "intendedRole": "custom",
      "roles": "element,custom",
      "monitored": true,
      "frameXPath": "//iframe[1]<<IFRAME>>",
      "componentType": "custom"
    },
    "control152_Fhh8Qn": {
      "location": {
        "data": {
          "tagName": "SPAN"
        },
        "userData": {
          "data": [],
          "force": false
        },
        "locators": [
          {
            "id": "button/text",
            "prob": 3,
            "value": {
              "text": [
                "关闭当前页"
              ],
              "visText": [
                "关闭当前页"
              ]
            }
          },
          {
            "id": "@id/word",
            "prob": 4,
            "value": [
              "descendant::DIV[@id=\"paymentContent\"]//DIV[@id=\"paymentFinishStep\"]//SPAN[@id=\"a_paymentFinishClose\"]",
              "descendant::DIV[@id=\"paymentFinishStep\"]//SPAN[@id=\"a_paymentFinishClose\"]",
              "descendant::SPAN[@id=\"a_paymentFinishClose\"]"
            ]
          }
        ]
      },
      "intendedRole": "button",
      "roles": "element,button",
      "monitored": false,
      "frameXPath": "//iframe[1]<<IFRAME>>",
      "componentType": "button"
    },
    "control1_xx5LwN": {
      "location": {
        "data": {
          "tagName": "DIV"
        },
        "userData": {
          "data": [],
          "force": false
        },
        "locators": [
          {
            "id": "@class/word",
            "prob": 1,
            "value": "DIV.main-right.ng-scope"
          },
          {
            "id": "shield",
            "value": {
              "zIndex": "auto",
              "width": 834,
              "height": 540
            }
          }
        ]
      },
      "events": {
        "onGetData": "getData_control1_xx5LwN"
      },
      "intendedRole": "custom",
      "roles": "element,custom",
      "monitored": true,
      "frameXPath": "",
      "componentType": "custom"
    }
  },
  "contexts": {
    "context13_N9xuH3": {
      "controls": [
        "control119_ISIm5T",
        "control120_KLlcTS",
        "control121_xTzqi8",
        "control122_maDCHy",
        "control123_H3JnEU",
        "control124_d9v4P2",
        "control125_LfGsbM",
        "control127_M0c42K",
        "control139_1dQpwF",
        "control140_FEcCy8",
        "control141_eDmDRt",
        "control142_6cSX71",
        "control143_71nraS",
        "control144_tfggTH",
        "control145_TJA6En",
        "control146_boaR51",
        "control147_XGKqDq",
        "control148_WQdd8G",
        "control149_LqKpuf",
        "control150_cQHaKg",
        "control151_AebJH8",
        "control152_Fhh8Qn",
        "control1_xx5LwN"
      ],
      "anchors": [
        "control118_7XMZax"
      ],
      "urlAnchor": []
    }
  },
  "flows": {
    "flow69_eHNkEf": {
      "fromContextId": "context13_N9xuH3",
      "fromAction": "doAction",
      "fromControlId": "control121_xTzqi8",
      "toContexts": [
        {
          "toContextId": "context13_N9xuH3"
        }
      ]
    },
    "flow70_u2fE3x": {
      "fromContextId": "context13_N9xuH3",
      "fromAction": "doAction",
      "fromControlId": "control125_LfGsbM",
      "toContexts": [
        {
          "toContextId": "context13_N9xuH3"
        }
      ]
    },
    "flow71_KgdkHE": {
      "fromContextId": "context13_N9xuH3",
      "fromAction": "doAction",
      "fromControlId": "control120_KLlcTS",
      "toContexts": [
        {
          "toContextId": "context13_N9xuH3"
        }
      ]
    },
    "flow72_D22QDx": {
      "fromContextId": "context13_N9xuH3",
      "fromAction": "section",
      "fromControlId": "control125_LfGsbM",
      "toContexts": [
        {
          "toContextId": "context15_wGL9n5",
          "toModelId": "toMainSchema"
        }
      ]
    },
    "flow82_XH41sV": {
      "fromContextId": "context13_N9xuH3",
      "fromAction": "doAction",
      "fromControlId": "control140_FEcCy8",
      "toContexts": [
        {
          "toContextId": "context13_N9xuH3"
        }
      ]
    },
    "flow81_LPg9lW": {
      "fromContextId": "context13_N9xuH3",
      "fromAction": "doAction",
      "fromControlId": "control124_d9v4P2",
      "toContexts": [
        {
          "toContextId": "context13_N9xuH3"
        }
      ]
    },
    "flow83_ymcpdv": {
      "fromContextId": "context13_N9xuH3",
      "fromAction": "doAction",
      "fromControlId": "control139_1dQpwF",
      "toContexts": [
        {
          "toContextId": "context13_N9xuH3"
        }
      ]
    },
    "flow84_RBVlyV": {
      "fromContextId": "context13_N9xuH3",
      "fromAction": "doAction",
      "fromControlId": "control141_eDmDRt",
      "toContexts": [
        {
          "toContextId": "context13_N9xuH3"
        }
      ]
    },
    "flow85_iSv47a": {
      "fromContextId": "context13_N9xuH3",
      "fromAction": "doAction",
      "fromControlId": "control143_71nraS",
      "toContexts": [
        {
          "toContextId": "context13_N9xuH3"
        }
      ]
    },
    "flow86_PMp28m": {
      "fromContextId": "context13_N9xuH3",
      "fromAction": "click",
      "fromControlId": "control150_cQHaKg",
      "toContexts": [
        {
          "toContextId": "context13_N9xuH3"
        }
      ]
    },
    "flow87_z50TpT": {
      "fromContextId": "context13_N9xuH3",
      "fromAction": "doAction",
      "fromControlId": "control151_AebJH8",
      "toContexts": [
        {
          "toContextId": "context13_N9xuH3"
        }
      ]
    },
    "flow88_nse9re": {
      "fromContextId": "context13_N9xuH3",
      "fromAction": "doAction",
      "fromControlId": "control119_ISIm5T",
      "toContexts": [
        {
          "toContextId": "context13_N9xuH3"
        }
      ]
    },
    "flow11_FRCTdt": {
      "fromContextId": "context13_N9xuH3",
      "fromAction": "doAction",
      "fromControlId": "control1_xx5LwN",
      "toContexts": [
        {
          "toContextId": "context13_N9xuH3"
        }
      ]
    }
  },
  "pages": {
    "page13_5ZcdeZ": {
      "contextId": "context13_N9xuH3",
      "layout": [
        {
          "id": "uiControl1_DOuyyu",
          "display": {
            "type": "card",
            "adapterId": "card",
            "class": "scrollCard",
            "adapter": {
              "templateType": ""
            }
          },
          "layout": [
            {
              "id": "uiControl1_DOuyyuheader",
              "display": {
                "type": "cardHeader",
                "text": "",
                "adapterId": "cardHeader",
                "adapter": {
                  "templateType": ""
                }
              },
              "layout": []
            },
            {
              "id": "uiControl1_DOuyyubody",
              "display": {
                "type": "cardBody",
                "adapterId": "cardBody",
                "adapter": {
                  "templateType": ""
                }
              },
              "layout": [
                {
                  "id": "uiControl113_gZ2THl",
                  "controlId": "control120_KLlcTS",
                  "display": {
                    "adapterId": "custom",
                    "type": "custom",
                    "adapter": {
                      "templateType": "react",
                      "events": {
                        "onDoAction": "doAction_uiControl113_gZ2THl",
                        "onGetTemplate": "getTemplate_uiControl113_gZ2THl"
                      }
                    }
                  }
                },
                {
                  "id": "uiControl112_yV6KDI",
                  "controlId": "control119_ISIm5T",
                  "display": {
                    "adapterId": "custom",
                    "type": "custom",
                    "adapter": {
                      "templateType": "react",
                      "events": {
                        "onDoAction": "doAction_uiControl112_yV6KDI",
                        "onGetTemplate": "getTemplate_uiControl112_yV6KDI"
                      }
                    }
                  }
                },
                {
                  "id": "uiControl114_2X7RQe",
                  "controlId": "control121_xTzqi8",
                  "display": {
                    "adapterId": "custom",
                    "type": "custom",
                    "adapter": {
                      "templateType": "react",
                      "events": {
                        "onDoAction": "doAction_uiControl114_2X7RQe",
                        "onGetTemplate": "getTemplate_uiControl114_2X7RQe"
                      }
                    }
                  }
                },
                {
                  "id": "uiControl115_e3yrQf",
                  "controlId": "control122_maDCHy",
                  "display": {
                    "adapterId": "custom",
                    "type": "custom",
                    "adapter": {
                      "templateType": "react",
                      "events": {
                        "onDoAction": "doAction_uiControl115_e3yrQf",
                        "onGetTemplate": "getTemplate_uiControl115_e3yrQf"
                      }
                    }
                  }
                },
                {
                  "id": "uiControl116_XXf7st",
                  "controlId": "control123_H3JnEU",
                  "display": {
                    "adapterId": "custom",
                    "type": "custom",
                    "adapter": {
                      "templateType": "react",
                      "events": {
                        "onDoAction": "doAction_uiControl116_XXf7st",
                        "onGetTemplate": "getTemplate_uiControl116_XXf7st"
                      }
                    }
                  }
                },
                {
                  "id": "uiControl117_DT2WCT",
                  "controlId": "control124_d9v4P2",
                  "display": {
                    "adapterId": "custom",
                    "type": "custom",
                    "adapter": {
                      "templateType": "react",
                      "events": {
                        "onDoAction": "doAction_uiControl117_DT2WCT",
                        "onGetTemplate": "getTemplate_uiControl117_DT2WCT"
                      }
                    }
                  }
                },
                {
                  "id": "uiControl118_ZUUqhg",
                  "controlId": "control125_LfGsbM",
                  "display": {
                    "adapterId": "custom",
                    "type": "custom",
                    "adapter": {
                      "templateType": "react",
                      "events": {
                        "onDoAction": "doAction_uiControl118_ZUUqhg",
                        "onGetTemplate": "getTemplate_uiControl118_ZUUqhg"
                      }
                    }
                  }
                },
                {
                  "id": "uiControl131_hgIxzL",
                  "controlId": "control139_1dQpwF",
                  "display": {
                    "adapterId": "custom",
                    "type": "custom",
                    "adapter": {
                      "templateType": "react",
                      "events": {
                        "onDoAction": "doAction_uiControl131_hgIxzL",
                        "onGetTemplate": "getTemplate_uiControl131_hgIxzL"
                      }
                    }
                  }
                },
                {
                  "id": "uiControl132_uqyy2c",
                  "controlId": "control140_FEcCy8",
                  "display": {
                    "adapterId": "custom",
                    "type": "custom",
                    "adapter": {
                      "templateType": "react",
                      "events": {
                        "onDoAction": "doAction_uiControl132_uqyy2c",
                        "onGetTemplate": "getTemplate_uiControl132_uqyy2c"
                      }
                    }
                  }
                },
                {
                  "id": "uiControl133_FlZCD9",
                  "controlId": "control141_eDmDRt",
                  "display": {
                    "adapterId": "custom",
                    "type": "custom",
                    "adapter": {
                      "templateType": "react",
                      "events": {
                        "onDoAction": "doAction_uiControl133_FlZCD9",
                        "onGetTemplate": "getTemplate_uiControl133_FlZCD9"
                      }
                    }
                  }
                },
                {
                  "id": "uiControl134_MQxLFA",
                  "controlId": "control142_6cSX71",
                  "display": {
                    "adapterId": "custom",
                    "type": "custom",
                    "adapter": {
                      "templateType": "react",
                      "events": {
                        "onDoAction": "doAction_uiControl134_MQxLFA",
                        "onGetTemplate": "getTemplate_uiControl134_MQxLFA"
                      }
                    }
                  }
                },
                {
                  "id": "uiControl136_Bi6oql",
                  "controlId": "control144_tfggTH",
                  "display": {
                    "adapterId": "custom",
                    "type": "custom",
                    "adapter": {
                      "templateType": "react",
                      "events": {
                        "onDoAction": "doAction_uiControl136_Bi6oql",
                        "onGetTemplate": "getTemplate_uiControl136_Bi6oql"
                      }
                    }
                  }
                },
                {
                  "id": "uiControl135_88JQxf",
                  "controlId": "control143_71nraS",
                  "display": {
                    "adapterId": "custom",
                    "type": "custom",
                    "adapter": {
                      "templateType": "react",
                      "events": {
                        "onDoAction": "doAction_uiControl135_88JQxf",
                        "onGetTemplate": "getTemplate_uiControl135_88JQxf"
                      }
                    }
                  }
                },
                {
                  "id": "uiControl137_TGpUK7",
                  "controlId": "control145_TJA6En",
                  "display": {
                    "adapterId": "custom",
                    "type": "custom",
                    "adapter": {
                      "templateType": "react",
                      "events": {
                        "onDoAction": "doAction_uiControl137_TGpUK7",
                        "onGetTemplate": "getTemplate_uiControl137_TGpUK7"
                      }
                    }
                  }
                },
                {
                  "id": "uiControl138_hq7CiC",
                  "controlId": "control146_boaR51",
                  "display": {
                    "adapterId": "custom",
                    "type": "custom",
                    "adapter": {
                      "templateType": "react",
                      "events": {
                        "onDoAction": "doAction_uiControl138_hq7CiC",
                        "onGetTemplate": "getTemplate_uiControl138_hq7CiC"
                      }
                    }
                  }
                },
                {
                  "id": "uiControl139_GDm06v",
                  "controlId": "control147_XGKqDq",
                  "display": {
                    "adapterId": "custom",
                    "type": "custom",
                    "adapter": {
                      "templateType": "react",
                      "events": {
                        "onDoAction": "doAction_uiControl139_GDm06v",
                        "onGetTemplate": "getTemplate_uiControl139_GDm06v"
                      }
                    }
                  }
                },
                {
                  "id": "uiControl140_Qa3ohw",
                  "controlId": "control148_WQdd8G",
                  "display": {
                    "adapterId": "custom",
                    "type": "custom",
                    "adapter": {
                      "templateType": "react",
                      "events": {
                        "onDoAction": "doAction_uiControl140_Qa3ohw",
                        "onGetTemplate": "getTemplate_uiControl140_Qa3ohw"
                      }
                    }
                  }
                },
                {
                  "id": "uiControl141_EAIEk2",
                  "display": {
                    "type": "card",
                    "adapterId": "card",
                    "adapter": {
                      "templateType": ""
                    }
                  },
                  "layout": [
                    {
                      "id": "uiControl141_EAIEk2header",
                      "display": {
                        "type": "cardHeader",
                        "text": "",
                        "adapterId": "cardHeader",
                        "adapter": {
                          "templateType": ""
                        }
                      },
                      "layout": []
                    },
                    {
                      "id": "uiControl141_EAIEk2body",
                      "display": {
                        "type": "cardBody",
                        "adapterId": "cardBody",
                        "adapter": {
                          "templateType": ""
                        }
                      },
                      "layout": [
                        {
                          "id": "uiControl142_bomzkT",
                          "controlId": "control149_LqKpuf",
                          "display": {
                            "adapterId": "image_link",
                            "type": "image",
                            "adapter": {
                              "templateType": ""
                            }
                          }
                        },
                        {
                          "id": "uiControl143_gHVHvT",
                          "controlId": "control150_cQHaKg",
                          "display": {
                            "adapterId": "content",
                            "type": "content",
                            "class": "t-cen",
                            "adapter": {
                              "templateType": ""
                            }
                          }
                        },
                        {
                          "id": "uiControl144_IFToCH",
                          "controlId": "control151_AebJH8",
                          "display": {
                            "adapterId": "custom",
                            "type": "custom",
                            "adapter": {
                              "templateType": "react",
                              "events": {
                                "onDoAction": "doAction_uiControl144_IFToCH",
                                "onGetTemplate": "getTemplate_uiControl144_IFToCH"
                              }
                            }
                          }
                        },
                        {
                          "id": "uiControl145_ZN6Jw4",
                          "controlId": "control152_Fhh8Qn",
                          "display": {
                            "adapterId": "clickable",
                            "type": "button",
                            "adapter": {
                              "templateType": ""
                            }
                          }
                        },
                        {
                          "id": "uiControl119_Jh4wU9",
                          "controlId": "control127_M0c42K",
                          "display": {
                            "adapterId": "section",
                            "type": "section",
                            "adapter": {
                              "templateType": ""
                            }
                          },
                          "layout": []
                        }
                      ]
                    },
                    {
                      "id": "uiControl141_EAIEk2footer",
                      "display": {
                        "type": "cardFooter",
                        "adapterId": "cardFooter",
                        "adapter": {
                          "templateType": ""
                        }
                      },
                      "layout": []
                    }
                  ]
                }
              ]
            },
            {
              "id": "uiControl1_DOuyyufooter",
              "display": {
                "type": "cardFooter",
                "adapterId": "cardFooter",
                "adapter": {
                  "templateType": ""
                }
              },
              "layout": []
            }
          ]
        },
        {
          "id": "uiControl59_Goi1wd",
          "controlId": "control1_xx5LwN",
          "display": {
            "adapterId": "custom",
            "type": "custom",
            "adapter": {
              "templateType": "react",
              "events": {
                "onDoAction": "doAction_uiControl59_Goi1wd",
                "onGetTemplate": "getTemplate_uiControl59_Goi1wd"
              }
            }
          }
        }
      ]
    }
  },
  "matchers": {
    "page/title": {
      "contexts": {
        "context13_N9xuH3": [
          "中国移动宁夏公司第三代CRM系统"
        ]
      }
    },
    "page/urls": {
      "contexts": {
        "context13_N9xuH3": [
          "218.203.103.203:8082/oc/bes/sm/login/phone.html?type=1",
          "218.203.103.203:8082/oc/bes/sm/login/phone.html?timestamp=1540956316963",
          "218.203.103.203:8082/oc/bes/sm/login/phone.html?timestamp=1543829370381"
        ]
      }
    },
    "page/ids": {
      "contexts": {
        "context13_N9xuH3": [
          [
            "datetimepicker_div",
            "emailchoice",
            "ins_mpuiconsendsms",
            "lockPageDiv",
            "lockpage_pwd",
            "middleFrame",
            "oclogin",
            "orderScrollbar",
            "popBox",
            "popNote",
            "popNoteBox",
            "rightheadermenu",
            "shoppingcartNumber",
            "shoppingcartPlat",
            "shoppingcartcheckout",
            "staticshoppingcar_close",
            "staticshoppingcar_open",
            "tab-scrollbar",
            "tip_footdiv",
            "top_gadget",
            "uee-",
            "uee-_bmeDSTImg",
            "uee-_input_img",
            "uee-_ueeDTMShowFmt",
            "uee-_value",
            "unlockpage_btn",
            "workPlace"
          ],
          [
            "_myDP",
            "datetimepicker_div",
            "emailchoice",
            "ins_mpuiconsendsms",
            "lockPageDiv",
            "lockpage_pwd",
            "middleFrame",
            "oclogin",
            "orderScrollbar",
            "popBox",
            "popNote",
            "popNoteBox",
            "rightheadermenu",
            "shoppingcartNumber",
            "shoppingcartPlat",
            "shoppingcartcheckout",
            "staticshoppingcar_close",
            "staticshoppingcar_open",
            "tab-scrollbar",
            "tip_footdiv",
            "top_gadget",
            "uee-",
            "uee-_bmeDSTImg",
            "uee-_input_img",
            "uee-_ueeDTMShowFmt",
            "uee-_value",
            "unlockpage_btn",
            "workPlace"
          ]
        ]
      }
    },
    "page/classes": {
      "contexts": {
        "context13_N9xuH3": [
          [
            "LeftScrollBar",
            "LeftxScrollBar",
            "ScrollbarArrow",
            "ScrollbarHandle",
            "ScrollbarHandleC",
            "ScrollbarHandleR",
            "ScrollbarTrack",
            "bes-ad-staticshoppingcar",
            "bes-common-pagecontext",
            "bes-oc-base-sectionright",
            "bes-oc-base-shoppingcart",
            "bf_tips",
            "bf_tips_container",
            "bf_tips_content",
            "btn_negative",
            "caiDanLianJie",
            "cart_num",
            "checkbox",
            "checked",
            "cn_bg",
            "cn_center",
            "cn_impl",
            "cn_left",
            "cn_right",
            "currentOrder",
            "currentOrderEmpty",
            "datetime_input",
            "datetimepicker_DST",
            "datetimepicker_div_trigger",
            "disable",
            "ele_normal",
            "fl",
            "floatCon",
            "font_left",
            "font_right",
            "foot",
            "fr",
            "hasDatepicker",
            "head",
            "header_menu_child",
            "header_menu_grandchild",
            "hide",
            "icon",
            "label",
            "left",
            "lock",
            "lock_input",
            "main-right",
            "mb_",
            "menu_btn",
            "mid",
            "middle",
            "ml_",
            "mt_",
            "navigatorBar",
            "ng-binding",
            "ng-hide",
            "ng-scope",
            "normal_img",
            "ocshoppingcart",
            "order_content",
            "order_footer",
            "order_opt",
            "order_title",
            "p",
            "panel",
            "panel_login",
            "pgHeader",
            "pl_content",
            "pl_title",
            "r_contnet",
            "right",
            "scrollbar_container",
            "scrollbar_container_inner",
            "scrollbar_container_outer",
            "selected",
            "selector",
            "shoppingCar",
            "shopping_Number",
            "shopping_close",
            "tab",
            "tab-close",
            "tab-menu",
            "tab-popup",
            "tab-title",
            "tabCon",
            "tabcontainer",
            "toLeft",
            "uIcon",
            "u_name",
            "u_no",
            "uee",
            "uee-border",
            "uee-datetime",
            "uee-datetime-container",
            "uee-gadget",
            "uee-input",
            "uee-input-normal",
            "uee-inputele-view",
            "uee-ipt-ele",
            "w_right",
            "win_cover",
            "win_lock",
            "win_lock_bg",
            "windowBoxwrap",
            "wrap"
          ]
        ]
      }
    },
    "page/tagTriplets": {
      "contexts": {
        "context13_N9xuH3": [
          [
            "-/-/DIV",
            "-/-/SCRIPT",
            "-/-/UEE:INCLUDE",
            "-/DIV/DIV",
            "-/UEE:INCLUDE/DIV",
            "-/UEE:INCLUDE/LINK",
            "-/UEE:INCLUDE/META",
            "-/UEE:INCLUDE/STYLE",
            "-/UEE:INCLUDE/UEE:FIRE",
            "A/SPAN/UEE:FIRE",
            "DIV/A/SPAN",
            "DIV/DIV/A",
            "DIV/DIV/DIV",
            "DIV/DIV/H3",
            "DIV/DIV/IFRAME",
            "DIV/DIV/IMG",
            "DIV/DIV/INPUT-null",
            "DIV/DIV/INPUT-password",
            "DIV/DIV/LABEL",
            "DIV/DIV/P",
            "DIV/DIV/SPAN",
            "DIV/DIV/UEE:FIRE",
            "DIV/DIV/UEE:INCLUDE",
            "DIV/DIV/UL",
            "DIV/LABEL/INS",
            "DIV/LABEL/SPAN",
            "DIV/NG:SWITCH/DIV",
            "DIV/NG:SWITCH/INPUT-hidden",
            "DIV/SPAN/DIV",
            "DIV/SPAN/EM",
            "DIV/SPAN/SPAN",
            "DIV/SPAN/UEE:FIRE",
            "DIV/UEE:INCLUDE/DIV",
            "DIV/UEE:INCLUDE/UEE:FIRE",
            "DIV/UL/LI",
            "LABEL/INS/UEE:FIRE",
            "LABEL/SPAN/UEE:FIRE",
            "LI/DIV/SPAN",
            "NG:SWITCH/DIV/DIV",
            "SPAN/DIV/DIV",
            "SPAN/DIV/NG:SWITCH",
            "UEE:INCLUDE/DIV/A",
            "UEE:INCLUDE/DIV/BR",
            "UEE:INCLUDE/DIV/DIV",
            "UEE:INCLUDE/DIV/IFRAME",
            "UEE:INCLUDE/DIV/LINK",
            "UEE:INCLUDE/DIV/SPAN",
            "UEE:INCLUDE/DIV/UEE:FIRE",
            "UL/LI/DIV"
          ],
          [
            "-/-/DIV",
            "-/-/SCRIPT",
            "-/-/UEE:INCLUDE",
            "-/DIV/DIV",
            "-/DIV/IFRAME",
            "-/UEE:INCLUDE/DIV",
            "-/UEE:INCLUDE/LINK",
            "-/UEE:INCLUDE/META",
            "-/UEE:INCLUDE/STYLE",
            "-/UEE:INCLUDE/UEE:FIRE",
            "A/SPAN/UEE:FIRE",
            "DIV/A/SPAN",
            "DIV/DIV/A",
            "DIV/DIV/DIV",
            "DIV/DIV/H3",
            "DIV/DIV/IFRAME",
            "DIV/DIV/IMG",
            "DIV/DIV/INPUT-null",
            "DIV/DIV/INPUT-password",
            "DIV/DIV/LABEL",
            "DIV/DIV/P",
            "DIV/DIV/SPAN",
            "DIV/DIV/UEE:FIRE",
            "DIV/DIV/UEE:INCLUDE",
            "DIV/DIV/UL",
            "DIV/LABEL/INS",
            "DIV/LABEL/SPAN",
            "DIV/NG:SWITCH/DIV",
            "DIV/NG:SWITCH/INPUT-hidden",
            "DIV/SPAN/DIV",
            "DIV/SPAN/EM",
            "DIV/SPAN/SPAN",
            "DIV/SPAN/UEE:FIRE",
            "DIV/UEE:INCLUDE/DIV",
            "DIV/UEE:INCLUDE/UEE:FIRE",
            "DIV/UL/LI",
            "LABEL/INS/UEE:FIRE",
            "LABEL/SPAN/UEE:FIRE",
            "LI/DIV/SPAN",
            "NG:SWITCH/DIV/DIV",
            "SPAN/DIV/DIV",
            "SPAN/DIV/NG:SWITCH",
            "UEE:INCLUDE/DIV/A",
            "UEE:INCLUDE/DIV/BR",
            "UEE:INCLUDE/DIV/DIV",
            "UEE:INCLUDE/DIV/IFRAME",
            "UEE:INCLUDE/DIV/LINK",
            "UEE:INCLUDE/DIV/SPAN",
            "UEE:INCLUDE/DIV/UEE:FIRE",
            "UL/LI/DIV"
          ]
        ]
      }
    }
  }
}