{
  "version": "0.1",
  "id": "lks_FM_OutReview",
  "targetURL": "http://oac1.sec.com.cn/lks/koa.xxjs/lks_review.nsf/FM_OutReview?openForm&type=%E6%B5%81%E7%A8%8B%E4%B8%9A%E5%8A%A1%E9%83%A8/%E6%A0%87%E5%87%86%E5%87%BA%E5%B7%AE%E6%B5%81%E7%A8%8B%E6%A8%A1%E6%9D%BF",
  "jsFile": "index.js",
  "requires": {
    "choosePeople": "../choosePeople/index.json",
    "lks_tasks": "../lks_tasks/index.json"
  },
  "chineseName": "新建出差流程",
  "description": "",
  "firstPaintEnable": false,
  "controls": {
    "control267_DK9tpm": {
      "location": {
        "data": {
          "tagName": "FONT"
        },
        "userData": {
          "data": [],
          "force": false
        },
        "locators": [
          {
            "id": "path/ordinal",
            "prob": 1,
            "value": "/HTML[1]/BODY[1]/FORM[1]/DIV[1]/B[1]/FONT[1]"
          },
          {
            "id": "elderLevel",
            "value": {
              "level": 0
            }
          }
        ]
      },
      "events": {
        "onGetData": "getData_control267_DK9tpm"
      },
      "intendedRole": "custom",
      "roles": "element,custom",
      "monitored": true,
      "frameXPath": "",
      "componentType": "custom"
    },
    "control268_OmEWsn": {
      "location": {
        "data": {
          "tagName": "TD"
        },
        "userData": {
          "data": [],
          "force": false
        },
        "locators": [
          {
            "id": "@id/word",
            "prob": 2,
            "value": "descendant::TABLE[@id=\"labelTable\"]/TBODY[1]/TR[1]/TD[1]"
          },
          {
            "id": "@class/word",
            "prob": 1,
            "value": "TABLE.labeltb TR.tbbg TD.tbbg"
          },
          {
            "id": "path/ordinal",
            "prob": 1,
            "ordinal": [
              0,
              2
            ],
            "value": "/HTML[1]/BODY[1]/FORM[1]/TABLE[3]/TBODY[1]/TR[1]/TD[1]"
          }
        ]
      },
      "events": {
        "onGetData": "getData_control268_OmEWsn"
      },
      "intendedRole": "custom",
      "roles": "element,custom",
      "monitored": true,
      "frameXPath": "",
      "componentType": "custom"
    },
    "control269_zeXnGn": {
      "location": {
        "data": {
          "tagName": "TABLE"
        },
        "userData": {
          "data": [],
          "force": false
        },
        "locators": [
          {
            "id": "@id/word",
            "prob": 3,
            "value": "descendant::TABLE[@id=\"labelTable\"]"
          },
          {
            "id": "@class/word",
            "prob": 1,
            "value": "TABLE.labeltb"
          },
          {
            "id": "path/ordinal",
            "prob": 1,
            "ordinal": [
              0,
              2
            ],
            "value": "/HTML[1]/BODY[1]/FORM[1]/TABLE[3]"
          }
        ]
      },
      "events": {
        "onGetData": "getData_control269_zeXnGn"
      },
      "intendedRole": "custom",
      "roles": "element,custom",
      "monitored": true,
      "frameXPath": "",
      "componentType": "custom"
    },
    "control270_a51Eq1": {
      "location": {
        "data": {
          "tagName": "TABLE"
        },
        "userData": {
          "data": [],
          "force": false
        },
        "locators": [
          {
            "id": "@id/word",
            "prob": 3,
            "value": "descendant::TABLE[@id=\"labelTable\"]"
          },
          {
            "id": "@class/word",
            "prob": 1,
            "value": "TABLE.labeltb"
          },
          {
            "id": "path/ordinal",
            "prob": 1,
            "ordinal": [
              0,
              2
            ],
            "value": "/HTML[1]/BODY[1]/FORM[1]/TABLE[3]"
          }
        ]
      },
      "events": {
        "onGetData": "getData_control270_a51Eq1"
      },
      "intendedRole": "custom",
      "roles": "element,custom",
      "monitored": true,
      "frameXPath": "",
      "componentType": "custom"
    },
    "control271_cCEF3z": {
      "location": {
        "data": {
          "tagName": "TABLE"
        },
        "userData": {
          "data": [],
          "force": false
        },
        "locators": [
          {
            "id": "@id/word",
            "prob": 3,
            "value": "descendant::TABLE[@id=\"labelTable\"]"
          },
          {
            "id": "@class/word",
            "prob": 1,
            "value": "TABLE.labeltb"
          },
          {
            "id": "path/ordinal",
            "prob": 1,
            "ordinal": [
              0,
              2
            ],
            "value": "/HTML[1]/BODY[1]/FORM[1]/TABLE[3]"
          }
        ]
      },
      "events": {
        "onGetData": "getData_control271_cCEF3z"
      },
      "intendedRole": "custom",
      "roles": "element,custom",
      "monitored": true,
      "frameXPath": "",
      "componentType": "custom"
    },
    "control272_WmdTPZ": {
      "location": {
        "data": {
          "tagName": "IFRAME"
        },
        "userData": {
          "data": [],
          "force": false
        },
        "locators": [
          {
            "id": "@id/word",
            "prob": 3,
            "value": [
              "descendant::TABLE[@id=\"labelTable\"]//IFRAME[@id=\"ifFlow\"]",
              "descendant::IFRAME[@id=\"ifFlow\"]"
            ]
          },
          {
            "id": "@class/word",
            "prob": 1,
            "ordinal": [
              1,
              2
            ],
            "value": "TABLE.labeltb TR.trbg TD.tdbg TABLE TBODY TR TD IFRAME"
          },
          {
            "id": "path/ordinal",
            "prob": 1,
            "value": "/HTML[1]/BODY[1]/FORM[1]/TABLE[3]/TBODY[1]/TR[4]/TD[1]/TABLE[1]/TBODY[1]/TR[2]/TD[1]/IFRAME[1]"
          },
          {
            "id": "elderLevel",
            "value": {
              "level": 0
            }
          }
        ]
      },
      "events": {
        "onGetData": "getData_control272_WmdTPZ"
      },
      "intendedRole": "custom",
      "roles": "element,custom",
      "monitored": true,
      "frameXPath": "",
      "componentType": "custom"
    },
    "control273_xnELTh": {
      "location": {
        "data": {
          "tagName": "IFRAME"
        },
        "userData": {
          "data": [],
          "force": false
        },
        "locators": [
          {
            "id": "@id/word",
            "prob": 3,
            "value": [
              "descendant::TABLE[@id=\"labelTable\"]//IFRAME[@id=\"ifFlow\"]",
              "descendant::IFRAME[@id=\"ifFlow\"]"
            ]
          },
          {
            "id": "@class/word",
            "prob": 1,
            "ordinal": [
              1,
              2
            ],
            "value": "TABLE.labeltb TR.trbg TD.tdbg TABLE TBODY TR TD IFRAME"
          },
          {
            "id": "path/ordinal",
            "prob": 1,
            "value": "/HTML[1]/BODY[1]/FORM[1]/TABLE[3]/TBODY[1]/TR[4]/TD[1]/TABLE[1]/TBODY[1]/TR[2]/TD[1]/IFRAME[1]"
          },
          {
            "id": "elderLevel",
            "value": {
              "level": 0
            }
          }
        ]
      },
      "events": {
        "onGetData": "getData_control273_xnELTh"
      },
      "intendedRole": "custom",
      "roles": "element,custom",
      "monitored": true,
      "frameXPath": "",
      "componentType": "custom"
    },
    "control274_DVxrC4": {
      "location": {
        "data": {
          "tagName": "IFRAME"
        },
        "userData": {
          "data": [],
          "force": false
        },
        "locators": [
          {
            "id": "@id/word",
            "prob": 3,
            "value": [
              "descendant::TABLE[@id=\"labelTable\"]//IFRAME[@id=\"ifFlow\"]",
              "descendant::IFRAME[@id=\"ifFlow\"]"
            ]
          },
          {
            "id": "@class/word",
            "prob": 1,
            "ordinal": [
              1,
              2
            ],
            "value": "TABLE.labeltb TR.trbg TD.tdbg TABLE TBODY TR TD IFRAME"
          },
          {
            "id": "path/ordinal",
            "prob": 1,
            "value": "/HTML[1]/BODY[1]/FORM[1]/TABLE[3]/TBODY[1]/TR[4]/TD[1]/TABLE[1]/TBODY[1]/TR[2]/TD[1]/IFRAME[1]"
          },
          {
            "id": "elderLevel",
            "value": {
              "level": 0
            }
          }
        ]
      },
      "events": {
        "onGetData": "getData_control274_DVxrC4"
      },
      "intendedRole": "custom",
      "roles": "element,custom",
      "monitored": true,
      "frameXPath": "",
      "componentType": "custom"
    },
    "control275_f6wKzb": {
      "location": {
        "data": {
          "tagName": "TABLE"
        },
        "userData": {
          "data": [],
          "force": false
        },
        "locators": [
          {
            "id": "@id/word",
            "prob": 3,
            "value": "descendant::TABLE[@id=\"flowTable\"]"
          },
          {
            "id": "path/ordinal",
            "prob": 1,
            "value": "/HTML[1]/BODY[1]/FORM[1]/TABLE[3]"
          }
        ]
      },
      "events": {
        "onGetData": "getData_control275_f6wKzb"
      },
      "intendedRole": "custom",
      "roles": "element,custom",
      "monitored": true,
      "frameXPath": "//iframe[@id='ifFlow']<<IFRAME>>",
      "componentType": "custom"
    },
    "control277_STAT23": {
      "location": {
        "data": {
          "tagName": "TABLE"
        },
        "userData": {
          "data": [],
          "force": false
        },
        "locators": [
          {
            "id": "@id/word",
            "prob": 3,
            "value": "descendant::TABLE[@id=\"labelTable\"]"
          },
          {
            "id": "@class/word",
            "prob": 1,
            "value": "TABLE.labeltb"
          },
          {
            "id": "path/ordinal",
            "prob": 1,
            "ordinal": [
              0,
              2
            ],
            "value": "/HTML[1]/BODY[1]/FORM[1]/TABLE[3]"
          }
        ]
      },
      "events": {
        "onGetData": "getData_control277_STAT23"
      },
      "intendedRole": "custom",
      "roles": "element,custom",
      "monitored": true,
      "frameXPath": "",
      "componentType": "custom"
    },
    "control276_ePWMbC": {
      "location": {
        "data": {
          "tagName": "TABLE"
        },
        "userData": {
          "data": [],
          "force": false
        },
        "locators": [
          {
            "id": "@id/word",
            "prob": 3,
            "value": "descendant::TABLE[@id=\"labelTable\"]"
          },
          {
            "id": "@class/word",
            "prob": 1,
            "value": "TABLE.labeltb"
          },
          {
            "id": "path/ordinal",
            "prob": 1,
            "ordinal": [
              0,
              2
            ],
            "value": "/HTML[1]/BODY[1]/FORM[1]/TABLE[3]"
          }
        ]
      },
      "events": {
        "onGetData": "getData_control276_ePWMbC"
      },
      "intendedRole": "custom",
      "roles": "element,custom",
      "monitored": true,
      "frameXPath": "",
      "componentType": "custom"
    }
  },
  "contexts": {
    "context36_50uTOq": {
      "controls": [
        "control267_DK9tpm",
        "control268_OmEWsn",
        "control269_zeXnGn",
        "control270_a51Eq1",
        "control271_cCEF3z",
        "control272_WmdTPZ",
        "control273_xnELTh",
        "control274_DVxrC4",
        "control275_f6wKzb",
        "control277_STAT23",
        "control276_ePWMbC"
      ],
      "anchors": [],
      "urlAnchor": [
        ".*lks_review.nsf\\/FM_OutReview\\?[Oo]pen[Ff]orm\\&type=.*"
      ]
    }
  },
  "flows": {
    "flow184_wXhtH7": {
      "toContexts": [
        {
          "toContextId": "context36_50uTOq"
        }
      ]
    },
    "flow185_bVMhUR": {
      "fromContextId": "context36_50uTOq",
      "fromAction": "doAction",
      "fromControlId": "control268_OmEWsn",
      "toContexts": [
        {
          "toContextId": "context36_50uTOq"
        }
      ]
    },
    "flow186_ktlikk": {
      "fromContextId": "context36_50uTOq",
      "fromAction": "doAction",
      "fromControlId": "control269_zeXnGn",
      "toContexts": [
        {
          "toContextId": "context36_50uTOq"
        },
        {
          "toContextId": "context6_m0MbOe",
          "toModelId": "choosePeople"
        }
      ]
    },
    "flow187_0u7RxO": {
      "fromContextId": "context36_50uTOq",
      "fromAction": "doAction",
      "fromControlId": "control275_f6wKzb",
      "toContexts": [
        {
          "toContextId": "context36_50uTOq"
        },
        {
          "toContextId": "context1_uBcbtH",
          "toModelId": "lks_tasks"
        }
      ]
    },
    "flow188_6Ellub": {
      "fromContextId": "context36_50uTOq",
      "fromAction": "doAction",
      "fromControlId": "control271_cCEF3z",
      "toContexts": [
        {
          "toContextId": "context36_50uTOq"
        }
      ]
    },
    "flow189_8QJDI6": {
      "fromContextId": "context36_50uTOq",
      "fromAction": "doAction",
      "fromControlId": "control273_xnELTh",
      "toContexts": [
        {
          "toContextId": "context36_50uTOq"
        },
        {
          "toContextId": "context6_m0MbOe",
          "toModelId": "choosePeople"
        }
      ]
    },
    "flow190_KtKdDT": {
      "fromContextId": "context36_50uTOq",
      "fromAction": "doAction",
      "fromControlId": "control274_DVxrC4",
      "toContexts": [
        {
          "toContextId": "context36_50uTOq"
        }
      ]
    },
    "flow191_m9Ap05": {
      "fromContextId": "context36_50uTOq",
      "fromAction": "doAction",
      "fromControlId": "control270_a51Eq1",
      "toContexts": [
        {
          "toContextId": "context36_50uTOq"
        },
        {
          "toContextId": "context6_m0MbOe",
          "toModelId": "choosePeople"
        }
      ]
    },
    "flow193_VPtMvR": {
      "fromContextId": "context36_50uTOq",
      "fromAction": "doAction",
      "fromControlId": "control277_STAT23",
      "toContexts": [
        {
          "toContextId": "context36_50uTOq"
        }
      ]
    }
  },
  "pages": {
    "page36_kDRt7M": {
      "contextId": "context36_50uTOq",
      "layout": [
        {
          "id": "uiControl289_nNlEwQ",
          "controlId": "control267_DK9tpm",
          "display": {
            "adapterId": "custom",
            "type": "custom",
            "adapter": {
              "templateType": "react",
              "events": {
                "onDoAction": "doAction_uiControl289_nNlEwQ",
                "onGetTemplate": "getTemplate_uiControl289_nNlEwQ"
              }
            }
          }
        },
        {
          "id": "uiControl290_ondHi9",
          "controlId": "control268_OmEWsn",
          "display": {
            "adapterId": "custom",
            "type": "custom",
            "adapter": {
              "templateType": "react",
              "events": {
                "onDoAction": "doAction_uiControl290_ondHi9",
                "onGetTemplate": "getTemplate_uiControl290_ondHi9"
              }
            }
          }
        },
        {
          "id": "uiControl291_bc6W2X",
          "controlId": "control269_zeXnGn",
          "display": {
            "adapterId": "custom",
            "type": "custom",
            "adapter": {
              "templateType": "react",
              "events": {
                "onDoAction": "doAction_uiControl291_bc6W2X",
                "onGetTemplate": "getTemplate_uiControl291_bc6W2X"
              }
            }
          }
        },
        {
          "id": "uiControl292_m619oK",
          "controlId": "control270_a51Eq1",
          "display": {
            "adapterId": "custom",
            "type": "custom",
            "adapter": {
              "templateType": "react",
              "events": {
                "onDoAction": "doAction_uiControl292_m619oK",
                "onGetTemplate": "getTemplate_uiControl292_m619oK"
              }
            }
          }
        },
        {
          "id": "uiControl293_r9CTL8",
          "controlId": "control271_cCEF3z",
          "display": {
            "adapterId": "custom",
            "type": "custom",
            "adapter": {
              "templateType": "react",
              "events": {
                "onDoAction": "doAction_uiControl293_r9CTL8",
                "onGetTemplate": "getTemplate_uiControl293_r9CTL8"
              }
            }
          }
        },
        {
          "id": "uiControl294_EDnAmz",
          "controlId": "control272_WmdTPZ",
          "display": {
            "adapterId": "custom",
            "type": "custom",
            "adapter": {
              "templateType": "react",
              "events": {
                "onDoAction": "doAction_uiControl294_EDnAmz",
                "onGetTemplate": "getTemplate_uiControl294_EDnAmz"
              }
            }
          }
        },
        {
          "id": "uiControl295_cENh9D",
          "controlId": "control273_xnELTh",
          "display": {
            "adapterId": "custom",
            "type": "custom",
            "adapter": {
              "templateType": "react",
              "events": {
                "onDoAction": "doAction_uiControl295_cENh9D",
                "onGetTemplate": "getTemplate_uiControl295_cENh9D"
              }
            }
          }
        },
        {
          "id": "uiControl296_WGUSrp",
          "controlId": "control274_DVxrC4",
          "display": {
            "adapterId": "custom",
            "type": "custom",
            "adapter": {
              "templateType": "react",
              "events": {
                "onDoAction": "doAction_uiControl296_WGUSrp",
                "onGetTemplate": "getTemplate_uiControl296_WGUSrp"
              }
            }
          }
        },
        {
          "id": "uiControl297_TUoAe5",
          "controlId": "control275_f6wKzb",
          "display": {
            "adapterId": "custom",
            "type": "custom",
            "adapter": {
              "templateType": "react",
              "events": {
                "onDoAction": "doAction_uiControl297_TUoAe5",
                "onGetTemplate": "getTemplate_uiControl297_TUoAe5"
              }
            }
          }
        },
        {
          "id": "uiControl299_5rDcXU",
          "controlId": "control277_STAT23",
          "display": {
            "adapterId": "custom",
            "type": "custom",
            "adapter": {
              "templateType": "react",
              "events": {
                "onDoAction": "doAction_uiControl299_5rDcXU",
                "onGetTemplate": "getTemplate_uiControl299_5rDcXU"
              }
            }
          }
        },
        {
          "id": "uiControl298_ZbbNPy",
          "controlId": "control276_ePWMbC",
          "display": {
            "adapterId": "custom",
            "type": "custom",
            "adapter": {
              "templateType": "react",
              "events": {
                "onDoAction": "doAction_uiControl298_ZbbNPy",
                "onGetTemplate": "getTemplate_uiControl298_ZbbNPy"
              }
            }
          }
        }
      ]
    }
  },
  "matchers": {
    "page/title": {
      "contexts": {
        "context36_50uTOq": [
          "深圳能源集团OA系统_流程管理_新建审批流程"
        ]
      }
    },
    "page/urls": {
      "contexts": {
        "context36_50uTOq": [
          "oac1.sec.com.cn/lks/koa.xxjs/lks_review.nsf/FM_OutReview?openForm&type=%E6%B5%81%E7%A8%8B%E4%B8%9A%E5%8A%A1%E9%83%A8/%E6%A0%87%E5%87%86%E5%87%BA%E5%B7%AE%E6%B5%81%E7%A8%8B%E6%A8%A1%E6%9D%BF"
        ]
      }
    },
    "page/ids": {
      "contexts": {
        "context36_50uTOq": [
          [
            "AttachmentDiv",
            "AttachmentOCX",
            "Calendar_SWFObjectName",
            "F_BodyDiv",
            "F_BodyDvbbs_Container",
            "F_BodyDvbbs_TabDesign",
            "F_BodyDvbbs_TabHtml",
            "F_BodyDvbbs_TabView",
            "F_BodyDvbbs_formatSelect",
            "F_BodyExtToolbar",
            "F_BodyFontName",
            "F_BodyFontSize",
            "F_BodyIframe",
            "F_BodyPostiFrame",
            "F_BodyZoom",
            "F_Bodybackcolor",
            "F_Bodyforecolor",
            "FlashPopWin",
            "FlashTemplate",
            "ImageAlign",
            "ImageTemplate",
            "Sys_EsaField",
            "TDdriver",
            "buLabel",
            "dLinks",
            "flashupload",
            "ifFlow",
            "imageupload",
            "labelTable",
            "lks_review",
            "quickdelete"
          ]
        ]
      }
    },
    "page/classes": {
      "contexts": {
        "context36_50uTOq": [
          [
            "ADoc",
            "Dvbbs_Body",
            "Dvbbs_Btn",
            "Dvbbs_Ico",
            "Dvbbs_TBGen",
            "Dvbbs_TabOff",
            "Dvbbs_TabOn",
            "Iframe",
            "btndoc",
            "btnmenudoc",
            "heading",
            "labelbg",
            "labeltb",
            "selectmenu",
            "tadoc",
            "tbbg",
            "tdbg",
            "textdocdown",
            "textdocnone",
            "trbg",
            "upload",
            "yToolbar"
          ]
        ]
      }
    },
    "page/tagTriplets": {
      "contexts": {
        "context36_50uTOq": [
          [
            "-/-/DIV",
            "-/-/FORM",
            "-/-/IFRAME",
            "-/-/LINK",
            "-/-/OBJECT",
            "-/-/SCRIPT",
            "-/-/STYLE",
            "-/FORM/BR",
            "-/FORM/DIV",
            "-/FORM/IFRAME",
            "-/FORM/INPUT-button",
            "-/FORM/INPUT-hidden",
            "-/FORM/SCRIPT",
            "-/FORM/TABLE",
            "-/OBJECT/PARAM",
            "B/FONT/INPUT-null",
            "DIV/B/FONT",
            "DIV/FONT/BR",
            "DIV/TABLE/TBODY",
            "FORM/DIV/B",
            "FORM/DIV/BR",
            "FORM/TABLE/TBODY",
            "TABLE/TBODY/TR",
            "TBODY/TR/TD",
            "TD/A/IMG",
            "TD/B/FONT",
            "TD/DIV/B",
            "TD/DIV/FONT",
            "TD/DIV/INPUT-button",
            "TD/DIV/TABLE",
            "TD/DIV/TEXTAREA",
            "TD/FONT/INPUT-null",
            "TD/FONT/SPAN",
            "TD/FONT/TEXTAREA",
            "TD/LABEL/INPUT-radio",
            "TD/SELECT/OPTION",
            "TD/SPAN/A",
            "TD/SPAN/INPUT-button",
            "TD/SPAN/INPUT-null",
            "TD/TABLE/TBODY",
            "TD/UL/BR",
            "TD/UL/FONT",
            "TD/UL/INPUT-null",
            "TD/UL/OBJECT",
            "TD/UL/P",
            "TD/UL/SCRIPT",
            "TD/UL/SPAN",
            "TD/UL/TABLE",
            "TR/TD/A",
            "TR/TD/B",
            "TR/TD/BR",
            "TR/TD/CENTER",
            "TR/TD/DIV",
            "TR/TD/FONT",
            "TR/TD/HR",
            "TR/TD/IFRAME",
            "TR/TD/IMG",
            "TR/TD/INPUT-button",
            "TR/TD/INPUT-file",
            "TR/TD/INPUT-hidden",
            "TR/TD/INPUT-null",
            "TR/TD/LABEL",
            "TR/TD/SCRIPT",
            "TR/TD/SELECT",
            "TR/TD/SPAN",
            "TR/TD/TABLE",
            "TR/TD/TEXTAREA",
            "TR/TD/UL",
            "UL/OBJECT/PARAM",
            "UL/TABLE/TBODY"
          ]
        ]
      }
    }
  }
}