{
  "version": "0.1",
  "id": "secondary_menu",
  "targetURL": "http://oa.sec.com.cn/lks/koa/lks_rules.nsf?opendatabase",
  "jsFile": "index.js",
  "requires": {
    "lks_rules_list": "../lks_rules_list/index.json"
  },
  "chineseName": "二级菜单",
  "description": "",
  "controls": {
    "control9_RoVoQX": {
      "location": {
        "data": {
          "tagName": "DIV"
        },
        "userData": {
          "data": [],
          "force": false
        },
        "locators": [
          {
            "id": "@id/word",
            "prob": 3,
            "value": "descendant::DIV[@id=\"treeDiv\"]"
          },
          {
            "id": "@class/word",
            "prob": 1,
            "ordinal": [
              0,
              6
            ],
            "value": "DIV.leftpagediv"
          },
          {
            "id": "path/ordinal",
            "prob": 1,
            "value": "/HTML[1]/BODY[1]/DIV[1]"
          }
        ]
      },
      "events": {
        "onGetData": "getData_control9_RoVoQX"
      },
      "intendedRole": "custom",
      "roles": "element,custom",
      "monitored": true,
      "frameXPath": "//frame[@name='bodyFrame']<<IFRAME>>//frame[@name='treeFrame']<<IFRAME>>",
      "componentType": "custom"
    },
    "control10_AlSO0J": {
      "location": {
        "data": {
          "tagName": "DIV"
        },
        "userData": {
          "data": [],
          "force": false
        },
        "locators": [
          {
            "id": "@id/word",
            "prob": 3,
            "value": "descendant::DIV[@id=\"treeDiv\"]"
          },
          {
            "id": "@class/word",
            "prob": 1,
            "ordinal": [
              0,
              6
            ],
            "value": "DIV.leftpagediv"
          },
          {
            "id": "path/ordinal",
            "prob": 1,
            "value": "/HTML[1]/BODY[1]/DIV[1]"
          }
        ]
      },
      "events": {
        "onGetData": "getData_control10_AlSO0J"
      },
      "intendedRole": "custom",
      "roles": "element,custom",
      "monitored": true,
      "frameXPath": "//frame[@name='bodyFrame']<<IFRAME>>//frame[@name='treeFrame']<<IFRAME>>",
      "componentType": "custom"
    },
    "control11_JdnQFW": {
      "location": {
        "data": {
          "tagName": "DIV"
        },
        "userData": {
          "data": [],
          "force": false
        },
        "locators": [
          {
            "id": "@id/word",
            "prob": 3,
            "value": "descendant::DIV[@id=\"treeDiv\"]"
          },
          {
            "id": "@class/word",
            "prob": 1,
            "ordinal": [
              0,
              6
            ],
            "value": "DIV.leftpagediv"
          },
          {
            "id": "path/ordinal",
            "prob": 1,
            "value": "/HTML[1]/BODY[1]/DIV[1]"
          }
        ]
      },
      "intendedRole": "section",
      "roles": "element,section",
      "monitored": false,
      "frameXPath": "//frame[@name='bodyFrame']<<IFRAME>>//frame[@name='treeFrame']<<IFRAME>>",
      "componentType": "section"
    }
  },
  "contexts": {
    "context2_pgaWM9": {
      "controls": [
        "control9_RoVoQX",
        "control10_AlSO0J",
        "control11_JdnQFW"
      ],
      "anchors": [],
      "urlAnchor": []
    }
  },
  "flows": {
    "flow2_A0LXqJ": {
      "toContexts": [
        {
          "toContextId": "context2_pgaWM9"
        },
        {
          "toContextId": "context1_Pkoby8",
          "toModelId": "lks_rules_list"
        }
      ]
    },
    "flow3_72IDHQ": {
      "fromContextId": "context2_pgaWM9",
      "fromAction": "doAction",
      "fromControlId": "control10_AlSO0J",
      "toContexts": [
        {
          "toContextId": "context2_pgaWM9"
        }
      ]
    },
    "flow4_2nWUMR": {
      "fromContextId": "context2_pgaWM9",
      "fromAction": "section",
      "fromControlId": "control10_AlSO0J",
      "toContexts": [
        {
          "toContextId": "context1_Pkoby8",
          "toModelId": "lks_rules_list"
        }
      ]
    }
  },
  "pages": {
    "page2_NEhTD2": {
      "contextId": "context2_pgaWM9",
      "layout": [
        {
          "id": "uiControl6_kfvONV",
          "controlId": "control9_RoVoQX",
          "display": {
            "adapterId": "custom",
            "type": "custom",
            "adapter": {
              "templateType": "react",
              "events": {
                "onDoAction": "doAction_uiControl6_kfvONV",
                "onGetTemplate": "getTemplate_uiControl6_kfvONV"
              }
            }
          }
        },
        {
          "id": "uiControl7_e00yZP",
          "controlId": "control10_AlSO0J",
          "display": {
            "adapterId": "custom",
            "type": "custom",
            "adapter": {
              "templateType": "react",
              "events": {
                "onDoAction": "doAction_uiControl7_e00yZP",
                "onGetTemplate": "getTemplate_uiControl7_e00yZP"
              }
            }
          }
        },
        {
          "id": "uiControl8_Cg8f4i",
          "controlId": "control11_JdnQFW",
          "display": {
            "adapterId": "section",
            "type": "section",
            "adapter": {
              "templateType": ""
            }
          },
          "layout": []
        }
      ]
    }
  },
  "matchers": {
    "page/title": {
      "contexts": {
        "context2_pgaWM9": [
          "深圳能源集团OA系统_制度管理"
        ]
      }
    },
    "page/urls": {
      "contexts": {
        "context2_pgaWM9": [
          "oa.sec.com.cn/lks/koa/lks_rules.nsf?opendatabase"
        ]
      }
    },
    "page/ids": {
      "contexts": {
        "context2_pgaWM9": [
          []
        ]
      }
    },
    "page/classes": {
      "contexts": {
        "context2_pgaWM9": [
          []
        ]
      }
    },
    "page/tagTriplets": {
      "contexts": {
        "context2_pgaWM9": [
          [
            "-/-/FRAME"
          ]
        ]
      }
    }
  }
}