{
  "version": "0.1",
  "id": "lks_workcommunicate",
  "targetURL": "http://oa.sec.com.cn/lks/koa/lks_workcommunicate.nsf/FM_WorkReport?OpenForm",
  "jsFile": "index.js",
  "requires": {
    "choosePeople": "../choosePeople/index.json",
    "lks_workcommunicate": "../lks_workcommunicate/index.json"
  },
  "chineseName": "新建内部沟通",
  "description": "",
  "controls": {
    "control236_Z0Sshz": {
      "location": {
        "data": {
          "tagName": "DIV"
        },
        "userData": {
          "data": [],
          "force": false
        },
        "locators": [
          {
            "id": "path/ordinal",
            "prob": 1,
            "value": "/HTML[1]/BODY[1]/FORM[1]/CENTER[1]/DIV[1]"
          }
        ]
      },
      "events": {
        "onGetData": "getData_control236_Z0Sshz"
      },
      "intendedRole": "custom",
      "roles": "element,custom",
      "monitored": true,
      "frameXPath": "",
      "componentType": "custom"
    },
    "control237_eHIfwP": {
      "location": {
        "data": {
          "tagName": "TR"
        },
        "userData": {
          "data": [],
          "force": false
        },
        "locators": [
          {
            "id": "@id/word",
            "prob": 2,
            "value": "descendant::TABLE[@id=\"labelTable\"]/TBODY[1]/TR[1]"
          },
          {
            "id": "@class/word",
            "prob": 1,
            "value": "TABLE.labeltb TR.tbbg"
          },
          {
            "id": "path/ordinal",
            "prob": 1,
            "value": "/HTML[1]/BODY[1]/FORM[1]/CENTER[1]/TABLE[1]/TBODY[1]/TR[1]"
          }
        ]
      },
      "events": {
        "onGetData": "getData_control237_eHIfwP"
      },
      "intendedRole": "custom",
      "roles": "element,custom",
      "monitored": true,
      "frameXPath": "",
      "componentType": "custom"
    },
    "control252_ZBsQZC": {
      "location": {
        "data": {
          "tagName": "TD"
        },
        "userData": {
          "data": [],
          "force": false
        },
        "locators": [
          {
            "id": "@id/word",
            "prob": 2,
            "value": "descendant::TABLE[@id=\"labelTable\"]/TBODY[1]/TR[2]/TD[1]"
          },
          {
            "id": "@class/word",
            "prob": 1,
            "ordinal": [
              0,
              2
            ],
            "value": "TABLE.labeltb TR.trbg TD.tdbg"
          },
          {
            "id": "path/ordinal",
            "prob": 1,
            "value": "/HTML[1]/BODY[1]/FORM[1]/CENTER[1]/TABLE[1]/TBODY[1]/TR[2]/TD[1]"
          }
        ]
      },
      "events": {
        "onGetData": "getData_control252_ZBsQZC"
      },
      "intendedRole": "custom",
      "roles": "element,custom",
      "monitored": true,
      "frameXPath": "",
      "componentType": "custom"
    },
    "control255_c2TJtW": {
      "location": {
        "data": {
          "tagName": "DIV"
        },
        "userData": {
          "data": [],
          "force": false
        },
        "locators": [
          {
            "id": "@class/word",
            "prob": 1,
            "value": "TABLE.tbmenudoc TBODY TR TD DIV"
          },
          {
            "id": "path/ordinal",
            "prob": 1,
            "value": "/HTML[1]/BODY[1]/FORM[1]/TABLE[3]/TBODY[1]/TR[1]/TD[1]/DIV[1]"
          }
        ]
      },
      "events": {
        "onGetData": "getData_control255_c2TJtW"
      },
      "intendedRole": "custom",
      "roles": "element,custom",
      "monitored": false,
      "frameXPath": "",
      "componentType": "custom"
    },
    "control253_SiihqG": {
      "location": {
        "data": {
          "tagName": "TABLE"
        },
        "userData": {
          "data": [],
          "force": false
        },
        "locators": [
          {
            "id": "@id/word",
            "prob": 3,
            "value": "descendant::TABLE[@id=\"labelTable\"]"
          },
          {
            "id": "@class/word",
            "prob": 1,
            "value": "TABLE.labeltb"
          },
          {
            "id": "path/ordinal",
            "prob": 1,
            "value": "/HTML[1]/BODY[1]/FORM[1]/CENTER[1]/TABLE[1]"
          }
        ]
      },
      "events": {
        "onGetData": "getData_control253_SiihqG"
      },
      "intendedRole": "custom",
      "roles": "element,custom",
      "monitored": true,
      "frameXPath": "",
      "componentType": "custom"
    },
    "control256_KFEHQm": {
      "location": {
        "data": {
          "tagName": "TABLE"
        },
        "userData": {
          "data": [],
          "force": false
        },
        "locators": [
          {
            "id": "@id/word",
            "prob": 3,
            "value": "descendant::TABLE[@id=\"labelTable\"]"
          },
          {
            "id": "@class/word",
            "prob": 1,
            "value": "TABLE.labeltb"
          },
          {
            "id": "path/ordinal",
            "prob": 1,
            "value": "/HTML[1]/BODY[1]/FORM[1]/CENTER[1]/TABLE[1]"
          }
        ]
      },
      "events": {
        "onGetData": "getData_control256_KFEHQm"
      },
      "intendedRole": "custom",
      "roles": "element,custom",
      "monitored": true,
      "frameXPath": "",
      "componentType": "custom"
    },
    "control254_1BN46W": {
      "location": {
        "data": {
          "tagName": "TABLE"
        },
        "userData": {
          "data": [],
          "force": false
        },
        "locators": [
          {
            "id": "@id/word",
            "prob": 3,
            "value": "descendant::TABLE[@id=\"labelTable\"]"
          },
          {
            "id": "@class/word",
            "prob": 1,
            "value": "TABLE.labeltb"
          },
          {
            "id": "path/ordinal",
            "prob": 1,
            "value": "/HTML[1]/BODY[1]/FORM[1]/CENTER[1]/TABLE[1]"
          }
        ]
      },
      "events": {
        "onGetData": "getData_control254_1BN46W"
      },
      "intendedRole": "custom",
      "roles": "element,custom",
      "monitored": true,
      "frameXPath": "",
      "componentType": "custom"
    }
  },
  "contexts": {
    "context34_cpOru2": {
      "controls": [
        "control236_Z0Sshz",
        "control237_eHIfwP",
        "control252_ZBsQZC",
        "control255_c2TJtW",
        "control253_SiihqG",
        "control256_KFEHQm",
        "control254_1BN46W"
      ],
      "anchors": [],
      "urlAnchor": [
        ".*\\/lks_workcommunicate.nsf\\/.*"
      ]
    }
  },
  "flows": {
    "flow163_JUIkDb": {
      "toContexts": [
        {
          "toContextId": "context34_cpOru2"
        },
        {
          "toContextId": "context34_cpOru2",
          "toModelId": "lks_workcommunicate"
        }
      ]
    },
    "flow164_GtXZpw": {
      "fromContextId": "context34_cpOru2",
      "fromAction": "doAction",
      "fromControlId": "control237_eHIfwP",
      "toContexts": [
        {
          "toContextId": "context34_cpOru2"
        }
      ]
    },
    "flow175_RDerWM": {
      "fromContextId": "context34_cpOru2",
      "fromAction": "doAction",
      "fromControlId": "control252_ZBsQZC",
      "toContexts": [
        {
          "toContextId": "context34_cpOru2"
        }
      ]
    },
    "flow177_fNPyf6": {
      "fromContextId": "context34_cpOru2",
      "fromAction": "doAction",
      "fromControlId": "control255_c2TJtW",
      "toContexts": [
        {
          "toContextId": "context34_cpOru2"
        }
      ]
    },
    "flow178_X1KnQ3": {
      "fromContextId": "context34_cpOru2",
      "fromAction": "doAction",
      "fromControlId": "control253_SiihqG",
      "toContexts": [
        {
          "toContextId": "context34_cpOru2"
        }
      ]
    },
    "flow176_ZmE5KS": {
      "fromContextId": "context34_cpOru2",
      "fromAction": "doAction",
      "fromControlId": "control254_1BN46W",
      "toContexts": [
        {
          "toContextId": "context34_cpOru2"
        },
        {
          "toContextId": "context6_m0MbOe",
          "toModelId": "choosePeople"
        }
      ]
    }
  },
  "pages": {
    "page34_NLucWT": {
      "contextId": "context34_cpOru2",
      "layout": [
        {
          "id": "uiControl256_J6PVQr",
          "controlId": "control236_Z0Sshz",
          "display": {
            "adapterId": "custom",
            "type": "custom",
            "adapter": {
              "templateType": "react",
              "events": {
                "onDoAction": "doAction_uiControl256_J6PVQr",
                "onGetTemplate": "getTemplate_uiControl256_J6PVQr"
              }
            }
          }
        },
        {
          "id": "uiControl257_ZSsVCK",
          "controlId": "control237_eHIfwP",
          "display": {
            "adapterId": "custom",
            "type": "custom",
            "adapter": {
              "templateType": "react",
              "events": {
                "onDoAction": "doAction_uiControl257_ZSsVCK",
                "onGetTemplate": "getTemplate_uiControl257_ZSsVCK"
              }
            }
          }
        },
        {
          "id": "uiControl277_SGNsDq",
          "controlId": "control254_1BN46W",
          "display": {
            "adapterId": "custom",
            "type": "custom",
            "adapter": {
              "templateType": "react",
              "events": {
                "onDoAction": "doAction_uiControl277_SGNsDq",
                "onGetTemplate": "getTemplate_uiControl277_SGNsDq"
              }
            }
          }
        },
        {
          "id": "uiControl273_xJ1kE9",
          "display": {
            "type": "card",
            "adapterId": "card",
            "adapter": {
              "templateType": ""
            }
          },
          "layout": [
            {
              "id": "uiControl273_xJ1kE9header",
              "display": {
                "type": "cardHeader",
                "text": "",
                "adapterId": "cardHeader",
                "adapter": {
                  "templateType": ""
                }
              },
              "layout": []
            },
            {
              "id": "uiControl273_xJ1kE9body",
              "display": {
                "type": "cardBody",
                "adapterId": "cardBody",
                "adapter": {
                  "templateType": ""
                }
              },
              "layout": [
                {
                  "id": "uiControl274_NCHHte",
                  "controlId": "control252_ZBsQZC",
                  "display": {
                    "adapterId": "custom",
                    "type": "custom",
                    "adapter": {
                      "templateType": "react",
                      "events": {
                        "onDoAction": "doAction_uiControl274_NCHHte",
                        "onGetTemplate": "getTemplate_uiControl274_NCHHte"
                      }
                    }
                  }
                },
                {
                  "id": "uiControl275_XKUUgg",
                  "controlId": "control253_SiihqG",
                  "display": {
                    "adapterId": "custom",
                    "type": "custom",
                    "adapter": {
                      "templateType": "react",
                      "events": {
                        "onDoAction": "doAction_uiControl275_XKUUgg",
                        "onGetTemplate": "getTemplate_uiControl275_XKUUgg"
                      }
                    }
                  }
                },
                {
                  "id": "uiControl278_N5Dhug",
                  "controlId": "control256_KFEHQm",
                  "display": {
                    "adapterId": "custom",
                    "type": "custom",
                    "adapter": {
                      "templateType": "react",
                      "events": {
                        "onDoAction": "doAction_uiControl278_N5Dhug",
                        "onGetTemplate": "getTemplate_uiControl278_N5Dhug"
                      }
                    }
                  }
                }
              ]
            },
            {
              "id": "uiControl273_xJ1kE9footer",
              "display": {
                "type": "cardFooter",
                "adapterId": "cardFooter",
                "adapter": {
                  "templateType": ""
                }
              },
              "layout": []
            }
          ]
        },
        {
          "id": "uiControl279_6m0dUP",
          "display": {
            "type": "sticky",
            "adapterId": "sticky",
            "class": "ui-footer-button",
            "adapter": {
              "templateType": ""
            }
          },
          "layout": [
            {
              "id": "uiControl279_6m0dUPbody",
              "display": {
                "type": "stickyBody",
                "adapterId": "stickyBody",
                "adapter": {
                  "templateType": ""
                }
              },
              "layout": [
                {
                  "id": "uiControl276_l2Lp3H",
                  "controlId": "control255_c2TJtW",
                  "display": {
                    "adapterId": "custom",
                    "type": "custom",
                    "adapter": {
                      "templateType": "react",
                      "events": {
                        "onDoAction": "doAction_uiControl276_l2Lp3H",
                        "onGetTemplate": "getTemplate_uiControl276_l2Lp3H"
                      }
                    }
                  }
                }
              ]
            }
          ]
        }
      ]
    }
  },
  "matchers": {
    "page/title": {
      "contexts": {
        "context34_cpOru2": [
          "深圳能源集团OA系统_工作沟通_新建文档",
          "深圳能源集团OA系统_工作沟通_移动办公内部沟通测试3",
          "深圳能源集团OA系统_流程管理_跨域OAC1-xxjs测试流程",
          "深圳能源集团OA系统_工作沟通_移动办公测试传阅",
          "深圳能源集团OA系统_工作沟通_移动办公测试"
        ]
      }
    },
    "page/urls": {
      "contexts": {
        "context34_cpOru2": [
          "oa.sec.com.cn/lks/koa/lks_workcommunicate.nsf/FM_WorkReport?OpenForm",
          "oa.sec.com.cn/lks/koa/lks_workcommunicate.nsf/FM_WorkReport?OpenForm&Seq=4",
          "oac1.sec.com.cn/lks/koa.xxjs/lks_workcommunicate.nsf/0/BC14C825E61F6BBF482583200030FFA9?opendocument&Highlight=%E6%B5%8B%E8%AF%95",
          "oac1.sec.com.cn/lks/koa.xxjs/lks_review.nsf/0/034AA25DE335A3E8482582E2000E385B?opendocument&Highlight=%E6%B5%8B%E8%AF%95",
          "oac1.sec.com.cn/lks/koa.xxjs/lks_workcommunicate.nsf/FM_WorkReport?OpenForm",
          "oa.sec.com.cn/lks/koa/lks_workcommunicate.nsf/0/0328320AF8B8E9F04825833200318524?OpenDocument",
          "oa.sec.com.cn/lks/koa/lks_workcommunicate.nsf/0/3187A5E9E31C6E79482583320034A67C?OpenDocument"
        ]
      }
    },
    "page/ids": {
      "contexts": {
        "context34_cpOru2": [
          [
            "AttachmentDiv",
            "AttachmentOCX",
            "Calendar_SWFObjectName",
            "FlashPopWin",
            "Sys_EsaField",
            "VW_REVIEW",
            "buLabel",
            "dLinks",
            "labelTable"
          ],
          [
            "AttachmentCheck",
            "AttachmentDiv",
            "AttachmentOCX",
            "Calendar_SWFObjectName",
            "FlashPopWin",
            "Sys_EsaField",
            "VW_REVIEW",
            "buLabel",
            "dLinks",
            "labelTable"
          ],
          [
            "AttachmentDiv",
            "AttachmentOCX",
            "Calendar_SWFObjectName",
            "F_KADocsPath",
            "F_KADocsTitle",
            "FlashPopWin",
            "Sys_EsaField",
            "VW_REVIEW",
            "buLabel",
            "dLinks",
            "labelTable",
            "reply"
          ],
          [
            "AttachmentDiv",
            "AttachmentOCX",
            "BtnTable",
            "Calendar_SWFObjectName",
            "F_BodyDiv",
            "F_KADocsPath",
            "F_KADocsTitle",
            "F_Keyword",
            "FlashPopWin",
            "Sys_EsaField",
            "TD_ReviewNo",
            "aMore",
            "buLabel",
            "dLinks",
            "ifFlow",
            "if_subform",
            "isSF_Public",
            "labelTable",
            "lks_review",
            "tb_"
          ]
        ]
      }
    },
    "page/classes": {
      "contexts": {
        "context34_cpOru2": [
          [
            "btndoc",
            "btnmenudoc",
            "doctoptb",
            "labelbg",
            "labeltb",
            "selectmenu",
            "tadoc",
            "tbbg",
            "tbmenudoc",
            "tdbg",
            "textdocdown",
            "trbg"
          ],
          [
            "btnmenudoc",
            "doctoptb",
            "labelbg",
            "labeltb",
            "tbbg",
            "tbmenudoc",
            "tdbg",
            "trbg"
          ],
          [
            "btnmenudoc",
            "labelbg",
            "labeltb",
            "tbbg",
            "tbmenudoc",
            "tdbg",
            "trbg"
          ]
        ]
      }
    },
    "page/tagTriplets": {
      "contexts": {
        "context34_cpOru2": [
          [
            "-/-/DIV",
            "-/-/FORM",
            "-/-/IFRAME",
            "-/-/LINK",
            "-/-/OBJECT",
            "-/-/SCRIPT",
            "-/-/STYLE",
            "-/FORM/BR",
            "-/FORM/CENTER",
            "-/FORM/INPUT-hidden",
            "-/FORM/TABLE",
            "-/OBJECT/PARAM",
            "CENTER/DIV/B",
            "CENTER/DIV/BR",
            "CENTER/DIV/FONT",
            "CENTER/TABLE/TBODY",
            "DIV/B/FONT",
            "DIV/FONT/BR",
            "FORM/CENTER/BR",
            "FORM/CENTER/DIV",
            "FORM/CENTER/TABLE",
            "FORM/TABLE/TBODY",
            "P/B/FONT",
            "P/FONT/INPUT-null",
            "P/OBJECT/PARAM",
            "P/TABLE/TBODY",
            "TABLE/TBODY/TR",
            "TBODY/TR/TD",
            "TD/CENTER/TABLE",
            "TD/DIV/B",
            "TD/DIV/FONT",
            "TD/DIV/INPUT-button",
            "TD/FONT/TEXTAREA",
            "TD/P/B",
            "TD/P/BR",
            "TD/P/FONT",
            "TD/P/INPUT-button",
            "TD/P/INPUT-null",
            "TD/P/OBJECT",
            "TD/P/SCRIPT",
            "TD/P/TABLE",
            "TD/SELECT/OPTION",
            "TD/SPAN/INPUT-null",
            "TD/SPAN/TEXTAREA",
            "TD/TABLE/TBODY",
            "TR/TD/A",
            "TR/TD/BR",
            "TR/TD/CENTER",
            "TR/TD/DIV",
            "TR/TD/FONT",
            "TR/TD/HR",
            "TR/TD/IMG",
            "TR/TD/INPUT-button",
            "TR/TD/INPUT-checkbox",
            "TR/TD/INPUT-hidden",
            "TR/TD/INPUT-null",
            "TR/TD/INPUT-radio",
            "TR/TD/P",
            "TR/TD/SCRIPT",
            "TR/TD/SELECT",
            "TR/TD/SPAN",
            "TR/TD/TABLE",
            "TR/TD/TEXTAREA",
            "TR/TD/UL"
          ],
          [
            "-/-/DIV",
            "-/-/FORM",
            "-/-/IFRAME",
            "-/-/LINK",
            "-/-/OBJECT",
            "-/-/SCRIPT",
            "-/-/STYLE",
            "-/FORM/BR",
            "-/FORM/CENTER",
            "-/FORM/INPUT-hidden",
            "-/FORM/TABLE",
            "-/OBJECT/PARAM",
            "CENTER/DIV/B",
            "CENTER/DIV/BR",
            "CENTER/DIV/FONT",
            "CENTER/TABLE/TBODY",
            "DIV/A/IMG",
            "DIV/B/FONT",
            "DIV/FONT/BR",
            "FORM/CENTER/BR",
            "FORM/CENTER/DIV",
            "FORM/CENTER/TABLE",
            "FORM/TABLE/TBODY",
            "P/B/FONT",
            "P/FONT/INPUT-null",
            "P/OBJECT/PARAM",
            "P/TABLE/TBODY",
            "TABLE/TBODY/TR",
            "TBODY/TR/TD",
            "TD/CENTER/TABLE",
            "TD/DIV/A",
            "TD/DIV/B",
            "TD/DIV/BR",
            "TD/DIV/FONT",
            "TD/DIV/INPUT-button",
            "TD/DIV/INPUT-checkbox",
            "TD/FONT/TEXTAREA",
            "TD/P/B",
            "TD/P/BR",
            "TD/P/FONT",
            "TD/P/INPUT-button",
            "TD/P/INPUT-null",
            "TD/P/OBJECT",
            "TD/P/SCRIPT",
            "TD/P/TABLE",
            "TD/SELECT/OPTION",
            "TD/SPAN/INPUT-null",
            "TD/SPAN/TEXTAREA",
            "TD/TABLE/TBODY",
            "TR/TD/A",
            "TR/TD/BR",
            "TR/TD/CENTER",
            "TR/TD/DIV",
            "TR/TD/FONT",
            "TR/TD/HR",
            "TR/TD/IMG",
            "TR/TD/INPUT-button",
            "TR/TD/INPUT-checkbox",
            "TR/TD/INPUT-hidden",
            "TR/TD/INPUT-null",
            "TR/TD/INPUT-radio",
            "TR/TD/P",
            "TR/TD/SCRIPT",
            "TR/TD/SELECT",
            "TR/TD/SPAN",
            "TR/TD/TABLE",
            "TR/TD/TEXTAREA",
            "TR/TD/UL"
          ],
          [
            "-/-/FORM",
            "-/-/IFRAME",
            "-/-/LINK",
            "-/-/OBJECT",
            "-/-/SCRIPT",
            "-/-/STYLE",
            "-/FORM/BR",
            "-/FORM/CENTER",
            "-/FORM/TABLE",
            "-/OBJECT/PARAM",
            "CENTER/DIV/B",
            "CENTER/DIV/BR",
            "CENTER/DIV/FONT",
            "CENTER/TABLE/TBODY",
            "DIV/B/FONT",
            "FONT/FONT/B",
            "FORM/CENTER/BR",
            "FORM/CENTER/DIV",
            "FORM/CENTER/TABLE",
            "FORM/TABLE/TBODY",
            "P/B/FONT",
            "P/OBJECT/PARAM",
            "P/TABLE/TBODY",
            "TABLE/TBODY/TR",
            "TBODY/TR/TD",
            "TD/A/FONT",
            "TD/CENTER/TABLE",
            "TD/DIV/B",
            "TD/DIV/INPUT-button",
            "TD/FONT/B",
            "TD/FONT/FONT",
            "TD/P/B",
            "TD/P/BR",
            "TD/P/FONT",
            "TD/P/INPUT-button",
            "TD/P/OBJECT",
            "TD/P/SCRIPT",
            "TD/P/TABLE",
            "TD/SPAN/TEXTAREA",
            "TD/TABLE/TBODY",
            "TR/TD/A",
            "TR/TD/BR",
            "TR/TD/CENTER",
            "TR/TD/DIV",
            "TR/TD/FONT",
            "TR/TD/IMG",
            "TR/TD/INPUT-button",
            "TR/TD/INPUT-checkbox",
            "TR/TD/INPUT-null",
            "TR/TD/P",
            "TR/TD/SCRIPT",
            "TR/TD/SPAN",
            "TR/TD/TABLE",
            "TR/TD/TEXTAREA",
            "TR/TD/UL"
          ],
          [
            "-/-/DIV",
            "-/-/FORM",
            "-/-/IFRAME",
            "-/-/OBJECT",
            "-/-/SCRIPT",
            "-/-/STYLE",
            "-/FORM/BR",
            "-/FORM/CENTER",
            "-/FORM/DIV",
            "-/FORM/IFRAME",
            "-/FORM/INPUT-button",
            "-/FORM/SCRIPT",
            "-/FORM/TABLE",
            "-/OBJECT/PARAM",
            "CENTER/B/FONT",
            "FONT/FONT/B",
            "FORM/CENTER/B",
            "FORM/TABLE/TBODY",
            "TABLE/TBODY/TR",
            "TBODY/TR/TD",
            "TD/B/FONT",
            "TD/DIV/B",
            "TD/DIV/FONT",
            "TD/DIV/INPUT-button",
            "TD/FONT/B",
            "TD/P/BR",
            "TD/P/INPUT-button",
            "TD/TABLE/TBODY",
            "TD/UL/BR",
            "TD/UL/FONT",
            "TD/UL/OBJECT",
            "TD/UL/P",
            "TD/UL/SCRIPT",
            "TD/UL/SPAN",
            "TD/UL/TABLE",
            "TR/TD/A",
            "TR/TD/B",
            "TR/TD/BR",
            "TR/TD/DIV",
            "TR/TD/FONT",
            "TR/TD/IFRAME",
            "TR/TD/IMG",
            "TR/TD/INPUT-button",
            "TR/TD/INPUT-hidden",
            "TR/TD/INPUT-null",
            "TR/TD/P",
            "TR/TD/SCRIPT",
            "TR/TD/SPAN",
            "TR/TD/TABLE",
            "TR/TD/TEXTAREA",
            "TR/TD/UL",
            "UL/FONT/FONT",
            "UL/OBJECT/PARAM",
            "UL/P/SCRIPT",
            "UL/TABLE/TBODY"
          ],
          [
            "-/-/DIV",
            "-/-/FORM",
            "-/-/IFRAME",
            "-/-/LINK",
            "-/-/OBJECT",
            "-/-/SCRIPT",
            "-/-/STYLE",
            "-/FORM/BR",
            "-/FORM/CENTER",
            "-/FORM/INPUT-hidden",
            "-/FORM/TABLE",
            "-/OBJECT/PARAM",
            "CENTER/DIV/B",
            "CENTER/DIV/BR",
            "CENTER/DIV/FONT",
            "CENTER/TABLE/TBODY",
            "DIV/B/FONT",
            "DIV/FONT/BR",
            "FORM/CENTER/BR",
            "FORM/CENTER/DIV",
            "FORM/CENTER/TABLE",
            "FORM/TABLE/TBODY",
            "P/B/FONT",
            "P/FONT/INPUT-null",
            "P/OBJECT/PARAM",
            "P/TABLE/TBODY",
            "TABLE/TBODY/TR",
            "TBODY/TR/TD",
            "TD/CENTER/TABLE",
            "TD/DIV/B",
            "TD/DIV/FONT",
            "TD/DIV/INPUT-button",
            "TD/FONT/TEXTAREA",
            "TD/LABEL/INPUT-checkbox",
            "TD/LABEL/INPUT-radio",
            "TD/P/B",
            "TD/P/BR",
            "TD/P/FONT",
            "TD/P/INPUT-button",
            "TD/P/INPUT-null",
            "TD/P/OBJECT",
            "TD/P/SCRIPT",
            "TD/P/TABLE",
            "TD/SELECT/OPTION",
            "TD/SPAN/INPUT-null",
            "TD/SPAN/TEXTAREA",
            "TD/TABLE/TBODY",
            "TR/TD/A",
            "TR/TD/BR",
            "TR/TD/CENTER",
            "TR/TD/DIV",
            "TR/TD/FONT",
            "TR/TD/HR",
            "TR/TD/IMG",
            "TR/TD/INPUT-button",
            "TR/TD/INPUT-hidden",
            "TR/TD/INPUT-null",
            "TR/TD/LABEL",
            "TR/TD/P",
            "TR/TD/SCRIPT",
            "TR/TD/SELECT",
            "TR/TD/SPAN",
            "TR/TD/TABLE",
            "TR/TD/TEXTAREA",
            "TR/TD/UL"
          ],
          [
            "-/-/FORM",
            "-/-/IFRAME",
            "-/-/LINK",
            "-/-/OBJECT",
            "-/-/SCRIPT",
            "-/-/STYLE",
            "-/FORM/BR",
            "-/FORM/CENTER",
            "-/FORM/TABLE",
            "-/OBJECT/PARAM",
            "CENTER/DIV/B",
            "CENTER/DIV/BR",
            "CENTER/DIV/FONT",
            "CENTER/TABLE/TBODY",
            "DIV/B/FONT",
            "FORM/CENTER/BR",
            "FORM/CENTER/DIV",
            "FORM/CENTER/TABLE",
            "FORM/TABLE/TBODY",
            "P/B/FONT",
            "P/OBJECT/PARAM",
            "P/TABLE/TBODY",
            "TABLE/TBODY/TR",
            "TBODY/TR/TD",
            "TD/A/FONT",
            "TD/CENTER/TABLE",
            "TD/DIV/B",
            "TD/DIV/INPUT-button",
            "TD/P/B",
            "TD/P/BR",
            "TD/P/FONT",
            "TD/P/INPUT-button",
            "TD/P/OBJECT",
            "TD/P/SCRIPT",
            "TD/P/TABLE",
            "TD/SPAN/TEXTAREA",
            "TD/TABLE/TBODY",
            "TR/TD/A",
            "TR/TD/BR",
            "TR/TD/CENTER",
            "TR/TD/DIV",
            "TR/TD/FONT",
            "TR/TD/IMG",
            "TR/TD/INPUT-button",
            "TR/TD/INPUT-checkbox",
            "TR/TD/INPUT-null",
            "TR/TD/P",
            "TR/TD/SCRIPT",
            "TR/TD/SPAN",
            "TR/TD/TABLE",
            "TR/TD/TEXTAREA",
            "TR/TD/UL"
          ]
        ]
      }
    }
  }
}