{
  "special_models": [
    {
      "path": "plan/login/index.json"
    }
  ],
  "common_js": [
    {
      "path": "lib/base.js"
    },
    {
      "path": "lib/customTemplate.js"
    },
    {
      "path": "lib/compatibility.js"
    },
    {
      "path": "local/amazeui.touch.min.js",
      "target": "face"
    }
  ],
  "common_css": [
    {
      "path": "lib/base.css"
    },
    {
      "path": "local/amazeui.touch.min.css",
      "target": "face"
    }
  ],
  "path": "file://C:/Users/xxwang/Documents/enterplorer/enterprises/593505b34bdb5e50fdd25b3c/apps_0002/storeRevoke/common.json"
}