{
  "version": "0.1",
  "id": "familyForm",
  "targetURL": "http://218.203.103.203:8082/oc/bes/sm/login/phone.html?type=1",
  "jsFile": "index.js",
  "chineseName": "融合业务",
  "description": "",
  "firstPaintEnable": false,
  "controls": {
    "control126_9x7pwl": {
      "location": {
        "data": {
          "tagName": "LI"
        },
        "userData": {
          "data": [],
          "force": false
        },
        "locators": [
          {
            "id": "text",
            "prob": 3,
            "value": {
              "text": [
                "一站式家庭商品订购"
              ],
              "visText": [
                "一站式家庭商品订购"
              ]
            }
          },
          {
            "id": "@title",
            "prob": 2,
            "value": {
              "text": [
                "一站式家庭商品订购"
              ]
            }
          },
          {
            "id": "@class/word",
            "prob": 1,
            "value": "DIV.tab UL.floatCon.toLeft LI.selected"
          },
          {
            "id": "style/color",
            "value": [
              42,
              142,
              231
            ]
          }
        ]
      },
      "roles": "element",
      "text": "\t\t                                                        \t\t                        一站式家庭商品订购\t                          ",
      "frameXPath": "",
      "customJS": "if($(elem).hasClass(\"selected\")&&$(elem).find(\".tab-title\").text()==\"一站式家庭商品订购\"){\nreturn true\n}else{\nreturn false\n}"
    },
    "control153_GwQqiO": {
      "location": {
        "data": {
          "tagName": "LI"
        },
        "userData": {
          "data": [],
          "force": false
        },
        "locators": [
          {
            "id": "@title",
            "prob": 2,
            "value": {
              "text": [
                "一站式家庭商品订购"
              ]
            }
          },
          {
            "id": "@class/word",
            "prob": 1,
            "value": "DIV.tab UL.floatCon.toLeft LI.selected"
          },
          {
            "id": "style/color",
            "value": [
              42,
              142,
              231
            ]
          }
        ]
      },
      "events": {
        "onGetData": "getData_control153_GwQqiO"
      },
      "intendedRole": "custom",
      "roles": "element,custom",
      "monitored": true,
      "frameXPath": "",
      "componentType": "custom"
    },
    "control154_3zTzdO": {
      "location": {
        "data": {
          "tagName": "DIV"
        },
        "userData": {
          "data": [],
          "force": false
        },
        "locators": [
          {
            "id": "@class/word",
            "prob": 1,
            "value": "DIV.main-right.ng-scope"
          },
          {
            "id": "shield",
            "value": {
              "zIndex": "auto",
              "width": 1450,
              "height": 839
            }
          }
        ]
      },
      "events": {
        "onGetData": "getData_control154_3zTzdO"
      },
      "intendedRole": "custom",
      "roles": "element,custom",
      "monitored": true,
      "frameXPath": "",
      "componentType": "custom"
    },
    "control155_Dl5nsS": {
      "location": {
        "data": {
          "tagName": "DIV"
        },
        "userData": {
          "data": [],
          "force": false
        },
        "locators": [
          {
            "id": "@id/word",
            "prob": 4,
            "value": [
              "descendant::DIV[@id=\"page_familyFuse\"]//DIV[@id=\"openfaimly\"]//DIV[@id=\"openViceCardSelectpackageinfoGadget\"]",
              "descendant::DIV[@id=\"openfaimly\"]//DIV[@id=\"openViceCardSelectpackageinfoGadget\"]",
              "descendant::DIV[@id=\"openViceCardSelectpackageinfoGadget\"]"
            ]
          }
        ]
      },
      "events": {
        "onGetData": "getData_control155_Dl5nsS"
      },
      "intendedRole": "custom",
      "roles": "element,custom",
      "monitored": true,
      "frameXPath": "//iframe[1]<<IFRAME>>",
      "componentType": "custom"
    },
    "control156_dId1I6": {
      "location": {
        "data": {
          "tagName": "DIV"
        },
        "userData": {
          "data": [],
          "force": false
        },
        "locators": [
          {
            "id": "@id/word",
            "prob": 2,
            "value": [
              "descendant::DIV[@id=\"page_familyFuse\"]//DIV[@id=\"openfaimly\"]/DIV[3]/DIV[1]",
              "descendant::DIV[@id=\"openfaimly\"]/DIV[3]/DIV[1]"
            ]
          }
        ]
      },
      "events": {
        "onGetData": "getData_control156_dId1I6"
      },
      "intendedRole": "custom",
      "roles": "element,custom",
      "monitored": true,
      "frameXPath": "//iframe[1]<<IFRAME>>",
      "componentType": "custom"
    },
    "control157_CiJZft": {
      "location": {
        "data": {
          "tagName": "DIV"
        },
        "userData": {
          "data": [],
          "force": false
        },
        "locators": [
          {
            "id": "@id/word",
            "prob": 2,
            "value": [
              "descendant::DIV[@id=\"page_familyFuse\"]//DIV[@id=\"openfaimly\"]/DIV[4]",
              "descendant::DIV[@id=\"openfaimly\"]/DIV[4]"
            ]
          }
        ]
      },
      "events": {
        "onGetData": "getData_control157_CiJZft"
      },
      "intendedRole": "custom",
      "roles": "element,custom",
      "monitored": true,
      "frameXPath": "//iframe[1]<<IFRAME>>",
      "componentType": "custom"
    },
    "control158_B8pSbz": {
      "location": {
        "data": {
          "tagName": "DIV"
        },
        "userData": {
          "data": [],
          "force": false
        },
        "locators": [
          {
            "id": "@id/word",
            "prob": 4,
            "value": [
              "descendant::DIV[@id=\"openfaimly\"]//DIV[@id=\"memberDetail\"]//DIV[@id=\"infoquery\"]",
              "descendant::DIV[@id=\"memberDetail\"]//DIV[@id=\"infoquery\"]",
              "descendant::DIV[@id=\"infoquery\"]"
            ]
          }
        ]
      },
      "events": {
        "onGetData": "getData_control158_B8pSbz"
      },
      "intendedRole": "custom",
      "roles": "element,custom",
      "monitored": true,
      "frameXPath": "//iframe[1]<<IFRAME>>",
      "componentType": "custom"
    },
    "control159_lJ2eJy": {
      "location": {
        "data": {
          "tagName": "DIV"
        },
        "userData": {
          "data": [],
          "force": false
        },
        "locators": [
          {
            "id": "@id/word",
            "prob": 4,
            "value": [
              "descendant::DIV[@id=\"openfaimly\"]//DIV[@id=\"memberDetail\"]//DIV[@id=\"baseInfo\"]",
              "descendant::DIV[@id=\"memberDetail\"]//DIV[@id=\"baseInfo\"]",
              "descendant::DIV[@id=\"baseInfo\"]"
            ]
          }
        ]
      },
      "events": {
        "onGetData": "getData_control159_lJ2eJy"
      },
      "intendedRole": "custom",
      "roles": "element,link,custom",
      "monitored": true,
      "frameXPath": "//iframe[1]<<IFRAME>>",
      "componentType": "custom"
    },
    "control160_4uXb47": {
      "location": {
        "data": {
          "tagName": "DIV"
        },
        "userData": {
          "data": [],
          "force": false
        },
        "locators": [
          {
            "id": "@id/word",
            "prob": 4,
            "value": [
              "descendant::DIV[@id=\"openfaimly\"]//DIV[@id=\"memberDetail\"]//DIV[@id=\"familyMemberChoosegoods\"]",
              "descendant::DIV[@id=\"memberDetail\"]//DIV[@id=\"familyMemberChoosegoods\"]",
              "descendant::DIV[@id=\"familyMemberChoosegoods\"]"
            ]
          }
        ]
      },
      "events": {
        "onGetData": "getData_control160_4uXb47"
      },
      "intendedRole": "custom",
      "roles": "element,custom",
      "monitored": true,
      "frameXPath": "//iframe[1]<<IFRAME>>",
      "componentType": "custom"
    },
    "control161_k34WOl": {
      "location": {
        "data": {
          "tagName": "SPAN"
        },
        "userData": {
          "data": [],
          "force": false
        },
        "locators": [
          {
            "id": "button/text",
            "prob": 3,
            "ordinal": [
              5,
              6
            ],
            "value": {
              "text": [
                "取消"
              ],
              "visText": [
                "取消"
              ]
            }
          },
          {
            "id": "@id/word",
            "prob": 4,
            "value": [
              "descendant::DIV[@id=\"memberDetail\"]//DIV[@id=\"manageOperate\"]//SPAN[@id=\"btn_manageMemberCancel\"]",
              "descendant::DIV[@id=\"manageOperate\"]//SPAN[@id=\"btn_manageMemberCancel\"]",
              "descendant::SPAN[@id=\"btn_manageMemberCancel\"]"
            ]
          }
        ]
      },
      "intendedRole": "button",
      "roles": "element,button",
      "monitored": true,
      "frameXPath": "//iframe[1]<<IFRAME>>",
      "componentType": "button"
    },
    "control162_zwfnNN": {
      "location": {
        "data": {
          "tagName": "SPAN"
        },
        "userData": {
          "data": [],
          "force": false
        },
        "locators": [
          {
            "id": "button/text",
            "prob": 3,
            "ordinal": [
              2,
              3
            ],
            "value": {
              "text": [
                "确定"
              ],
              "visText": [
                "确定"
              ]
            }
          },
          {
            "id": "@id/word",
            "prob": 4,
            "value": [
              "descendant::DIV[@id=\"memberDetail\"]//DIV[@id=\"manageOperate\"]//SPAN[@id=\"btn_manageMemberConfirm\"]",
              "descendant::DIV[@id=\"manageOperate\"]//SPAN[@id=\"btn_manageMemberConfirm\"]",
              "descendant::SPAN[@id=\"btn_manageMemberConfirm\"]"
            ]
          }
        ]
      },
      "intendedRole": "button",
      "roles": "element,button",
      "monitored": false,
      "frameXPath": "//iframe[1]<<IFRAME>>",
      "componentType": "button"
    },
    "control163_vOC0mZ": {
      "location": {
        "data": {
          "tagName": "DIV"
        },
        "userData": {
          "data": [],
          "force": false
        },
        "locators": [
          {
            "id": "@id/word",
            "prob": 2,
            "value": [
              "descendant::DIV[@id=\"page_familyFuse\"]//DIV[@id=\"openfaimly\"]//DIV[@id=\"memberDetail\"]/DIV[3]/DIV[1]",
              "descendant::DIV[@id=\"openfaimly\"]//DIV[@id=\"memberDetail\"]/DIV[3]/DIV[1]",
              "descendant::DIV[@id=\"memberDetail\"]/DIV[3]/DIV[1]"
            ]
          },
          {
            "id": "elderLevel",
            "value": {
              "level": 0
            }
          }
        ]
      },
      "events": {
        "onGetData": "getData_control163_vOC0mZ"
      },
      "intendedRole": "custom",
      "roles": "element,custom",
      "monitored": true,
      "frameXPath": "//iframe[1]<<IFRAME>>",
      "componentType": "custom"
    },
    "control164_RFtRTZ": {
      "location": {
        "data": {
          "tagName": "DIV"
        },
        "userData": {
          "data": [],
          "force": false
        },
        "locators": [
          {
            "id": "@id/nonWord",
            "prob": 1,
            "disabled": true,
            "fact": "tv",
            "value": "descendant::DIV[@id=\"openfaimly\"]//DIV[@id=\"memberDetail\"]//DIV[@id=\"tv\"]"
          }
        ]
      },
      "events": {
        "onGetData": "getData_control164_RFtRTZ"
      },
      "intendedRole": "custom",
      "roles": "element,custom",
      "monitored": true,
      "frameXPath": "//iframe[1]<<IFRAME>>",
      "componentType": "custom"
    },
    "control165_UVhJEE": {
      "location": {
        "data": {
          "tagName": "SPAN"
        },
        "userData": {
          "data": [],
          "force": false
        },
        "locators": [
          {
            "id": "@id/word",
            "prob": 2,
            "value": "descendant::DIV[@id=\"page_familyFuse\"]/DIV[1]/DIV[2]/SPAN[1]"
          }
        ]
      },
      "events": {
        "onGetData": "getData_control165_UVhJEE"
      },
      "intendedRole": "custom",
      "roles": "element,custom",
      "monitored": true,
      "frameXPath": "//iframe[1]<<IFRAME>>",
      "componentType": "custom"
    },
    "control166_KTThNX": {
      "location": {
        "data": {
          "tagName": "DIV"
        },
        "userData": {
          "data": [],
          "force": false
        },
        "locators": [
          {
            "id": "@id/word",
            "prob": 4,
            "value": [
              "descendant::DIV[@id=\"checkoutPaymentContent\"]//DIV[@id=\"checkoutPaymentContentDetail\"]//DIV[@id=\"checkoutPaymentGoodlistGadget\"]",
              "descendant::DIV[@id=\"checkoutPaymentContentDetail\"]//DIV[@id=\"checkoutPaymentGoodlistGadget\"]",
              "descendant::DIV[@id=\"checkoutPaymentGoodlistGadget\"]"
            ]
          }
        ]
      },
      "events": {
        "onGetData": "getData_control166_KTThNX"
      },
      "intendedRole": "custom",
      "roles": "element,custom",
      "monitored": true,
      "frameXPath": "//iframe[1]<<IFRAME>>",
      "componentType": "custom"
    },
    "control167_tzBno6": {
      "location": {
        "data": {
          "tagName": "DIV"
        },
        "userData": {
          "data": [],
          "force": false
        },
        "locators": [
          {
            "id": "@id/word",
            "prob": 4,
            "value": [
              "descendant::DIV[@id=\"checkoutPaymentContent\"]//DIV[@id=\"checkoutPaymentContentDetail\"]//DIV[@id=\"checkoutPaymentmethodGadget\"]",
              "descendant::DIV[@id=\"checkoutPaymentContentDetail\"]//DIV[@id=\"checkoutPaymentmethodGadget\"]",
              "descendant::DIV[@id=\"checkoutPaymentmethodGadget\"]"
            ]
          }
        ]
      },
      "events": {
        "onGetData": "getData_control167_tzBno6"
      },
      "intendedRole": "custom",
      "roles": "element,custom",
      "monitored": true,
      "frameXPath": "//iframe[1]<<IFRAME>>",
      "componentType": "custom"
    },
    "control168_mx0bE8": {
      "location": {
        "data": {
          "tagName": "DIV"
        },
        "userData": {
          "data": [],
          "force": false
        },
        "locators": [
          {
            "id": "@id/word",
            "prob": 4,
            "value": [
              "descendant::DIV[@id=\"checkoutPaymentContent\"]//DIV[@id=\"checkoutPaymentContentDetail\"]//DIV[@id=\"checkoutOperatorGadget\"]",
              "descendant::DIV[@id=\"checkoutPaymentContentDetail\"]//DIV[@id=\"checkoutOperatorGadget\"]",
              "descendant::DIV[@id=\"checkoutOperatorGadget\"]"
            ]
          }
        ]
      },
      "events": {
        "onGetData": "getData_control168_mx0bE8"
      },
      "intendedRole": "custom",
      "roles": "element,custom",
      "monitored": true,
      "frameXPath": "//iframe[1]<<IFRAME>>",
      "componentType": "custom"
    },
    "control169_rPgHiA": {
      "location": {
        "data": {
          "tagName": "DIV"
        },
        "userData": {
          "data": [],
          "force": false
        },
        "locators": [
          {
            "id": "@id/word",
            "prob": 1,
            "value": [
              "descendant::DIV[@id=\"paymentPage\"]//DIV[@id=\"checkoutPaymentContent\"]//DIV[@id=\"checkoutPaymentContentDetail\"]/DIV[3]/DIV[1]/DIV[3]",
              "descendant::DIV[@id=\"checkoutPaymentContent\"]//DIV[@id=\"checkoutPaymentContentDetail\"]/DIV[3]/DIV[1]/DIV[3]",
              "descendant::DIV[@id=\"checkoutPaymentContentDetail\"]/DIV[3]/DIV[1]/DIV[3]"
            ]
          }
        ]
      },
      "events": {
        "onGetData": "getData_control169_rPgHiA"
      },
      "intendedRole": "custom",
      "roles": "element,custom",
      "monitored": true,
      "frameXPath": "//iframe[1]<<IFRAME>>",
      "componentType": "custom"
    },
    "control170_1Jam2i": {
      "location": {
        "data": {
          "tagName": "SPAN"
        },
        "userData": {
          "data": [],
          "force": false
        },
        "locators": [
          {
            "id": "button/text",
            "prob": 3,
            "ordinal": [
              1,
              2
            ],
            "value": {
              "text": [
                "返回修改"
              ],
              "visText": [
                "返回修改"
              ]
            }
          },
          {
            "id": "@id/word",
            "prob": 4,
            "value": [
              "descendant::DIV[@id=\"checkoutPaymentContentDetail\"]//DIV[@id=\"checkoutPaymentGoodlistGadget\"]//SPAN[@id=\"goback\"]",
              "descendant::DIV[@id=\"checkoutPaymentGoodlistGadget\"]//SPAN[@id=\"goback\"]",
              "descendant::SPAN[@id=\"goback\"]"
            ]
          },
          {
            "id": "elderLevel",
            "value": {
              "level": 0
            }
          }
        ]
      },
      "intendedRole": "button",
      "roles": "element,button",
      "monitored": true,
      "frameXPath": "//iframe[1]<<IFRAME>>",
      "componentType": "button"
    },
    "control171_7UXTGc": {
      "location": {
        "data": {
          "tagName": "SPAN"
        },
        "userData": {
          "data": [],
          "force": false
        },
        "locators": [
          {
            "id": "@id/word",
            "prob": 4,
            "value": [
              "descendant::DIV[@id=\"checkoutPaymentContent\"]//DIV[@id=\"checkoutPaymentContentDetail\"]//SPAN[@id=\"checkoutSubmit\"]",
              "descendant::DIV[@id=\"checkoutPaymentContentDetail\"]//SPAN[@id=\"checkoutSubmit\"]",
              "descendant::SPAN[@id=\"checkoutSubmit\"]"
            ]
          }
        ]
      },
      "events": {
        "onGetData": "getData_control171_7UXTGc"
      },
      "intendedRole": "custom",
      "roles": "element,custom",
      "monitored": true,
      "frameXPath": "//iframe[1]<<IFRAME>>",
      "componentType": "custom"
    },
    "control172_1tu7qb": {
      "location": {
        "data": {
          "tagName": "DIV"
        },
        "userData": {
          "data": [],
          "force": false
        },
        "locators": [
          {
            "id": "@id/word",
            "prob": 3,
            "value": [
              "descendant::DIV[@id=\"paymentPage\"]//DIV[@id=\"paymentFinishStep\"]",
              "descendant::DIV[@id=\"paymentFinishStep\"]"
            ]
          }
        ]
      },
      "events": {
        "onGetData": "getData_control172_1tu7qb"
      },
      "intendedRole": "custom",
      "roles": "element,custom",
      "monitored": false,
      "frameXPath": "//iframe[1]<<IFRAME>>",
      "componentType": "custom"
    },
    "control173_54PrGD": {
      "location": {
        "data": {
          "tagName": "IMG"
        },
        "userData": {
          "data": [],
          "force": false
        },
        "locators": [
          {
            "id": "img/@src",
            "prob": 2,
            "value": {
              "pathname": "/oc/bes/ad/ctz/gadget/person/family/one-stop-familyopen/resource.root/bes/ad/images/Ok_large_bg.png"
            }
          },
          {
            "id": "@id/word",
            "prob": 1,
            "ordinal": [
              0,
              3
            ],
            "value": [
              "descendant::DIV[@id=\"paymentPage\"]//DIV[@id=\"paymentFinishStep\"]/UEE:INCLUDE[1]/DIV[1]/UEE:INCLUDE[1]/DIV[1]/DIV[1]/DIV[1]/IMG[1]",
              "descendant::DIV[@id=\"paymentPage\"]//DIV[@id=\"paymentFinishStep\"]//IMG",
              "descendant::DIV[@id=\"paymentFinishStep\"]//IMG"
            ]
          }
        ]
      },
      "roles": "element,image,button",
      "monitored": false,
      "frameXPath": "//iframe[1]<<IFRAME>>",
      "componentType": "image"
    },
    "control174_pa40Pp": {
      "location": {
        "data": {
          "tagName": "SPAN"
        },
        "userData": {
          "data": [],
          "force": false
        },
        "locators": [
          {
            "id": "text",
            "prob": 3,
            "value": {
              "text": [
                "业务受理成功。"
              ],
              "visText": [
                "业务受理成功。"
              ]
            }
          },
          {
            "id": "elderLevel",
            "value": {
              "level": 0
            }
          }
        ]
      },
      "roles": "element",
      "content": true,
      "monitored": true,
      "frameXPath": "//iframe[1]<<IFRAME>>",
      "componentType": "content"
    }
  },
  "contexts": {
    "context14_QXP8FW": {
      "controls": [
        "control153_GwQqiO",
        "control154_3zTzdO",
        "control155_Dl5nsS",
        "control156_dId1I6",
        "control157_CiJZft",
        "control158_B8pSbz",
        "control159_lJ2eJy",
        "control160_4uXb47",
        "control161_k34WOl",
        "control162_zwfnNN",
        "control163_vOC0mZ",
        "control164_RFtRTZ",
        "control165_UVhJEE",
        "control166_KTThNX",
        "control167_tzBno6",
        "control168_mx0bE8",
        "control169_rPgHiA",
        "control170_1Jam2i",
        "control171_7UXTGc",
        "control172_1tu7qb",
        "control173_54PrGD",
        "control174_pa40Pp"
      ],
      "anchors": [
        "control126_9x7pwl"
      ],
      "urlAnchor": []
    }
  },
  "flows": {
    "flow89_2k4b0o": {
      "toContexts": [
        {
          "toContextId": "context14_QXP8FW"
        }
      ]
    },
    "flow90_nwd98u": {
      "fromContextId": "context14_QXP8FW",
      "fromAction": "doAction",
      "fromControlId": "control154_3zTzdO",
      "toContexts": [
        {
          "toContextId": "context14_QXP8FW"
        }
      ]
    },
    "flow91_eXzSGN": {
      "fromContextId": "context14_QXP8FW",
      "fromAction": "doAction",
      "fromControlId": "control157_CiJZft",
      "toContexts": [
        {
          "toContextId": "context14_QXP8FW"
        }
      ]
    },
    "flow92_eNlphC": {
      "fromContextId": "context14_QXP8FW",
      "fromAction": "doAction",
      "fromControlId": "control155_Dl5nsS",
      "toContexts": [
        {
          "toContextId": "context14_QXP8FW"
        }
      ]
    },
    "flow93_iMxwTo": {
      "fromContextId": "context14_QXP8FW",
      "fromAction": "doAction",
      "fromControlId": "control158_B8pSbz",
      "toContexts": [
        {
          "toContextId": "context14_QXP8FW"
        }
      ]
    },
    "flow94_HXEQTM": {
      "fromContextId": "context14_QXP8FW",
      "fromAction": "click",
      "fromControlId": "control162_zwfnNN",
      "toContexts": [
        {
          "toContextId": "context14_QXP8FW"
        }
      ]
    },
    "flow95_SqJWG4": {
      "fromContextId": "context14_QXP8FW",
      "fromAction": "doAction",
      "fromControlId": "control163_vOC0mZ",
      "toContexts": [
        {
          "toContextId": "context14_QXP8FW"
        }
      ]
    },
    "flow96_bTo2lr": {
      "fromContextId": "context14_QXP8FW",
      "fromAction": "click",
      "fromControlId": "control161_k34WOl",
      "toContexts": [
        {
          "toContextId": "context14_QXP8FW"
        }
      ]
    },
    "flow97_roCEkD": {
      "fromContextId": "context14_QXP8FW",
      "fromAction": "doAction",
      "fromControlId": "control164_RFtRTZ",
      "toContexts": [
        {
          "toContextId": "context14_QXP8FW"
        }
      ]
    },
    "flow98_Q1DTZc": {
      "fromContextId": "context14_QXP8FW",
      "fromAction": "doAction",
      "fromControlId": "control165_UVhJEE",
      "toContexts": [
        {
          "toContextId": "context14_QXP8FW"
        }
      ]
    },
    "flow99_MVTwKN": {
      "fromContextId": "context14_QXP8FW",
      "fromAction": "doAction",
      "fromControlId": "control167_tzBno6",
      "toContexts": [
        {
          "toContextId": "context14_QXP8FW"
        }
      ]
    },
    "flow100_u2ChBG": {
      "fromContextId": "context14_QXP8FW",
      "fromAction": "doAction",
      "fromControlId": "control171_7UXTGc",
      "toContexts": [
        {
          "toContextId": "context14_QXP8FW"
        }
      ]
    },
    "flow101_RHwkC0": {
      "fromContextId": "context14_QXP8FW",
      "fromAction": "click",
      "fromControlId": "control174_pa40Pp",
      "toContexts": [
        {
          "toContextId": "context14_QXP8FW"
        }
      ]
    }
  },
  "pages": {
    "page14_e8hZag": {
      "contextId": "context14_QXP8FW",
      "layout": [
        {
          "id": "uiControl148_sc8mcg",
          "controlId": "control154_3zTzdO",
          "display": {
            "adapterId": "custom",
            "type": "custom",
            "adapter": {
              "templateType": "react",
              "events": {
                "onDoAction": "doAction_uiControl148_sc8mcg",
                "onGetTemplate": "getTemplate_uiControl148_sc8mcg"
              }
            }
          }
        },
        {
          "id": "uiControl147_PTe9GI",
          "controlId": "control153_GwQqiO",
          "display": {
            "adapterId": "custom",
            "type": "custom",
            "adapter": {
              "templateType": "react",
              "events": {
                "onDoAction": "doAction_uiControl147_PTe9GI",
                "onGetTemplate": "getTemplate_uiControl147_PTe9GI"
              }
            }
          }
        },
        {
          "id": "uiControl149_5EBhI7",
          "controlId": "control155_Dl5nsS",
          "display": {
            "adapterId": "custom",
            "type": "custom",
            "adapter": {
              "templateType": "react",
              "events": {
                "onDoAction": "doAction_uiControl149_5EBhI7",
                "onGetTemplate": "getTemplate_uiControl149_5EBhI7"
              }
            }
          }
        },
        {
          "id": "uiControl150_G60AFm",
          "controlId": "control156_dId1I6",
          "display": {
            "adapterId": "custom",
            "type": "custom",
            "adapter": {
              "templateType": "react",
              "events": {
                "onDoAction": "doAction_uiControl150_G60AFm",
                "onGetTemplate": "getTemplate_uiControl150_G60AFm"
              }
            }
          }
        },
        {
          "id": "uiControl151_Dd55gJ",
          "controlId": "control157_CiJZft",
          "display": {
            "adapterId": "custom",
            "type": "custom",
            "adapter": {
              "templateType": "react",
              "events": {
                "onDoAction": "doAction_uiControl151_Dd55gJ",
                "onGetTemplate": "getTemplate_uiControl151_Dd55gJ"
              }
            }
          }
        },
        {
          "id": "uiControl152_bnyexs",
          "controlId": "control158_B8pSbz",
          "display": {
            "adapterId": "custom",
            "type": "custom",
            "adapter": {
              "templateType": "react",
              "events": {
                "onDoAction": "doAction_uiControl152_bnyexs",
                "onGetTemplate": "getTemplate_uiControl152_bnyexs"
              }
            }
          }
        },
        {
          "id": "uiControl153_plHBgv",
          "controlId": "control159_lJ2eJy",
          "display": {
            "adapterId": "custom",
            "type": "custom",
            "adapter": {
              "templateType": "react",
              "events": {
                "onDoAction": "doAction_uiControl153_plHBgv",
                "onGetTemplate": "getTemplate_uiControl153_plHBgv"
              }
            }
          }
        },
        {
          "id": "uiControl158_62wlTB",
          "controlId": "control163_vOC0mZ",
          "display": {
            "adapterId": "custom",
            "type": "custom",
            "adapter": {
              "templateType": "react",
              "events": {
                "onDoAction": "doAction_uiControl158_62wlTB",
                "onGetTemplate": "getTemplate_uiControl158_62wlTB"
              }
            }
          }
        },
        {
          "id": "uiControl159_UhXuAR",
          "controlId": "control164_RFtRTZ",
          "display": {
            "adapterId": "custom",
            "type": "custom",
            "adapter": {
              "templateType": "react",
              "events": {
                "onDoAction": "doAction_uiControl159_UhXuAR",
                "onGetTemplate": "getTemplate_uiControl159_UhXuAR"
              }
            }
          }
        },
        {
          "id": "uiControl154_tytxlL",
          "controlId": "control160_4uXb47",
          "display": {
            "adapterId": "custom",
            "type": "custom",
            "adapter": {
              "templateType": "react",
              "events": {
                "onDoAction": "doAction_uiControl154_tytxlL",
                "onGetTemplate": "getTemplate_uiControl154_tytxlL"
              }
            }
          }
        },
        {
          "id": "uiControl155_GBTPm7",
          "display": {
            "type": "grid",
            "adapterId": "grid",
            "adapter": {
              "templateType": ""
            }
          },
          "layout": [
            {
              "id": "uiControl155_GBTPm7row0",
              "display": {
                "cols": 3,
                "type": "col",
                "adapterId": "col",
                "adapter": {
                  "templateType": ""
                }
              },
              "layout": [
                {
                  "id": "uiControl156_Z4weEm",
                  "controlId": "control161_k34WOl",
                  "display": {
                    "adapterId": "clickable",
                    "type": "button",
                    "amStyle": "dark",
                    "amSize": "sm",
                    "adapter": {
                      "templateType": ""
                    }
                  }
                }
              ]
            },
            {
              "id": "uiControl155_GBTPm7row1",
              "display": {
                "cols": 3,
                "type": "col",
                "adapterId": "col",
                "adapter": {
                  "templateType": ""
                }
              },
              "layout": [
                {
                  "id": "uiControl157_QcV2Hx",
                  "controlId": "control162_zwfnNN",
                  "display": {
                    "adapterId": "clickable",
                    "type": "button",
                    "amStyle": "success",
                    "amSize": "sm",
                    "adapter": {
                      "templateType": ""
                    }
                  }
                }
              ]
            }
          ]
        },
        {
          "id": "uiControl160_6vRTLf",
          "controlId": "control165_UVhJEE",
          "display": {
            "adapterId": "custom",
            "type": "custom",
            "adapter": {
              "templateType": "react",
              "events": {
                "onDoAction": "doAction_uiControl160_6vRTLf",
                "onGetTemplate": "getTemplate_uiControl160_6vRTLf"
              }
            }
          }
        },
        {
          "id": "uiControl161_qSAfkt",
          "controlId": "control166_KTThNX",
          "display": {
            "adapterId": "custom",
            "type": "custom",
            "adapter": {
              "templateType": "react",
              "events": {
                "onDoAction": "doAction_uiControl161_qSAfkt",
                "onGetTemplate": "getTemplate_uiControl161_qSAfkt"
              }
            }
          }
        },
        {
          "id": "uiControl162_DTe5rQ",
          "controlId": "control167_tzBno6",
          "display": {
            "adapterId": "custom",
            "type": "custom",
            "adapter": {
              "templateType": "react",
              "events": {
                "onDoAction": "doAction_uiControl162_DTe5rQ",
                "onGetTemplate": "getTemplate_uiControl162_DTe5rQ"
              }
            }
          }
        },
        {
          "id": "uiControl163_sA3P5K",
          "controlId": "control168_mx0bE8",
          "display": {
            "adapterId": "custom",
            "type": "custom",
            "adapter": {
              "templateType": "react",
              "events": {
                "onDoAction": "doAction_uiControl163_sA3P5K",
                "onGetTemplate": "getTemplate_uiControl163_sA3P5K"
              }
            }
          }
        },
        {
          "id": "uiControl164_RH82ez",
          "controlId": "control169_rPgHiA",
          "display": {
            "adapterId": "custom",
            "type": "custom",
            "adapter": {
              "templateType": "react",
              "events": {
                "onDoAction": "doAction_uiControl164_RH82ez",
                "onGetTemplate": "getTemplate_uiControl164_RH82ez"
              }
            }
          }
        },
        {
          "id": "uiControl166_yI2ufT",
          "display": {
            "type": "grid",
            "adapterId": "grid",
            "adapter": {
              "templateType": ""
            }
          },
          "layout": [
            {
              "id": "uiControl166_yI2ufTrow0",
              "display": {
                "cols": 3,
                "type": "col",
                "adapterId": "col",
                "adapter": {
                  "templateType": ""
                }
              },
              "layout": [
                {
                  "id": "uiControl167_eFteq8",
                  "controlId": "control170_1Jam2i",
                  "display": {
                    "adapterId": "clickable",
                    "type": "button",
                    "amStyle": "dark",
                    "adapter": {
                      "templateType": ""
                    }
                  }
                }
              ]
            },
            {
              "id": "uiControl166_yI2ufTrow1",
              "display": {
                "cols": 3,
                "type": "col",
                "adapterId": "col",
                "adapter": {
                  "templateType": ""
                }
              },
              "layout": [
                {
                  "id": "uiControl168_g3pd2g",
                  "controlId": "control171_7UXTGc",
                  "display": {
                    "adapterId": "custom",
                    "type": "custom",
                    "adapter": {
                      "templateType": "react",
                      "events": {
                        "onDoAction": "doAction_uiControl168_g3pd2g",
                        "onGetTemplate": "getTemplate_uiControl168_g3pd2g"
                      }
                    }
                  }
                }
              ]
            }
          ]
        },
        {
          "id": "uiControl170_A0F9Aa",
          "display": {
            "type": "card",
            "adapterId": "card",
            "adapter": {
              "templateType": ""
            }
          },
          "layout": [
            {
              "id": "uiControl170_A0F9Aaheader",
              "display": {
                "type": "cardHeader",
                "text": "",
                "adapterId": "cardHeader",
                "adapter": {
                  "templateType": ""
                }
              },
              "layout": []
            },
            {
              "id": "uiControl170_A0F9Aabody",
              "display": {
                "type": "cardBody",
                "adapterId": "cardBody",
                "adapter": {
                  "templateType": ""
                }
              },
              "layout": [
                {
                  "id": "uiControl171_qaDUDn",
                  "controlId": "control173_54PrGD",
                  "display": {
                    "adapterId": "image_link",
                    "type": "image",
                    "adapter": {
                      "templateType": ""
                    }
                  }
                },
                {
                  "id": "uiControl172_4Dc1Ol",
                  "controlId": "control174_pa40Pp",
                  "display": {
                    "adapterId": "content",
                    "type": "content",
                    "class": "t-cen",
                    "adapter": {
                      "templateType": ""
                    }
                  }
                },
                {
                  "id": "uiControl169_zOkUbd",
                  "controlId": "control172_1tu7qb",
                  "display": {
                    "adapterId": "custom",
                    "type": "custom",
                    "adapter": {
                      "templateType": "react",
                      "events": {
                        "onDoAction": "doAction_uiControl169_zOkUbd",
                        "onGetTemplate": "getTemplate_uiControl169_zOkUbd"
                      }
                    }
                  }
                }
              ]
            },
            {
              "id": "uiControl170_A0F9Aafooter",
              "display": {
                "type": "cardFooter",
                "adapterId": "cardFooter",
                "adapter": {
                  "templateType": ""
                }
              },
              "layout": []
            }
          ]
        }
      ]
    }
  },
  "matchers": {
    "page/title": {
      "contexts": {
        "context14_QXP8FW": [
          "中国移动宁夏公司第三代CRM系统"
        ]
      }
    },
    "page/urls": {
      "contexts": {
        "context14_QXP8FW": [
          "218.203.103.203:8082/oc/bes/sm/login/phone.html?type=1"
        ]
      }
    },
    "page/ids": {
      "contexts": {
        "context14_QXP8FW": [
          [
            "attachChildsOperCancel",
            "datetimepicker_div",
            "day",
            "emailchoice",
            "iconclass",
            "ins_checkbox",
            "ins_mpuiconsendsms",
            "lockPageDiv",
            "lockpage_pwd",
            "middleFrame",
            "oclogin",
            "orderScrollbar",
            "popBox",
            "popNote",
            "popNoteBox",
            "rightheadermenu",
            "shoppingCartModify",
            "shoppingcartNumber",
            "shoppingcartPlat",
            "shoppingcartcheckout",
            "staticshoppingcar_close",
            "staticshoppingcar_open",
            "tab-scrollbar",
            "tip_footdiv",
            "top_gadget",
            "uee-",
            "uee-_bmeDSTImg",
            "uee-_input_img",
            "uee-_ueeDTMShowFmt",
            "uee-_value",
            "unlockpage_btn",
            "workPlace"
          ],
          [
            "datetimepicker_div",
            "emailchoice",
            "ins_mpuiconsendsms",
            "lockPageDiv",
            "lockpage_pwd",
            "middleFrame",
            "oclogin",
            "orderScrollbar",
            "popBox",
            "popNote",
            "popNoteBox",
            "rightheadermenu",
            "shoppingcartNumber",
            "shoppingcartPlat",
            "shoppingcartcheckout",
            "staticshoppingcar_close",
            "staticshoppingcar_open",
            "tab-scrollbar",
            "tip_footdiv",
            "top_gadget",
            "uee-",
            "uee-_bmeDSTImg",
            "uee-_input_img",
            "uee-_ueeDTMShowFmt",
            "uee-_value",
            "unlockpage_btn",
            "workPlace"
          ]
        ]
      }
    },
    "page/classes": {
      "contexts": {
        "context14_QXP8FW": [
          [
            "LeftScrollBar",
            "LeftxScrollBar",
            "ScrollbarArrow",
            "ScrollbarHandle",
            "ScrollbarHandleC",
            "ScrollbarHandleR",
            "ScrollbarTrack",
            "bes-ad-staticshoppingcar",
            "bes-common-pagecontext",
            "bes-oc-base-sectionright",
            "bes-oc-base-shoppingcart",
            "bf_tips",
            "bf_tips_container",
            "bf_tips_content",
            "btn_positive",
            "caiDanLianJie",
            "cart_num",
            "checkbox",
            "checked",
            "cn_bg",
            "cn_center",
            "cn_impl",
            "cn_left",
            "cn_right",
            "currentOrder",
            "currentOrderEmpty",
            "datetime_input",
            "datetimepicker_DST",
            "datetimepicker_div_trigger",
            "ele_normal",
            "fl",
            "floatCon",
            "font_left",
            "font_right",
            "foot",
            "form_control",
            "fr",
            "hasDatepicker",
            "hasSubItem",
            "head",
            "header_menu_child",
            "header_menu_grandchild",
            "icon",
            "icon_subscribe",
            "label",
            "left",
            "lock",
            "lock_input",
            "main-right",
            "mb_",
            "menu_btn",
            "mid",
            "middle",
            "ml_",
            "mt_",
            "navigatorBar",
            "ng-binding",
            "ng-hide",
            "ng-scope",
            "normal_img",
            "ocshoppingcart",
            "orderList",
            "orderPkg",
            "order_arrow_down",
            "order_content",
            "order_footer",
            "order_monthFree",
            "order_name",
            "order_opt",
            "order_time",
            "order_time_arrow",
            "order_title",
            "orderwrapper",
            "p",
            "panel",
            "panel_login",
            "pgHeader",
            "pl_content",
            "pl_title",
            "r_contnet",
            "right",
            "scrollbar_container",
            "scrollbar_container_inner",
            "scrollbar_container_outer",
            "selected",
            "selector",
            "shoppingCar",
            "shopping_Number",
            "shopping_close",
            "sub_ul",
            "tab",
            "tab-close",
            "tab-menu",
            "tab-popup",
            "tab-title",
            "tabCon",
            "tabcontainer",
            "toLeft",
            "uIcon",
            "u_name",
            "u_no",
            "uee",
            "uee-border",
            "uee-datetime",
            "uee-datetime-container",
            "uee-gadget",
            "uee-input",
            "uee-input-normal",
            "uee-inputele-view",
            "uee-ipt-ele",
            "w_right",
            "win_cover",
            "win_lock",
            "win_lock_bg",
            "windowBoxwrap",
            "wrap"
          ],
          [
            "LeftScrollBar",
            "LeftxScrollBar",
            "ScrollbarArrow",
            "ScrollbarHandle",
            "ScrollbarHandleC",
            "ScrollbarHandleR",
            "ScrollbarTrack",
            "bes-ad-staticshoppingcar",
            "bes-common-pagecontext",
            "bes-oc-base-sectionright",
            "bes-oc-base-shoppingcart",
            "bf_tips",
            "bf_tips_container",
            "bf_tips_content",
            "btn_negative",
            "caiDanLianJie",
            "cart_num",
            "checkbox",
            "checked",
            "cn_bg",
            "cn_center",
            "cn_impl",
            "cn_left",
            "cn_right",
            "currentOrder",
            "currentOrderEmpty",
            "datetime_input",
            "datetimepicker_DST",
            "datetimepicker_div_trigger",
            "disable",
            "ele_normal",
            "fl",
            "floatCon",
            "font_left",
            "font_right",
            "foot",
            "fr",
            "hasDatepicker",
            "head",
            "header_menu_child",
            "header_menu_grandchild",
            "hide",
            "icon",
            "label",
            "left",
            "lock",
            "lock_input",
            "main-right",
            "mb_",
            "menu_btn",
            "mid",
            "middle",
            "ml_",
            "mt_",
            "navigatorBar",
            "ng-binding",
            "ng-hide",
            "ng-scope",
            "normal_img",
            "ocshoppingcart",
            "order_content",
            "order_footer",
            "order_opt",
            "order_title",
            "p",
            "panel",
            "panel_login",
            "pgHeader",
            "pl_content",
            "pl_title",
            "r_contnet",
            "right",
            "scrollbar_container",
            "scrollbar_container_inner",
            "scrollbar_container_outer",
            "selected",
            "selector",
            "shoppingCar",
            "shopping_Number",
            "shopping_close",
            "tab",
            "tab-close",
            "tab-menu",
            "tab-popup",
            "tab-title",
            "tabCon",
            "tabcontainer",
            "toLeft",
            "uIcon",
            "u_name",
            "u_no",
            "uee",
            "uee-border",
            "uee-datetime",
            "uee-datetime-container",
            "uee-gadget",
            "uee-input",
            "uee-input-normal",
            "uee-inputele-view",
            "uee-ipt-ele",
            "w_right",
            "win_cover",
            "win_lock",
            "win_lock_bg",
            "windowBoxwrap",
            "wrap"
          ]
        ]
      }
    },
    "page/tagTriplets": {
      "contexts": {
        "context14_QXP8FW": [
          [
            "-/-/DIV",
            "-/-/SCRIPT",
            "-/-/UEE:INCLUDE",
            "-/DIV/DIV",
            "-/UEE:INCLUDE/DIV",
            "-/UEE:INCLUDE/LINK",
            "-/UEE:INCLUDE/META",
            "-/UEE:INCLUDE/STYLE",
            "-/UEE:INCLUDE/UEE:FIRE",
            "A/SPAN/UEE:FIRE",
            "DIV/A/SPAN",
            "DIV/DIV/A",
            "DIV/DIV/DIV",
            "DIV/DIV/H3",
            "DIV/DIV/IFRAME",
            "DIV/DIV/IMG",
            "DIV/DIV/INPUT-null",
            "DIV/DIV/INPUT-password",
            "DIV/DIV/LABEL",
            "DIV/DIV/P",
            "DIV/DIV/SPAN",
            "DIV/DIV/UEE:FIRE",
            "DIV/DIV/UEE:INCLUDE",
            "DIV/DIV/UL",
            "DIV/LABEL/INS",
            "DIV/LABEL/SPAN",
            "DIV/NG:SWITCH/DIV",
            "DIV/NG:SWITCH/INPUT-hidden",
            "DIV/SPAN/DIV",
            "DIV/SPAN/EM",
            "DIV/SPAN/SPAN",
            "DIV/SPAN/UEE:FIRE",
            "DIV/UEE:INCLUDE/DIV",
            "DIV/UEE:INCLUDE/UEE:FIRE",
            "DIV/UL/LI",
            "LABEL/INS/UEE:FIRE",
            "LABEL/SPAN/UEE:FIRE",
            "LI/DIV/DIV",
            "LI/DIV/SPAN",
            "LI/UL/LI",
            "NG:SWITCH/DIV/DIV",
            "SPAN/DIV/DIV",
            "SPAN/DIV/NG:SWITCH",
            "UEE:INCLUDE/DIV/A",
            "UEE:INCLUDE/DIV/BR",
            "UEE:INCLUDE/DIV/DIV",
            "UEE:INCLUDE/DIV/IFRAME",
            "UEE:INCLUDE/DIV/LINK",
            "UEE:INCLUDE/DIV/SPAN",
            "UEE:INCLUDE/DIV/UEE:FIRE",
            "UL/LI/DIV",
            "UL/LI/UL"
          ],
          [
            "-/-/DIV",
            "-/-/SCRIPT",
            "-/-/UEE:INCLUDE",
            "-/DIV/DIV",
            "-/UEE:INCLUDE/DIV",
            "-/UEE:INCLUDE/LINK",
            "-/UEE:INCLUDE/META",
            "-/UEE:INCLUDE/STYLE",
            "-/UEE:INCLUDE/UEE:FIRE",
            "A/SPAN/UEE:FIRE",
            "DIV/A/SPAN",
            "DIV/DIV/A",
            "DIV/DIV/DIV",
            "DIV/DIV/H3",
            "DIV/DIV/IFRAME",
            "DIV/DIV/IMG",
            "DIV/DIV/INPUT-null",
            "DIV/DIV/INPUT-password",
            "DIV/DIV/LABEL",
            "DIV/DIV/P",
            "DIV/DIV/SPAN",
            "DIV/DIV/UEE:FIRE",
            "DIV/DIV/UEE:INCLUDE",
            "DIV/DIV/UL",
            "DIV/LABEL/INS",
            "DIV/LABEL/SPAN",
            "DIV/NG:SWITCH/DIV",
            "DIV/NG:SWITCH/INPUT-hidden",
            "DIV/SPAN/DIV",
            "DIV/SPAN/EM",
            "DIV/SPAN/SPAN",
            "DIV/SPAN/UEE:FIRE",
            "DIV/UEE:INCLUDE/DIV",
            "DIV/UEE:INCLUDE/UEE:FIRE",
            "DIV/UL/LI",
            "LABEL/INS/UEE:FIRE",
            "LABEL/SPAN/UEE:FIRE",
            "LI/DIV/SPAN",
            "NG:SWITCH/DIV/DIV",
            "SPAN/DIV/DIV",
            "SPAN/DIV/NG:SWITCH",
            "UEE:INCLUDE/DIV/A",
            "UEE:INCLUDE/DIV/BR",
            "UEE:INCLUDE/DIV/DIV",
            "UEE:INCLUDE/DIV/IFRAME",
            "UEE:INCLUDE/DIV/LINK",
            "UEE:INCLUDE/DIV/SPAN",
            "UEE:INCLUDE/DIV/UEE:FIRE",
            "UL/LI/DIV"
          ]
        ]
      }
    }
  }
}