{
  "version": "0.1",
  "id": "feedbackQuestionnaire",
  "targetURL": "http://oa.sec.com.cn/lks/koa/lks_feedback.nsf/4825754000316bc048256baa00073b81?OpenForm",
  "jsFile": "index.js",
  "requires": {
    "returnMsg": "../returnMsg/index.json",
    "lks_tasks": "../lks_tasks/index.json",
    "lks-filemng": "../lks-filemng/index.json",
    "lks_workcommunicate": "../lks_workcommunicate/index.json"
  },
  "chineseName": "意见反馈表",
  "description": "",
  "firstPaintEnable": false,
  "controls": {
    "control223_P881ud": {
      "location": {
        "data": {
          "tagName": "FONT"
        },
        "userData": {
          "data": [],
          "force": false
        },
        "locators": [
          {
            "id": "path/ordinal",
            "prob": 1,
            "value": "/HTML[1]/BODY[1]/FORM[1]/CENTER[1]/DIV[1]/B[1]/FONT[1]"
          },
          {
            "id": "elderLevel",
            "value": {
              "level": 0
            }
          }
        ]
      },
      "events": {
        "onGetData": "getData_control223_P881ud"
      },
      "intendedRole": "custom",
      "roles": "element,custom",
      "monitored": false,
      "frameXPath": "",
      "componentType": "custom"
    },
    "control224_MKh8ic": {
      "location": {
        "data": {
          "tagName": "DIV"
        },
        "userData": {
          "data": [],
          "force": false
        },
        "locators": [
          {
            "id": "path/ordinal",
            "prob": 1,
            "value": "/HTML[1]/BODY[1]/FORM[1]/CENTER[1]/DIV[1]"
          }
        ]
      },
      "events": {
        "onGetData": "getData_control224_MKh8ic"
      },
      "intendedRole": "custom",
      "roles": "element,custom",
      "monitored": true,
      "frameXPath": "",
      "componentType": "custom"
    },
    "control225_zOTCZC": {
      "location": {
        "data": {
          "tagName": "TBODY"
        },
        "userData": {
          "data": [],
          "force": false
        },
        "locators": [
          {
            "id": "@id/word",
            "prob": 2,
            "value": [
              "descendant::TABLE[@id=\"labelTable\"]/TBODY[1]",
              "descendant::TABLE[@id=\"labelTable\"]//TBODY"
            ]
          },
          {
            "id": "@class/word",
            "prob": 1,
            "ordinal": [
              0,
              5
            ],
            "value": "TABLE.labeltb TBODY"
          },
          {
            "id": "path/ordinal",
            "prob": 1,
            "value": "/HTML[1]/BODY[1]/FORM[1]/CENTER[1]/TABLE[1]/TBODY[1]"
          }
        ]
      },
      "events": {
        "onGetData": "getData_control225_zOTCZC"
      },
      "intendedRole": "custom",
      "roles": "element,custom",
      "monitored": true,
      "frameXPath": "",
      "componentType": "custom"
    },
    "control226_9lR7Qp": {
      "location": {
        "data": {
          "tagName": "DIV"
        },
        "userData": {
          "data": [],
          "force": false
        },
        "locators": [
          {
            "id": "@class/word",
            "prob": 1,
            "value": "TABLE.tbmenudoc TBODY TR TD DIV"
          },
          {
            "id": "path/ordinal",
            "prob": 1,
            "value": "/HTML[1]/BODY[1]/FORM[1]/TABLE[3]/TBODY[1]/TR[1]/TD[1]/DIV[1]"
          }
        ]
      },
      "events": {
        "onGetData": "getData_control226_9lR7Qp"
      },
      "intendedRole": "custom",
      "roles": "element,custom",
      "monitored": true,
      "frameXPath": "",
      "componentType": "custom"
    }
  },
  "contexts": {
    "context31_kqnCnJ": {
      "controls": [
        "control223_P881ud",
        "control224_MKh8ic",
        "control225_zOTCZC",
        "control226_9lR7Qp"
      ],
      "anchors": [],
      "urlAnchor": [
        ".*lks_feedback.nsf.*"
      ]
    }
  },
  "flows": {
    "flow145_7dZENG": {
      "toContexts": [
        {
          "toContextId": "context31_kqnCnJ"
        },
        {
          "toContextId": "context14_TiC1dV",
          "toModelId": "lks-filemng"
        },
        {
          "toContextId": "context34_cpOru2",
          "toModelId": "lks_workcommunicate"
        }
      ]
    },
    "flow146_fgw0dX": {
      "fromContextId": "context31_kqnCnJ",
      "fromAction": "doAction",
      "fromControlId": "control226_9lR7Qp",
      "toContexts": [
        {
          "toContextId": "context31_kqnCnJ"
        },
        {
          "toContextId": "context7_adlfZy",
          "toModelId": "returnMsg"
        },
        {
          "toContextId": "context1_uBcbtH",
          "toModelId": "lks_tasks"
        }
      ]
    },
    "flow147_L9Bpq0": {
      "fromContextId": "context31_kqnCnJ",
      "fromAction": "doAction",
      "fromControlId": "control225_zOTCZC",
      "toContexts": [
        {
          "toContextId": "context31_kqnCnJ"
        }
      ]
    }
  },
  "pages": {
    "page31_cRIJL6": {
      "contextId": "context31_kqnCnJ",
      "layout": [
        {
          "id": "uiControl237_NksUpO",
          "controlId": "control223_P881ud",
          "display": {
            "adapterId": "custom",
            "type": "custom",
            "adapter": {
              "templateType": "react",
              "events": {
                "onDoAction": "doAction_uiControl237_NksUpO",
                "onGetTemplate": "getTemplate_uiControl237_NksUpO"
              }
            }
          }
        },
        {
          "id": "uiControl240_WUHA5Q",
          "controlId": "control225_zOTCZC",
          "display": {
            "adapterId": "custom",
            "type": "custom",
            "adapter": {
              "templateType": "react",
              "events": {
                "onDoAction": "doAction_uiControl240_WUHA5Q",
                "onGetTemplate": "getTemplate_uiControl240_WUHA5Q"
              }
            }
          }
        },
        {
          "id": "uiControl239_baACvI",
          "controlId": "control224_MKh8ic",
          "display": {
            "adapterId": "custom",
            "type": "custom",
            "adapter": {
              "templateType": "react",
              "events": {
                "onDoAction": "doAction_uiControl239_baACvI",
                "onGetTemplate": "getTemplate_uiControl239_baACvI"
              }
            }
          }
        },
        {
          "id": "uiControl241_y6M4IA",
          "display": {
            "type": "sticky",
            "adapterId": "sticky",
            "class": "ui-footer-button",
            "adapter": {
              "templateType": ""
            }
          },
          "layout": [
            {
              "id": "uiControl241_y6M4IAbody",
              "display": {
                "type": "stickyBody",
                "adapterId": "stickyBody",
                "adapter": {
                  "templateType": ""
                }
              },
              "layout": [
                {
                  "id": "uiControl242_CmoN0o",
                  "controlId": "control226_9lR7Qp",
                  "display": {
                    "adapterId": "custom",
                    "type": "custom",
                    "adapter": {
                      "templateType": "react",
                      "events": {
                        "onDoAction": "doAction_uiControl242_CmoN0o",
                        "onGetTemplate": "getTemplate_uiControl242_CmoN0o"
                      }
                    }
                  }
                }
              ]
            }
          ]
        }
      ]
    }
  },
  "matchers": {
    "page/title": {
      "contexts": {
        "context31_kqnCnJ": [
          "深圳能源集团OA系统_意见反馈_新建文档",
          "深圳能源集团OA系统_意见反馈_来自于宋顺一的意见反馈",
          "深圳能源集团OA系统_意见反馈_问题反馈"
        ]
      }
    },
    "page/urls": {
      "contexts": {
        "context31_kqnCnJ": [
          "oa.sec.com.cn/lks/koa/lks_feedback.nsf/4825754000316bc048256baa00073b81?OpenForm",
          "oa.sec.com.cn/lks/koa/lks_feedback.nsf/0/FCF2A8BF0EE5207F482582E2004173CC?OpenDocument",
          "oa.sec.com.cn/lks/koa/lks_feedback.nsf/0/7DE1E19E743466D0482582F7000BC187?opendocument&m_Seq=0.12604773093226807"
        ]
      }
    },
    "page/ids": {
      "contexts": {
        "context31_kqnCnJ": [
          [
            "AttachmentDiv",
            "AttachmentOCX",
            "Calendar_SWFObjectName",
            "FlashPopWin",
            "Sys_EsaField",
            "VW_REVIEW",
            "buLabel",
            "dLinks",
            "labelTable"
          ],
          [
            "AttachmentDiv",
            "AttachmentOCX",
            "Calendar_SWFObjectName",
            "F_KADocsPath",
            "F_KADocsTitle",
            "FlashPopWin",
            "Sys_EsaField",
            "VW_REVIEW",
            "buLabel",
            "dLinks",
            "labelTable",
            "reply"
          ]
        ]
      }
    },
    "page/classes": {
      "contexts": {
        "context31_kqnCnJ": [
          [
            "btndoc",
            "btnmenudoc",
            "doctoptb",
            "labelbg",
            "labeltb",
            "selectmenu",
            "tadoc",
            "tbbg",
            "tbmenudoc",
            "tdbg",
            "textdocdown",
            "trbg"
          ],
          [
            "btnmenudoc",
            "doctoptb",
            "labelbg",
            "labeltb",
            "tbbg",
            "tbmenudoc",
            "tdbg",
            "trbg"
          ]
        ]
      }
    },
    "page/tagTriplets": {
      "contexts": {
        "context31_kqnCnJ": [
          [
            "-/-/DIV",
            "-/-/FORM",
            "-/-/IFRAME",
            "-/-/LINK",
            "-/-/OBJECT",
            "-/-/SCRIPT",
            "-/-/STYLE",
            "-/FORM/BR",
            "-/FORM/CENTER",
            "-/FORM/INPUT-hidden",
            "-/FORM/TABLE",
            "-/OBJECT/PARAM",
            "CENTER/DIV/B",
            "CENTER/DIV/BR",
            "CENTER/DIV/FONT",
            "CENTER/TABLE/TBODY",
            "DIV/B/FONT",
            "DIV/FONT/BR",
            "FORM/CENTER/BR",
            "FORM/CENTER/DIV",
            "FORM/CENTER/TABLE",
            "FORM/TABLE/TBODY",
            "P/B/FONT",
            "P/FONT/INPUT-null",
            "P/OBJECT/PARAM",
            "P/SELECT/OPTION",
            "P/TABLE/TBODY",
            "TABLE/TBODY/TR",
            "TBODY/TR/TD",
            "TD/CENTER/TABLE",
            "TD/DIV/B",
            "TD/DIV/FONT",
            "TD/DIV/INPUT-button",
            "TD/FONT/TEXTAREA",
            "TD/P/A",
            "TD/P/B",
            "TD/P/BR",
            "TD/P/FONT",
            "TD/P/INPUT-button",
            "TD/P/INPUT-checkbox",
            "TD/P/INPUT-hidden",
            "TD/P/INPUT-null",
            "TD/P/INPUT-radio",
            "TD/P/OBJECT",
            "TD/P/SCRIPT",
            "TD/P/SELECT",
            "TD/P/TABLE",
            "TD/SPAN/INPUT-null",
            "TD/SPAN/TEXTAREA",
            "TD/TABLE/TBODY",
            "TR/TD/BR",
            "TR/TD/CENTER",
            "TR/TD/DIV",
            "TR/TD/FONT",
            "TR/TD/HR",
            "TR/TD/IMG",
            "TR/TD/INPUT-button",
            "TR/TD/INPUT-checkbox",
            "TR/TD/INPUT-hidden",
            "TR/TD/INPUT-null",
            "TR/TD/P",
            "TR/TD/SCRIPT",
            "TR/TD/SPAN",
            "TR/TD/TABLE",
            "TR/TD/TEXTAREA",
            "TR/TD/UL"
          ],
          [
            "-/-/FORM",
            "-/-/IFRAME",
            "-/-/LINK",
            "-/-/OBJECT",
            "-/-/SCRIPT",
            "-/-/STYLE",
            "-/FORM/BR",
            "-/FORM/CENTER",
            "-/FORM/TABLE",
            "-/OBJECT/PARAM",
            "CENTER/DIV/B",
            "CENTER/DIV/BR",
            "CENTER/DIV/FONT",
            "CENTER/TABLE/TBODY",
            "DIV/B/FONT",
            "FORM/CENTER/BR",
            "FORM/CENTER/DIV",
            "FORM/CENTER/TABLE",
            "FORM/TABLE/TBODY",
            "P/B/FONT",
            "P/OBJECT/PARAM",
            "P/TABLE/TBODY",
            "TABLE/TBODY/TR",
            "TBODY/TR/TD",
            "TD/A/FONT",
            "TD/CENTER/TABLE",
            "TD/DIV/B",
            "TD/DIV/INPUT-button",
            "TD/P/B",
            "TD/P/BR",
            "TD/P/FONT",
            "TD/P/INPUT-button",
            "TD/P/OBJECT",
            "TD/P/SCRIPT",
            "TD/P/TABLE",
            "TD/SPAN/TEXTAREA",
            "TD/TABLE/TBODY",
            "TR/TD/A",
            "TR/TD/BR",
            "TR/TD/CENTER",
            "TR/TD/DIV",
            "TR/TD/FONT",
            "TR/TD/IMG",
            "TR/TD/INPUT-button",
            "TR/TD/INPUT-checkbox",
            "TR/TD/INPUT-null",
            "TR/TD/P",
            "TR/TD/SCRIPT",
            "TR/TD/SPAN",
            "TR/TD/TABLE",
            "TR/TD/TEXTAREA",
            "TR/TD/UL"
          ]
        ]
      }
    }
  }
}