{"version":"0.1","id":"login","targetURL":"https://7.carpoly.com/ekp/login.jsp;jsessionid=A68A408F1816AA58E770B549847FC232#cri.q=docStatus:30","jsFile":"index.js","requires":{"store_replenish_list":"../store_replenish_list/index.json"},"chineseName":"登录页","description":"","controls":{"control0_RtlmPu":{"location":{"data":{"tagName":"INPUT"},"userData":{"data":[],"force":false},"locators":[{"id":"elem/@name","prob":2,"value":"descendant::INPUT[@name=\"j_username\"]"},{"id":"@class/word","prob":1,"value":"TD.lui_login_input_td DIV.lui_login_input_div INPUT.form-control.lui_login_input_username"},{"id":"path/ordinal","prob":1,"value":"/HTML[1]/BODY[1]/DIV[2]/DIV[1]/DIV[3]/DIV[1]/FORM[1]/TABLE[1]/TBODY[1]/TR[2]/TD[1]/DIV[2]/INPUT[1]"},{"id":"input/type","verifyEnabled":true,"value":"text"}]},"intendedRole":"textbox","roles":"element,textbox","monitored":true,"frameXPath":""},"control1_fCRsNH":{"location":{"data":{"tagName":"INPUT"},"userData":{"data":[],"force":false},"locators":[{"id":"elem/@name","prob":2,"value":"descendant::INPUT[@name=\"j_password\"]"},{"id":"@class/word","prob":1,"value":"TD.lui_login_input_td DIV.lui_login_input_div INPUT.form-control.lui_login_input_password"},{"id":"path/ordinal","prob":1,"value":"/HTML[1]/BODY[1]/DIV[2]/DIV[1]/DIV[3]/DIV[1]/FORM[1]/TABLE[1]/TBODY[1]/TR[3]/TD[1]/DIV[2]/INPUT[1]"},{"id":"input/type","verifyEnabled":true,"value":"password"}]},"intendedRole":"passwordbox","roles":"element,passwordbox,textbox","monitored":true,"frameXPath":""},"control2_VJMK0t":{"location":{"data":{"tagName":"A"},"userData":{"data":[],"force":false},"locators":[{"id":"button/text","prob":3,"value":{"text":["登录"],"visText":["登录"]}},{"id":"text","prob":3,"value":{"text":["登录"],"visText":["登录"]}},{"id":"@class/word","prob":1,"value":"DIV.lui_login_button_div_l DIV.lui_login_button_div_r DIV.lui_login_button_div_c A"},{"id":"path/ordinal","prob":1,"value":"/HTML[1]/BODY[1]/DIV[2]/DIV[1]/DIV[3]/DIV[1]/FORM[1]/TABLE[1]/TBODY[1]/TR[4]/TD[1]/DIV[1]/DIV[1]/DIV[1]/A[1]"},{"id":"elderLevel","value":{"level":0}}]},"intendedRole":"button","roles":"element,button,link","monitored":true,"frameXPath":""}},"contexts":{"context0_wo8yyl":{"controls":["control0_RtlmPu","control1_fCRsNH","control2_VJMK0t"],"anchors":[],"urlAnchor":[]}},"flows":{"flow0_57oGIE":{"toContexts":[{"toContextId":"context0_wo8yyl"}]},"flow1_JcgBmL":{"fromContextId":"context0_wo8yyl","fromAction":"click","fromControlId":"control0_RtlmPu","toContexts":[{"toContextId":"context0_wo8yyl"}]},"flow2_UxeQIx":{"fromContextId":"context0_wo8yyl","fromAction":"click","fromControlId":"control2_VJMK0t","toContexts":[{"toContextId":"context0_wo8yyl"},{"toContextId":"context1_UE20ka","toModelId":"store_replenish_list"}]}},"pages":{"page0_vBsvu5":{"contextId":"context0_wo8yyl","layout":[{"id":"uiControl0_sZV0TV","display":{"type":"card","adapterId":"card","adapter":{"templateType":""}},"layout":[{"id":"uiControl0_sZV0TVheader","display":{"type":"cardHeader","text":"","adapterId":"cardHeader","adapter":{"templateType":""}},"layout":[]},{"id":"uiControl0_sZV0TVbody","display":{"type":"cardBody","adapterId":"cardBody","adapter":{"templateType":""}},"layout":[{"id":"uiControl1_SKVxuq","controlId":"control0_RtlmPu","display":{"adapterId":"textbox","type":"textbox","label":"用户名","adapter":{"templateType":""}}},{"id":"uiControl2_OtkuT5","controlId":"control1_fCRsNH","display":{"adapterId":"passwordbox","type":"passwordbox","label":"密码","adapter":{"templateType":""}}},{"id":"uiControl7_JJfUkT","controlId":"control2_VJMK0t","display":{"adapterId":"clickable","type":"button","adapter":{"templateType":""}}}]},{"id":"uiControl0_sZV0TVfooter","display":{"type":"cardFooter","adapterId":"cardFooter","adapter":{"templateType":""}},"layout":[]}]}]}},"matchers":{"page/title":{"contexts":{"context0_wo8yyl":["登陆营销云平台"]}},"page/urls":{"contexts":{"context0_wo8yyl":["7.carpoly.com/ekp/login.jsp;jsessionid=A68A408F1816AA58E770B549847FC232","7.carpoly.com/ekp/login.jsp","7.carpoly.com/ekp/login.jsp;jsessionid=03B3D6F9064BD74E51E9290378301FD4"]}},"page/ids":{"contexts":{"context0_wo8yyl":[["floatPanel"],["floatPanel","login-bgImg"]]}},"page/classes":{"contexts":{"context0_wo8yyl":[["arrow","arrowPanel","backstretch","con","ctrolPanel","footer","form-control","kh","login","login_con","logo","lui_login_button_div_c","lui_login_button_div_l","lui_login_button_div_r","lui_login_button_td","lui_login_form_table","lui_login_input_div","lui_login_input_password","lui_login_input_td","lui_login_input_title","lui_login_input_username","lui_login_message_div","lui_login_message_td","popPanel","popPanel-inner","qrcodePanel","wechatQrcode","wraper"],["arrow","arrowPanel","backstretch","con","ctrolPanel","deleteable","footer","form-control","kh","login","login_con","logo","lui_login_button_div_c","lui_login_button_div_l","lui_login_button_div_r","lui_login_button_td","lui_login_form_table","lui_login_input_div","lui_login_input_password","lui_login_input_td","lui_login_input_title","lui_login_input_username","lui_login_message_div","lui_login_message_td","popPanel","popPanel-inner","qrcodePanel","wechatQrcode","wraper"],["animated","arrow","arrowPanel","ctrolPanel","dog_bg","fadeInLeft","fadeInUp","fireworks","flipInX","footer","header","icon_del","login-background-img","login_content","login_footer","login_header","login_iframe","login_top_bar","logo","lui_login_button_div_c","lui_login_button_div_l","lui_login_button_div_r","lui_login_button_td","lui_login_form_table","lui_login_input_div","lui_login_input_password","lui_login_input_td","lui_login_input_title","lui_login_input_username","lui_login_message_div","lui_login_message_td","main_content","marroon_bg","popPanel","popPanel-inner","qrcodePanel","textTop","tip_message","tit_","titcon","tree_bg","wechatQrcode"]]}},"page/tagTriplets":{"contexts":{"context0_wo8yyl":[["-/-/DIV","-/-/SCRIPT","-/-/STYLE","-/DIV/DIV","-/DIV/IMG","DIV/A/SPAN","DIV/DIV/A","DIV/DIV/BR","DIV/DIV/DIV","DIV/DIV/FORM","DIV/DIV/IMG","DIV/DIV/P","DIV/DIV/SCRIPT","DIV/FORM/INPUT-hidden","DIV/FORM/INPUT-submit","DIV/FORM/TABLE","FORM/TABLE/TBODY","TABLE/TBODY/TR","TBODY/TR/TD","TD/DIV/DIV","TD/DIV/INPUT-password","TD/DIV/INPUT-text","TR/TD/DIV"],["-/-/DIV","-/-/SCRIPT","-/DIV/DIV","-/DIV/IMG","-/DIV/STYLE","A/DIV/DIV","DIV/A/SPAN","DIV/DIV/A","DIV/DIV/BR","DIV/DIV/DIV","DIV/DIV/FORM","DIV/DIV/IMG","DIV/DIV/P","DIV/DIV/SCRIPT","DIV/DIV/SPAN","DIV/DIV/UL","DIV/FORM/INPUT-hidden","DIV/FORM/INPUT-submit","DIV/FORM/TABLE","DIV/UL/LI","FORM/TABLE/TBODY","TABLE/TBODY/TR","TBODY/TR/TD","TD/A/DIV","TD/DIV/I","TD/DIV/INPUT-password","TD/DIV/INPUT-text","TR/TD/A","TR/TD/DIV"]]}}}}