{
  "version": "0.1",
  "id": "returnMsg",
  "targetURL": "http://oa.sec.com.cn/lks/koa/lks_rules.nsf/AG_ReturnMsgNewWin?openagent&strMsg=%u60A8%u5BF9%u5F53%u524D%u6587%u6863%u6CA1%u6709%u9605%u77E5%u4FDD%u7559%u7684%u6743%u9650%uFF01&strButton=B:C&lcyjPar=LCYJZCun%u2014lc_gp4%u2014sec%u2014rules%u2014F7EAABC5A1D3A5B3482582870010FA0E%u20140",
  "jsFile": "index.js",
  "requires": {
    "lks_tasks": "../lks_tasks/index.json",
    "lks_plflowreview": "../lks_plflowreview/index.json",
    "lks_hrreview": "../lks_hrreview/index.json",
    "lks_news_list": "../lks_news_list/index.json",
    "returnMsg": "../returnMsg/index.json",
    "lks_devconfigsec": "../lks_devconfigsec/index.json"
  },
  "chineseName": "系统提示",
  "description": "",
  "controls": {
    "control34_5ePmE6": {
      "location": {
        "data": {
          "tagName": "TABLE"
        },
        "userData": {
          "data": [],
          "force": false
        },
        "locators": [
          {
            "id": "@class/word",
            "prob": 1,
            "ordinal": [
              0,
              2
            ],
            "value": "DIV.clsReturnMsg TABLE TBODY TR TD TABLE"
          },
          {
            "id": "path/ordinal",
            "prob": 1,
            "value": "/HTML[1]/BODY[1]/DIV[1]/TABLE[1]/TBODY[1]/TR[1]/TD[1]/TABLE[1]"
          }
        ]
      },
      "intendedRole": "dialog",
      "roles": "element,dialog",
      "monitored": true,
      "frameXPath": "",
      "componentType": "dialog"
    },
    "control38_Uf0TZp": {
      "location": {
        "data": {
          "tagName": "TR"
        },
        "userData": {
          "data": [],
          "force": false
        },
        "locators": [
          {
            "id": "path/ordinal",
            "prob": 1,
            "value": "/HTML[1]/BODY[1]/DIV[1]/TABLE[1]/TBODY[1]/TR[1]/TD[1]/TABLE[1]/TBODY[1]/TR[1]"
          }
        ]
      },
      "events": {
        "onGetData": "getData_control38_Uf0TZp"
      },
      "intendedRole": "custom",
      "roles": "element,custom",
      "monitored": true,
      "frameXPath": "",
      "componentType": "custom"
    },
    "control39_Ln6mh7": {
      "location": {
        "data": {
          "tagName": "TR"
        },
        "userData": {
          "data": [],
          "force": false
        },
        "locators": [
          {
            "id": "path/ordinal",
            "prob": 1,
            "value": "/HTML[1]/BODY[1]/DIV[1]/TABLE[1]/TBODY[1]/TR[1]/TD[1]/TABLE[1]/TBODY[1]/TR[2]"
          }
        ]
      },
      "events": {
        "onGetData": "getData_control39_Ln6mh7"
      },
      "intendedRole": "custom",
      "roles": "element,custom",
      "monitored": true,
      "frameXPath": "",
      "componentType": "custom"
    },
    "control68_uzHmAz": {
      "location": {
        "data": {
          "tagName": "INPUT"
        },
        "userData": {
          "data": [],
          "force": false
        },
        "locators": [
          {
            "id": "input/button/@value",
            "prob": 3,
            "value": {
              "text": [
                "关闭"
              ]
            }
          },
          {
            "id": "@title",
            "prob": 2,
            "value": {
              "text": [
                "关闭窗口"
              ],
              "textboxValue": "关闭"
            }
          },
          {
            "id": "@class/word",
            "prob": 1,
            "value": "DIV.clsReturnMsg INPUT.btndoc"
          },
          {
            "id": "path/ordinal",
            "prob": 1,
            "value": "/HTML[1]/BODY[1]/DIV[1]/TABLE[1]/TBODY[1]/TR[1]/TD[1]/TABLE[1]/TBODY[1]/TR[2]/TD[1]/CENTER[1]/INPUT[1]"
          },
          {
            "id": "input/type",
            "verifyEnabled": true,
            "value": "button"
          }
        ]
      },
      "intendedRole": "button",
      "roles": "element,button",
      "monitored": true,
      "frameXPath": "",
      "componentType": "button"
    }
  },
  "contexts": {
    "context7_adlfZy": {
      "controls": [
        "control34_5ePmE6",
        "control38_Uf0TZp",
        "control39_Ln6mh7",
        "control68_uzHmAz"
      ],
      "anchors": [],
      "urlAnchor": []
    }
  },
  "flows": {
    "flow30_fMr2OJ": {
      "toContexts": [
        {
          "toContextId": "context7_adlfZy"
        },
        {
          "toContextId": "context13_k04Crz",
          "toModelId": "lks_plflowreview"
        },
        {
          "toContextId": "context15_HgJeLK",
          "toModelId": "lks_hrreview"
        },
        {
          "toContextId": "context1_uBcbtH",
          "toModelId": "lks_tasks"
        },
        {
          "toContextId": "context25_VQLbwJ",
          "toModelId": "lks_news_list"
        },
        {
          "toContextId": "context7_adlfZy",
          "toModelId": "returnMsg"
        },
        {
          "toContextId": "context29_myM0HG",
          "toModelId": "lks_devconfigsec"
        }
      ]
    },
    "flow49_4bD6hQ": {
      "fromContextId": "context7_adlfZy",
      "fromAction": "click",
      "fromControlId": "control34_5ePmE6",
      "toContexts": [
        {
          "toContextId": "context7_adlfZy"
        }
      ]
    },
    "flow50_8S2TTy": {
      "fromContextId": "context7_adlfZy",
      "fromAction": "click",
      "fromControlId": "control68_uzHmAz",
      "toContexts": [
        {
          "toContextId": "context7_adlfZy"
        },
        {
          "toContextId": "context1_uBcbtH",
          "toModelId": "lks_tasks"
        }
      ]
    }
  },
  "pages": {
    "page7_PCsqgq": {
      "contextId": "context7_adlfZy",
      "layout": [
        {
          "id": "uiControl45_vVXu4t",
          "controlId": "control34_5ePmE6",
          "display": {
            "adapterId": "dialog",
            "type": "dialog",
            "adapter": {
              "templateType": ""
            }
          },
          "layout": [
            {
              "id": "uiControl45_vVXu4tbody",
              "display": {
                "type": "dialogBody",
                "adapterId": "dialogBody",
                "adapter": {
                  "templateType": ""
                }
              },
              "layout": [
                {
                  "id": "uiControl50_LtI2C4",
                  "controlId": "control38_Uf0TZp",
                  "display": {
                    "adapterId": "custom",
                    "type": "custom",
                    "adapter": {
                      "templateType": "react",
                      "events": {
                        "onDoAction": "doAction_uiControl50_LtI2C4",
                        "onGetTemplate": "getTemplate_uiControl50_LtI2C4"
                      }
                    }
                  }
                },
                {
                  "id": "uiControl51_K3vor6",
                  "controlId": "control39_Ln6mh7",
                  "display": {
                    "adapterId": "custom",
                    "type": "custom",
                    "adapter": {
                      "templateType": "react",
                      "events": {
                        "onDoAction": "doAction_uiControl51_K3vor6",
                        "onGetTemplate": "getTemplate_uiControl51_K3vor6"
                      }
                    }
                  }
                }
              ]
            },
            {
              "id": "uiControl45_vVXu4tfooter",
              "display": {
                "type": "dialogFooter",
                "adapterId": "dialogFooter",
                "adapter": {
                  "templateType": ""
                }
              },
              "layout": [
                {
                  "id": "uiControl81_r0CVq1",
                  "controlId": "control68_uzHmAz",
                  "display": {
                    "adapterId": "clickable",
                    "type": "button",
                    "amSize": "xs",
                    "class": "ui-btn",
                    "hollow": false,
                    "amStyle": "",
                    "adapter": {
                      "templateType": ""
                    }
                  }
                }
              ]
            }
          ]
        }
      ]
    }
  },
  "matchers": {
    "page/title": {
      "contexts": {
        "context7_adlfZy": [
          "操作返回界面",
          "",
          "未知的一般性错误",
          "请登录深圳能源OA系统"
        ]
      }
    },
    "page/urls": {
      "contexts": {
        "context7_adlfZy": [
          "oa.sec.com.cn/lks/koa/lks_rules.nsf/AG_ReturnMsgNewWin?openagent&strMsg=%u60A8%u5BF9%u5F53%u524D%u6587%u6863%u6CA1%u6709%u9605%u77E5%u4FDD%u7559%u7684%u6743%u9650%uFF01&strButton=B:C&lcyjPar=LCYJZCun%u2014lc_gp4%u2014sec%u2014rules%u2014F7EAABC5A1D3A5B3482582870010FA0E%u20140",
          "oa.sec.com.cn/lks/koa/lks_flow.nsf/AG_ReturnMsgNewWin?openagent&strMsg=%u6210%u529F%u5173%u6CE8%u7C7B%u522B%u4E3A%u201C%u6D41%u7A0B%u7BA1%u7406(%u8D22%u52A1%u6D41%u7A0B)/%u8D22%u52A1%u7BA1%u7406%u90E8/%u56FA%u5B9A%u8D44%u4EA7%u91C7%u8D2D%u4ED8%u6B3E%u201D%u7684%u5F85%u529E&strButton=C:Refresh&lcyjPar=LCYJZCun%u2014lc_gp4%u2014sec%u2014flow%u2014B0ED31F33006DB2B4825828F002A3ADC%u201418",
          "oa.sec.com.cn/lks/koa/lks_flow.nsf/AG_ReturnMsgNewWin?openagent&strMsg=%u6210%u529F%u5173%u6CE8%u7C7B%u522B%u4E3A%u201C%u516C%u6587%u7BA1%u7406/14%u6DF1%u5733%u80FD%u6E90%u96C6%u56E2%u80A1%u4EFD%u6709%u9650%u516C%u53F8%u7EAA%u59D4%u4F1A%u4F1A%u8BAE%u7EAA%u8981%u201D%u7684%u5F85%u529E&strButton=C:Refresh&lcyjPar=LCYJZCun%u2014lc_gp4%u2014sec%u2014flow%u20146C13426E445F81C44825828200045483%u20145",
          "oa.sec.com.cn/lks/koa/lks_flow.nsf/AG_ReturnMsgNewWin?openagent&strMsg=%u6210%u529F%u5173%u6CE8%u7C7B%u522B%u4E3A%u201C%u6D41%u7A0B%u7BA1%u7406/%u5B89%u59D4%u4F1A%u529E%u516C%u5BA4/%u5B89%u5168%u9690%u60A3%u6574%u6539%u901A%u77E5%u201D%u7684%u5F85%u529E&strButton=C:Refresh&lcyjPar=LCYJZCun%u2014lc_gp4%u2014sec%u2014flow%u2014718B2AB857B829084825828200099BF2%u20145",
          "oa.sec.com.cn/lks/koa/lks_flow.nsf/AG_ReturnMsgNewWin?openagent&strMsg=%u5F85%u529E%u88AB%u6210%u529F%u53D6%u6D88%uFF01&strButton=C:Refresh&lcyjPar=LCYJZCun%u2014lc_gp4%u2014sec%u2014flow%u2014B0ED31F33006DB2B4825828F002A3ADC%u201418",
          "oa.sec.com.cn/lks/koa/lks_flow.nsf/AG_ReturnMsgNewWin?openagent&strMsg=%u6210%u529F%u8BBE%u7F6E%u4E3A%u91CD%u8981%u5F85%u529E%uFF01&strButton=C:Refresh&lcyjPar=LCYJZCun%u2014admin_gel%u2014sec%u2014flow%u2014C870B91A7FD8D00448258294000439A5%u20145",
          "oa.sec.com.cn/lks/koa/lks_flow.nsf/AG_ReturnMsgNewWin?openagent&strMsg=%u6210%u529F%u5173%u6CE8%u7C7B%u522B%u4E3A%u201C%u6D41%u7A0B%u7BA1%u7406(HR%u6D41%u7A0B)/%u4EBA%u4E8B/%u5458%u5DE5%u79BB%u804C%u7533%u8BF7%u201D%u7684%u5F85%u529E&strButton=C:Refresh&lcyjPar=LCYJZCun%u2014lc_gp4%u2014sec%u2014flow%u2014B1A24D3B1906352848258296002C0A27%u20148",
          "oa.sec.com.cn/lks/sys/lks_profile.nsf/AG_ReturnMsgNewWin?openagent&strMsg=%u4FDD%u5B58%u6210%u529F%uFF01&strButton=BA3226CA6E46BB4CD482578AA00134B07:C&lcyjPar=",
          "oa.sec.com.cn/lks/koa/lks_flow.nsf/AG_ReturnMsgNewWin?openagent&strMsg=%u56E0%u8D85%u65F6%u6216%u9519%u8BEF%u5C1D%u8BD5%u6B21%u6570%u8FC7%u591A%uFF0C%u672C%u6B21%u9A8C%u8BC1%u7801%u5DF2%u7ECF%u8FC7%u671F%uFF0C%u8BF7%u91CD%u65B0%u83B7%u53D6%u3002&strButton=C&lcyjPar=LCYJZCun%u2014lc_gp4%u2014sec%u2014flow%u2014CC07BE8366B907E0482582900032C6FF%u201415",
          "blank",
          "oa.sec.com.cn/lks/koa/lks_hrreview.nsf/AG_ReturnMsgNewWin?openagent&strMsg=%u60A8%u5BF9%u5F53%u524D%u6587%u6863%u6CA1%u6709%u9605%u77E5%u4FDD%u7559%u7684%u6743%u9650%uFF01&strButton=B:C&lcyjPar=LCYJZCun%u2014admin_gel%u2014sec%u2014hrreview%u20149F77516EA352F5154825829F0019A658%u20140",
          "oa.sec.com.cn/lks/koa/lks_plflowreview.nsf/AG_ReturnMsgNewWin?openagent&strMsg=%u60A8%u5BF9%u5F53%u524D%u6587%u6863%u6CA1%u6709%u9605%u77E5%u4FDD%u7559%u7684%u6743%u9650%uFF01&strButton=B:C&lcyjPar=LCYJZCun%u2014lc_gp4%u2014sec%u2014plflowreview%u20149427A29CA2328FE948258287000B00F4%u20140",
          "oa.sec.com.cn/lks/koa/lks_archivemngnewex.nsf/AG_ReturnMsgNewWin?openagent&strMsg=%u6587%u6863%u5DF2%u5B58%u5165%u8349%u7A3F%u7BB1%uFF0C%u5728%u6CA1%u6709%u70B9%u51FB%u201C%u63D0%u4EA4%u201D%u6309%u94AE%u4E4B%u524D%uFF0C%u6682%u5B58%u7684%u6587%u6863%u5C06%u53EA%u6709%u60A8%u53EF%u4EE5%u770B%u5230%u3002&strButton=B94D7CDA1D6C7418B4825827C000C3971:C&lcyjPar=LCYJZCun%u2014lc_gp4%u2014sec%u2014archivemngnewex%u201494D7CDA1D6C7418B4825827C000C3971%u20140",
          "oa.sec.com.cn/lks/koa/lks_flow.nsf/AG_ReturnMsgNewWin?openagent&strMsg=%u6210%u529F%u5173%u6CE8%u7C7B%u522B%u4E3A%u201C%u77E5%u8BC6%u4E2D%u5FC3/%u71C3%u6599%u7BA1%u7406%u90E8/%u91C7%u8D2D%u8BA1%u5212%u201D%u7684%u5F85%u529E&strButton=C:Refresh&lcyjPar=LCYJZCun%u2014admin_gel%u2014sec%u2014flow%u2014DD38B543E3BE90A2482582940027B6E4%u20148",
          "oa.sec.com.cn/lks/koa/lks_review.nsf/AG_ReturnMsgNewWin?openagent&strMsg=%u9605%u77E5%u4FDD%u7559%u6210%u529F%uFF01&strButton=B:C&lcyjPar=LCYJZCun%u2014lc_gp4%u2014sec%u2014review%u2014901AD2C7D21FE90848258291000DE9FA%u20140",
          "oa.sec.com.cn/lks/koa/lks_news.nsf/AG_ReturnMsgNewWin?openagent&strMsg=%u60A8%u5BF9%u5F53%u524D%u6587%u6863%u6CA1%u6709%u9605%u77E5%u4FDD%u7559%u7684%u6743%u9650%uFF01&strButton=B:C&lcyjPar=",
          "oa.sec.com.cn/lks/koa/lks_flow.nsf/AG_ReturnMsgNewWin?openagent&strMsg=%u60A8%u7684%u6388%u6743%u8BBE%u7F6E%u5DF2%u4FDD%u5B58%uFF0C%u5E76%u5DF2%u901A%u77E5%u76F8%u5173%u4EBA%u5458%uFF01&strButton=C&lcyjPar=",
          "oa.sec.com.cn/lks/koa/lks_feedback.nsf/AG_ReturnMsgNewWin?openagent&strMsg=%u60A8%u7684%u6587%u6863%u5DF2%u63D0%u4EA4%uFF01&strButton=H:C&lcyjPar=",
          "oa.sec.com.cn/lks/koa/lks_review.nsf/AG_ReturnMsgNewWin?openagent&strMsg=%u6587%u6863%u5DF2%u5B58%u5165%u8349%u7A3F%u7BB1%uFF0C%u5728%u6CA1%u6709%u70B9%u51FB%u201C%u63D0%u4EA4%u201D%u6309%u94AE%u4E4B%u524D%uFF0C%u6682%u5B58%u7684%u6587%u6863%u5C06%u53EA%u6709%u60A8%u53EF%u4EE5%u770B%u5230%u3002&strButton=B7331A7A12A9529DE482582EA0034DE61:C&lcyjPar=LCYJZCun%u2014%u845B%u5170%u2014sec%u2014review%u2014FM_COMMONREVIEW%u20140",
          "oac1.sec.com.cn/lks/koa.wygs/lks_review.nsf/0/1F07C7CBBC695345482582C7003DB226?opendocument&m_Seq=0.44749035928153846"
        ]
      }
    },
    "page/ids": {
      "contexts": {
        "context7_adlfZy": [
          [
            "retmsg"
          ],
          [],
          [
            "unauthor"
          ]
        ]
      }
    },
    "page/classes": {
      "contexts": {
        "context7_adlfZy": [
          [
            "btndoc",
            "clsReturnMsg"
          ],
          [],
          [
            "button",
            "tdbody"
          ]
        ]
      }
    },
    "page/tagTriplets": {
      "contexts": {
        "context7_adlfZy": [
          [
            "-/-/DIV",
            "-/-/LINK",
            "-/-/SCRIPT",
            "-/DIV/TABLE",
            "CENTER/CENTER/BR",
            "DIV/TABLE/TBODY",
            "TABLE/TBODY/TR",
            "TBODY/TR/TD",
            "TD/B/FONT",
            "TD/CENTER/BR",
            "TD/CENTER/CENTER",
            "TD/CENTER/INPUT-button",
            "TD/P/B",
            "TD/P/FONT",
            "TD/TABLE/TBODY",
            "TR/TD/B",
            "TR/TD/BR",
            "TR/TD/CENTER",
            "TR/TD/FONT",
            "TR/TD/P",
            "TR/TD/SPAN",
            "TR/TD/TABLE"
          ],
          [
            "-/-/DIV",
            "-/-/LINK",
            "-/-/SCRIPT",
            "-/DIV/TABLE",
            "CENTER/CENTER/BR",
            "DIV/TABLE/TBODY",
            "TABLE/TBODY/TR",
            "TBODY/TR/TD",
            "TD/B/FONT",
            "TD/CENTER/BR",
            "TD/CENTER/CENTER",
            "TD/CENTER/INPUT-button",
            "TD/P/B",
            "TD/P/FONT",
            "TD/TABLE/TBODY",
            "TR/TD/B",
            "TR/TD/BR",
            "TR/TD/CENTER",
            "TR/TD/P",
            "TR/TD/TABLE"
          ],
          [],
          [
            "-/-/FORM",
            "-/-/SCRIPT",
            "-/FORM/DIV",
            "-/FORM/SCRIPT",
            "-/FORM/STYLE",
            "-/FORM/TITLE",
            "B/FONT/BR",
            "DIV/TABLE/TBODY",
            "FORM/DIV/TABLE",
            "P/B/FONT",
            "P/B/INPUT-submit",
            "P/FONT/B",
            "TABLE/TBODY/TR",
            "TBODY/TR/TD",
            "TD/P/B",
            "TD/P/FONT",
            "TR/TD/P"
          ],
          [
            "-/-/FORM",
            "-/-/SCRIPT",
            "-/FORM/INPUT-hidden",
            "-/FORM/INPUT-null",
            "-/FORM/SCRIPT",
            "-/FORM/TABLE",
            "FORM/TABLE/TBODY",
            "TABLE/TBODY/TR",
            "TBODY/TR/TD",
            "TR/TD/BR",
            "TR/TD/IMG",
            "TR/TD/SPAN"
          ]
        ]
      }
    }
  }
}