{"version":"0.1","id":"marketing_expense_add","targetURL":"https://7.carpoly.com/ekp/cm/fee/cm_fee_conference_expense/cmFeeConferenceExpense.do?method=add&s_css=default","jsFile":"index.js","requires":{"lbpm_usage":"../lbpm_usage/index.json","success":"../success/index.json"},"chineseName":"营销会议报销申请","description":"","controls":{"control11_sgHdHU":{"location":{"data":{"tagName":"IFRAME"},"userData":{"data":[],"force":false},"locators":[{"id":"@id/word","prob":2,"value":["descendant::DIV[@id=\"dialog_iframe\"]/DIV[1]/DIV[1]/IFRAME[1]","descendant::DIV[@id=\"dialog_iframe\"]//IFRAME"]},{"id":"@class/word","prob":1,"value":"DIV.lui_dialog_container.clearfloat DIV.lui-component DIV.lui_dialog_content IFRAME"},{"id":"path/ordinal","prob":1,"value":"/HTML[1]/BODY[1]/DIV[1]/DIV[1]/DIV[2]/DIV[1]/DIV[1]/DIV[1]/DIV[1]/DIV[1]/DIV[1]/IFRAME[1]"},{"id":"elderLevel","value":{"level":0}}]},"intendedRole":"dialog","roles":"element,dialog","monitored":false,"frameXPath":""},"control12_zASc3K":{"location":{"data":{"tagName":"DIV"},"userData":{"data":[],"force":false},"locators":[{"id":"@class/word","prob":1,"value":"DIV.lui_dialog_headL DIV.lui_dialog_headR DIV.lui_dialog_head"},{"id":"path/ordinal","prob":1,"ordinal":[0,2],"value":"/HTML[1]/BODY[1]/DIV[1]/DIV[1]/DIV[1]/DIV[1]/DIV[1]"}]},"events":{"onGetData":"getData_control12_zASc3K"},"intendedRole":"custom","roles":"element,custom","monitored":false,"frameXPath":""},"control13_lBDR94":{"location":{"data":{"tagName":"IFRAME"},"userData":{"data":[],"force":false},"locators":[{"id":"@id/word","prob":2,"value":["descendant::DIV[@id=\"dialog_iframe\"]/DIV[1]/DIV[1]/IFRAME[1]","descendant::DIV[@id=\"dialog_iframe\"]//IFRAME"]},{"id":"@class/word","prob":1,"value":"DIV.lui_dialog_container.clearfloat DIV.lui-component DIV.lui_dialog_content IFRAME"},{"id":"path/ordinal","prob":1,"value":"/HTML[1]/BODY[1]/DIV[1]/DIV[1]/DIV[2]/DIV[1]/DIV[1]/DIV[1]/DIV[1]/DIV[1]/DIV[1]/IFRAME[1]"},{"id":"elderLevel","value":{"level":0}}]},"events":{"onGetData":"getData_control13_lBDR94"},"intendedRole":"custom","roles":"element,custom","monitored":true,"frameXPath":""},"control15_Py8fOk":{"location":{"data":{"tagName":"P"},"userData":{"data":[],"force":false},"locators":[{"id":"@class/word","prob":1,"value":"DIV.lui_form_content_frame P.txttitle"},{"id":"path/ordinal","prob":1,"value":"/HTML[1]/BODY[1]/FORM[1]/DIV[1]/DIV[1]/P[1]"},{"id":"style/color","value":[62,158,206]},{"id":"elderLevel","value":{"level":0}}]},"events":{"onGetData":"getData_control15_Py8fOk"},"intendedRole":"custom","roles":"element,custom","monitored":true,"frameXPath":""},"control16_VTZVnH":{"location":{"data":{"tagName":"TABLE"},"userData":{"data":[],"force":false},"locators":[{"id":"@class/word","prob":1,"value":"DIV.lui_form_content_frame TABLE.tb_normal"},{"id":"path/ordinal","prob":1,"value":"/HTML[1]/BODY[1]/FORM[1]/DIV[1]/TABLE[1]"}]},"events":{"onGetData":"getData_control16_VTZVnH"},"intendedRole":"custom","roles":"element,custom","monitored":true,"frameXPath":""},"control17_EhSFvk":{"location":{"data":{"tagName":"TABLE"},"userData":{"data":[],"force":false},"locators":[{"id":"@id/word","prob":2,"value":["descendant::DIV[@id=\"process_review_tabcontent\"]/TABLE[1]","descendant::DIV[@id=\"process_review_tabcontent\"]//TABLE"]},{"id":"@class/word","prob":1,"value":"DIV.lui_panel_content_inside DIV.lui-component TABLE.tb_normal.process_review_panel"},{"id":"path/ordinal","prob":1,"value":"/HTML[1]/BODY[1]/FORM[1]/DIV[2]/DIV[1]/DIV[1]/DIV[1]/DIV[2]/DIV[1]/DIV[1]/DIV[1]/DIV[1]/DIV[1]/TABLE[1]"}]},"events":{"onGetData":"getData_control17_EhSFvk"},"intendedRole":"custom","roles":"element,custom","monitored":true,"frameXPath":""},"control18_O8o6AN":{"location":{"data":{"tagName":"TABLE"},"userData":{"data":[],"force":false},"locators":[{"id":"@class/word","prob":1,"value":"DIV.lui_toolbar_left DIV.lui_toolbar_right DIV.lui_toolbar_content TABLE"},{"id":"path/ordinal","prob":1,"value":"/HTML[1]/BODY[1]/DIV[1]/DIV[1]/DIV[1]/DIV[1]/DIV[1]/DIV[1]/TABLE[1]"}]},"events":{"onGetData":"getData_control18_O8o6AN"},"intendedRole":"custom","roles":"element,custom","monitored":true,"frameXPath":""},"control19_tEVzGI":{"location":{"data":{"tagName":"DIV"},"userData":{"data":[],"force":false},"locators":[{"id":"@class/word","prob":1,"value":"DIV.lui_dialog_container.clearfloat DIV.lui-component DIV.lui_dialog_common_content_right"},{"id":"path/ordinal","prob":1,"value":"/HTML[1]/BODY[1]/DIV[1]/DIV[1]/DIV[2]/DIV[1]/DIV[1]/DIV[1]/DIV[1]/DIV[2]"}]},"intendedRole":"dialog","roles":"element,dialog","monitored":true,"frameXPath":""},"control20_IFQ2oJ":{"location":{"data":{"tagName":"DIV"},"userData":{"data":[],"force":false},"locators":[{"id":"text","prob":3,"value":{"text":["当前页面处于编辑状态，你的数据可能未保存，是否仍要关闭窗口？"],"visText":["当前页面处于编辑状态，你的数据可能未保存，是否仍要关闭窗口？"]}},{"id":"@class/word","prob":1,"value":"DIV.lui-component DIV.lui_dialog_common_content_right DIV.lui_dialog_common_content_inside"},{"id":"path/ordinal","prob":1,"value":"/HTML[1]/BODY[1]/DIV[1]/DIV[1]/DIV[2]/DIV[1]/DIV[1]/DIV[1]/DIV[1]/DIV[2]/DIV[1]"},{"id":"elderLevel","value":{"level":0}}]},"roles":"element","content":true,"monitored":true,"frameXPath":""},"control22_9XUsU7":{"location":{"data":{"tagName":"DIV"},"userData":{"data":[],"force":false},"locators":[{"id":"@class/word","prob":1,"value":"DIV.lui_dialog_common_content_right DIV.lui_dialog_common_buttons.clearfloat DIV.lui_dialog_buttons_container"},{"id":"path/ordinal","prob":1,"value":"/HTML[1]/BODY[1]/DIV[1]/DIV[1]/DIV[2]/DIV[1]/DIV[1]/DIV[1]/DIV[1]/DIV[2]/DIV[2]/DIV[1]"}]},"events":{"onGetData":"getData_control22_9XUsU7"},"intendedRole":"custom","roles":"element,custom","monitored":true,"frameXPath":""},"control26_0tmRV5":{"location":{"data":{"tagName":"TABLE"},"userData":{"data":[],"force":false},"locators":[{"id":"@class/word","prob":1,"ordinal":[0,8],"value":"TABLE.tb_noborder"},{"id":"path/ordinal","prob":1,"value":"/HTML[1]/BODY[1]/DIV[1]/DIV[1]/TABLE[1]"}]},"events":{"onGetData":"getData_control26_0tmRV5"},"intendedRole":"custom","roles":"element,custom","monitored":true,"frameXPath":"//iframe[1]<<IFRAME>>"},"control27_ImMSXI":{"location":{"data":{"tagName":"TABLE"},"userData":{"data":[],"force":false},"locators":[{"id":"@class/word","prob":1,"value":"DIV.lui_form_content_frame TABLE.tb_normal"},{"id":"path/ordinal","prob":1,"value":"/HTML[1]/BODY[1]/FORM[1]/DIV[1]/TABLE[1]"}]},"events":{"onGetData":"getData_control27_ImMSXI"},"intendedRole":"custom","roles":"element,custom","monitored":true,"frameXPath":""},"control52_FdGtiT":{"location":{"data":{"tagName":"DIV"},"userData":{"data":[],"force":false},"locators":[{"id":"text","prob":3,"value":{"text":["很抱歉，未找到相应的记录！"],"visText":["很抱歉，未找到相应的记录！"]}},{"id":"@id/partialWord","prob":1,"disabled":true,"value":{"elemId":"lui-id-3","tagName":"DIV","prefix":"DIV[@id=\"listview\"]//","suffix":"/DIV[4]/DIV[1]/DIV[1]/DIV[1]/DIV[1]/DIV[1]/DIV[1]/DIV[2]/DIV[1]/DIV[1]","ratio":0.23}},{"id":"@class/word","prob":1,"ordinal":[0,8],"value":"DIV.prompt_content_right DIV.prompt_content_inside DIV.msgtitle"},{"id":"path/ordinal","prob":1,"value":"/HTML[1]/BODY[1]/DIV[1]/DIV[1]/DIV[1]/DIV[1]/DIV[4]/DIV[1]/DIV[1]/DIV[1]/DIV[1]/DIV[1]/DIV[1]/DIV[2]/DIV[1]/DIV[1]"},{"id":"style/color","value":[62,158,206]},{"id":"elderLevel","value":{"level":0}}]},"roles":"element","content":true,"monitored":true,"frameXPath":"//iframe[1]<<IFRAME>>"}},"contexts":{"context2_670S0o":{"controls":["control11_sgHdHU","control12_zASc3K","control13_lBDR94","control15_Py8fOk","control16_VTZVnH","control17_EhSFvk","control18_O8o6AN","control19_tEVzGI","control20_IFQ2oJ","control22_9XUsU7","control26_0tmRV5","control27_ImMSXI","control52_FdGtiT"],"anchors":[],"urlAnchor":[]}},"flows":{"flow8_OwHKLT":{"toContexts":[{"toContextId":"context2_670S0o"}]},"flow11_bwrAku":{"fromContextId":"context2_670S0o","fromAction":"click","fromControlId":"control11_sgHdHU","toContexts":[{"toContextId":"context2_670S0o"}]},"flow12_L0hIcD":{"fromContextId":"context2_670S0o","fromAction":"doAction","fromControlId":"control13_lBDR94","toContexts":[{"toContextId":"context2_670S0o"}]},"flow13_O6C4Ew":{"fromContextId":"context2_670S0o","fromAction":"doAction","fromControlId":"control17_EhSFvk","toContexts":[{"toContextId":"context2_670S0o"},{"toContextId":"context3_fbHeAS","toModelId":"lbpm_usage"}]},"flow14_Vr6Uhv":{"fromContextId":"context2_670S0o","fromAction":"doAction","fromControlId":"control18_O8o6AN","toContexts":[{"toContextId":"context2_670S0o"},{"toContextId":"context6_89mKlb","toModelId":"success"}]},"flow17_73TUwX":{"fromContextId":"context2_670S0o","fromAction":"doAction","fromControlId":"control22_9XUsU7","toContexts":[{"toContextId":"context2_670S0o"}]},"flow18_aazeTp":{"fromContextId":"context2_670S0o","fromAction":"doAction","fromControlId":"control16_VTZVnH","toContexts":[{"toContextId":"context2_670S0o"}]},"flow19_vVSfiA":{"fromContextId":"context2_670S0o","fromAction":"doAction","fromControlId":"control12_zASc3K","toContexts":[{"toContextId":"context2_670S0o"}]},"flow22_zSzNMZ":{"fromContextId":"context2_670S0o","fromAction":"doAction","fromControlId":"control26_0tmRV5","toContexts":[{"toContextId":"context2_670S0o"}]},"flow23_PFJgVN":{"fromContextId":"context2_670S0o","fromAction":"doAction","fromControlId":"control27_ImMSXI","toContexts":[{"toContextId":"context2_670S0o"}]}},"pages":{"page2_iXHM96":{"contextId":"context2_670S0o","layout":[{"id":"uiControl16_I2PAFU","controlId":"control15_Py8fOk","display":{"adapterId":"custom","type":"custom","adapter":{"templateType":"react","events":{"onDoAction":"doAction_uiControl16_I2PAFU","onGetTemplate":"getTemplate_uiControl16_I2PAFU"}}}},{"id":"uiControl12_kdwIwG","controlId":"control11_sgHdHU","display":{"adapterId":"dialog","type":"dialog","class":"ui-dialog","adapter":{"templateType":""}},"layout":[{"id":"uiControl12_kdwIwGbody","display":{"type":"dialogBody","adapterId":"dialogBody","adapter":{"templateType":""}},"layout":[{"id":"uiControl13_KcX4zP","controlId":"control12_zASc3K","display":{"adapterId":"custom","type":"custom","adapter":{"templateType":"react","events":{"onDoAction":"doAction_uiControl13_KcX4zP","onGetTemplate":"getTemplate_uiControl13_KcX4zP"}}}}]},{"id":"uiControl12_kdwIwGfooter","display":{"type":"dialogFooter","adapterId":"dialogFooter","adapter":{"templateType":""}},"layout":[{"id":"uiControl14_yr8z4r","controlId":"control13_lBDR94","display":{"adapterId":"custom","type":"custom","adapter":{"templateType":"react","events":{"onDoAction":"doAction_uiControl14_yr8z4r","onGetTemplate":"getTemplate_uiControl14_yr8z4r"}}}},{"id":"uiControl29_iuzvE1","controlId":"control26_0tmRV5","display":{"adapterId":"custom","type":"custom","adapter":{"templateType":"react","events":{"onDoAction":"doAction_uiControl29_iuzvE1","onGetTemplate":"getTemplate_uiControl29_iuzvE1"}}}},{"id":"uiControl56_gNGDXv","controlId":"control52_FdGtiT","display":{"adapterId":"content","type":"content","class":"text-center data-empty","adapter":{"templateType":""}}}]}]},{"id":"uiControl19_bGVsBh","controlId":"control16_VTZVnH","display":{"adapterId":"custom","type":"custom","adapter":{"templateType":"react","events":{"onDoAction":"doAction_uiControl19_bGVsBh","onGetTemplate":"getTemplate_uiControl19_bGVsBh"}}}},{"id":"uiControl30_mfoBda","controlId":"control27_ImMSXI","display":{"adapterId":"custom","type":"custom","adapter":{"templateType":"react","events":{"onDoAction":"doAction_uiControl30_mfoBda","onGetTemplate":"getTemplate_uiControl30_mfoBda"}}}},{"id":"uiControl23_EMn29G","controlId":"control19_tEVzGI","display":{"adapterId":"dialog","type":"dialog","adapter":{"templateType":""}},"layout":[{"id":"uiControl23_EMn29Gbody","display":{"type":"dialogBody","adapterId":"dialogBody","adapter":{"templateType":""}},"layout":[{"id":"uiControl24_KArLEE","controlId":"control20_IFQ2oJ","display":{"adapterId":"content","type":"content","adapter":{"templateType":""}}}]},{"id":"uiControl23_EMn29Gfooter","display":{"type":"dialogFooter","adapterId":"dialogFooter","adapter":{"templateType":""}},"layout":[{"id":"uiControl25_QK5U2w","controlId":"control22_9XUsU7","display":{"adapterId":"custom","type":"custom","adapter":{"templateType":"react","events":{"onDoAction":"doAction_uiControl25_QK5U2w","onGetTemplate":"getTemplate_uiControl25_QK5U2w"}}}}]}]},{"id":"uiControl20_3i5OUa","controlId":"control17_EhSFvk","display":{"adapterId":"custom","type":"custom","adapter":{"templateType":"react","events":{"onDoAction":"doAction_uiControl20_3i5OUa","onGetTemplate":"getTemplate_uiControl20_3i5OUa"}}}},{"id":"uiControl21_qkqiSN","display":{"type":"sticky","adapterId":"sticky","adapter":{"templateType":""}},"layout":[{"id":"uiControl21_qkqiSNbody","display":{"type":"stickyBody","adapterId":"stickyBody","adapter":{"templateType":""}},"layout":[{"id":"uiControl22_hhpnyb","controlId":"control18_O8o6AN","display":{"adapterId":"custom","type":"custom","adapter":{"templateType":"react","events":{"onDoAction":"doAction_uiControl22_hhpnyb","onGetTemplate":"getTemplate_uiControl22_hhpnyb"}}}}]}]}]}},"matchers":{"page/title":{"contexts":{"context2_670S0o":["新建 - 费用支持管理"]}},"page/urls":{"contexts":{"context2_670S0o":["7.carpoly.com/ekp/cm/fee/cm_fee_conference_expense/cmFeeConferenceExpense.do?method=add&s_css=default","7.carpoly.com/ekp/cm/fee/cm_fee_conference_expense/cmFeeConferenceExpense.do?method=add&cmBaseDeptId=1542c110badd9e9603cb3f44e60bd484"],"context6_89mKlb":["7.carpoly.com/ekp/cm/store/cm_storefront_acceptance/cmStorefrontAcceptance.do?method=update&fdId=161278339635371d3e3cff04acdba249&s_css=default&s_seq=1","7.carpoly.com/ekp/cm/store/cm_storefront_acceptance/cmStorefrontAcceptance.do?method=save&cmBaseDeptId=15615df39bfb129024358eb4359a0302&s_seq=1","7.carpoly.com/ekp/cm/store/cm_storefront_runstore/cmStorefrontRunstore.do?method=update&fdId=161452ab725662eea2f71154de8bccb6&s_css=default&s_seq=1","7.carpoly.com/ekp/cm/store/cm_storefront_runstore/cmStorefrontRunstore.do?method=save&cmBaseDeptId=15615df39bfb129024358eb4359a0302&s_seq=1","7.carpoly.com/ekp/cm/store/cm_storefront_upgrade/cmStorefrontUpgrade.do?method=update&fdId=16126cc77063735c1e1b0ca486aa20f9&s_css=default&s_seq=1","7.carpoly.com/ekp/cm/store/cm_storefront_revoke/cmStorefrontRevoke.do?method=update&fdId=161275a9cbf8778ac3394d94c8492213&s_css=default&s_seq=1","7.carpoly.com/ekp/cm/store/cm_storefront_revoke/cmStorefrontRevoke.do?method=save&cmBaseDeptId=15615df39bfb129024358eb4359a0302&s_seq=1","7.carpoly.com/ekp/cm/store/cm_storefront_replenish/cmStorefrontReplenish.do?method=update&fdId=16127096fca8ec843e50f4e4168a6e1e&s_css=default&s_seq=1","7.carpoly.com/ekp/cm/store/cm_storefront_replenish/cmStorefrontReplenish.do?method=save&s_css=default&s_seq=1","7.carpoly.com/ekp/cm/fee/cm_fee_ad_apply/cmFeeAdApply.do?method=save&cmBaseDeptId=15615df39bfb129024358eb4359a0302&s_seq=1","7.carpoly.com/ekp/cm/fee/cm_fee_conference_apply/cmFeeConferenceApply.do?method=save&cmBaseDeptId=15615df39bfb129024358eb4359a0302&s_seq=1","7.carpoly.com/ekp/cm/fee/cm_fee_conference_apply/cmFeeConferenceApply.do?method=update&fdId=16145df64d709880b6b69d2473abc6a7&s_css=default&s_seq=1","7.carpoly.com/ekp/cm/fee/cm_fee_conference_expense/cmFeeConferenceExpense.do?method=update&fdId=16068ed853ca518b21d6cd948faa200b&s_css=default&s_seq=1","7.carpoly.com/ekp/cm/fee/cm_fee_conference_expense/cmFeeConferenceExpense.do?method=save&cmBaseDeptId=15615df39bfb129024358eb4359a0302&s_seq=1"]}},"page/ids":{"contexts":{"context2_670S0o":[["Label_Tabel_Workflow_Info","Label_Tabel_Workflow_Info_Label_Btn_","Label_Tabel_Workflow_Info_Label_Img__","SWFUpload_","WF_IFrame","WF_TableIFrame","_List_cmFeeConferenceExpensePicture_Attachment_Table","_List_cmFeeConferenceExpenseSignInForm_Attachment_Table","_List_cmFeeConferenceExpenseSummaryReport_Attachment_Table","__notify_type_fbdbeacdc_sysWfBusinessForm.fdSystemNotifyType","att_xtable_cmFeeConferenceExpensePicture","att_xtable_cmFeeConferenceExpenseSignInForm","att_xtable_cmFeeConferenceExpenseSummaryReport","attachmentObject_cmFeeConferenceExpensePicture_content_div","attachmentObject_cmFeeConferenceExpenseSignInForm_content_div","attachmentObject_cmFeeConferenceExpenseSummaryReport_content_div","changeProcessorDIV","checkChangeFlowTR","cmBaseConferenceTypeName_div","cmBaseCustomerInfoCode_div","cmBaseUnionActivityName_div","cmFeeConferenceApplyUrl","cmStorefrontStoreTypeName_div","currentNodeDescription","dayOfNotifyDrafter","descriptionRow","dialog_iframe","fdApproveMoney_div","fdBindMoney_div","fdConferenceDistributor_div","fdConferenceLinkman_div","fdConferenceTel_div","fdCooperativeBrand_div","fdFlowDescription","fdOpenStoreName_div","fdOtherConferenceName_div","fdReceiptAddr_div","fdReceiptTel_div","flowGraphic","flowGraphicShowCheckbox","flowLogTableTD","handlerIdentityRow","handlerShowNames[]","hourOfNotifyDrafter","lbpm_highLevelTab","lui-id-","manualBranchNodeRow","manualNodeSelectTD","minuteOfNotifyDrafter","modifyFlowDIV","nextNodeName[]","nextNodeTD","nodeCanViewCurNodeTR","notifyDraftOnFinish","notifyLevelRow","notifyLevelTD","notifyTypeRow","operationMethodsGroup","operationMethodsRow","otherCanViewCurNodeTR","process_review_tabcontent","showDetails","sysWfBusinessForm.canStartProcess","sysWfBusinessForm.fdAdditionsParameterJson","sysWfBusinessForm.fdAuditNoteFdId","sysWfBusinessForm.fdCurHanderId","sysWfBusinessForm.fdCurNodeSavedXML","sysWfBusinessForm.fdCurNodeXML","sysWfBusinessForm.fdDraftorId","sysWfBusinessForm.fdDraftorName","sysWfBusinessForm.fdFlowContent","sysWfBusinessForm.fdHandlerRoleInfoIds","sysWfBusinessForm.fdHandlerRoleInfoNames","sysWfBusinessForm.fdIdentityId","sysWfBusinessForm.fdIsModify","sysWfBusinessForm.fdKey","sysWfBusinessForm.fdModelId","sysWfBusinessForm.fdModelName","sysWfBusinessForm.fdParameterJson","sysWfBusinessForm.fdProcessId","sysWfBusinessForm.fdProcessStatus","sysWfBusinessForm.fdTemplateKey","sysWfBusinessForm.fdTemplateModelName","sysWfBusinessForm.fdTranProcessXML","systemNotifyTypeTD","toolbar","workflowInfoTD","workflowTableTD"],["Label_Tabel_Workflow_Info","Label_Tabel_Workflow_Info_Label_Btn_","Label_Tabel_Workflow_Info_Label_Img__","SWFUpload_","WF_IFrame","WF_TableIFrame","_List_cmFeeConferenceExpensePicture_Attachment_Table","_List_cmFeeConferenceExpenseSignInForm_Attachment_Table","_List_cmFeeConferenceExpenseSummaryReport_Attachment_Table","__notify_type_fadedfcf_sysWfBusinessForm.fdSystemNotifyType","att_xtable_cmFeeConferenceExpensePicture","att_xtable_cmFeeConferenceExpenseSignInForm","att_xtable_cmFeeConferenceExpenseSummaryReport","attachmentObject_cmFeeConferenceExpensePicture_content_div","attachmentObject_cmFeeConferenceExpenseSignInForm_content_div","attachmentObject_cmFeeConferenceExpenseSummaryReport_content_div","changeProcessorDIV","checkChangeFlowTR","cmBaseConferenceTypeName_div","cmBaseCustomerInfoCode_div","cmBaseUnionActivityName_div","cmFeeConferenceApplyUrl","cmStorefrontStoreTypeName_div","currentNodeDescription","dayOfNotifyDrafter","descriptionRow","fdApproveMoney_div","fdBindMoney_div","fdConferenceDistributor_div","fdConferenceLinkman_div","fdConferenceTel_div","fdCooperativeBrand_div","fdFlowDescription","fdOpenStoreName_div","fdOtherConferenceName_div","fdReceiptAddr_div","fdReceiptTel_div","flowGraphic","flowGraphicShowCheckbox","flowLogTableTD","handlerIdentityRow","handlerShowNames[]","hourOfNotifyDrafter","lbpm_highLevelTab","lui-id-","manualBranchNodeRow","manualNodeSelectTD","minuteOfNotifyDrafter","modifyFlowDIV","nextNodeName[]","nextNodeTD","nodeCanViewCurNodeTR","notifyDraftOnFinish","notifyLevelRow","notifyLevelTD","notifyTypeRow","operationMethodsGroup","operationMethodsRow","otherCanViewCurNodeTR","process_review_tabcontent","showDetails","sysWfBusinessForm.canStartProcess","sysWfBusinessForm.fdAdditionsParameterJson","sysWfBusinessForm.fdAuditNoteFdId","sysWfBusinessForm.fdCurHanderId","sysWfBusinessForm.fdCurNodeSavedXML","sysWfBusinessForm.fdCurNodeXML","sysWfBusinessForm.fdDraftorId","sysWfBusinessForm.fdDraftorName","sysWfBusinessForm.fdFlowContent","sysWfBusinessForm.fdHandlerRoleInfoIds","sysWfBusinessForm.fdHandlerRoleInfoNames","sysWfBusinessForm.fdIdentityId","sysWfBusinessForm.fdIsModify","sysWfBusinessForm.fdKey","sysWfBusinessForm.fdModelId","sysWfBusinessForm.fdModelName","sysWfBusinessForm.fdParameterJson","sysWfBusinessForm.fdProcessId","sysWfBusinessForm.fdProcessStatus","sysWfBusinessForm.fdTemplateKey","sysWfBusinessForm.fdTemplateModelName","sysWfBusinessForm.fdTranProcessXML","systemNotifyTypeTD","toolbar","workflowInfoTD","workflowTableTD"],["Label_Tabel_Workflow_Info","Label_Tabel_Workflow_Info_Label_Btn_","Label_Tabel_Workflow_Info_Label_Img__","SWFUpload_","WF_IFrame","WF_TableIFrame","_List_cmFeeConferenceExpensePicture_Attachment_Table","_List_cmFeeConferenceExpenseSignInForm_Attachment_Table","_List_cmFeeConferenceExpenseSummaryReport_Attachment_Table","__notify_type_bdceeaacceeacf_sysWfBusinessForm.fdSystemNotifyType","att_xtable_cmFeeConferenceExpensePicture","att_xtable_cmFeeConferenceExpenseSignInForm","att_xtable_cmFeeConferenceExpenseSummaryReport","attachmentObject_cmFeeConferenceExpensePicture_content_div","attachmentObject_cmFeeConferenceExpenseSignInForm_content_div","attachmentObject_cmFeeConferenceExpenseSummaryReport_content_div","changeProcessorDIV","checkChangeFlowTR","cmBaseConferenceTypeName_div","cmBaseCustomerInfoCode_div","cmBaseUnionActivityName_div","cmFeeConferenceApplyUrl","cmStorefrontStoreTypeName_div","currentNodeDescription","dayOfNotifyDrafter","descriptionRow","dialog_iframe","fdApproveMoney_div","fdBindMoney_div","fdConferenceDistributor_div","fdConferenceLinkman_div","fdConferenceTel_div","fdCooperativeBrand_div","fdFlowDescription","fdOpenStoreName_div","fdOtherConferenceName_div","fdReceiptAddr_div","fdReceiptTel_div","flowGraphic","flowGraphicShowCheckbox","flowLogTableTD","handlerIdentityRow","handlerShowNames[]","hourOfNotifyDrafter","lbpm_highLevelTab","lui-id-","manualBranchNodeRow","manualNodeSelectTD","minuteOfNotifyDrafter","modifyFlowDIV","nextNodeName[]","nextNodeTD","nodeCanViewCurNodeTR","notifyDraftOnFinish","notifyLevelRow","notifyLevelTD","notifyTypeRow","operationMethodsGroup","operationMethodsRow","otherCanViewCurNodeTR","process_review_tabcontent","showDetails","sysWfBusinessForm.canStartProcess","sysWfBusinessForm.fdAdditionsParameterJson","sysWfBusinessForm.fdAuditNoteFdId","sysWfBusinessForm.fdCurHanderId","sysWfBusinessForm.fdCurNodeSavedXML","sysWfBusinessForm.fdCurNodeXML","sysWfBusinessForm.fdDraftorId","sysWfBusinessForm.fdDraftorName","sysWfBusinessForm.fdFlowContent","sysWfBusinessForm.fdHandlerRoleInfoIds","sysWfBusinessForm.fdHandlerRoleInfoNames","sysWfBusinessForm.fdIdentityId","sysWfBusinessForm.fdIsModify","sysWfBusinessForm.fdKey","sysWfBusinessForm.fdModelId","sysWfBusinessForm.fdModelName","sysWfBusinessForm.fdParameterJson","sysWfBusinessForm.fdProcessId","sysWfBusinessForm.fdProcessStatus","sysWfBusinessForm.fdTemplateKey","sysWfBusinessForm.fdTemplateModelName","sysWfBusinessForm.fdTranProcessXML","systemNotifyTypeTD","toolbar","workflowInfoTD","workflowTableTD"],["Label_Tabel_Workflow_Info","Label_Tabel_Workflow_Info_Label_Btn_","Label_Tabel_Workflow_Info_Label_Img__","SWFUpload_","WF_IFrame","WF_TableIFrame","_List_cmFeeConferenceExpensePicture_Attachment_Table","_List_cmFeeConferenceExpenseSignInForm_Attachment_Table","_List_cmFeeConferenceExpenseSummaryReport_Attachment_Table","__notify_type_bdceeaacceeacf_sysWfBusinessForm.fdSystemNotifyType","att_xtable_cmFeeConferenceExpensePicture","att_xtable_cmFeeConferenceExpenseSignInForm","att_xtable_cmFeeConferenceExpenseSummaryReport","attachmentObject_cmFeeConferenceExpensePicture_content_div","attachmentObject_cmFeeConferenceExpenseSignInForm_content_div","attachmentObject_cmFeeConferenceExpenseSummaryReport_content_div","changeProcessorDIV","checkChangeFlowTR","cmBaseConferenceTypeName_div","cmBaseCustomerInfoCode_div","cmBaseUnionActivityName_div","cmFeeConferenceApplyUrl","cmStorefrontStoreTypeName_div","currentNodeDescription","dayOfNotifyDrafter","descriptionRow","fdApproveMoney_div","fdBindMoney_div","fdConferenceDistributor_div","fdConferenceLinkman_div","fdConferenceTel_div","fdCooperativeBrand_div","fdFlowDescription","fdOpenStoreName_div","fdOtherConferenceName_div","fdReceiptAddr_div","fdReceiptTel_div","flowGraphic","flowGraphicShowCheckbox","flowLogTableTD","handlerIdentityRow","handlerShowNames[]","hourOfNotifyDrafter","lbpm_highLevelTab","lui-id-","manualBranchNodeRow","manualNodeSelectTD","minuteOfNotifyDrafter","modifyFlowDIV","nextNodeName[]","nextNodeTD","nodeCanViewCurNodeTR","nodehandler_box","notifyDraftOnFinish","notifyLevelRow","notifyLevelTD","notifyTypeRow","operationMethodsGroup","operationMethodsRow","otherCanViewCurNodeTR","process_review_tabcontent","showDetails","sysWfBusinessForm.canStartProcess","sysWfBusinessForm.fdAdditionsParameterJson","sysWfBusinessForm.fdAuditNoteFdId","sysWfBusinessForm.fdCurHanderId","sysWfBusinessForm.fdCurNodeSavedXML","sysWfBusinessForm.fdCurNodeXML","sysWfBusinessForm.fdDraftorId","sysWfBusinessForm.fdDraftorName","sysWfBusinessForm.fdFlowContent","sysWfBusinessForm.fdHandlerRoleInfoIds","sysWfBusinessForm.fdHandlerRoleInfoNames","sysWfBusinessForm.fdIdentityId","sysWfBusinessForm.fdIsModify","sysWfBusinessForm.fdKey","sysWfBusinessForm.fdModelId","sysWfBusinessForm.fdModelName","sysWfBusinessForm.fdParameterJson","sysWfBusinessForm.fdProcessId","sysWfBusinessForm.fdProcessStatus","sysWfBusinessForm.fdTemplateKey","sysWfBusinessForm.fdTemplateModelName","sysWfBusinessForm.fdTranProcessXML","systemNotifyTypeTD","toolbar","workflowInfoTD","workflowTableTD"],["Label_Tabel_Workflow_Info","Label_Tabel_Workflow_Info_Label_Btn_","Label_Tabel_Workflow_Info_Label_Img__","SWFUpload_","SWFUpload__","WF_IFrame","WF_TableIFrame","_List_cmFeeConferenceExpensePicture_Attachment_Table","_List_cmFeeConferenceExpenseSignInForm_Attachment_Table","_List_cmFeeConferenceExpenseSummaryReport_Attachment_Table","__notify_type_cfabacdabdddbac_sysWfBusinessForm.fdSystemNotifyType","advice-_validate_","att_xtable_cmFeeConferenceExpensePicture","att_xtable_cmFeeConferenceExpenseSignInForm","att_xtable_cmFeeConferenceExpenseSummaryReport","attachmentObject_cmFeeConferenceExpensePicture_content_div","attachmentObject_cmFeeConferenceExpenseSignInForm_content_div","attachmentObject_cmFeeConferenceExpenseSummaryReport_content_div","changeProcessorDIV","checkChangeFlowTR","cmBaseConferenceTypeName_div","cmBaseCustomerInfoCode_div","cmBaseUnionActivityName_div","cmFeeConferenceApplyUrl","cmStorefrontStoreTypeName_div","currentNodeDescription","dayOfNotifyDrafter","descriptionRow","dp[!{index}]","fdApproveMoney_div","fdBindMoney_div","fdConferenceDistributor_div","fdConferenceLinkman_div","fdConferenceTel_div","fdCooperativeBrand_div","fdFlowDescription","fdOpenStoreName_div","fdOtherConferenceName_div","fdReceiptAddr_div","fdReceiptTel_div","flowGraphic","flowGraphicShowCheckbox","flowLogTableTD","handlerIdentityRow","handlerShowNames[]","hourOfNotifyDrafter","lbpm_highLevelTab","lui-id-","manualBranchNodeRow","manualNodeSelectTD","minuteOfNotifyDrafter","modifyFlowDIV","nextNodeName[]","nextNodeTD","nodeCanViewCurNodeTR","notifyDraftOnFinish","notifyLevelRow","notifyLevelTD","notifyTypeRow","operationMethodsGroup","operationMethodsRow","otherCanViewCurNodeTR","process_review_tabcontent","showDetails","sysWfBusinessForm.canStartProcess","sysWfBusinessForm.fdAdditionsParameterJson","sysWfBusinessForm.fdAuditNoteFdId","sysWfBusinessForm.fdCurHanderId","sysWfBusinessForm.fdCurNodeSavedXML","sysWfBusinessForm.fdCurNodeXML","sysWfBusinessForm.fdDraftorId","sysWfBusinessForm.fdDraftorName","sysWfBusinessForm.fdFlowContent","sysWfBusinessForm.fdHandlerRoleInfoIds","sysWfBusinessForm.fdHandlerRoleInfoNames","sysWfBusinessForm.fdIdentityId","sysWfBusinessForm.fdIsModify","sysWfBusinessForm.fdKey","sysWfBusinessForm.fdModelId","sysWfBusinessForm.fdModelName","sysWfBusinessForm.fdParameterJson","sysWfBusinessForm.fdProcessId","sysWfBusinessForm.fdProcessStatus","sysWfBusinessForm.fdTemplateKey","sysWfBusinessForm.fdTemplateModelName","sysWfBusinessForm.fdTranProcessXML","systemNotifyTypeTD","toolbar","ui-datepicker-div","workflowInfoTD","workflowTableTD"],["Label_Tabel_Workflow_Info","Label_Tabel_Workflow_Info_Label_Btn_","Label_Tabel_Workflow_Info_Label_Img__","SWFUpload_","WF_IFrame","WF_TableIFrame","_List_cmFeeConferenceExpensePicture_Attachment_Table","_List_cmFeeConferenceExpenseSignInForm_Attachment_Table","_List_cmFeeConferenceExpenseSummaryReport_Attachment_Table","__notify_type_ebcaef_sysWfBusinessForm.fdSystemNotifyType","att_xtable_cmFeeConferenceExpensePicture","att_xtable_cmFeeConferenceExpenseSignInForm","att_xtable_cmFeeConferenceExpenseSummaryReport","attachmentObject_cmFeeConferenceExpensePicture_content_div","attachmentObject_cmFeeConferenceExpenseSignInForm_content_div","attachmentObject_cmFeeConferenceExpenseSummaryReport_content_div","changeProcessorDIV","checkChangeFlowTR","cmBaseConferenceTypeName_div","cmBaseCustomerInfoCode_div","cmBaseUnionActivityName_div","cmFeeConferenceApplyUrl","cmStorefrontStoreTypeName_div","currentNodeDescription","dayOfNotifyDrafter","descriptionRow","dialog_iframe","fdApproveMoney_div","fdBindMoney_div","fdConferenceDistributor_div","fdConferenceLinkman_div","fdConferenceTel_div","fdCooperativeBrand_div","fdFlowDescription","fdOpenStoreName_div","fdOtherConferenceName_div","fdReceiptAddr_div","fdReceiptTel_div","flowGraphic","flowGraphicShowCheckbox","flowLogTableTD","handlerIdentityRow","handlerShowNames[]","hourOfNotifyDrafter","lbpm_highLevelTab","lui-id-","manualBranchNodeRow","manualNodeSelectTD","minuteOfNotifyDrafter","modifyFlowDIV","nextNodeName[]","nextNodeTD","nodeCanViewCurNodeTR","notifyDraftOnFinish","notifyLevelRow","notifyLevelTD","notifyTypeRow","operationMethodsGroup","operationMethodsRow","optionButtons","otherCanViewCurNodeTR","process_review_tabcontent","showDetails","sysWfBusinessForm.canStartProcess","sysWfBusinessForm.fdAdditionsParameterJson","sysWfBusinessForm.fdAuditNoteFdId","sysWfBusinessForm.fdCurHanderId","sysWfBusinessForm.fdCurNodeSavedXML","sysWfBusinessForm.fdCurNodeXML","sysWfBusinessForm.fdDraftorId","sysWfBusinessForm.fdDraftorName","sysWfBusinessForm.fdFlowContent","sysWfBusinessForm.fdHandlerRoleInfoIds","sysWfBusinessForm.fdHandlerRoleInfoNames","sysWfBusinessForm.fdIdentityId","sysWfBusinessForm.fdIsModify","sysWfBusinessForm.fdKey","sysWfBusinessForm.fdModelId","sysWfBusinessForm.fdModelName","sysWfBusinessForm.fdParameterJson","sysWfBusinessForm.fdProcessId","sysWfBusinessForm.fdProcessStatus","sysWfBusinessForm.fdTemplateKey","sysWfBusinessForm.fdTemplateModelName","sysWfBusinessForm.fdTranProcessXML","systemNotifyTypeTD","toolbar","top","workflowInfoTD","workflowTableTD"]]}},"page/classes":{"contexts":{"context2_670S0o":[["StoreHidden","activityHidden","bind_money_class","btnlabel","clearfloat","clr","com_btn_link","com_help","handlerNamesLabel","input","inputMul","inputSgl","inputdatetime","inputselectsgl","inputsgl","lbpmNextRouteInfoRow","lui-component","lui_dialog_bottomC","lui_dialog_bottomL","lui_dialog_bottomR","lui_dialog_buttons","lui_dialog_centerC","lui_dialog_centerL","lui_dialog_centerR","lui_dialog_container","lui_dialog_content","lui_dialog_frame","lui_dialog_head","lui_dialog_headL","lui_dialog_headR","lui_dialog_head_left","lui_dialog_head_right","lui_form_content_frame","lui_panel_content_inside","lui_portlet_operations","lui_tabpage_float_content","lui_tabpage_float_content_c","lui_tabpage_float_content_l","lui_tabpage_float_content_r","lui_tabpage_float_contents","lui_tabpage_float_footer_c","lui_tabpage_float_footer_l","lui_tabpage_float_footer_r","lui_tabpage_float_header_c","lui_tabpage_float_header_close","lui_tabpage_float_header_l","lui_tabpage_float_header_r","lui_tabpage_float_header_text","lui_tabpage_float_header_title","lui_tabpage_float_nav_item","lui_tabpage_float_nav_item_c","lui_tabpage_float_nav_item_l","lui_tabpage_float_nav_item_r","lui_tabpage_float_navs","lui_tabpage_float_navs_c","lui_tabpage_float_navs_l","lui_tabpage_float_navs_mark","lui_tabpage_float_navs_r","lui_tabpage_frame","lui_toolbar_btn","lui_toolbar_btn_c","lui_toolbar_btn_l","lui_toolbar_btn_r","lui_toolbar_content","lui_toolbar_frame_float","lui_toolbar_frame_float_mark","lui_toolbar_left","lui_toolbar_right","lui_widget_btn","lui_widget_btn_txt","nodeinfo_box","other_conference_class","process_review_panel","selected","selectitem","swfupload","swfuploadbutton","swfuploadtext","tb_label","tb_noborder","tb_normal","td_label","td_normal_title","tr_normal_title","txtstrong","txttitle","uploadinfotext"],["StoreHidden","activityHidden","bind_money_class","btnlabel","clearfloat","com_btn_link","com_help","handlerNamesLabel","input","inputMul","inputSgl","inputdatetime","inputselectsgl","inputsgl","lbpmNextRouteInfoRow","lui-component","lui_form_content_frame","lui_panel_content_inside","lui_portlet_operations","lui_tabpage_float_content","lui_tabpage_float_content_c","lui_tabpage_float_content_l","lui_tabpage_float_content_r","lui_tabpage_float_contents","lui_tabpage_float_footer_c","lui_tabpage_float_footer_l","lui_tabpage_float_footer_r","lui_tabpage_float_header_c","lui_tabpage_float_header_close","lui_tabpage_float_header_l","lui_tabpage_float_header_r","lui_tabpage_float_header_text","lui_tabpage_float_header_title","lui_tabpage_float_nav_item","lui_tabpage_float_nav_item_c","lui_tabpage_float_nav_item_l","lui_tabpage_float_nav_item_r","lui_tabpage_float_navs","lui_tabpage_float_navs_c","lui_tabpage_float_navs_l","lui_tabpage_float_navs_mark","lui_tabpage_float_navs_r","lui_tabpage_frame","lui_toolbar_btn","lui_toolbar_btn_c","lui_toolbar_btn_l","lui_toolbar_btn_r","lui_toolbar_content","lui_toolbar_frame_float","lui_toolbar_frame_float_mark","lui_toolbar_left","lui_toolbar_right","lui_widget_btn","lui_widget_btn_txt","nodeinfo_box","other_conference_class","process_review_panel","selected","selectitem","swfupload","swfuploadbutton","swfuploadtext","tb_label","tb_noborder","tb_normal","td_label","td_normal_title","tr_normal_title","txtstrong","txttitle","uploadinfotext"],["StoreHidden","activityHidden","bind_money_class","btnlabel","clearfloat","clr","com_btn_link","com_help","handlerNamesLabel","input","inputMul","inputSgl","inputdatetime","inputselectsgl","inputsgl","lbpmNextRouteInfoRow","lui-component","lui_dialog_bottomC","lui_dialog_bottomL","lui_dialog_bottomR","lui_dialog_buttons_container","lui_dialog_centerC","lui_dialog_centerL","lui_dialog_centerR","lui_dialog_common_buttons","lui_dialog_common_content_inside","lui_dialog_common_content_right","lui_dialog_container","lui_dialog_content_question","lui_dialog_frame","lui_dialog_head","lui_dialog_headL","lui_dialog_headR","lui_dialog_head_left","lui_dialog_head_right","lui_form_content_frame","lui_panel_content_inside","lui_portlet_operations","lui_tabpage_float_content","lui_tabpage_float_content_c","lui_tabpage_float_content_l","lui_tabpage_float_content_r","lui_tabpage_float_contents","lui_tabpage_float_footer_c","lui_tabpage_float_footer_l","lui_tabpage_float_footer_r","lui_tabpage_float_header_c","lui_tabpage_float_header_close","lui_tabpage_float_header_l","lui_tabpage_float_header_r","lui_tabpage_float_header_text","lui_tabpage_float_header_title","lui_tabpage_float_nav_item","lui_tabpage_float_nav_item_c","lui_tabpage_float_nav_item_l","lui_tabpage_float_nav_item_r","lui_tabpage_float_navs","lui_tabpage_float_navs_c","lui_tabpage_float_navs_l","lui_tabpage_float_navs_mark","lui_tabpage_float_navs_r","lui_tabpage_frame","lui_toolbar_btn","lui_toolbar_btn_c","lui_toolbar_btn_def","lui_toolbar_btn_gray","lui_toolbar_btn_l","lui_toolbar_btn_r","lui_toolbar_content","lui_toolbar_frame_float","lui_toolbar_frame_float_mark","lui_toolbar_left","lui_toolbar_right","lui_widget_btn","lui_widget_btn_txt","nodeinfo_box","other_conference_class","process_review_panel","selected","selectitem","swfupload","swfuploadbutton","swfuploadtext","tb_label","tb_noborder","tb_normal","td_label","td_normal_title","tr_normal_title","txtstrong","txttitle","uploadinfotext"],["StoreHidden","activityHidden","bind_money_class","btnlabel","clearfloat","com_btn_link","com_help","handlerNamesLabel","input","inputMul","inputSgl","inputdatetime","inputselectsgl","inputsgl","lbpmNextRouteInfoRow","lui-component","lui_form_content_frame","lui_icon_s","lui_icon_s_icon_validator","lui_panel_content_inside","lui_portlet_operations","lui_tabpage_float_content","lui_tabpage_float_content_c","lui_tabpage_float_content_l","lui_tabpage_float_content_r","lui_tabpage_float_contents","lui_tabpage_float_footer_c","lui_tabpage_float_footer_l","lui_tabpage_float_footer_r","lui_tabpage_float_header_c","lui_tabpage_float_header_close","lui_tabpage_float_header_l","lui_tabpage_float_header_r","lui_tabpage_float_header_text","lui_tabpage_float_header_title","lui_tabpage_float_nav_item","lui_tabpage_float_nav_item_c","lui_tabpage_float_nav_item_l","lui_tabpage_float_nav_item_r","lui_tabpage_float_navs","lui_tabpage_float_navs_c","lui_tabpage_float_navs_l","lui_tabpage_float_navs_mark","lui_tabpage_float_navs_r","lui_tabpage_frame","lui_toolbar_btn","lui_toolbar_btn_c","lui_toolbar_btn_l","lui_toolbar_btn_r","lui_toolbar_content","lui_toolbar_frame_float","lui_toolbar_frame_float_mark","lui_toolbar_left","lui_toolbar_right","lui_widget_btn","lui_widget_btn_txt","nodeinfo_box","other_conference_class","process_review_panel","selected","selectitem","swfupload","swfuploadbutton","swfuploadtext","tb_label","tb_noborder","tb_normal","td_label","td_normal_title","tr_normal_title","txtstrong","txttitle","ui-corner-all","ui-datepicker","ui-datepicker-buttonpane","ui-datepicker-calendar","ui-datepicker-clear","ui-datepicker-close","ui-datepicker-current","ui-datepicker-current-day","ui-datepicker-header","ui-datepicker-month","ui-datepicker-next","ui-datepicker-other-month","ui-datepicker-prev","ui-datepicker-title","ui-datepicker-today","ui-datepicker-week-end","ui-datepicker-year","ui-helper-clearfix","ui-icon","ui-icon-circle-triangle-e","ui-icon-circle-triangle-w","ui-priority-primary","ui-priority-secondary","ui-state-active","ui-state-default","ui-state-highlight","ui-timepicker-div","ui-timepicker-select","ui-widget","ui-widget-content","ui-widget-header","ui_tpicker_hour","ui_tpicker_hour_label","ui_tpicker_hour_slider","ui_tpicker_microsec","ui_tpicker_microsec_label","ui_tpicker_microsec_slider","ui_tpicker_millisec","ui_tpicker_millisec_label","ui_tpicker_millisec_slider","ui_tpicker_minute","ui_tpicker_minute_label","ui_tpicker_minute_slider","ui_tpicker_second","ui_tpicker_second_label","ui_tpicker_second_slider","ui_tpicker_time","ui_tpicker_time_label","ui_tpicker_timezone","ui_tpicker_timezone_label","upload_list_filename_edit","upload_list_icon","upload_list_operation","upload_list_progress_img","upload_list_progress_text","upload_list_size","upload_list_status","upload_list_tr","upload_progress_border","upload_progress_text","upload_progress_val","upload_status","uploadinfotext","validation-advice","validation-advice-msg","validation-advice-title","validation-table"],["StoreHidden","activityHidden","bind_money_class","btnlabel","clearfloat","clr","com_btn_link","com_goto","com_gototop","com_help","handlerNamesLabel","input","inputMul","inputSgl","inputdatetime","inputselectsgl","inputsgl","lbpmNextRouteInfoRow","lui-component","lui_dialog_bottomC","lui_dialog_bottomL","lui_dialog_bottomR","lui_dialog_buttons","lui_dialog_centerC","lui_dialog_centerL","lui_dialog_centerR","lui_dialog_container","lui_dialog_content","lui_dialog_frame","lui_dialog_head","lui_dialog_headL","lui_dialog_headR","lui_dialog_head_left","lui_dialog_head_right","lui_form_content_frame","lui_panel_content_inside","lui_portlet_operations","lui_tabpage_float_content","lui_tabpage_float_content_c","lui_tabpage_float_content_l","lui_tabpage_float_content_r","lui_tabpage_float_contents","lui_tabpage_float_footer_c","lui_tabpage_float_footer_l","lui_tabpage_float_footer_r","lui_tabpage_float_header_c","lui_tabpage_float_header_close","lui_tabpage_float_header_l","lui_tabpage_float_header_r","lui_tabpage_float_header_text","lui_tabpage_float_header_title","lui_tabpage_float_nav_item","lui_tabpage_float_nav_item_c","lui_tabpage_float_nav_item_l","lui_tabpage_float_nav_item_r","lui_tabpage_float_navs","lui_tabpage_float_navs_c","lui_tabpage_float_navs_l","lui_tabpage_float_navs_mark","lui_tabpage_float_navs_r","lui_tabpage_frame","lui_toolbar_btn","lui_toolbar_btn_c","lui_toolbar_btn_l","lui_toolbar_btn_r","lui_toolbar_content","lui_toolbar_frame_float","lui_toolbar_frame_float_mark","lui_toolbar_left","lui_toolbar_right","lui_widget_btn","lui_widget_btn_txt","nodeinfo_box","other_conference_class","process_review_panel","selected","selectitem","swfupload","swfuploadbutton","swfuploadtext","tb_label","tb_noborder","tb_normal","td_label","td_normal_title","tr_normal_title","txtstrong","txttitle","uploadinfotext"]]}},"page/tagTriplets":{"contexts":{"context2_670S0o":[["-/-/DIV","-/-/FORM","-/-/SCRIPT","-/DIV/DIV","-/DIV/IFRAME","-/FORM/DIV","-/FORM/INPUT-hidden","DIV/DIV/DIV","DIV/DIV/IFRAME","DIV/DIV/INPUT-hidden","DIV/DIV/INPUT-text","DIV/DIV/LINK","DIV/DIV/OBJECT","DIV/DIV/P","DIV/DIV/SCRIPT","DIV/DIV/TABLE","DIV/LABEL/B","DIV/NOBR/LABEL","DIV/OBJECT/PARAM","DIV/TABLE/TBODY","FORM/DIV/DIV","FORM/DIV/INPUT-hidden","FORM/DIV/SCRIPT","FORM/DIV/TABLE","NOBR/LABEL/INPUT-radio","TABLE/TBODY/SCRIPT","TABLE/TBODY/TR","TBODY/TR/TD","TD/DIV/DIV","TD/DIV/INPUT-hidden","TD/DIV/INPUT-text","TD/DIV/LABEL","TD/DIV/NOBR","TD/DIV/TABLE","TD/LABEL/A","TD/LABEL/INPUT-checkbox","TD/LABEL/INPUT-radio","TD/LABEL/SPAN","TD/NOBR/IMG","TD/NOBR/INPUT-button","TD/SELECT/OPTION","TD/TABLE/TBODY","TR/TD/A","TR/TD/BR","TR/TD/DIV","TR/TD/IFRAME","TR/TD/INPUT-hidden","TR/TD/INPUT-text","TR/TD/LABEL","TR/TD/LINK","TR/TD/NOBR","TR/TD/SCRIPT","TR/TD/SELECT","TR/TD/SPAN","TR/TD/TABLE","TR/TD/TEXTAREA"],["-/-/DIV","-/-/FORM","-/-/SCRIPT","-/DIV/DIV","-/FORM/DIV","-/FORM/INPUT-hidden","DIV/DIV/DIV","DIV/DIV/IFRAME","DIV/DIV/INPUT-hidden","DIV/DIV/INPUT-text","DIV/DIV/LINK","DIV/DIV/OBJECT","DIV/DIV/P","DIV/DIV/SCRIPT","DIV/DIV/TABLE","DIV/LABEL/B","DIV/NOBR/LABEL","DIV/OBJECT/PARAM","DIV/TABLE/TBODY","FORM/DIV/DIV","FORM/DIV/INPUT-hidden","FORM/DIV/SCRIPT","FORM/DIV/TABLE","NOBR/LABEL/INPUT-radio","TABLE/TBODY/SCRIPT","TABLE/TBODY/TR","TBODY/TR/TD","TD/DIV/DIV","TD/DIV/INPUT-hidden","TD/DIV/INPUT-text","TD/DIV/LABEL","TD/DIV/NOBR","TD/DIV/TABLE","TD/LABEL/A","TD/LABEL/INPUT-checkbox","TD/LABEL/INPUT-radio","TD/LABEL/SPAN","TD/NOBR/IMG","TD/NOBR/INPUT-button","TD/SELECT/OPTION","TD/TABLE/TBODY","TR/TD/A","TR/TD/BR","TR/TD/DIV","TR/TD/IFRAME","TR/TD/INPUT-hidden","TR/TD/INPUT-text","TR/TD/LABEL","TR/TD/LINK","TR/TD/NOBR","TR/TD/SCRIPT","TR/TD/SELECT","TR/TD/SPAN","TR/TD/TABLE","TR/TD/TEXTAREA"],["-/-/DIV","-/-/FORM","-/-/IFRAME","-/-/SCRIPT","-/DIV/DIV","-/DIV/TABLE","-/FORM/DIV","-/FORM/INPUT-hidden","DD/DIV/SELECT","DD/SELECT/OPTION","DIV/A/SPAN","DIV/DIV/A","DIV/DIV/BUTTON","DIV/DIV/DIV","DIV/DIV/DL","DIV/DIV/IFRAME","DIV/DIV/INPUT-hidden","DIV/DIV/INPUT-text","DIV/DIV/LINK","DIV/DIV/OBJECT","DIV/DIV/P","DIV/DIV/SCRIPT","DIV/DIV/SELECT","DIV/DIV/TABLE","DIV/DL/DD","DIV/DL/DT","DIV/LABEL/B","DIV/NOBR/LABEL","DIV/OBJECT/PARAM","DIV/SELECT/OPTION","DIV/TABLE/TBODY","DIV/TABLE/THEAD","DL/DD/DIV","DL/DD/SELECT","FORM/DIV/DIV","FORM/DIV/INPUT-hidden","FORM/DIV/SCRIPT","FORM/DIV/TABLE","NOBR/LABEL/INPUT-radio","TABLE/TBODY/SCRIPT","TABLE/TBODY/TR","TABLE/THEAD/TR","TBODY/TR/TD","TD/DIV/DIV","TD/DIV/INPUT-hidden","TD/DIV/INPUT-text","TD/DIV/LABEL","TD/DIV/NOBR","TD/DIV/TABLE","TD/LABEL/A","TD/LABEL/INPUT-checkbox","TD/LABEL/INPUT-radio","TD/LABEL/SPAN","TD/NOBR/IMG","TD/NOBR/INPUT-button","TD/SELECT/OPTION","TD/TABLE/TBODY","THEAD/TR/TH","TR/TD/A","TR/TD/BR","TR/TD/DIV","TR/TD/IFRAME","TR/TD/IMG","TR/TD/INPUT-hidden","TR/TD/INPUT-text","TR/TD/LABEL","TR/TD/LINK","TR/TD/NOBR","TR/TD/SCRIPT","TR/TD/SELECT","TR/TD/SPAN","TR/TD/TABLE","TR/TD/TEXTAREA","TR/TH/SPAN"]]}}}}