{
  "version": "0.1",
  "id": "lks_zhaotoubiao",
  "targetURL": "http://oa.sec.com.cn/lks/koa/lks_zhaotoubiao.nsf/vd_bystatus/85847d68174778f84825830d002f5326?opendocument",
  "jsFile": "index.js",
  "chineseName": "招投标备案",
  "description": "",
  "firstPaintEnable": false,
  "controls": {
    "control243_UkZ8bT": {
      "location": {
        "data": {
          "tagName": "DIV"
        },
        "userData": {
          "data": [],
          "force": false
        },
        "locators": [
          {
            "id": "path/ordinal",
            "prob": 1,
            "value": "/HTML[1]/BODY[1]/FORM[1]/DIV[1]"
          }
        ]
      },
      "events": {
        "onGetData": "getData_control243_UkZ8bT"
      },
      "intendedRole": "custom",
      "roles": "element,custom",
      "monitored": true,
      "frameXPath": "",
      "componentType": "custom"
    },
    "control244_wS3yyW": {
      "location": {
        "data": {
          "tagName": "TD"
        },
        "userData": {
          "data": [],
          "force": false
        },
        "locators": [
          {
            "id": "@id/word",
            "prob": 2,
            "value": "descendant::TABLE[@id=\"labelTable\"]/TBODY[1]/TR[1]/TD[1]"
          },
          {
            "id": "@class/word",
            "prob": 1,
            "value": "TABLE.labeltb TR.tbbg TD.tbbg"
          },
          {
            "id": "path/ordinal",
            "prob": 1,
            "value": "/HTML[1]/BODY[1]/FORM[1]/CENTER[1]/TABLE[1]/TBODY[1]/TR[1]/TD[1]"
          }
        ]
      },
      "events": {
        "onGetData": "getData_control244_wS3yyW"
      },
      "intendedRole": "custom",
      "roles": "element,custom",
      "monitored": true,
      "frameXPath": "",
      "componentType": "custom"
    },
    "control245_gOKkqL": {
      "location": {
        "data": {
          "tagName": "TABLE"
        },
        "userData": {
          "data": [],
          "force": false
        },
        "locators": [
          {
            "id": "@id/word",
            "prob": 3,
            "value": "descendant::TABLE[@id=\"labelTable\"]"
          },
          {
            "id": "@class/word",
            "prob": 1,
            "value": "TABLE.labeltb"
          },
          {
            "id": "path/ordinal",
            "prob": 1,
            "value": "/HTML[1]/BODY[1]/FORM[1]/CENTER[1]/TABLE[1]"
          }
        ]
      },
      "events": {
        "onGetData": "getData_control245_gOKkqL"
      },
      "intendedRole": "custom",
      "roles": "element,custom",
      "monitored": true,
      "frameXPath": "",
      "componentType": "custom"
    },
    "control246_WIoTwx": {
      "location": {
        "data": {
          "tagName": "TABLE"
        },
        "userData": {
          "data": [],
          "force": false
        },
        "locators": [
          {
            "id": "@id/word",
            "prob": 3,
            "value": "descendant::TABLE[@id=\"labelTable\"]"
          },
          {
            "id": "@class/word",
            "prob": 1,
            "value": "TABLE.labeltb"
          },
          {
            "id": "path/ordinal",
            "prob": 1,
            "value": "/HTML[1]/BODY[1]/FORM[1]/CENTER[1]/TABLE[1]"
          }
        ]
      },
      "events": {
        "onGetData": "getData_control246_WIoTwx"
      },
      "intendedRole": "custom",
      "roles": "element,custom",
      "monitored": true,
      "frameXPath": "",
      "componentType": "custom"
    },
    "control247_BIaIBE": {
      "location": {
        "data": {
          "tagName": "TABLE"
        },
        "userData": {
          "data": [],
          "force": false
        },
        "locators": [
          {
            "id": "@id/word",
            "prob": 3,
            "value": "descendant::TABLE[@id=\"labelTable\"]"
          },
          {
            "id": "@class/word",
            "prob": 1,
            "value": "TABLE.labeltb"
          },
          {
            "id": "path/ordinal",
            "prob": 1,
            "value": "/HTML[1]/BODY[1]/FORM[1]/CENTER[1]/TABLE[1]"
          }
        ]
      },
      "events": {
        "onGetData": "getData_control247_BIaIBE"
      },
      "intendedRole": "custom",
      "roles": "element,custom",
      "monitored": true,
      "frameXPath": "",
      "componentType": "custom"
    },
    "control248_MWI2Ly": {
      "location": {
        "data": {
          "tagName": "TABLE"
        },
        "userData": {
          "data": [],
          "force": false
        },
        "locators": [
          {
            "id": "@id/word",
            "prob": 3,
            "value": "descendant::TABLE[@id=\"labelTable\"]"
          },
          {
            "id": "@class/word",
            "prob": 1,
            "value": "TABLE.labeltb"
          },
          {
            "id": "path/ordinal",
            "prob": 1,
            "value": "/HTML[1]/BODY[1]/FORM[1]/CENTER[1]/TABLE[1]"
          }
        ]
      },
      "events": {
        "onGetData": "getData_control248_MWI2Ly"
      },
      "intendedRole": "custom",
      "roles": "element,custom",
      "monitored": true,
      "frameXPath": "",
      "componentType": "custom"
    },
    "control249_1JL6KJ": {
      "location": {
        "data": {
          "tagName": "TABLE"
        },
        "userData": {
          "data": [],
          "force": false
        },
        "locators": [
          {
            "id": "@id/word",
            "prob": 3,
            "value": "descendant::TABLE[@id=\"labelTable\"]"
          },
          {
            "id": "@class/word",
            "prob": 1,
            "value": "TABLE.labeltb"
          },
          {
            "id": "path/ordinal",
            "prob": 1,
            "value": "/HTML[1]/BODY[1]/FORM[1]/CENTER[1]/TABLE[1]"
          }
        ]
      },
      "events": {
        "onGetData": "getData_control249_1JL6KJ"
      },
      "intendedRole": "custom",
      "roles": "element,custom",
      "monitored": true,
      "frameXPath": "",
      "componentType": "custom"
    },
    "control250_5ziIGZ": {
      "location": {
        "data": {
          "tagName": "TABLE"
        },
        "userData": {
          "data": [],
          "force": false
        },
        "locators": [
          {
            "id": "@id/word",
            "prob": 3,
            "value": "descendant::TABLE[@id=\"labelTable\"]"
          },
          {
            "id": "@class/word",
            "prob": 1,
            "value": "TABLE.labeltb"
          },
          {
            "id": "path/ordinal",
            "prob": 1,
            "value": "/HTML[1]/BODY[1]/FORM[1]/CENTER[1]/TABLE[1]"
          }
        ]
      },
      "events": {
        "onGetData": "getData_control250_5ziIGZ"
      },
      "intendedRole": "custom",
      "roles": "element,custom",
      "monitored": true,
      "frameXPath": "",
      "componentType": "custom"
    },
    "control251_JnK7nn": {
      "location": {
        "data": {
          "tagName": "TD"
        },
        "userData": {
          "data": [],
          "force": false
        },
        "locators": [
          {
            "id": "@class/word",
            "prob": 1,
            "value": "TD.tbmenudoc"
          },
          {
            "id": "path/ordinal",
            "prob": 1,
            "value": "/HTML[1]/BODY[1]/FORM[1]/TABLE[3]/TBODY[1]/TR[1]/TD[1]"
          }
        ]
      },
      "events": {
        "onGetData": "getData_control251_JnK7nn"
      },
      "intendedRole": "custom",
      "roles": "element,custom",
      "monitored": true,
      "frameXPath": "",
      "componentType": "custom"
    }
  },
  "contexts": {
    "context34_I9qaXK": {
      "controls": [
        "control243_UkZ8bT",
        "control244_wS3yyW",
        "control245_gOKkqL",
        "control246_WIoTwx",
        "control247_BIaIBE",
        "control248_MWI2Ly",
        "control249_1JL6KJ",
        "control250_5ziIGZ",
        "control251_JnK7nn"
      ],
      "anchors": [],
      "urlAnchor": [
        ".*\\/lks_zhaotoubiao\\.nsf\\/[^(FM_)].*\\/.*"
      ]
    }
  },
  "flows": {
    "flow168_xMO4Iv": {
      "toContexts": [
        {
          "toContextId": "context34_I9qaXK"
        }
      ]
    },
    "flow169_27Wlym": {
      "fromContextId": "context34_I9qaXK",
      "fromAction": "doAction",
      "fromControlId": "control244_wS3yyW",
      "toContexts": [
        {
          "toContextId": "context34_I9qaXK"
        }
      ]
    },
    "flow171_OATT5A": {
      "fromContextId": "context34_I9qaXK",
      "fromAction": "doAction",
      "fromControlId": "control247_BIaIBE",
      "toContexts": [
        {
          "toContextId": "context34_I9qaXK"
        }
      ]
    },
    "flow174_ae2TO7": {
      "fromContextId": "context34_I9qaXK",
      "fromAction": "doAction",
      "fromControlId": "control251_JnK7nn",
      "toContexts": [
        {
          "toContextId": "context34_I9qaXK"
        }
      ]
    }
  },
  "pages": {
    "page34_sn1Xuq": {
      "contextId": "context34_I9qaXK",
      "layout": [
        {
          "id": "uiControl263_y9xLce",
          "controlId": "control243_UkZ8bT",
          "display": {
            "adapterId": "custom",
            "type": "custom",
            "adapter": {
              "templateType": "react",
              "events": {
                "onDoAction": "doAction_uiControl263_y9xLce",
                "onGetTemplate": "getTemplate_uiControl263_y9xLce"
              }
            }
          }
        },
        {
          "id": "uiControl264_UMFsad",
          "controlId": "control244_wS3yyW",
          "display": {
            "adapterId": "custom",
            "type": "custom",
            "adapter": {
              "templateType": "react",
              "events": {
                "onDoAction": "doAction_uiControl264_UMFsad",
                "onGetTemplate": "getTemplate_uiControl264_UMFsad"
              }
            }
          }
        },
        {
          "id": "uiControl265_l3C47v",
          "controlId": "control245_gOKkqL",
          "display": {
            "adapterId": "custom",
            "type": "custom",
            "adapter": {
              "templateType": "react",
              "events": {
                "onDoAction": "doAction_uiControl265_l3C47v",
                "onGetTemplate": "getTemplate_uiControl265_l3C47v"
              }
            }
          }
        },
        {
          "id": "uiControl266_bKat7m",
          "controlId": "control246_WIoTwx",
          "display": {
            "adapterId": "custom",
            "type": "custom",
            "adapter": {
              "templateType": "react",
              "events": {
                "onDoAction": "doAction_uiControl266_bKat7m",
                "onGetTemplate": "getTemplate_uiControl266_bKat7m"
              }
            }
          }
        },
        {
          "id": "uiControl267_JgFWNU",
          "controlId": "control247_BIaIBE",
          "display": {
            "adapterId": "custom",
            "type": "custom",
            "adapter": {
              "templateType": "react",
              "events": {
                "onDoAction": "doAction_uiControl267_JgFWNU",
                "onGetTemplate": "getTemplate_uiControl267_JgFWNU"
              }
            }
          }
        },
        {
          "id": "uiControl268_7Ocd1T",
          "controlId": "control248_MWI2Ly",
          "display": {
            "adapterId": "custom",
            "type": "custom",
            "adapter": {
              "templateType": "react",
              "events": {
                "onDoAction": "doAction_uiControl268_7Ocd1T",
                "onGetTemplate": "getTemplate_uiControl268_7Ocd1T"
              }
            }
          }
        },
        {
          "id": "uiControl269_p02q7d",
          "controlId": "control249_1JL6KJ",
          "display": {
            "adapterId": "custom",
            "type": "custom",
            "adapter": {
              "templateType": "react",
              "events": {
                "onDoAction": "doAction_uiControl269_p02q7d",
                "onGetTemplate": "getTemplate_uiControl269_p02q7d"
              }
            }
          }
        },
        {
          "id": "uiControl270_65r6cD",
          "controlId": "control250_5ziIGZ",
          "display": {
            "adapterId": "custom",
            "type": "custom",
            "adapter": {
              "templateType": "react",
              "events": {
                "onDoAction": "doAction_uiControl270_65r6cD",
                "onGetTemplate": "getTemplate_uiControl270_65r6cD"
              }
            }
          }
        },
        {
          "id": "uiControl272_o8HD0C",
          "display": {
            "type": "sticky",
            "adapterId": "sticky",
            "class": "ui-footer-button",
            "adapter": {
              "templateType": ""
            }
          },
          "layout": [
            {
              "id": "uiControl272_o8HD0Cbody",
              "display": {
                "type": "stickyBody",
                "adapterId": "stickyBody",
                "adapter": {
                  "templateType": ""
                }
              },
              "layout": [
                {
                  "id": "uiControl271_qfdTFK",
                  "controlId": "control251_JnK7nn",
                  "display": {
                    "adapterId": "custom",
                    "type": "custom",
                    "adapter": {
                      "templateType": "react",
                      "events": {
                        "onDoAction": "doAction_uiControl271_qfdTFK",
                        "onGetTemplate": "getTemplate_uiControl271_qfdTFK"
                      }
                    }
                  }
                }
              ]
            }
          ]
        }
      ]
    }
  },
  "matchers": {
    "page/title": {
      "contexts": {
        "context34_I9qaXK": [
          "深圳能源集团OA系统_招投标备案库_招投标备案关联其他类流程测试"
        ]
      }
    },
    "page/urls": {
      "contexts": {
        "context34_I9qaXK": [
          "oa.sec.com.cn/lks/koa/lks_zhaotoubiao.nsf/vd_bystatus/85847d68174778f84825830d002f5326?opendocument",
          "oa.sec.com.cn/lks/koa/lks_zhaotoubiao.nsf/vd_bystatus/85847d68174778f84825830d002f5326?opendocument&m_seq=0.6349712911866604",
          "oa.sec.com.cn/lks/koa/lks_zhaotoubiao.nsf/0/85847D68174778F84825830D002F5326?opendocument&Highlight=%E6%B5%8B%E8%AF%95"
        ]
      }
    },
    "page/ids": {
      "contexts": {
        "context34_I9qaXK": [
          [
            "AttachmentDiv",
            "AttachmentOCX",
            "F_KADocsPath",
            "F_KADocsTitle",
            "FlowLog_MainTable",
            "S_TablePayLog",
            "Sys_EsaField",
            "VWVERSIONVWROW_",
            "VW_VERSION",
            "VW_VWVERSION",
            "buLabel",
            "dLinks",
            "dealType",
            "dealType_",
            "labelTable",
            "moreImg",
            "timeStrFull_"
          ]
        ]
      }
    },
    "page/classes": {
      "contexts": {
        "context34_I9qaXK": [
          [
            "ADoc",
            "TbView",
            "TrViewFirst",
            "btnmenudoc",
            "doctoptb",
            "labelbg",
            "labeltb",
            "tbbg",
            "tbmenudoc",
            "tdbg",
            "tdwidth_",
            "trbg"
          ]
        ]
      }
    },
    "page/tagTriplets": {
      "contexts": {
        "context34_I9qaXK": [
          [
            "-/-/FORM",
            "-/-/SCRIPT",
            "-/FORM/BR",
            "-/FORM/CENTER",
            "-/FORM/DIV",
            "-/FORM/IFRAME",
            "-/FORM/SCRIPT",
            "-/FORM/TABLE",
            "A/B/IMG",
            "CENTER/TABLE/TBODY",
            "DIV/B/FONT",
            "DIV/TABLE/TBODY",
            "FORM/CENTER/TABLE",
            "FORM/DIV/B",
            "FORM/TABLE/TBODY",
            "P/OBJECT/PARAM",
            "P/TABLE/TBODY",
            "TABLE/TBODY/TR",
            "TBODY/TR/TD",
            "TD/A/B",
            "TD/DIV/B",
            "TD/DIV/FONT",
            "TD/DIV/INPUT-button",
            "TD/DIV/SPAN",
            "TD/DIV/TABLE",
            "TD/FONT/A",
            "TD/FONT/BR",
            "TD/P/BR",
            "TD/P/FONT",
            "TD/P/INPUT-button",
            "TD/P/OBJECT",
            "TD/P/SCRIPT",
            "TD/P/TABLE",
            "TD/SPAN/B",
            "TD/SPAN/TEXTAREA",
            "TD/TABLE/TBODY",
            "TR/TD/A",
            "TR/TD/B",
            "TR/TD/BR",
            "TR/TD/DIV",
            "TR/TD/FONT",
            "TR/TD/IMG",
            "TR/TD/INPUT-button",
            "TR/TD/INPUT-null",
            "TR/TD/P",
            "TR/TD/SCRIPT",
            "TR/TD/SPAN",
            "TR/TD/STYLE",
            "TR/TD/TABLE",
            "TR/TD/TEXTAREA",
            "TR/TD/UL"
          ],
          [
            "-/-/FORM",
            "-/-/SCRIPT",
            "-/FORM/BR",
            "-/FORM/CENTER",
            "-/FORM/DIV",
            "-/FORM/IFRAME",
            "-/FORM/SCRIPT",
            "-/FORM/TABLE",
            "A/B/IMG",
            "CENTER/TABLE/TBODY",
            "DIV/B/FONT",
            "DIV/TABLE/TBODY",
            "FONT/FONT/B",
            "FORM/CENTER/TABLE",
            "FORM/DIV/B",
            "FORM/TABLE/TBODY",
            "P/OBJECT/PARAM",
            "P/TABLE/TBODY",
            "TABLE/TBODY/TR",
            "TBODY/TR/TD",
            "TD/A/B",
            "TD/DIV/B",
            "TD/DIV/FONT",
            "TD/DIV/INPUT-button",
            "TD/DIV/SPAN",
            "TD/DIV/TABLE",
            "TD/FONT/A",
            "TD/FONT/B",
            "TD/FONT/BR",
            "TD/FONT/FONT",
            "TD/P/BR",
            "TD/P/FONT",
            "TD/P/INPUT-button",
            "TD/P/OBJECT",
            "TD/P/SCRIPT",
            "TD/P/TABLE",
            "TD/SPAN/B",
            "TD/SPAN/TEXTAREA",
            "TD/TABLE/TBODY",
            "TR/TD/A",
            "TR/TD/B",
            "TR/TD/BR",
            "TR/TD/DIV",
            "TR/TD/FONT",
            "TR/TD/IMG",
            "TR/TD/INPUT-button",
            "TR/TD/INPUT-null",
            "TR/TD/P",
            "TR/TD/SCRIPT",
            "TR/TD/SPAN",
            "TR/TD/STYLE",
            "TR/TD/TABLE",
            "TR/TD/TEXTAREA",
            "TR/TD/UL"
          ]
        ]
      }
    }
  }
}