{
  "version": "0.1",
  "id": "Global_Approval",
  "targetURL": "http://oa.sec.com.cn/lks/sys/lks_profile.nsf/0/A3226CA6E46BB4CD482578AA00134B07?editdocument",
  "jsFile": "index.js",
  "requires": {
    "choosePeople": "../choosePeople/index.json",
    "lks_tasks": "../lks_tasks/index.json",
    "returnMsg": "../returnMsg/index.json",
    "lks_review": "../lks_review/index.json"
  },
  "chineseName": "常用审批语",
  "description": "流程管理审批内容(常用审批语)",
  "firstPaintEnable": false,
  "controls": {
    "control8_FdTntr": {
      "location": {
        "data": {
          "tagName": "FORM"
        },
        "userData": {
          "data": [],
          "force": false
        },
        "locators": [
          {
            "id": "path/ordinal",
            "prob": 1,
            "value": "/HTML[1]/BODY[1]/FORM[1]"
          }
        ]
      },
      "events": {
        "onGetData": "getData_control8_FdTntr"
      },
      "intendedRole": "custom",
      "roles": "element,custom",
      "monitored": false,
      "frameXPath": ""
    },
    "control15_QzlBDM": {
      "location": {
        "data": {
          "tagName": "INPUT"
        },
        "userData": {
          "data": [],
          "force": false
        },
        "locators": [
          {
            "id": "input/button/@value",
            "prob": 3,
            "ordinal": [
              1,
              2
            ],
            "value": {
              "text": [
                "保存"
              ]
            }
          },
          {
            "id": "@title",
            "prob": 2,
            "value": {
              "text": [
                "保存设置"
              ],
              "textboxValue": "保存"
            }
          },
          {
            "id": "elem/@name",
            "prob": 2,
            "value": [
              "descendant::form[@name=\"_fm_flowtips\"]//INPUT[@name=\"optSave\"]",
              "descendant::INPUT[@name=\"optSave\"]"
            ]
          },
          {
            "id": "@id/word",
            "prob": 2,
            "value": [
              "descendant::DIV[@id=\"buttonDiv\"]/INPUT[1]",
              "descendant::DIV[@id=\"buttonDiv\"]//INPUT"
            ]
          },
          {
            "id": "@class/word",
            "prob": 1,
            "ordinal": [
              0,
              2
            ],
            "value": "TABLE.TbMenuDoc INPUT.btnmenudoc"
          },
          {
            "id": "path/ordinal",
            "prob": 1,
            "value": "/HTML[1]/BODY[1]/FORM[1]/TABLE[2]/TBODY[1]/TR[1]/TD[1]/DIV[1]/INPUT[1]"
          },
          {
            "id": "input/type",
            "verifyEnabled": true,
            "value": "button"
          }
        ]
      },
      "intendedRole": "button",
      "roles": "element,button",
      "monitored": false,
      "frameXPath": "",
      "componentType": "button"
    },
    "control28_3gwNRB": {
      "location": {
        "data": {
          "tagName": "INPUT"
        },
        "userData": {
          "data": [],
          "force": false
        },
        "locators": [
          {
            "id": "input/button/@value",
            "prob": 3,
            "value": {
              "text": [
                "关闭"
              ]
            }
          },
          {
            "id": "@title",
            "prob": 2,
            "value": {
              "text": [
                "关闭窗口"
              ],
              "textboxValue": "关闭"
            }
          },
          {
            "id": "elem/@name",
            "prob": 2,
            "value": [
              "descendant::form[@name=\"_fm_flowtips\"]//INPUT[@name=\"optClose\"]",
              "descendant::INPUT[@name=\"optClose\"]"
            ]
          },
          {
            "id": "@id/word",
            "prob": 2,
            "value": [
              "descendant::DIV[@id=\"buttonDiv\"]/INPUT[2]",
              "descendant::DIV[@id=\"buttonDiv\"]//INPUT"
            ]
          },
          {
            "id": "@class/word",
            "prob": 1,
            "ordinal": [
              1,
              2
            ],
            "value": "TABLE.TbMenuDoc INPUT.btnmenudoc"
          },
          {
            "id": "path/ordinal",
            "prob": 1,
            "value": "/HTML[1]/BODY[1]/FORM[1]/TABLE[2]/TBODY[1]/TR[1]/TD[1]/DIV[1]/INPUT[2]"
          },
          {
            "id": "input/type",
            "verifyEnabled": true,
            "value": "button"
          }
        ]
      },
      "intendedRole": "button",
      "roles": "element,button",
      "monitored": false,
      "frameXPath": "",
      "componentType": "button"
    },
    "control49_W7wvI7": {
      "location": {
        "data": {
          "tagName": "TABLE"
        },
        "userData": {
          "data": [],
          "force": false
        },
        "locators": [
          {
            "id": "path/ordinal",
            "prob": 1,
            "value": "/HTML[1]/BODY[1]/FORM[1]/TABLE[3]"
          }
        ]
      },
      "events": {
        "onGetData": "getData_control49_W7wvI7"
      },
      "intendedRole": "custom",
      "roles": "element,custom",
      "monitored": true,
      "frameXPath": "",
      "componentType": "custom"
    },
    "control119_mJEHTF": {
      "location": {
        "data": {
          "tagName": "DIV"
        },
        "userData": {
          "data": [],
          "force": false
        },
        "locators": [
          {
            "id": "text",
            "prob": 3,
            "value": {
              "text": [
                "lks_review"
              ],
              "visText": [
                "lks_review"
              ]
            }
          },
          {
            "id": "@id/word",
            "prob": 3,
            "value": "descendant::DIV[@id=\"lks_review\"]"
          },
          {
            "id": "path/ordinal",
            "prob": 1,
            "value": "/HTML[1]/BODY[1]/FORM[1]/DIV[1]"
          },
          {
            "id": "elderLevel",
            "value": {
              "level": 0
            }
          }
        ]
      },
      "roles": "element",
      "frameXPath": ""
    },
    "control120_Aef189": {
      "location": {
        "data": {
          "tagName": "DIV"
        },
        "userData": {
          "data": [],
          "force": false
        },
        "locators": [
          {
            "id": "text",
            "prob": 3,
            "value": {
              "text": [
                "lks_review"
              ],
              "visText": [
                "lks_review"
              ]
            }
          },
          {
            "id": "@id/word",
            "prob": 3,
            "value": "descendant::DIV[@id=\"lks_review\"]"
          },
          {
            "id": "path/ordinal",
            "prob": 1,
            "value": "/HTML[1]/BODY[1]/FORM[1]/DIV[1]"
          },
          {
            "id": "elderLevel",
            "value": {
              "level": 0
            }
          }
        ]
      },
      "roles": "element",
      "frameXPath": ""
    },
    "control121_3hZfK7": {
      "location": {
        "data": {
          "tagName": "DIV"
        },
        "userData": {
          "data": [],
          "force": false
        },
        "locators": [
          {
            "id": "text",
            "prob": 3,
            "value": {
              "text": [
                "lks_review"
              ],
              "visText": [
                "lks_review"
              ]
            }
          },
          {
            "id": "@id/word",
            "prob": 3,
            "value": "descendant::DIV[@id=\"lks_review\"]"
          },
          {
            "id": "path/ordinal",
            "prob": 1,
            "value": "/HTML[1]/BODY[1]/FORM[1]/DIV[1]"
          },
          {
            "id": "elderLevel",
            "value": {
              "level": 0
            }
          }
        ]
      },
      "roles": "element",
      "frameXPath": ""
    },
    "control122_wblpTx": {
      "location": {
        "data": {
          "tagName": "B"
        },
        "userData": {
          "data": [],
          "force": false
        },
        "locators": [
          {
            "id": "text",
            "prob": 3,
            "value": {
              "text": [
                "常用审批语"
              ],
              "visText": [
                "常用审批语"
              ]
            }
          },
          {
            "id": "path/ordinal",
            "prob": 1,
            "value": "/HTML[1]/BODY[1]/FORM[1]/TABLE[3]/TBODY[1]/TR[1]/TD[1]/DIV[1]/B[1]"
          },
          {
            "id": "elderLevel",
            "value": {
              "level": 0
            }
          }
        ]
      },
      "roles": "element",
      "text": "",
      "frameXPath": ""
    }
  },
  "contexts": {
    "context6_19iAzJ": {
      "controls": [
        "control8_FdTntr",
        "control15_QzlBDM",
        "control28_3gwNRB",
        "control49_W7wvI7"
      ],
      "anchors": [
        "control122_wblpTx"
      ],
      "urlAnchor": []
    }
  },
  "flows": {
    "flow9_hokMBh": {
      "toContexts": [
        {
          "toContextId": "context6_19iAzJ"
        },
        {
          "toContextId": "context6_m0MbOe",
          "toModelId": "choosePeople"
        },
        {
          "toContextId": "context0_2puPsG",
          "toModelId": "lks_review"
        }
      ]
    },
    "flow21_mlJHVA": {
      "fromContextId": "context6_19iAzJ",
      "fromAction": "click",
      "fromControlId": "control28_3gwNRB",
      "toContexts": [
        {
          "toContextId": "context6_19iAzJ"
        }
      ]
    },
    "flow35_rrREiI": {
      "fromContextId": "context6_19iAzJ",
      "fromAction": "doAction",
      "fromControlId": "control49_W7wvI7",
      "toContexts": [
        {
          "toContextId": "context6_19iAzJ"
        }
      ]
    },
    "flow79_1OA103": {
      "fromContextId": "context6_19iAzJ",
      "fromAction": "click",
      "fromControlId": "control15_QzlBDM",
      "toContexts": [
        {
          "toContextId": "context6_19iAzJ"
        },
        {
          "toContextId": "context7_adlfZy",
          "toModelId": "returnMsg"
        }
      ]
    }
  },
  "pages": {
    "page6_8BQB8A": {
      "contextId": "context6_19iAzJ",
      "layout": [
        {
          "id": "uiControl8_xNGToE",
          "controlId": "control8_FdTntr",
          "display": {
            "adapterId": "custom",
            "type": "custom",
            "adapter": {
              "templateType": "react",
              "events": {
                "onDoAction": "doAction_uiControl8_xNGToE",
                "onGetTemplate": "getTemplate_uiControl8_xNGToE"
              }
            }
          }
        },
        {
          "id": "uiControl62_hGpBz0",
          "controlId": "control49_W7wvI7",
          "display": {
            "adapterId": "custom",
            "type": "custom",
            "adapter": {
              "templateType": "react",
              "events": {
                "onDoAction": "doAction_uiControl62_hGpBz0",
                "onGetTemplate": "getTemplate_uiControl62_hGpBz0"
              }
            }
          }
        },
        {
          "id": "uiControl40_TvrrTb",
          "display": {
            "type": "sticky",
            "adapterId": "sticky",
            "class": "ui-footer-button",
            "adapter": {
              "templateType": ""
            }
          },
          "layout": [
            {
              "id": "uiControl40_TvrrTbbody",
              "display": {
                "type": "stickyBody",
                "adapterId": "stickyBody",
                "adapter": {
                  "templateType": ""
                }
              },
              "layout": [
                {
                  "id": "uiControl37_ACMnta",
                  "display": {
                    "type": "grid",
                    "adapterId": "grid",
                    "class": "",
                    "adapter": {
                      "templateType": ""
                    }
                  },
                  "layout": [
                    {
                      "id": "uiControl37_ACMntarow0",
                      "display": {
                        "cols": 3,
                        "type": "col",
                        "adapterId": "col",
                        "adapter": {
                          "templateType": ""
                        }
                      },
                      "layout": [
                        {
                          "id": "uiControl39_SOsI3I",
                          "controlId": "control28_3gwNRB",
                          "display": {
                            "adapterId": "clickable",
                            "type": "button",
                            "class": "amt-btn-close",
                            "amStyle": "dark",
                            "adapter": {
                              "templateType": ""
                            }
                          }
                        }
                      ]
                    },
                    {
                      "id": "uiControl37_ACMntarow1",
                      "display": {
                        "cols": 3,
                        "type": "col",
                        "adapterId": "col",
                        "adapter": {
                          "templateType": ""
                        }
                      },
                      "layout": [
                        {
                          "id": "uiControl38_knPn9z",
                          "controlId": "control15_QzlBDM",
                          "display": {
                            "adapterId": "clickable",
                            "type": "button",
                            "class": "amt-btn-save",
                            "amStyle": "primary",
                            "adapter": {
                              "templateType": ""
                            }
                          }
                        }
                      ]
                    }
                  ]
                }
              ]
            }
          ]
        }
      ]
    }
  },
  "matchers": {
    "page/title": {
      "contexts": {
        "context6_19iAzJ": [
          "深圳能源集团OA系统_我的常用审批语_lc_gp4",
          "深圳能源集团OA系统_我的常用审批语_admin_gel",
          "深圳能源集团OA系统_流程管理_ttest"
        ]
      }
    },
    "page/urls": {
      "contexts": {
        "context6_19iAzJ": [
          "oa.sec.com.cn/lks/sys/lks_profile.nsf/0/A3226CA6E46BB4CD482578AA00134B07?editdocument",
          "oa.sec.com.cn/lks/sys/lks_profile.nsf/0/A6AB1EF13952CEDB48257CC200149A30?editdocument",
          "oac1.sec.com.cn/lks/koa.xxjs/lks_review.nsf/0/092870b66d77db4c482582830026bb96?editdocument"
        ]
      }
    },
    "page/ids": {
      "contexts": {
        "context6_19iAzJ": [
          [],
          [
            "buttonDiv"
          ],
          [
            "AttachmentDiv",
            "AttachmentOCX",
            "BtnTable",
            "Calendar_SWFObjectName",
            "F_BodyDiv",
            "FlashPopWin",
            "FlowJoinLog_Td",
            "Sys_EsaField",
            "TD_ReviewNo",
            "buLabel",
            "dLinks",
            "ifFlow",
            "if_subform",
            "isSF_Public",
            "labelTable",
            "lks_review",
            "quickabandon",
            "selectNewClass",
            "setImportanceDay",
            "tb_",
            "trID"
          ]
        ]
      }
    },
    "page/classes": {
      "contexts": {
        "context6_19iAzJ": [
          [],
          [
            "TbMenuDoc",
            "btnmenudoc",
            "tadoc",
            "textdocdown"
          ],
          [
            "BtnMenuDoc",
            "TbMenuDoc",
            "tadoc",
            "textdocdown"
          ],
          [
            "BtnMenuDoc",
            "TbMenuDoc",
            "btnmenudoc",
            "tadoc",
            "textdocdown"
          ],
          [
            "btndoc",
            "btnmenudoc",
            "labelbg",
            "labeltb",
            "selectmenu",
            "tadoc",
            "tbbg",
            "tdbg",
            "textdocdown",
            "textdocnone",
            "trbg"
          ]
        ]
      }
    },
    "page/tagTriplets": {
      "contexts": {
        "context6_19iAzJ": [
          [
            "-/-/FRAME"
          ],
          [
            "-/-/FORM",
            "-/-/SCRIPT",
            "-/FORM/BR",
            "-/FORM/INPUT-hidden",
            "-/FORM/TABLE",
            "FORM/TABLE/TBODY",
            "TABLE/TBODY/TR",
            "TBODY/TR/TD",
            "TD/B/INPUT-null",
            "TD/DIV/B",
            "TD/DIV/INPUT-button",
            "TR/TD/B",
            "TR/TD/BR",
            "TR/TD/DIV",
            "TR/TD/IMG",
            "TR/TD/INPUT-button",
            "TR/TD/INPUT-hidden",
            "TR/TD/INPUT-null",
            "TR/TD/INPUT-radio",
            "TR/TD/SCRIPT",
            "TR/TD/TEXTAREA"
          ],
          [
            "-/-/FORM",
            "-/-/SCRIPT",
            "-/FORM/BR",
            "-/FORM/INPUT-hidden",
            "-/FORM/TABLE",
            "FORM/TABLE/TBODY",
            "TABLE/TBODY/TR",
            "TBODY/TR/TD",
            "TD/B/INPUT-null",
            "TD/DIV/B",
            "TD/DIV/INPUT-button",
            "TR/TD/B",
            "TR/TD/BR",
            "TR/TD/DIV",
            "TR/TD/IMG",
            "TR/TD/INPUT-button",
            "TR/TD/INPUT-null",
            "TR/TD/SCRIPT",
            "TR/TD/TEXTAREA"
          ],
          [
            "-/-/DIV",
            "-/-/FORM",
            "-/-/IFRAME",
            "-/-/OBJECT",
            "-/-/SCRIPT",
            "-/-/STYLE",
            "-/FORM/BR",
            "-/FORM/CENTER",
            "-/FORM/DIV",
            "-/FORM/IFRAME",
            "-/FORM/INPUT-button",
            "-/FORM/INPUT-hidden",
            "-/FORM/SCRIPT",
            "-/FORM/TABLE",
            "-/OBJECT/PARAM",
            "CENTER/B/FONT",
            "DIV/FONT/BR",
            "FORM/CENTER/B",
            "FORM/TABLE/TBODY",
            "P/TABLE/TBODY",
            "SPAN/LABEL/INPUT-checkbox",
            "TABLE/TBODY/TR",
            "TBODY/TR/TD",
            "TD/B/FONT",
            "TD/DIV/B",
            "TD/DIV/FONT",
            "TD/DIV/INPUT-button",
            "TD/FONT/INPUT-null",
            "TD/FONT/TEXTAREA",
            "TD/LABEL/INPUT-checkbox",
            "TD/LABEL/INPUT-radio",
            "TD/P/BR",
            "TD/P/INPUT-button",
            "TD/P/INPUT-null",
            "TD/P/TABLE",
            "TD/SELECT/OPTION",
            "TD/SPAN/BR",
            "TD/SPAN/INPUT-hidden",
            "TD/SPAN/INPUT-null",
            "TD/SPAN/LABEL",
            "TD/SPAN/TEXTAREA",
            "TD/TABLE/TBODY",
            "TD/UL/BR",
            "TD/UL/FONT",
            "TD/UL/INPUT-null",
            "TD/UL/OBJECT",
            "TD/UL/P",
            "TD/UL/SCRIPT",
            "TD/UL/SPAN",
            "TD/UL/TABLE",
            "TR/TD/A",
            "TR/TD/B",
            "TR/TD/BR",
            "TR/TD/DIV",
            "TR/TD/FONT",
            "TR/TD/HR",
            "TR/TD/IFRAME",
            "TR/TD/INPUT-button",
            "TR/TD/INPUT-hidden",
            "TR/TD/INPUT-null",
            "TR/TD/LABEL",
            "TR/TD/P",
            "TR/TD/SCRIPT",
            "TR/TD/SELECT",
            "TR/TD/SPAN",
            "TR/TD/TABLE",
            "TR/TD/TEXTAREA",
            "TR/TD/UL",
            "UL/OBJECT/PARAM",
            "UL/SPAN/TEXTAREA",
            "UL/TABLE/TBODY"
          ]
        ]
      }
    }
  }
}