{"version":"0.1","id":"authorityMsg","targetURL":"https://7.carpoly.com/ekp/cm/sale/cm_sale_prodorder_info/cmSaleProdorderInfo.do?method=view&fdId=158fc9bbf423f40a91d899e4429a8ba6","jsFile":"index.js","chineseName":"权限访问提示","description":"","controls":{"control37_pRQuVk":{"location":{"data":{"tagName":"DIV"},"locators":[{"id":"@class/word","prob":1,"value":"DIV.prompt_content_right DIV.prompt_content_inside DIV.msgtitle"},{"id":"path/ordinal","prob":1,"value":"/HTML[1]/BODY[1]/DIV[1]/DIV[1]/DIV[1]/DIV[1]/DIV[1]/DIV[1]/DIV[2]/DIV[1]/DIV[1]"},{"id":"style/color","value":[62,158,206]},{"id":"elderLevel","value":{"level":0}}]},"events":{"onGetData":"getData_control37_pRQuVk"},"intendedRole":"custom","roles":"element,custom","monitored":true,"frameXPath":""},"control42_daW434":{"location":{"data":{"tagName":"DIV"},"locators":[{"id":"@class/word","prob":1,"value":"DIV.prompt_container.clearfloat DIV.prompt_content_right DIV.prompt_content_inside"},{"id":"path/ordinal","prob":1,"value":"/HTML[1]/BODY[1]/DIV[1]/DIV[1]/DIV[1]/DIV[1]/DIV[1]/DIV[1]/DIV[2]/DIV[1]"}]},"intendedRole":"fragment","roles":"element,fragment","monitored":true,"frameXPath":""}},"contexts":{"context6_AJTm3d":{"controls":["control37_pRQuVk","control42_daW434"],"anchors":[],"urlAnchor":[]}},"flows":{"flow36_oPslRP":{"toContexts":[{"toContextId":"context6_AJTm3d"}]},"flow37_fCrMan":{"fromContextId":"context6_AJTm3d","fromAction":"click","fromControlId":"control42_daW434","toContexts":[{"toContextId":"context6_AJTm3d"}]}},"pages":{"page6_ushlTG":{"contextId":"context6_AJTm3d","layout":[{"id":"uiControl34_uw9qGe","controlId":"control37_pRQuVk","display":{"adapterId":"custom","type":"custom","adapter":{"templateType":"react","events":{"onDoAction":"doAction_uiControl34_uw9qGe","onGetTemplate":"getTemplate_uiControl34_uw9qGe"}}}},{"id":"uiControl36_NLGiJa","controlId":"control42_daW434","display":{"adapterId":"fragment","type":"fragment","class":"text-center","adapter":{"templateType":""}}}]}},"matchers":{"page/title":{"contexts":{"context6_AJTm3d":["系统提示"]}},"page/urls":{"contexts":{"context6_AJTm3d":["7.carpoly.com/ekp/cm/sale/cm_sale_prodorder_info/cmSaleProdorderInfo.do?method=view&fdId=158fc9bbf423f40a91d899e4429a8ba6"]}},"page/ids":{"contexts":{"context6_AJTm3d":[[]]}},"page/classes":{"contexts":{"context6_AJTm3d":[["clearfloat","msgtitle","prompt_centerC","prompt_centerL","prompt_centerR","prompt_container","prompt_content_error","prompt_content_inside","prompt_content_right","prompt_frame"]]}},"page/tagTriplets":{"contexts":{"context6_AJTm3d":[["-/-/DIV","-/-/SCRIPT","-/DIV/DIV","DIV/DIV/DIV"]]}}}}