{
  "version": "0.1",
  "id": "unstructured-shangchuan-false",
  "targetURL": "http://218.203.103.203:8082/ngmarket/crm/commonOutSideWin.action?actionId=crm/accessoryInit&title=%C9%CF%B4%AB%B8%BD%BC%FE&needClose=false&objTypeId=nonStructuralInfo&objId=9512082450706&region=951&controlName=filename&accessoryIdName=accessoryIdName&filePath=crmperm&fileSize=20000&businessType=nonStructuralInfo&ngcrm_reserved1=1",
  "jsFile": "index.js",
  "chineseName": "非结构化信息-业务办理失败",
  "description": "非结构化信息-业务办理失败",
  "controls": {
    "control378_27HW4K": {
      "location": {
        "data": {
          "tagName": "IMG"
        },
        "locators": [
          {
            "id": "@title",
            "prob": 2,
            "value": {
              "text": [
                "业务办理失败"
              ]
            }
          },
          {
            "id": "img/@src",
            "prob": 1,
            "value": {
              "pathname": "/ngmarket/skins/ng35/images/crm/resultmsg/operate_fail_top02.gif"
            }
          },
          {
            "id": "@class/word",
            "prob": 1,
            "value": "TABLE.table_list TD.newpopwin_content.newerror IMG.displaynone"
          },
          {
            "id": "path/ordinal",
            "prob": 1,
            "value": "/HTML[1]/BODY[1]/TABLE[1]/TBODY[1]/TR[1]/TD[1]/TABLE[1]/TBODY[1]/TR[1]/TD[1]/IMG[1]"
          }
        ]
      },
      "roles": "element,image,button",
      "monitored": true,
      "frameXPath": "//iframe[contains(@name,'initFrame')][contains(@id,'initFrame')]<<IFRAME>>",
      "componentType": "image"
    },
    "control379_O2ORom": {
      "location": {
        "data": {
          "tagName": "TBODY"
        },
        "locators": [
          {
            "id": "path/ordinal",
            "prob": 1,
            "value": "/HTML[1]/BODY[1]/TABLE[1]/TBODY[1]/TR[1]/TD[1]/TABLE[1]/TBODY[1]/TR[3]/TD[1]/DIV[1]/TABLE[1]/TBODY[1]"
          }
        ]
      },
      "events": {
        "onGetData": "getData_control379_O2ORom"
      },
      "intendedRole": "custom",
      "roles": "element,custom",
      "monitored": true,
      "frameXPath": "//iframe[contains(@name,'initFrame')][contains(@id,'initFrame')]<<IFRAME>>",
      "componentType": "custom"
    },
    "control382_Evostx": {
      "location": {
        "data": {
          "tagName": "SPAN"
        },
        "locators": [
          {
            "id": "button/text",
            "prob": 3,
            "value": {
              "text": [
                "确 定"
              ],
              "visText": [
                "确 定"
              ]
            }
          },
          {
            "id": "a/@href",
            "prob": 2,
            "value": {
              "funcName": "doEnterorClose",
              "redirect": "SPAN[1]"
            }
          },
          {
            "id": "@class/word",
            "prob": 1,
            "ordinal": [
              1,
              2
            ],
            "value": "TABLE.table_list TD.title_boldtext A.btn_a SPAN"
          },
          {
            "id": "path/ordinal",
            "prob": 1,
            "value": "/HTML[1]/BODY[1]/TABLE[1]/TBODY[1]/TR[1]/TD[1]/TABLE[1]/TBODY[1]/TR[2]/TD[1]/A[2]/SPAN[1]"
          },
          {
            "id": "elderLevel",
            "value": {
              "level": 0
            }
          }
        ]
      },
      "intendedRole": "button",
      "roles": "element,button",
      "monitored": true,
      "frameXPath": "//iframe[contains(@name,'initFrame')][contains(@id,'initFrame')]<<IFRAME>>",
      "componentType": "button"
    },
    "control383_k2wIXH": {
      "location": {
        "data": {
          "tagName": "SPAN"
        },
        "locators": [
          {
            "id": "button/text",
            "prob": 3,
            "value": {
              "text": [
                "返 回"
              ],
              "visText": [
                "返 回"
              ]
            }
          },
          {
            "id": "a/@href",
            "prob": 2,
            "value": {
              "funcName": "goBack",
              "redirect": "SPAN[1]"
            }
          },
          {
            "id": "@class/word",
            "prob": 1,
            "ordinal": [
              0,
              2
            ],
            "value": "TABLE.table_list TD.title_boldtext A.btn_a SPAN"
          },
          {
            "id": "path/ordinal",
            "prob": 1,
            "value": "/HTML[1]/BODY[1]/TABLE[1]/TBODY[1]/TR[1]/TD[1]/TABLE[1]/TBODY[1]/TR[2]/TD[1]/A[1]/SPAN[1]"
          },
          {
            "id": "elderLevel",
            "value": {
              "level": 0
            }
          }
        ]
      },
      "intendedRole": "button",
      "roles": "element,button",
      "monitored": true,
      "frameXPath": "//iframe[contains(@name,'initFrame')][contains(@id,'initFrame')]<<IFRAME>>",
      "componentType": "button"
    },
    "control384_xVW7kf": {
      "location": {
        "data": {
          "tagName": "SPAN"
        },
        "locators": [
          {
            "id": "text",
            "prob": 3,
            "value": {
              "text": [
                "确 定"
              ],
              "visText": [
                "确 定"
              ]
            }
          },
          {
            "id": "a/@href",
            "prob": 2,
            "value": {
              "funcName": "doEnterorClose",
              "redirect": "SPAN[1]"
            }
          },
          {
            "id": "@class/word",
            "prob": 1,
            "ordinal": [
              1,
              2
            ],
            "value": "TABLE.table_list TD.title_boldtext A.btn_a SPAN"
          },
          {
            "id": "path/ordinal",
            "prob": 1,
            "value": "/HTML[1]/BODY[1]/TABLE[1]/TBODY[1]/TR[1]/TD[1]/TABLE[1]/TBODY[1]/TR[2]/TD[1]/A[2]/SPAN[1]"
          },
          {
            "id": "elderLevel",
            "value": {
              "level": 0
            }
          }
        ]
      },
      "roles": "element",
      "text": " 确 定 ",
      "frameXPath": "//iframe[contains(@name,'initFrame')][contains(@id,'initFrame')]<<IFRAME>>"
    },
    "control385_FuZ3Ha": {
      "location": {
        "data": {
          "tagName": "TBODY"
        },
        "locators": [
          {
            "id": "path/ordinal",
            "prob": 1,
            "value": "/HTML[1]/BODY[1]/TABLE[1]/TBODY[1]/TR[1]/TD[1]/TABLE[1]/TBODY[1]/TR[3]/TD[1]/DIV[1]/TABLE[1]/TBODY[1]"
          }
        ]
      },
      "events": {
        "onGetData": "getData_control385_FuZ3Ha"
      },
      "intendedRole": "custom",
      "roles": "element,custom",
      "monitored": true,
      "frameXPath": "//iframe[contains(@name,'initFrame')][contains(@id,'initFrame')]<<IFRAME>>",
      "componentType": "custom"
    }
  },
  "contexts": {
    "context39_TSwpAw": {
      "controls": [
        "control378_27HW4K",
        "control379_O2ORom",
        "control382_Evostx",
        "control383_k2wIXH",
        "control385_FuZ3Ha"
      ],
      "anchors": [
        "control384_xVW7kf"
      ],
      "urlAnchor": []
    }
  },
  "flows": {
    "flow240_LXqhDa": {
      "toContexts": [
        {
          "toContextId": "context39_TSwpAw"
        }
      ]
    },
    "flow241_FBAoc9": {
      "fromContextId": "context39_TSwpAw",
      "fromAction": "click",
      "fromControlId": "control382_Evostx",
      "toContexts": [
        {
          "toContextId": "context39_TSwpAw"
        }
      ]
    },
    "flow242_GbrZ1u": {
      "fromContextId": "context39_TSwpAw",
      "fromAction": "click",
      "fromControlId": "control383_k2wIXH",
      "toContexts": [
        {
          "toContextId": "context39_TSwpAw"
        }
      ]
    }
  },
  "pages": {
    "page39_rqx7KT": {
      "contextId": "context39_TSwpAw",
      "layout": [
        {
          "id": "uiControl403_eMElBw",
          "controlId": "control378_27HW4K",
          "display": {
            "adapterId": "image_link",
            "type": "image",
            "class": "imgf",
            "adapter": {
              "templateType": ""
            }
          }
        },
        {
          "id": "uiControl404_EI6lqk",
          "controlId": "control379_O2ORom",
          "display": {
            "adapterId": "custom",
            "type": "custom",
            "adapter": {
              "templateType": "react",
              "events": {
                "onDoAction": "doAction_uiControl404_EI6lqk",
                "onGetTemplate": "getTemplate_uiControl404_EI6lqk"
              }
            }
          }
        },
        {
          "id": "uiControl410_QVD6Tm",
          "controlId": "control385_FuZ3Ha",
          "display": {
            "adapterId": "custom",
            "type": "custom",
            "adapter": {
              "templateType": "react",
              "events": {
                "onDoAction": "doAction_uiControl410_QVD6Tm",
                "onGetTemplate": "getTemplate_uiControl410_QVD6Tm"
              }
            }
          }
        },
        {
          "id": "uiControl405_4hF1Sn",
          "display": {
            "type": "grid",
            "adapterId": "grid",
            "adapter": {
              "templateType": ""
            }
          },
          "layout": [
            {
              "id": "uiControl405_4hF1Snrow0",
              "display": {
                "cols": 3,
                "type": "col",
                "adapterId": "col",
                "adapter": {
                  "templateType": ""
                }
              },
              "layout": [
                {
                  "id": "uiControl409_RpEPtn",
                  "controlId": "control383_k2wIXH",
                  "display": {
                    "adapterId": "clickable",
                    "type": "button",
                    "hollow": true,
                    "amStyle": "warning",
                    "amSize": "sm",
                    "adapter": {
                      "templateType": ""
                    }
                  }
                }
              ]
            },
            {
              "id": "uiControl405_4hF1Snrow1",
              "display": {
                "cols": 3,
                "type": "col",
                "adapterId": "col",
                "adapter": {
                  "templateType": ""
                }
              },
              "layout": [
                {
                  "id": "uiControl408_GBTBpO",
                  "controlId": "control382_Evostx",
                  "display": {
                    "adapterId": "clickable",
                    "type": "button",
                    "hollow": true,
                    "amStyle": "primary",
                    "amSize": "sm",
                    "adapter": {
                      "templateType": ""
                    }
                  }
                }
              ]
            }
          ]
        }
      ]
    }
  },
  "matchers": {
    "page/title": {
      "contexts": {
        "context39_TSwpAw": [
          "上传附件",
          ""
        ]
      }
    },
    "page/urls": {
      "contexts": {
        "context39_TSwpAw": [
          "218.203.103.203:8082/ngmarket/crm/commonOutSideWin.action?actionId=crm/accessoryInit&title=%C9%CF%B4%AB%B8%BD%BC%FE&needClose=false&objTypeId=nonStructuralInfo&objId=9512082450706&region=951&controlName=filename&accessoryIdName=accessoryIdName&filePath=crmperm&fileSize=20000&businessType=nonStructuralInfo&ngcrm_reserved1=1",
          "218.203.103.203:8082/ngmarket/crm/accessoryCreate.action?businessType=BBOSSLicenceInfo&suffix=&cloudStoreFlag=&needCompress=&fileSize=&oldFileName=02-%C9%CC%C6%B7%B6%A9%B9%BA-%CA%D5%B2%D8.png"
        ]
      }
    },
    "page/ids": {
      "contexts": {
        "context39_TSwpAw": [
          [
            "commonOutSideForm",
            "initFrame"
          ],
          [
            "ErrorMsgInfo",
            "divHeight",
            "frameInnerEsop",
            "leftarrow",
            "messagedetail",
            "rightarrow"
          ]
        ]
      }
    },
    "page/classes": {
      "contexts": {
        "context39_TSwpAw": [
          [],
          [
            "btn_a",
            "displaynone",
            "newchure",
            "newerror",
            "newfloat",
            "newpopwin_content",
            "table_list",
            "title_boldtext"
          ]
        ]
      }
    },
    "page/tagTriplets": {
      "contexts": {
        "context39_TSwpAw": [
          [
            "-/-/FORM",
            "-/-/SCRIPT",
            "-/FORM/TABLE",
            "FORM/TABLE/TBODY",
            "TABLE/TBODY/TR",
            "TBODY/TR/TD",
            "TR/TD/IFRAME"
          ],
          [
            "-/-/IFRAME",
            "-/-/SCRIPT",
            "-/-/TABLE",
            "-/TABLE/TBODY",
            "A/FONT/SPAN",
            "DIV/TABLE/TBODY",
            "TABLE/TBODY/TR",
            "TBODY/TR/TD",
            "TD/A/FONT",
            "TD/A/SPAN",
            "TD/DIV/TABLE",
            "TD/TABLE/TBODY",
            "TR/TD/A",
            "TR/TD/DIV",
            "TR/TD/FONT",
            "TR/TD/IMG",
            "TR/TD/SPAN",
            "TR/TD/TABLE"
          ]
        ]
      }
    }
  }
}