{
  "version": "0.1",
  "id": "lks_news_list",
  "targetURL": "http://oa.sec.com.cn/lks/koa/lks_news.nsf/$$viewtemplate+for+vd_bystatusNew?openform&Info=00.%u96C6%u56E2%u7CFB%u7EDF%u901A%u77E5%u516C%u544A",
  "jsFile": "index.js",
  "requires": {
    "lks_archivemngnewex": "../lks_archivemngnewex/index.json",
    "lks_news": "../lks_news/index.json",
    "lks_rules": "../lks_rules/index.json",
    "lks_publish": "../lks_publish/index.json",
    "lks_financeflowreview": "../lks_financeflowreview/index.json"
  },
  "chineseName": "通知公告列表",
  "description": "",
  "controls": {
    "control179_GTKnRp": {
      "location": {
        "data": {
          "tagName": "TBODY"
        },
        "userData": {
          "data": [],
          "force": false
        },
        "locators": [
          {
            "id": "@id/word",
            "prob": 2,
            "value": [
              "descendant::DIV[@id=\"VW_TABLE\"]//TABLE[@id=\"VW_VW\"]/TBODY[1]",
              "descendant::DIV[@id=\"VW_TABLE\"]//TABLE[@id=\"VW_VW\"]//TBODY",
              "descendant::TABLE[@id=\"VW_VW\"]//TBODY"
            ]
          },
          {
            "id": "@class/word",
            "prob": 1,
            "value": "TABLE.TbView TBODY"
          },
          {
            "id": "path/ordinal",
            "prob": 1,
            "value": "/HTML[1]/BODY[1]/FORM[1]/TABLE[4]/TBODY[1]/TR[1]/TD[1]/DIV[2]/TABLE[1]/TBODY[1]"
          }
        ]
      },
      "events": {
        "onGetData": "getData_control179_GTKnRp"
      },
      "intendedRole": "custom",
      "roles": "element,custom",
      "monitored": true,
      "frameXPath": "",
      "componentType": "custom"
    },
    "control176_cgJ2ns": {
      "location": {
        "data": {
          "tagName": "FONT"
        },
        "userData": {
          "data": [],
          "force": false
        },
        "locators": [
          {
            "id": "@class/word",
            "prob": 1,
            "value": "FONT.curpath"
          },
          {
            "id": "path/ordinal",
            "prob": 1,
            "value": "/HTML[1]/BODY[1]/FORM[1]/TABLE[4]/TBODY[1]/TR[1]/TD[1]/FONT[1]"
          },
          {
            "id": "elderLevel",
            "value": {
              "level": 0
            }
          }
        ]
      },
      "events": {
        "onGetData": "getData_control176_cgJ2ns"
      },
      "intendedRole": "custom",
      "roles": "element,custom",
      "monitored": false,
      "frameXPath": "",
      "componentType": "custom"
    },
    "control180_eefVLN": {
      "location": {
        "data": {
          "tagName": "TR"
        },
        "userData": {
          "data": [],
          "force": false
        },
        "locators": [
          {
            "id": "@id/word",
            "prob": 2,
            "value": [
              "descendant::DIV[@id=\"VW_NAVTOP\"]/TABLE[1]/TBODY[1]/TR[1]",
              "descendant::DIV[@id=\"VW_NAVTOP\"]//TR"
            ]
          },
          {
            "id": "path/ordinal",
            "prob": 1,
            "value": "/HTML[1]/BODY[1]/FORM[1]/TABLE[4]/TBODY[1]/TR[1]/TD[1]/DIV[1]/TABLE[1]/TBODY[1]/TR[1]"
          }
        ]
      },
      "events": {
        "onGetData": "getData_control180_eefVLN"
      },
      "intendedRole": "custom",
      "roles": "element,custom",
      "monitored": true,
      "frameXPath": "",
      "componentType": "custom"
    },
    "control184_Q61G1z": {
      "location": {
        "data": {
          "tagName": "DIV"
        },
        "userData": {
          "data": [],
          "force": false
        },
        "locators": [
          {
            "id": "text",
            "prob": 3,
            "value": {
              "text": [
                "lks_news"
              ],
              "visText": [
                "lks_news"
              ]
            }
          },
          {
            "id": "@id/word",
            "prob": 3,
            "value": "descendant::DIV[@id=\"lks_news\"]"
          },
          {
            "id": "path/ordinal",
            "prob": 1,
            "value": "/HTML[1]/BODY[1]/FORM[1]/TABLE[4]/TBODY[1]/TR[1]/TD[1]/DIV[1]"
          },
          {
            "id": "elderLevel",
            "value": {
              "level": 0
            }
          }
        ]
      },
      "roles": "element",
      "text": "lks_news",
      "frameXPath": ""
    },
    "control228_QhBaHc": {
      "location": {
        "data": {
          "tagName": "P"
        },
        "userData": {
          "data": [],
          "force": false
        },
        "locators": [
          {
            "id": "text",
            "prob": 3,
            "value": {
              "text": [
                "目前还没有您可查阅的文档。"
              ],
              "visText": [
                "目前还没有您可查阅的文档。"
              ]
            }
          },
          {
            "id": "path/ordinal",
            "prob": 1,
            "value": "/HTML[1]/BODY[1]/DIV[1]/TABLE[1]/TBODY[1]/TR[2]/TD[1]/TABLE[1]/TBODY[1]/TR[1]/TD[2]/P[1]"
          },
          {
            "id": "elderLevel",
            "value": {
              "level": 0
            }
          }
        ]
      },
      "roles": "element",
      "content": true,
      "monitored": false,
      "frameXPath": "//iframe[1]<<IFRAME>>",
      "componentType": "content"
    }
  },
  "contexts": {
    "context25_VQLbwJ": {
      "controls": [
        "control179_GTKnRp",
        "control176_cgJ2ns",
        "control180_eefVLN",
        "control228_QhBaHc"
      ],
      "anchors": [
        "control184_Q61G1z"
      ],
      "urlAnchor": []
    }
  },
  "flows": {
    "flow117_Kbs2rD": {
      "toContexts": [
        {
          "toContextId": "context25_VQLbwJ"
        }
      ]
    },
    "flow118_OKy1WW": {
      "fromContextId": "context25_VQLbwJ",
      "fromAction": "doAction",
      "fromControlId": "control179_GTKnRp",
      "toContexts": [
        {
          "toContextId": "context25_VQLbwJ"
        },
        {
          "toContextId": "context5_3qQbFO",
          "toModelId": "lks_archivemngnewex"
        },
        {
          "toContextId": "context24_t9JPlV",
          "toModelId": "lks_news"
        },
        {
          "toContextId": "context4_nBTnvD",
          "toModelId": "lks_rules"
        },
        {
          "toContextId": "context3_gAmRmv",
          "toModelId": "lks_publish"
        },
        {
          "toContextId": "context11_DdpfNi",
          "toModelId": "lks_financeflowreview"
        }
      ]
    }
  },
  "pages": {
    "page25_xPGWWu": {
      "contextId": "context25_VQLbwJ",
      "layout": [
        {
          "id": "uiControl193_Zvx6cJ",
          "controlId": "control176_cgJ2ns",
          "display": {
            "adapterId": "custom",
            "type": "custom",
            "adapter": {
              "templateType": "react",
              "events": {
                "onDoAction": "doAction_uiControl193_Zvx6cJ",
                "onGetTemplate": "getTemplate_uiControl193_Zvx6cJ"
              }
            }
          }
        },
        {
          "id": "uiControl196_cZJLc4",
          "controlId": "control179_GTKnRp",
          "display": {
            "adapterId": "custom",
            "type": "custom",
            "adapter": {
              "templateType": "react",
              "events": {
                "onDoAction": "doAction_uiControl196_cZJLc4",
                "onGetTemplate": "getTemplate_uiControl196_cZJLc4"
              }
            }
          }
        },
        {
          "id": "uiControl197_i4T7EM",
          "controlId": "control180_eefVLN",
          "display": {
            "adapterId": "custom",
            "type": "custom",
            "adapter": {
              "templateType": "react",
              "events": {
                "onDoAction": "doAction_uiControl197_i4T7EM",
                "onGetTemplate": "getTemplate_uiControl197_i4T7EM"
              }
            }
          }
        },
        {
          "id": "uiControl244_tlBTJc",
          "controlId": "control228_QhBaHc",
          "display": {
            "adapterId": "content",
            "type": "content",
            "class": "text-center",
            "adapter": {
              "templateType": ""
            }
          }
        }
      ]
    }
  },
  "matchers": {
    "page/title": {
      "contexts": {
        "context25_VQLbwJ": [
          ""
        ]
      }
    },
    "page/urls": {
      "contexts": {
        "context25_VQLbwJ": [
          "oa.sec.com.cn/lks/koa/lks_news.nsf/$$viewtemplate+for+vd_bystatusNew?openform&Info=00.%u96C6%u56E2%u7CFB%u7EDF%u901A%u77E5%u516C%u544A",
          "oa.sec.com.cn/lks/koa/lks_news.nsf/$$ViewTemplate+For+VD_ByStatusNew?OpenForm&Info=01.%u96C6%u56E2%u603B%u90E8/%u516C%u53F8%u901A%u77E5%u516C%u544A",
          "oa.sec.com.cn/lks/koa/lks_news.nsf/$$viewtemplate%20for%20vd_bystatusNew?openform&Info=00.%E9%9B%86%E5%9B%A2%E7%B3%BB%E7%BB%9F%E9%80%9A%E7%9F%A5%E5%85%AC%E5%91%8A",
          "oa.sec.com.cn/lks/koa/lks_news.nsf/$$viewtemplate+for+vd_bystatusnew?openform&Info=01.%u96C6%u56E2%u603B%u90E8/%u516C%u53F8%u901A%u77E5%u516C%u544A"
        ]
      }
    },
    "page/ids": {
      "contexts": {
        "context25_VQLbwJ": [
          [
            "DIV_SearchBar",
            "VW_NAVBOTTOM",
            "VW_NAVTOP",
            "VW_TABLE",
            "buttonDiv"
          ],
          [
            "DIV_SearchBar",
            "EndCurPage",
            "EndHead",
            "EndLast",
            "EndNext",
            "EndPrev",
            "EndRefresh",
            "EndTotalPage",
            "Endcount",
            "S_OperationBar",
            "TopCurPage",
            "TopHead",
            "TopLast",
            "TopNext",
            "TopPrev",
            "TopRefresh",
            "TopTotalPage",
            "Topcount",
            "VWVWROW_",
            "VW_NAVBOTTOM",
            "VW_NAVTOP",
            "VW_TABLE",
            "VW_VW",
            "btnGoBottom",
            "btnGoTop",
            "buttonDiv"
          ],
          [
            "DIV_SearchBar",
            "EndCurPage",
            "EndHead",
            "EndLast",
            "EndNext",
            "EndPrev",
            "EndRefresh",
            "EndTotalPage",
            "Endcount",
            "S_OperationBar",
            "TopCurPage",
            "TopHead",
            "TopLast",
            "TopNext",
            "TopPrev",
            "TopRefresh",
            "TopTotalPage",
            "Topcount",
            "VWVWROW_",
            "VW_NAVBOTTOM",
            "VW_NAVTOP",
            "VW_TABLE",
            "VW_VW",
            "btnGoBottom",
            "btnGoTop",
            "buttonDiv",
            "lks_news"
          ],
          [
            "DIV_SearchBar",
            "S_OperationBar",
            "VW_NAVBOTTOM",
            "VW_NAVTOP",
            "VW_TABLE",
            "buttonDiv",
            "lks_news"
          ]
        ]
      }
    },
    "page/classes": {
      "contexts": {
        "context25_VQLbwJ": [
          [
            "BtnMenuView",
            "btnmenuview",
            "curpath",
            "doclistbottom",
            "selectmenu",
            "tbsearchbar"
          ],
          [
            "BtnMenuView",
            "InputView",
            "TbView",
            "TrViewFirst",
            "btnmenuview",
            "curpath",
            "doclistbottom",
            "selectmenu",
            "tbsearchbar",
            "textdocnone"
          ]
        ]
      }
    },
    "page/tagTriplets": {
      "contexts": {
        "context25_VQLbwJ": [
          [
            "-/-/FORM",
            "-/-/SCRIPT",
            "-/FORM/DIV",
            "-/FORM/INPUT-hidden",
            "-/FORM/TABLE",
            "DIV/TABLE/TBODY",
            "FONT/SELECT/OPTION",
            "FORM/DIV/TABLE",
            "FORM/TABLE/TBODY",
            "P/FONT/INPUT-null",
            "TABLE/TBODY/TR",
            "TBODY/TR/TD",
            "TD/A/IMG",
            "TD/DIV/FONT",
            "TD/DIV/INPUT-button",
            "TD/FONT/INPUT-hidden",
            "TD/FONT/INPUT-null",
            "TD/FONT/SELECT",
            "TD/P/BR",
            "TD/P/FONT",
            "TD/P/INPUT-button",
            "TD/P/INPUT-null",
            "TD/TABLE/TBODY",
            "TR/TD/A",
            "TR/TD/BR",
            "TR/TD/DIV",
            "TR/TD/FONT",
            "TR/TD/INPUT-button",
            "TR/TD/INPUT-null",
            "TR/TD/P",
            "TR/TD/SCRIPT",
            "TR/TD/TABLE"
          ],
          [
            "-/-/DIV",
            "-/-/FORM",
            "-/-/SCRIPT",
            "-/DIV/TABLE",
            "-/FORM/DIV",
            "-/FORM/INPUT-hidden",
            "-/FORM/TABLE",
            "DIV/TABLE/TBODY",
            "FONT/SELECT/OPTION",
            "FORM/DIV/TABLE",
            "FORM/TABLE/TBODY",
            "P/FONT/INPUT-null",
            "TABLE/TBODY/TR",
            "TBODY/TR/TD",
            "TD/A/IMG",
            "TD/A/NOBR",
            "TD/DIV/FONT",
            "TD/DIV/INPUT-button",
            "TD/DIV/TABLE",
            "TD/FONT/INPUT-checkbox",
            "TD/FONT/INPUT-hidden",
            "TD/FONT/INPUT-null",
            "TD/FONT/SELECT",
            "TD/P/BR",
            "TD/P/FONT",
            "TD/P/INPUT-button",
            "TD/P/INPUT-null",
            "TD/TABLE/TBODY",
            "TR/TD/A",
            "TR/TD/BR",
            "TR/TD/DIV",
            "TR/TD/FONT",
            "TR/TD/IMG",
            "TR/TD/INPUT-button",
            "TR/TD/INPUT-checkbox",
            "TR/TD/INPUT-null",
            "TR/TD/INPUT-text",
            "TR/TD/P",
            "TR/TD/SCRIPT",
            "TR/TD/TABLE"
          ],
          [
            "-/-/DIV",
            "-/-/FORM",
            "-/-/SCRIPT",
            "-/DIV/TABLE",
            "-/FORM/DIV",
            "-/FORM/INPUT-hidden",
            "-/FORM/TABLE",
            "DIV/TABLE/TBODY",
            "FONT/SELECT/OPTION",
            "FORM/DIV/TABLE",
            "FORM/TABLE/TBODY",
            "P/FONT/INPUT-null",
            "TABLE/TBODY/TR",
            "TBODY/TR/TD",
            "TD/A/IMG",
            "TD/A/NOBR",
            "TD/DIV/INPUT-button",
            "TD/DIV/TABLE",
            "TD/FONT/INPUT-hidden",
            "TD/FONT/INPUT-null",
            "TD/FONT/SELECT",
            "TD/P/BR",
            "TD/P/FONT",
            "TD/P/INPUT-button",
            "TD/P/INPUT-null",
            "TD/TABLE/TBODY",
            "TR/TD/A",
            "TR/TD/BR",
            "TR/TD/DIV",
            "TR/TD/FONT",
            "TR/TD/IMG",
            "TR/TD/INPUT-button",
            "TR/TD/INPUT-null",
            "TR/TD/INPUT-text",
            "TR/TD/P",
            "TR/TD/SCRIPT",
            "TR/TD/TABLE"
          ],
          [
            "-/-/DIV",
            "-/-/FORM",
            "-/-/SCRIPT",
            "-/DIV/TABLE",
            "-/FORM/DIV",
            "-/FORM/INPUT-hidden",
            "-/FORM/TABLE",
            "DIV/CENTER/IFRAME",
            "DIV/TABLE/TBODY",
            "FONT/SELECT/OPTION",
            "FORM/DIV/TABLE",
            "FORM/TABLE/TBODY",
            "P/FONT/INPUT-null",
            "TABLE/TBODY/TR",
            "TBODY/TR/TD",
            "TD/A/IMG",
            "TD/A/NOBR",
            "TD/DIV/CENTER",
            "TD/DIV/INPUT-button",
            "TD/FONT/INPUT-hidden",
            "TD/FONT/INPUT-null",
            "TD/FONT/SELECT",
            "TD/P/BR",
            "TD/P/FONT",
            "TD/P/INPUT-button",
            "TD/P/INPUT-null",
            "TD/TABLE/TBODY",
            "TR/TD/A",
            "TR/TD/BR",
            "TR/TD/DIV",
            "TR/TD/FONT",
            "TR/TD/INPUT-button",
            "TR/TD/INPUT-null",
            "TR/TD/P",
            "TR/TD/SCRIPT",
            "TR/TD/TABLE"
          ]
        ]
      }
    }
  }
}