{
  "version": "0.1",
  "id": "newAuthorization",
  "targetURL": "http://oa.sec.com.cn/lks/koa/lks_flow.nsf/FM_AllCommit?OpenForm",
  "jsFile": "index.js",
  "requires": {
    "choosePeople": "../choosePeople/index.json",
    "returnMsg": "../returnMsg/index.json",
    "lks_FM_LeaveReview": "../lks_FM_LeaveReview/index.json",
    "lks_FM_OutReview": "../lks_FM_OutReview/index.json"
  },
  "chineseName": "新建授权",
  "description": "流程授权",
  "controls": {
    "control197_pTWu2S": {
      "location": {
        "data": {
          "tagName": "TD"
        },
        "userData": {
          "data": [],
          "force": false
        },
        "locators": [
          {
            "id": "path/ordinal",
            "prob": 1,
            "value": "/HTML[1]/BODY[1]/FORM[1]/TABLE[4]/TBODY[1]/TR[1]/TD[1]"
          }
        ]
      },
      "events": {
        "onGetData": "getData_control197_pTWu2S"
      },
      "intendedRole": "custom",
      "roles": "element,custom",
      "monitored": true,
      "frameXPath": "",
      "componentType": "custom"
    },
    "control198_rG3DeC": {
      "location": {
        "data": {
          "tagName": "DIV"
        },
        "userData": {
          "data": [],
          "force": false
        },
        "locators": [
          {
            "id": "@class/word",
            "prob": 1,
            "value": "TD.tbmenudoc DIV"
          },
          {
            "id": "path/ordinal",
            "prob": 1,
            "value": "/HTML[1]/BODY[1]/FORM[1]/TABLE[3]/TBODY[1]/TR[1]/TD[1]/DIV[1]"
          }
        ]
      },
      "events": {
        "onGetData": "getData_control198_rG3DeC"
      },
      "intendedRole": "custom",
      "roles": "element,custom",
      "monitored": true,
      "frameXPath": "",
      "componentType": "custom"
    },
    "control199_qT5DOG": {
      "location": {
        "data": {
          "tagName": "TBODY"
        },
        "userData": {
          "data": [],
          "force": false
        },
        "locators": [
          {
            "id": "path/ordinal",
            "prob": 1,
            "value": "/HTML[1]/BODY[1]/FORM[1]/TABLE[4]/TBODY[1]"
          }
        ]
      },
      "events": {
        "onGetData": "getData_control199_qT5DOG"
      },
      "intendedRole": "custom",
      "roles": "element,custom",
      "ignoreVisibility": false,
      "monitored": true,
      "frameXPath": "",
      "componentType": "custom"
    }
  },
  "contexts": {
    "context28_I4dRKy": {
      "controls": [
        "control197_pTWu2S",
        "control198_rG3DeC",
        "control199_qT5DOG"
      ],
      "anchors": [],
      "urlAnchor": []
    }
  },
  "flows": {
    "flow126_nwD8e5": {
      "toContexts": [
        {
          "toContextId": "context28_I4dRKy"
        },
        {
          "toContextId": "context35_wLstsD",
          "toModelId": "lks_FM_LeaveReview"
        },
        {
          "toContextId": "context36_50uTOq",
          "toModelId": "lks_FM_OutReview"
        }
      ]
    },
    "flow127_2yPUAC": {
      "fromContextId": "context28_I4dRKy",
      "fromAction": "doAction",
      "fromControlId": "control199_qT5DOG",
      "toContexts": [
        {
          "toContextId": "context28_I4dRKy"
        },
        {
          "toContextId": "context6_m0MbOe",
          "toModelId": "choosePeople"
        }
      ]
    },
    "flow128_R34TZT": {
      "fromContextId": "context28_I4dRKy",
      "fromAction": "doAction",
      "fromControlId": "control198_rG3DeC",
      "toContexts": [
        {
          "toContextId": "context28_I4dRKy"
        },
        {
          "toContextId": "context7_adlfZy",
          "toModelId": "returnMsg"
        }
      ]
    }
  },
  "pages": {
    "page28_MXz0cT": {
      "contextId": "context28_I4dRKy",
      "layout": [
        {
          "id": "uiControl214_5mwKbK",
          "controlId": "control197_pTWu2S",
          "display": {
            "adapterId": "custom",
            "type": "custom",
            "adapter": {
              "templateType": "react",
              "events": {
                "onDoAction": "doAction_uiControl214_5mwKbK",
                "onGetTemplate": "getTemplate_uiControl214_5mwKbK"
              }
            }
          }
        },
        {
          "id": "uiControl215_c3gFCd",
          "display": {
            "type": "sticky",
            "adapterId": "sticky",
            "class": "ui-footer-button",
            "adapter": {
              "templateType": ""
            }
          },
          "layout": [
            {
              "id": "uiControl215_c3gFCdbody",
              "display": {
                "type": "stickyBody",
                "adapterId": "stickyBody",
                "adapter": {
                  "templateType": ""
                }
              },
              "layout": [
                {
                  "id": "uiControl216_qn6W9B",
                  "controlId": "control198_rG3DeC",
                  "display": {
                    "adapterId": "custom",
                    "type": "custom",
                    "adapter": {
                      "templateType": "react",
                      "events": {
                        "onDoAction": "doAction_uiControl216_qn6W9B",
                        "onGetTemplate": "getTemplate_uiControl216_qn6W9B"
                      }
                    }
                  }
                }
              ]
            }
          ]
        },
        {
          "id": "uiControl217_feLU4T",
          "controlId": "control199_qT5DOG",
          "display": {
            "adapterId": "custom",
            "type": "custom",
            "adapter": {
              "templateType": "react",
              "events": {
                "onDoAction": "doAction_uiControl217_feLU4T",
                "onGetTemplate": "getTemplate_uiControl217_feLU4T"
              }
            }
          }
        }
      ]
    }
  },
  "matchers": {
    "page/title": {
      "contexts": {
        "context28_I4dRKy": [
          "全系统_流程授权设置"
        ]
      }
    },
    "page/urls": {
      "contexts": {
        "context28_I4dRKy": [
          "oa.sec.com.cn/lks/koa/lks_flow.nsf/FM_AllCommit?OpenForm",
          "oac1.sec.com.cn/lks/koa.xxjs/lks_flow.nsf/FM_AllCommit?OpenForm"
        ]
      }
    },
    "page/ids": {
      "contexts": {
        "context28_I4dRKy": [
          [
            "Calendar_SWFObjectName",
            "FlashPopWin",
            "Sys_EsaField",
            "checkAll",
            "divMod",
            "iToday",
            "module",
            "tdNotify"
          ]
        ]
      }
    },
    "page/classes": {
      "contexts": {
        "context28_I4dRKy": [
          [
            "btnmenudoc",
            "doctoptb",
            "qtksqdw",
            "tbmenudoc",
            "textdocdown"
          ],
          [
            "btnmenudoc",
            "doctoptb",
            "tbmenudoc",
            "textdocdown"
          ]
        ]
      }
    },
    "page/tagTriplets": {
      "contexts": {
        "context28_I4dRKy": [
          [
            "-/-/FORM",
            "-/-/IFRAME",
            "-/-/LINK",
            "-/-/OBJECT",
            "-/-/SCRIPT",
            "-/-/STYLE",
            "-/FORM/BR",
            "-/FORM/INPUT-hidden",
            "-/FORM/TABLE",
            "-/OBJECT/PARAM",
            "DIV/TABLE/TBODY",
            "FORM/TABLE/TBODY",
            "P/B/INPUT-null",
            "P/FONT/INPUT-null",
            "TABLE/TBODY/TR",
            "TBODY/TR/TD",
            "TD/A/FONT",
            "TD/DIV/B",
            "TD/DIV/FONT",
            "TD/DIV/INPUT-button",
            "TD/DIV/INPUT-checkbox",
            "TD/DIV/TABLE",
            "TD/FONT/A",
            "TD/FONT/BR",
            "TD/FONT/INPUT-hidden",
            "TD/FONT/INPUT-null",
            "TD/FONT/INPUT-radio",
            "TD/P/B",
            "TD/P/BR",
            "TD/P/FONT",
            "TD/P/INPUT-button",
            "TD/P/INPUT-text",
            "TD/P/STYLE",
            "TD/SPAN/TEXTAREA",
            "TR/TD/A",
            "TR/TD/BR",
            "TR/TD/DIV",
            "TR/TD/FONT",
            "TR/TD/INPUT-checkbox",
            "TR/TD/INPUT-hidden",
            "TR/TD/INPUT-null",
            "TR/TD/P",
            "TR/TD/SCRIPT",
            "TR/TD/SPAN"
          ],
          [
            "-/-/FORM",
            "-/-/IFRAME",
            "-/-/LINK",
            "-/-/OBJECT",
            "-/-/SCRIPT",
            "-/-/STYLE",
            "-/FORM/BR",
            "-/FORM/INPUT-hidden",
            "-/FORM/TABLE",
            "-/OBJECT/PARAM",
            "DIV/TABLE/TBODY",
            "FONT/LABEL/INPUT-radio",
            "FORM/TABLE/TBODY",
            "P/B/INPUT-null",
            "P/FONT/INPUT-null",
            "TABLE/TBODY/TR",
            "TBODY/TR/TD",
            "TD/DIV/B",
            "TD/DIV/FONT",
            "TD/DIV/INPUT-button",
            "TD/DIV/INPUT-checkbox",
            "TD/DIV/TABLE",
            "TD/FONT/A",
            "TD/FONT/BR",
            "TD/FONT/INPUT-hidden",
            "TD/FONT/INPUT-null",
            "TD/FONT/LABEL",
            "TD/LABEL/INPUT-checkbox",
            "TD/P/B",
            "TD/P/BR",
            "TD/P/FONT",
            "TD/P/INPUT-button",
            "TD/P/INPUT-text",
            "TD/P/STYLE",
            "TD/SPAN/TEXTAREA",
            "TR/TD/A",
            "TR/TD/BR",
            "TR/TD/DIV",
            "TR/TD/FONT",
            "TR/TD/INPUT-checkbox",
            "TR/TD/INPUT-hidden",
            "TR/TD/INPUT-null",
            "TR/TD/LABEL",
            "TR/TD/P",
            "TR/TD/SCRIPT",
            "TR/TD/SPAN"
          ]
        ]
      }
    }
  }
}