{
  "version": "0.1",
  "id": "fail",
  "targetURL": "http://218.203.103.203:8082/ngmarket/custmgt/mkAddOpponent.action?deal=add&bsnsType=AMOpponent&businessClass=AMOpponent&acceptType=1&region=951&grouptype=AMOpponent",
  "jsFile": "index.js",
  "requires": {
    "FormalGroupRegistration": "../FormalGroupRegistration/index.json"
  },
  "chineseName": "办理失败",
  "description": "",
  "controls": {
    "control273_h0CL6M": {
      "location": {
        "data": {
          "tagName": "SPAN"
        },
        "userData": {
          "data": [],
          "force": false
        },
        "locators": [
          {
            "id": "a/@href",
            "prob": 2,
            "value": {
              "funcName": "doEnterorClose",
              "redirect": "SPAN[1]"
            }
          },
          {
            "id": "@class/word",
            "prob": 1,
            "ordinal": [
              1,
              2
            ],
            "value": "TABLE.table_list TD.title_boldtext A.btn_a SPAN"
          },
          {
            "id": "path/ordinal",
            "prob": 1,
            "value": "/HTML[1]/BODY[1]/TABLE[1]/TBODY[1]/TR[1]/TD[1]/TABLE[1]/TBODY[1]/TR[2]/TD[1]/A[2]/SPAN[1]"
          },
          {
            "id": "elderLevel",
            "value": {
              "level": 0
            }
          }
        ]
      },
      "events": {
        "onGetData": "getData_control273_h0CL6M"
      },
      "intendedRole": "custom",
      "roles": "element,custom",
      "monitored": true,
      "frameXPath": "",
      "componentType": "custom"
    },
    "control274_ebsZVt": {
      "location": {
        "data": {
          "tagName": "IMG"
        },
        "userData": {
          "data": [],
          "force": false
        },
        "locators": [
          {
            "id": "@title",
            "prob": 2,
            "value": {
              "text": [
                "业务办理失败"
              ]
            }
          },
          {
            "id": "img/@src",
            "prob": 1,
            "value": {
              "pathname": "/ngmarket/skins/ng35/images/crm/resultmsg/operate_fail_top02.gif"
            }
          },
          {
            "id": "@class/word",
            "prob": 1,
            "value": "TABLE.table_list TD.newpopwin_content.newerror IMG.displaynone"
          },
          {
            "id": "path/ordinal",
            "prob": 1,
            "value": "/HTML[1]/BODY[1]/TABLE[1]/TBODY[1]/TR[1]/TD[1]/TABLE[1]/TBODY[1]/TR[1]/TD[1]/IMG[1]"
          }
        ]
      },
      "roles": "element,image,button",
      "text": "",
      "frameXPath": ""
    },
    "control275_fl18Hq": {
      "location": {
        "data": {
          "tagName": "IMG"
        },
        "userData": {
          "data": [],
          "force": false
        },
        "locators": [
          {
            "id": "@title",
            "prob": 2,
            "value": {
              "text": [
                "业务办理失败"
              ]
            }
          },
          {
            "id": "img/@src",
            "prob": 1,
            "value": {
              "pathname": "/ngmarket/skins/ng35/images/crm/resultmsg/operate_fail_top02.gif"
            }
          },
          {
            "id": "@class/word",
            "prob": 1,
            "value": "TABLE.table_list TD.newpopwin_content.newerror IMG.displaynone"
          },
          {
            "id": "path/ordinal",
            "prob": 1,
            "value": "/HTML[1]/BODY[1]/TABLE[1]/TBODY[1]/TR[1]/TD[1]/TABLE[1]/TBODY[1]/TR[1]/TD[1]/IMG[1]"
          }
        ]
      },
      "roles": "element,image,button",
      "monitored": true,
      "frameXPath": "",
      "componentType": "image"
    },
    "control276_zo5cvM": {
      "location": {
        "data": {
          "tagName": "TD"
        },
        "userData": {
          "data": [],
          "force": false
        },
        "locators": [
          {
            "id": "text",
            "prob": 3,
            "value": {
              "text": [
                "业务办理失败"
              ],
              "visText": [
                "业务办理失败"
              ]
            }
          },
          {
            "id": "@class/word",
            "prob": 1,
            "value": "BODY.ballistic_bg TABLE.table_list TD.newpopwin_content.newerror"
          },
          {
            "id": "path/ordinal",
            "prob": 1,
            "value": "/HTML[1]/BODY[1]/TABLE[1]/TBODY[1]/TR[1]/TD[1]/TABLE[1]/TBODY[1]/TR[1]/TD[1]"
          }
        ]
      },
      "roles": "element",
      "content": true,
      "monitored": true,
      "frameXPath": "",
      "componentType": "content"
    },
    "control277_nwQ1pp": {
      "location": {
        "data": {
          "tagName": "TD"
        },
        "userData": {
          "data": [],
          "force": false
        },
        "locators": [
          {
            "id": "@class/word",
            "prob": 1,
            "value": "BODY.ballistic_bg TABLE.table_list TD.title_boldtext"
          },
          {
            "id": "path/ordinal",
            "prob": 1,
            "value": "/HTML[1]/BODY[1]/TABLE[1]/TBODY[1]/TR[1]/TD[1]/TABLE[1]/TBODY[1]/TR[2]/TD[1]"
          }
        ]
      },
      "events": {
        "onGetData": "getData_control277_nwQ1pp"
      },
      "intendedRole": "custom",
      "roles": "element,custom",
      "monitored": true,
      "frameXPath": "",
      "componentType": "custom"
    }
  },
  "contexts": {
    "context35_T1O4PZ": {
      "controls": [
        "control273_h0CL6M",
        "control275_fl18Hq",
        "control276_zo5cvM",
        "control277_nwQ1pp"
      ],
      "anchors": [
        "control274_ebsZVt"
      ],
      "urlAnchor": []
    }
  },
  "flows": {
    "flow167_oc4Hmi": {
      "toContexts": [
        {
          "toContextId": "context35_T1O4PZ"
        }
      ]
    },
    "flow169_o42vwH": {
      "fromContextId": "context35_T1O4PZ",
      "fromAction": "doAction",
      "fromControlId": "control277_nwQ1pp",
      "toContexts": [
        {
          "toContextId": "context35_T1O4PZ"
        },
        {
          "toContextId": "context30_Ogfe9f",
          "toModelId": "FormalGroupRegistration"
        }
      ]
    }
  },
  "pages": {
    "page35_Ea3gaz": {
      "contextId": "context35_T1O4PZ",
      "layout": [
        {
          "id": "uiControl285_N1EXw8",
          "controlId": "control273_h0CL6M",
          "display": {
            "adapterId": "custom",
            "type": "custom",
            "adapter": {
              "templateType": "react",
              "events": {
                "onDoAction": "doAction_uiControl285_N1EXw8",
                "onGetTemplate": "getTemplate_uiControl285_N1EXw8"
              }
            }
          }
        },
        {
          "id": "uiControl286_VZIAxo",
          "display": {
            "type": "card",
            "adapterId": "card",
            "adapter": {
              "templateType": ""
            }
          },
          "layout": [
            {
              "id": "uiControl286_VZIAxoheader",
              "display": {
                "type": "cardHeader",
                "text": "",
                "adapterId": "cardHeader",
                "adapter": {
                  "templateType": ""
                }
              },
              "layout": []
            },
            {
              "id": "uiControl286_VZIAxobody",
              "display": {
                "type": "cardBody",
                "adapterId": "cardBody",
                "adapter": {
                  "templateType": ""
                }
              },
              "layout": [
                {
                  "id": "uiControl287_dfthow",
                  "controlId": "control275_fl18Hq",
                  "display": {
                    "adapterId": "image_link",
                    "type": "image",
                    "class": "imgf",
                    "adapter": {
                      "templateType": ""
                    }
                  }
                },
                {
                  "id": "uiControl288_4skxyT",
                  "controlId": "control276_zo5cvM",
                  "display": {
                    "adapterId": "content",
                    "type": "content",
                    "class": "w-cen",
                    "adapter": {
                      "templateType": ""
                    }
                  }
                },
                {
                  "id": "uiControl289_36ApC6",
                  "controlId": "control277_nwQ1pp",
                  "display": {
                    "adapterId": "custom",
                    "type": "custom",
                    "adapter": {
                      "templateType": "react",
                      "events": {
                        "onDoAction": "doAction_uiControl289_36ApC6",
                        "onGetTemplate": "getTemplate_uiControl289_36ApC6"
                      }
                    }
                  }
                }
              ]
            },
            {
              "id": "uiControl286_VZIAxofooter",
              "display": {
                "type": "cardFooter",
                "adapterId": "cardFooter",
                "adapter": {
                  "templateType": ""
                }
              },
              "layout": []
            }
          ]
        }
      ]
    }
  },
  "matchers": {
    "page/title": {
      "contexts": {
        "context35_T1O4PZ": [
          ""
        ]
      }
    },
    "page/urls": {
      "contexts": {
        "context35_T1O4PZ": [
          "218.203.103.203:8082/ngmarket/custmgt/mkAddOpponent.action?deal=add&bsnsType=AMOpponent&businessClass=AMOpponent&acceptType=1&region=951&grouptype=AMOpponent",
          "218.203.103.203:8082/ngmarket/crm/accessoryCreate.action?businessType=linkManIDCard&suffix=&cloudStoreFlag=&needCompress=&fileSize=&oldFileName="
        ]
      }
    },
    "page/ids": {
      "contexts": {
        "context35_T1O4PZ": [
          [
            "ErrorMsgInfo",
            "divHeight",
            "frameInnerEsop",
            "leftarrow",
            "messagedetail",
            "rightarrow"
          ]
        ]
      }
    },
    "page/classes": {
      "contexts": {
        "context35_T1O4PZ": [
          [
            "btn_a",
            "displaynone",
            "newchure",
            "newerror",
            "newfloat",
            "newpopwin_content",
            "table_list",
            "title_boldtext"
          ]
        ]
      }
    },
    "page/tagTriplets": {
      "contexts": {
        "context35_T1O4PZ": [
          [
            "-/-/IFRAME",
            "-/-/SCRIPT",
            "-/-/TABLE",
            "-/TABLE/TBODY",
            "A/FONT/SPAN",
            "DIV/TABLE/TBODY",
            "TABLE/TBODY/TR",
            "TBODY/TR/TD",
            "TD/A/FONT",
            "TD/A/SPAN",
            "TD/DIV/TABLE",
            "TD/TABLE/TBODY",
            "TR/TD/A",
            "TR/TD/DIV",
            "TR/TD/FONT",
            "TR/TD/IMG",
            "TR/TD/SPAN",
            "TR/TD/TABLE"
          ]
        ]
      }
    }
  }
}