{
  "version": "0.1",
  "id": "lks_sapitems",
  "targetURL": "http://oa.sec.com.cn/lks/koa/lks_sapitems.nsf/VD_RW_DBSXV1/SN2018051564gelan?Opendocument&index=0&maindocid=E72D3BCFBB1058504825828E000ABC6C&pdocid=9EEA4B1416647C4A4825828E000ABCDE&isedited=0&vstatus=0",
  "jsFile": "index.js",
  "chineseName": "督办事项处理表",
  "description": "",
  "controls": {
    "control67_AhmtOJ": {
      "location": {
        "data": {
          "tagName": "TABLE"
        },
        "userData": {
          "data": [],
          "force": false
        },
        "locators": [
          {
            "id": "path/ordinal",
            "prob": 1,
            "value": "/HTML[1]/BODY[1]/FORM[1]/TABLE[3]"
          }
        ]
      },
      "events": {
        "onGetData": "getData_control67_AhmtOJ"
      },
      "intendedRole": "custom",
      "roles": "element,custom",
      "monitored": true,
      "frameXPath": "",
      "componentType": "custom"
    },
    "control70_2E34ZC": {
      "location": {
        "data": {
          "tagName": "DIV"
        },
        "userData": {
          "data": [],
          "force": false
        },
        "locators": [
          {
            "id": "@class/word",
            "prob": 1,
            "value": "TD.tbmenudoc DIV"
          },
          {
            "id": "path/ordinal",
            "prob": 1,
            "value": "/HTML[1]/BODY[1]/FORM[1]/TABLE[2]/TBODY[1]/TR[1]/TD[1]/DIV[1]"
          }
        ]
      },
      "events": {
        "onGetData": "getData_control70_2E34ZC"
      },
      "intendedRole": "custom",
      "roles": "element,custom",
      "monitored": true,
      "frameXPath": "",
      "componentType": "custom"
    },
    "control71_ZTe4hQ": {
      "location": {
        "data": {
          "tagName": "INPUT"
        },
        "userData": {
          "data": [],
          "force": false
        },
        "locators": [
          {
            "id": "input/button/@value",
            "prob": 3,
            "value": {
              "text": [
                "关闭"
              ]
            }
          },
          {
            "id": "@title",
            "prob": 2,
            "value": {
              "text": [
                "关闭窗口"
              ],
              "textboxValue": "关闭"
            }
          },
          {
            "id": "@class/word",
            "prob": 1,
            "ordinal": [
              1,
              2
            ],
            "value": "TD.tbmenudoc INPUT.btnmenudoc"
          },
          {
            "id": "path/ordinal",
            "prob": 1,
            "value": "/HTML[1]/BODY[1]/FORM[1]/TABLE[2]/TBODY[1]/TR[1]/TD[1]/DIV[1]/INPUT[2]"
          },
          {
            "id": "input/type",
            "verifyEnabled": true,
            "value": "button"
          }
        ]
      },
      "events": {
        "onGetData": "getData_control71_ZTe4hQ"
      },
      "intendedRole": "custom",
      "roles": "element,button,custom",
      "monitored": true,
      "frameXPath": "",
      "componentType": "custom"
    }
  },
  "contexts": {
    "context22_xTIXkc": {
      "controls": [
        "control67_AhmtOJ",
        "control70_2E34ZC",
        "control71_ZTe4hQ"
      ],
      "anchors": [],
      "urlAnchor": []
    }
  },
  "flows": {
    "flow101_Aoh2TU": {
      "toContexts": [
        {
          "toContextId": "context22_xTIXkc"
        }
      ]
    },
    "flow108_o4S1BX": {
      "fromContextId": "context22_xTIXkc",
      "fromAction": "doAction",
      "fromControlId": "control70_2E34ZC",
      "toContexts": [
        {
          "toContextId": "context22_xTIXkc"
        }
      ]
    },
    "flow149_VaI5MN": {
      "fromContextId": "context22_xTIXkc",
      "fromAction": "doAction",
      "fromControlId": "control67_AhmtOJ",
      "toContexts": [
        {
          "toContextId": "context22_xTIXkc"
        }
      ]
    }
  },
  "pages": {
    "page22_XySVTK": {
      "contextId": "context22_xTIXkc",
      "layout": [
        {
          "id": "uiControl175_PUeB1a",
          "controlId": "control71_ZTe4hQ",
          "display": {
            "adapterId": "custom",
            "type": "custom",
            "adapter": {
              "templateType": "react",
              "events": {
                "onDoAction": "doAction_uiControl175_PUeB1a",
                "onGetTemplate": "getTemplate_uiControl175_PUeB1a"
              }
            }
          }
        },
        {
          "id": "uiControl82_2SB47D",
          "controlId": "control67_AhmtOJ",
          "display": {
            "adapterId": "custom",
            "type": "custom",
            "adapter": {
              "templateType": "react",
              "events": {
                "onDoAction": "doAction_uiControl82_2SB47D",
                "onGetTemplate": "getTemplate_uiControl82_2SB47D"
              }
            }
          }
        },
        {
          "id": "uiControl83_FwtI8x",
          "display": {
            "type": "sticky",
            "adapterId": "sticky",
            "class": "ui-footer-button",
            "adapter": {
              "templateType": ""
            }
          },
          "layout": [
            {
              "id": "uiControl83_FwtI8xbody",
              "display": {
                "type": "stickyBody",
                "adapterId": "stickyBody",
                "adapter": {
                  "templateType": ""
                }
              },
              "layout": [
                {
                  "id": "uiControl84_kIdlTs",
                  "controlId": "control70_2E34ZC",
                  "display": {
                    "adapterId": "custom",
                    "type": "custom",
                    "adapter": {
                      "templateType": "react",
                      "events": {
                        "onDoAction": "doAction_uiControl84_kIdlTs",
                        "onGetTemplate": "getTemplate_uiControl84_kIdlTs"
                      }
                    }
                  }
                }
              ]
            }
          ]
        }
      ]
    }
  },
  "matchers": {
    "page/title": {
      "contexts": {
        "context22_xTIXkc": [
          "督办事项查看表",
          "深圳能源集团OA系统_SAP文档信息库_年初绩效计划表"
        ]
      }
    },
    "page/urls": {
      "contexts": {
        "context22_xTIXkc": [
          "oa.sec.com.cn/lks/koa/lks_sapitems.nsf/VD_RW_DBSXV1/SN2018051564gelan?Opendocument&index=0&maindocid=E72D3BCFBB1058504825828E000ABC6C&pdocid=9EEA4B1416647C4A4825828E000ABCDE&isedited=0&vstatus=0",
          "oa.sec.com.cn/lks/koa/lks_sapitems.nsf/VD_RW_DBSXV1/SN2018051564lc_gp4?Opendocument&index=1&maindocid=E72D3BCFBB1058504825828E000ABC6C&pdocid=9EEA4B1416647C4A4825828E000ABCDE&isedited=0&vstatus=0",
          "oa.sec.com.cn/lks/koa/lks_sapitems.nsf/VD_SAPHRAPP0302V1/52A926E9DDF8B44D482582EA0022696F?opendocument&isedited=1&vstatus=1"
        ]
      }
    },
    "page/ids": {
      "contexts": {
        "context22_xTIXkc": [
          [
            "Calendar_SWFObjectName",
            "FlashPopWin",
            "Sys_EsaField",
            "exampleRow",
            "tReview"
          ],
          [
            "Calendar_SWFObjectName",
            "FlashPopWin",
            "Sys_EsaField",
            "exampleRow",
            "tReview",
            "td_button"
          ]
        ]
      }
    },
    "page/classes": {
      "contexts": {
        "context22_xTIXkc": [
          [
            "btnmenudoc",
            "tbmenudoc",
            "textdocnone"
          ],
          [
            "btnmenudoc",
            "tbmenudoc",
            "textdocdown",
            "textdocnone"
          ]
        ]
      }
    },
    "page/tagTriplets": {
      "contexts": {
        "context22_xTIXkc": [
          [
            "-/-/FORM",
            "-/-/IFRAME",
            "-/-/OBJECT",
            "-/-/SCRIPT",
            "-/-/STYLE",
            "-/FORM/BR",
            "-/FORM/CENTER",
            "-/FORM/INPUT-hidden",
            "-/FORM/TABLE",
            "-/OBJECT/PARAM",
            "FORM/TABLE/TBODY",
            "TABLE/TBODY/TR",
            "TBODY/TR/TD",
            "TD/CENTER/TEXTAREA",
            "TD/DIV/B",
            "TD/DIV/FONT",
            "TD/DIV/INPUT-button",
            "TD/P/BR",
            "TD/P/FONT",
            "TD/P/INPUT-button",
            "TD/P/INPUT-null",
            "TD/P/SCRIPT",
            "TD/P/TEXTAREA",
            "TD/TABLE/TBODY",
            "TR/TD/BR",
            "TR/TD/CENTER",
            "TR/TD/DIV",
            "TR/TD/FONT",
            "TR/TD/INPUT-null",
            "TR/TD/P",
            "TR/TD/SCRIPT",
            "TR/TD/SPAN",
            "TR/TD/TABLE",
            "TR/TD/TEXTAREA"
          ],
          [
            "-/-/FORM",
            "-/-/IFRAME",
            "-/-/OBJECT",
            "-/-/SCRIPT",
            "-/-/STYLE",
            "-/FORM/BR",
            "-/FORM/CENTER",
            "-/FORM/INPUT-hidden",
            "-/FORM/TABLE",
            "-/OBJECT/PARAM",
            "CENTER/B/FONT",
            "FORM/CENTER/B",
            "FORM/TABLE/TBODY",
            "TABLE/TBODY/TR",
            "TBODY/TR/TD",
            "TD/CENTER/A",
            "TD/CENTER/INPUT-null",
            "TD/CENTER/TEXTAREA",
            "TD/DIV/B",
            "TD/DIV/BR",
            "TD/DIV/FONT",
            "TD/DIV/INPUT-button",
            "TD/P/BR",
            "TD/P/FONT",
            "TD/P/INPUT-button",
            "TD/P/INPUT-null",
            "TD/P/SCRIPT",
            "TD/P/TEXTAREA",
            "TD/TABLE/TBODY",
            "TR/TD/A",
            "TR/TD/BR",
            "TR/TD/CENTER",
            "TR/TD/DIV",
            "TR/TD/FONT",
            "TR/TD/INPUT-null",
            "TR/TD/P",
            "TR/TD/SCRIPT",
            "TR/TD/SPAN",
            "TR/TD/TABLE",
            "TR/TD/TEXTAREA"
          ]
        ]
      }
    }
  }
}