{
  "version": "0.1",
  "id": "lks-filemng",
  "targetURL": "http://oa.sec.com.cn/lks/koa/lks_filemng.nsf/0/00599C456E5AE91F482582940027B6D8?OpenDocument",
  "jsFile": "index.js",
  "requires": {
    "Global_Approval": "../Global_Approval/index.json",
    "lks_copy": "../lks_copy/index.json",
    "choosePeople": "../choosePeople/index.json",
    "Flowchart_SelectPeople": "../Flowchart_SelectPeople/index.json",
    "returnMsg": "../returnMsg/index.json",
    "lks_tasks": "../lks_tasks/index.json",
    "lks-filemng": "../lks-filemng/index.json",
    "kaedit": "../kaedit/index.json",
    "lks_Association_Search": "../lks_Association_Search/index.json",
    "lks_review": "../lks_review/index.json",
    "lks_plflowreview": "../lks_plflowreview/index.json",
    "lks_financeflowreview_edit": "../lks_financeflowreview_edit/index.json",
    "lks_archivemngnewex": "../lks_archivemngnewex/index.json",
    "lks_hrreview": "../lks_hrreview/index.json",
    "lks_profile": "../lks_profile/index.json",
    "lks_rules": "../lks_rules/index.json"
  },
  "chineseName": "知识中心",
  "description": "知识中心",
  "controls": {
    "control77_Mw9wqB": {
      "location": {
        "data": {
          "tagName": "TR"
        },
        "userData": {
          "data": [],
          "force": false
        },
        "locators": [
          {
            "id": "@id/word",
            "prob": 2,
            "value": "descendant::TABLE[@id=\"labelTable\"]/TBODY[1]/TR[1]"
          },
          {
            "id": "@class/word",
            "prob": 1,
            "value": "TABLE.labeltb TR.tbbg"
          },
          {
            "id": "path/ordinal",
            "prob": 1,
            "value": "/HTML[1]/BODY[1]/FORM[1]/CENTER[1]/TABLE[1]/TBODY[1]/TR[1]"
          }
        ]
      },
      "events": {
        "onGetData": "getData_control77_Mw9wqB"
      },
      "intendedRole": "custom",
      "roles": "element,custom",
      "monitored": true,
      "frameXPath": "",
      "componentType": "custom"
    },
    "control83_Cgr5JN": {
      "location": {
        "data": {
          "tagName": "DIV"
        },
        "userData": {
          "data": [],
          "force": false
        },
        "locators": [
          {
            "id": "path/ordinal",
            "prob": 1,
            "value": "/HTML[1]/BODY[1]/FORM[1]/DIV[1]"
          }
        ]
      },
      "events": {
        "onGetData": "getData_control83_Cgr5JN"
      },
      "intendedRole": "custom",
      "roles": "element,custom",
      "monitored": true,
      "frameXPath": "",
      "componentType": "custom"
    },
    "control81_5L4m0A": {
      "location": {
        "data": {
          "tagName": "TABLE"
        },
        "userData": {
          "data": [],
          "force": false
        },
        "locators": [
          {
            "id": "@id/word",
            "prob": 3,
            "value": "descendant::TABLE[@id=\"labelTable\"]"
          },
          {
            "id": "@class/word",
            "prob": 1,
            "value": "TABLE.labeltb"
          },
          {
            "id": "path/ordinal",
            "prob": 1,
            "value": "/HTML[1]/BODY[1]/FORM[1]/CENTER[1]/TABLE[1]"
          }
        ]
      },
      "events": {
        "onGetData": "getData_control81_5L4m0A"
      },
      "intendedRole": "custom",
      "roles": "element,custom",
      "monitored": true,
      "frameXPath": "",
      "componentType": "custom"
    },
    "control84_MifBPZ": {
      "location": {
        "data": {
          "tagName": "TR"
        },
        "userData": {
          "data": [],
          "force": false
        },
        "locators": [
          {
            "id": "path/ordinal",
            "prob": 1,
            "ordinal": [
              0,
              2
            ],
            "value": "/HTML[1]/BODY[1]/FORM[1]/TABLE[2]/TBODY[1]/TR[1]"
          }
        ]
      },
      "events": {
        "onGetData": "getData_control84_MifBPZ"
      },
      "intendedRole": "custom",
      "roles": "element,custom",
      "monitored": true,
      "frameXPath": "",
      "componentType": "custom"
    },
    "control86_7uluBg": {
      "location": {
        "data": {
          "tagName": "TD"
        },
        "userData": {
          "data": [],
          "force": false
        },
        "locators": [
          {
            "id": "@id/word",
            "prob": 3,
            "value": [
              "descendant::TABLE[@id=\"tbReview\"]//TD[@id=\"tdButton\"]",
              "descendant::TD[@id=\"tdButton\"]"
            ]
          },
          {
            "id": "path/ordinal",
            "prob": 1,
            "value": "/HTML[1]/BODY[1]/FORM[1]/TABLE[2]/TBODY[1]/TR[2]/TD[1]"
          }
        ]
      },
      "events": {
        "onGetData": "getData_control86_7uluBg"
      },
      "intendedRole": "custom",
      "roles": "element,custom",
      "monitored": true,
      "frameXPath": "//iframe[@id='ifFlow']<<IFRAME>>",
      "componentType": "custom"
    },
    "control89_IkJ9CN": {
      "location": {
        "data": {
          "tagName": "IFRAME"
        },
        "userData": {
          "data": [],
          "force": false
        },
        "locators": [
          {
            "id": "@id/word",
            "prob": 3,
            "value": [
              "descendant::TABLE[@id=\"labelTable\"]//IFRAME[@id=\"ifFlow\"]",
              "descendant::IFRAME[@id=\"ifFlow\"]"
            ]
          },
          {
            "id": "@class/word",
            "prob": 1,
            "ordinal": [
              0,
              2
            ],
            "value": "TABLE.labeltb TR.trbg TD.tdbg TABLE TBODY TR TD IFRAME"
          },
          {
            "id": "path/ordinal",
            "prob": 1,
            "value": "/HTML[1]/BODY[1]/FORM[1]/CENTER[1]/TABLE[1]/TBODY[1]/TR[5]/TD[1]/TABLE[1]/TBODY[1]/TR[8]/TD[1]/IFRAME[1]"
          },
          {
            "id": "elderLevel",
            "value": {
              "level": 0
            }
          }
        ]
      },
      "events": {
        "onGetData": "getData_control89_IkJ9CN"
      },
      "intendedRole": "custom",
      "roles": "element,custom",
      "monitored": true,
      "frameXPath": "",
      "componentType": "custom"
    },
    "control90_nTT7FT": {
      "location": {
        "data": {
          "tagName": "TABLE"
        },
        "userData": {
          "data": [],
          "force": false
        },
        "locators": [
          {
            "id": "@id/word",
            "prob": 3,
            "value": "descendant::TABLE[@id=\"labelTable\"]"
          },
          {
            "id": "@class/word",
            "prob": 1,
            "value": "TABLE.labeltb"
          },
          {
            "id": "path/ordinal",
            "prob": 1,
            "value": "/HTML[1]/BODY[1]/FORM[1]/CENTER[1]/TABLE[1]"
          }
        ]
      },
      "events": {
        "onGetData": "getData_control90_nTT7FT"
      },
      "intendedRole": "custom",
      "roles": "element,custom",
      "monitored": true,
      "frameXPath": "",
      "componentType": "custom"
    },
    "control96_aHMAf7": {
      "location": {
        "data": {
          "tagName": "TABLE"
        },
        "userData": {
          "data": [],
          "force": false
        },
        "locators": [
          {
            "id": "@id/word",
            "prob": 3,
            "value": "descendant::TABLE[@id=\"tbReview\"]"
          },
          {
            "id": "path/ordinal",
            "prob": 1,
            "value": "/HTML[1]/BODY[1]/FORM[1]/TABLE[2]"
          }
        ]
      },
      "events": {
        "onGetData": "getData_control96_aHMAf7"
      },
      "intendedRole": "custom",
      "roles": "element,custom",
      "monitored": true,
      "frameXPath": "//iframe[@id='ifFlow']<<IFRAME>>",
      "componentType": "custom"
    },
    "control97_rfT20z": {
      "location": {
        "data": {
          "tagName": "TABLE"
        },
        "userData": {
          "data": [],
          "force": false
        },
        "locators": [
          {
            "id": "@id/word",
            "prob": 3,
            "value": "descendant::TABLE[@id=\"tbReview\"]"
          },
          {
            "id": "path/ordinal",
            "prob": 1,
            "value": "/HTML[1]/BODY[1]/FORM[1]/TABLE[2]"
          }
        ]
      },
      "events": {
        "onGetData": "getData_control97_rfT20z"
      },
      "intendedRole": "custom",
      "roles": "element,custom",
      "monitored": true,
      "frameXPath": "//iframe[@id='ifFlow']<<IFRAME>>",
      "componentType": "custom"
    },
    "control62_OFctTF": {
      "location": {
        "data": {
          "tagName": "TABLE"
        },
        "userData": {
          "data": [],
          "force": false
        },
        "locators": [
          {
            "id": "@id/word",
            "prob": 3,
            "value": "descendant::TABLE[@id=\"labelTable\"]"
          },
          {
            "id": "@class/word",
            "prob": 1,
            "value": "TABLE.labeltb"
          },
          {
            "id": "path/ordinal",
            "prob": 1,
            "value": "/HTML[1]/BODY[1]/FORM[1]/CENTER[1]/TABLE[1]"
          }
        ]
      },
      "events": {
        "onGetData": "getData_control62_OFctTF"
      },
      "intendedRole": "custom",
      "roles": "element,custom",
      "monitored": true,
      "frameXPath": "",
      "componentType": "custom"
    },
    "control99_u8ZdFZ": {
      "location": {
        "data": {
          "tagName": "TABLE"
        },
        "userData": {
          "data": [],
          "force": false
        },
        "locators": [
          {
            "id": "@id/word",
            "prob": 3,
            "value": "descendant::TABLE[@id=\"labelTable\"]"
          },
          {
            "id": "@class/word",
            "prob": 1,
            "value": "TABLE.labeltb"
          },
          {
            "id": "path/ordinal",
            "prob": 1,
            "value": "/HTML[1]/BODY[1]/FORM[1]/CENTER[1]/TABLE[1]"
          }
        ]
      },
      "events": {
        "onGetData": "getData_control99_u8ZdFZ"
      },
      "intendedRole": "custom",
      "roles": "element,custom",
      "monitored": true,
      "frameXPath": "",
      "componentType": "custom"
    },
    "control165_TMpHWv": {
      "location": {
        "data": {
          "tagName": "TABLE"
        },
        "userData": {
          "data": [],
          "force": false
        },
        "locators": [
          {
            "id": "@id/word",
            "prob": 3,
            "value": "descendant::TABLE[@id=\"labelTable\"]"
          },
          {
            "id": "@class/word",
            "prob": 1,
            "value": "TABLE.labeltb"
          },
          {
            "id": "path/ordinal",
            "prob": 1,
            "value": "/HTML[1]/BODY[1]/FORM[1]/CENTER[1]/TABLE[1]"
          }
        ]
      },
      "events": {
        "onGetData": "getData_control165_TMpHWv"
      },
      "intendedRole": "custom",
      "roles": "element,custom",
      "monitored": true,
      "frameXPath": "",
      "componentType": "custom"
    },
    "control115_2meVpl": {
      "location": {
        "data": {
          "tagName": "TABLE"
        },
        "userData": {
          "data": [],
          "force": false
        },
        "locators": [
          {
            "id": "@id/word",
            "prob": 3,
            "value": "descendant::TABLE[@id=\"labelTable\"]"
          },
          {
            "id": "@class/word",
            "prob": 1,
            "value": "TABLE.labeltb"
          },
          {
            "id": "path/ordinal",
            "prob": 1,
            "value": "/HTML[1]/BODY[1]/FORM[1]/CENTER[1]/TABLE[1]"
          }
        ]
      },
      "events": {
        "onGetData": "getData_control115_2meVpl"
      },
      "intendedRole": "custom",
      "roles": "element,custom",
      "monitored": true,
      "frameXPath": "",
      "componentType": "custom"
    }
  },
  "contexts": {
    "context14_TiC1dV": {
      "controls": [
        "control77_Mw9wqB",
        "control83_Cgr5JN",
        "control81_5L4m0A",
        "control84_MifBPZ",
        "control86_7uluBg",
        "control89_IkJ9CN",
        "control90_nTT7FT",
        "control96_aHMAf7",
        "control97_rfT20z",
        "control62_OFctTF",
        "control99_u8ZdFZ",
        "control165_TMpHWv",
        "control115_2meVpl"
      ],
      "anchors": [],
      "urlAnchor": [
        ".*\\/lks_.*filemng.nsf\\/[^(FM_)].*\\/.*"
      ]
    }
  },
  "flows": {
    "flow55_fX3nam": {
      "toContexts": [
        {
          "toContextId": "context14_TiC1dV"
        },
        {
          "toContextId": "context1_uBcbtH",
          "toModelId": "lks_tasks"
        }
      ]
    },
    "flow61_MyQTQQ": {
      "fromContextId": "context14_TiC1dV",
      "fromAction": "doAction",
      "fromControlId": "control77_Mw9wqB",
      "toContexts": [
        {
          "toContextId": "context14_TiC1dV"
        },
        {
          "toContextId": "context1_uBcbtH",
          "toModelId": "lks_tasks"
        }
      ]
    },
    "flow62_sGfAp5": {
      "fromContextId": "context14_TiC1dV",
      "fromAction": "doAction",
      "fromControlId": "control81_5L4m0A",
      "toContexts": [
        {
          "toContextId": "context14_TiC1dV"
        },
        {
          "toContextId": "context6_m0MbOe",
          "toModelId": "choosePeople"
        },
        {
          "toContextId": "context1_uBcbtH",
          "toModelId": "lks_tasks"
        }
      ]
    },
    "flow64_PN7y75": {
      "fromContextId": "context14_TiC1dV",
      "fromAction": "doAction",
      "fromControlId": "control89_IkJ9CN",
      "toContexts": [
        {
          "toContextId": "context14_TiC1dV"
        },
        {
          "toContextId": "context6_19iAzJ",
          "toModelId": "Global_Approval"
        },
        {
          "toContextId": "context6_m0MbOe",
          "toModelId": "choosePeople"
        }
      ]
    },
    "flow65_o8VSs7": {
      "fromContextId": "context14_TiC1dV",
      "fromAction": "doAction",
      "fromControlId": "control86_7uluBg",
      "toContexts": [
        {
          "toContextId": "context14_TiC1dV"
        },
        {
          "toContextId": "context1_1FqdOH",
          "toModelId": "lks_copy"
        },
        {
          "toContextId": "context7_adlfZy",
          "toModelId": "returnMsg"
        }
      ]
    },
    "flow71_xXQX2d": {
      "fromContextId": "context14_TiC1dV",
      "fromAction": "doAction",
      "fromControlId": "control97_rfT20z",
      "toContexts": [
        {
          "toContextId": "context14_TiC1dV"
        },
        {
          "toContextId": "context12_GGuSeZ",
          "toModelId": "Flowchart_SelectPeople"
        }
      ]
    },
    "flow124_FPyDhH": {
      "fromContextId": "context14_TiC1dV",
      "fromAction": "doAction",
      "fromControlId": "control84_MifBPZ",
      "toContexts": [
        {
          "toContextId": "context14_TiC1dV"
        },
        {
          "toContextId": "context14_TiC1dV",
          "toModelId": "lks-filemng"
        },
        {
          "toContextId": "context1_uBcbtH",
          "toModelId": "lks_tasks"
        }
      ]
    },
    "flow150_naFf3h": {
      "fromContextId": "context14_TiC1dV",
      "fromAction": "doAction",
      "fromControlId": "control115_2meVpl",
      "toContexts": [
        {
          "toContextId": "context14_TiC1dV"
        }
      ]
    },
    "flow153_8kmPop": {
      "fromContextId": "context14_TiC1dV",
      "fromAction": "doAction",
      "fromControlId": "control99_u8ZdFZ",
      "toContexts": [
        {
          "toContextId": "context14_TiC1dV"
        },
        {
          "toContextId": "context21_izL7hB",
          "toModelId": "kaedit"
        },
        {
          "toContextId": "context9_qwD8oo",
          "toModelId": "lks_Association_Search"
        }
      ]
    },
    "flow154_ErKl3k": {
      "fromContextId": "context14_TiC1dV",
      "fromAction": "doAction",
      "fromControlId": "control90_nTT7FT",
      "toContexts": [
        {
          "toContextId": "context14_TiC1dV"
        }
      ]
    }
  },
  "pages": {
    "page14_GaQUTc": {
      "contextId": "context14_TiC1dV",
      "layout": [
        {
          "id": "uiControl97_LrtMOX",
          "controlId": "control83_Cgr5JN",
          "display": {
            "adapterId": "custom",
            "type": "custom",
            "adapter": {
              "templateType": "react",
              "events": {
                "onDoAction": "doAction_uiControl97_LrtMOX",
                "onGetTemplate": "getTemplate_uiControl97_LrtMOX"
              }
            }
          }
        },
        {
          "id": "uiControl89_XMZ9dH",
          "controlId": "control77_Mw9wqB",
          "display": {
            "adapterId": "custom",
            "type": "custom",
            "adapter": {
              "templateType": "react",
              "events": {
                "onDoAction": "doAction_uiControl89_XMZ9dH",
                "onGetTemplate": "getTemplate_uiControl89_XMZ9dH"
              }
            }
          }
        },
        {
          "id": "uiControl80_yr6d0T",
          "controlId": "control99_u8ZdFZ",
          "display": {
            "adapterId": "custom",
            "type": "custom",
            "adapter": {
              "templateType": "react",
              "events": {
                "onDoAction": "doAction_uiControl80_yr6d0T",
                "onGetTemplate": "getTemplate_uiControl80_yr6d0T"
              }
            }
          }
        },
        {
          "id": "uiControl91_V29nAI",
          "controlId": "control165_TMpHWv",
          "display": {
            "adapterId": "custom",
            "type": "custom",
            "adapter": {
              "templateType": "react",
              "events": {
                "onDoAction": "doAction_uiControl91_V29nAI",
                "onGetTemplate": "getTemplate_uiControl91_V29nAI"
              }
            }
          }
        },
        {
          "id": "uiControl90_3x2ALe",
          "controlId": "control81_5L4m0A",
          "display": {
            "adapterId": "custom",
            "type": "custom",
            "adapter": {
              "templateType": "react",
              "events": {
                "onDoAction": "doAction_uiControl90_3x2ALe",
                "onGetTemplate": "getTemplate_uiControl90_3x2ALe"
              }
            }
          }
        },
        {
          "id": "uiControl213_u9UzBG",
          "controlId": "control115_2meVpl",
          "display": {
            "adapterId": "custom",
            "type": "custom",
            "adapter": {
              "templateType": "react",
              "events": {
                "onDoAction": "doAction_uiControl213_u9UzBG",
                "onGetTemplate": "getTemplate_uiControl213_u9UzBG"
              }
            }
          }
        },
        {
          "id": "uiControl108_995ycX",
          "controlId": "control90_nTT7FT",
          "display": {
            "adapterId": "custom",
            "type": "custom",
            "adapter": {
              "templateType": "react",
              "events": {
                "onDoAction": "doAction_uiControl108_995ycX",
                "onGetTemplate": "getTemplate_uiControl108_995ycX"
              }
            }
          }
        },
        {
          "id": "uiControl77_xipKCD",
          "controlId": "control62_OFctTF",
          "display": {
            "adapterId": "custom",
            "type": "custom",
            "adapter": {
              "templateType": "react",
              "events": {
                "onDoAction": "doAction_uiControl77_xipKCD",
                "onGetTemplate": "getTemplate_uiControl77_xipKCD"
              }
            }
          }
        },
        {
          "id": "uiControl104_VpTkRS",
          "controlId": "control86_7uluBg",
          "display": {
            "adapterId": "custom",
            "type": "custom",
            "adapter": {
              "templateType": "react",
              "events": {
                "onDoAction": "doAction_uiControl104_VpTkRS",
                "onGetTemplate": "getTemplate_uiControl104_VpTkRS"
              }
            }
          }
        },
        {
          "id": "uiControl107_kgEE63",
          "controlId": "control89_IkJ9CN",
          "display": {
            "adapterId": "custom",
            "type": "custom",
            "adapter": {
              "templateType": "react",
              "events": {
                "onDoAction": "doAction_uiControl107_kgEE63",
                "onGetTemplate": "getTemplate_uiControl107_kgEE63"
              }
            }
          }
        },
        {
          "id": "uiControl115_VqQvDU",
          "controlId": "control96_aHMAf7",
          "display": {
            "adapterId": "custom",
            "type": "custom",
            "adapter": {
              "templateType": "react",
              "events": {
                "onDoAction": "doAction_uiControl115_VqQvDU",
                "onGetTemplate": "getTemplate_uiControl115_VqQvDU"
              }
            }
          }
        },
        {
          "id": "uiControl117_rd5kI8",
          "controlId": "control97_rfT20z",
          "display": {
            "adapterId": "custom",
            "type": "custom",
            "adapter": {
              "templateType": "react",
              "events": {
                "onDoAction": "doAction_uiControl117_rd5kI8",
                "onGetTemplate": "getTemplate_uiControl117_rd5kI8"
              }
            }
          }
        },
        {
          "id": "uiControl100_LRIs2u",
          "display": {
            "type": "sticky",
            "adapterId": "sticky",
            "class": "ui-footer-button",
            "adapter": {
              "templateType": ""
            }
          },
          "layout": [
            {
              "id": "uiControl100_LRIs2ubody",
              "display": {
                "type": "stickyBody",
                "adapterId": "stickyBody",
                "adapter": {
                  "templateType": ""
                }
              },
              "layout": [
                {
                  "id": "uiControl98_LlNpdo",
                  "controlId": "control84_MifBPZ",
                  "display": {
                    "adapterId": "custom",
                    "type": "custom",
                    "adapter": {
                      "templateType": "react",
                      "events": {
                        "onDoAction": "doAction_uiControl98_LlNpdo",
                        "onGetTemplate": "getTemplate_uiControl98_LlNpdo"
                      }
                    }
                  }
                }
              ]
            }
          ]
        }
      ]
    }
  },
  "matchers": {
    "page/title": {
      "contexts": {
        "context14_TiC1dV": [
          "深圳能源集团OA系统_知识中心_移动办公采购计划测试流程",
          "深圳能源集团OA系统_知识中心_能源重要文章2018-0706",
          "深圳能源集团OA系统_知识中心_重大非标准项目申报文件",
          "深圳能源集团OA系统_知识中心_移动办公知识文档测试流程a",
          "深圳能源集团OA系统_知识中心_深圳能源关于为四川公司提供担保的公告(2018-015)",
          "深圳能源集团OA系统_知识中心_每日财经观察2018-0917",
          "深圳能源集团OA系统_制度管理_移动办公制度管理流程测试流程",
          "深圳能源集团OA系统_流程管理(HR流程)_集团所属企业领导（正职）请休假申请测试",
          "深圳能源集团OA系统_知识中心_知识文档关联其他类流程",
          "深圳能源集团OA系统_流程管理(产权流程)_产权流程关联系统类流程测试"
        ]
      }
    },
    "page/urls": {
      "contexts": {
        "context14_TiC1dV": [
          "oa.sec.com.cn/lks/koa/lks_filemng.nsf/0/00599C456E5AE91F482582940027B6D8?OpenDocument",
          "oa.sec.com.cn/lks/koa/lks_filemng.nsf/0/00599C456E5AE91F482582940027B6D8?opendocument&Highlight=%E9%87%87%E8%B4%AD%E8%AE%A1%E5%88%92",
          "oa.sec.com.cn/lks/koa/lks_filemng.nsf/0/00599C456E5AE91F482582940027B6D8?OpenDocument&m_Seq=0.11224099257974296",
          "oa.sec.com.cn/lks/koa/lks_filemng.nsf/0/00599C456E5AE91F482582940027B6D8?OpenDocument&m_Seq=0.7974762189606275",
          "oa.sec.com.cn/lks/koa/lks_filemng.nsf/VD_ByClass/65F11D5AE11AD0FF482582C200077337?opendocument&m_Seq=0.5321128700632256",
          "oa.sec.com.cn/lks/koa/lks_filemng.nsf/0/72a0f9401525c9c448257d490029b740",
          "oa.sec.com.cn/lks/koa/lks_filemng.nsf/0/A6C664D17D718A6B482582D300085DAF?OpenDocument",
          "oa.sec.com.cn/lks/koa/lks_filemng.nsf/0/a6c664d17d718a6b482582d300085daf?EditDocument",
          "oa.sec.com.cn/lks/koa/lks_filemng.nsf/VD_ByClass/739003D12F71A31948258249002EC32D?opendocument&m_Seq=0.6643279552231736",
          "oa.sec.com.cn/lks/koa/lks_filemng.nsf/vd_byclass/54e48d2bbc2b9bbd4825830b002297be?opendocument&m_seq=0.14662654478648307",
          "oa.sec.com.cn/lks/koa/lks_filemng.nsf/vd_byclass/54e48d2bbc2b9bbd4825830b002297be?opendocument",
          "oa.sec.com.cn/lks/koa/lks_rules.nsf/vd_approve/e8ed28b5c481ee1f482582d300079ca3?opendocument",
          "oa.sec.com.cn/lks/koa/lks_hrreview.nsf/vd_alldoc/bff25ae116a9995f482582f9002e788c?opendocument",
          "oa.sec.com.cn/lks/koa/lks_filemng.nsf/0/5FA7363BC7F5093D4825830D0036BDDC?opendocument&Highlight=%E6%B5%8B%E8%AF%95",
          "oa.sec.com.cn/lks/koa/lks_plflowreview.nsf/0/5B1A126E3854FC734825830D003090AD?opendocument&Highlight=%E6%B5%8B%E8%AF%95"
        ]
      }
    },
    "page/ids": {
      "contexts": {
        "context14_TiC1dV": [
          [
            "AttachmentDiv",
            "AttachmentOCX",
            "F_BodyDiv",
            "F_BodyView",
            "F_KADocsPath",
            "F_KADocsTitle",
            "FlashTemplate",
            "ImageAlign",
            "ImageTemplate",
            "Sys_EsaField",
            "VW_VERSION",
            "buLabel",
            "dLinks",
            "ifFlow",
            "isSF_Public",
            "labelTable",
            "oattach",
            "quickreview",
            "tb_"
          ],
          [
            "AttachmentDiv",
            "AttachmentOCX",
            "F_BodyDiv",
            "F_BodyView",
            "F_KADocsPath",
            "F_KADocsTitle",
            "FlashTemplate",
            "ImageAlign",
            "ImageTemplate",
            "Sys_EsaField",
            "VW_VERSION",
            "buLabel",
            "dLinks",
            "ifFlow",
            "isSF_Public",
            "labelTable",
            "lks_filemng",
            "oattach",
            "quickreview",
            "tb_"
          ],
          [
            "AttachmentDiv",
            "AttachmentOCX",
            "F_BodyDiv",
            "F_BodyView",
            "F_KADocsPath",
            "F_KADocsTitle",
            "FlashTemplate",
            "ImageAlign",
            "ImageTemplate",
            "Sys_EsaField",
            "VW_VERSION",
            "buLabel",
            "dLinks",
            "ifFlow",
            "isSF_Public",
            "labelTable",
            "lks_filemng",
            "oattach",
            "tb_"
          ],
          [
            "AttachmentDiv",
            "AttachmentOCX",
            "F_AboHistoryDiv",
            "F_BodyDiv",
            "F_BodyView",
            "F_HitsDiv",
            "F_KADocsPath",
            "F_KADocsTitle",
            "F_ReadHistoryDiv",
            "F_RecHistoryDiv",
            "F_VisitorDiv",
            "FlashTemplate",
            "FlowLog_MainTable",
            "ImageAlign",
            "ImageTemplate",
            "ReviewRec",
            "ReviewSpan",
            "ReviewSpanH",
            "Sys_EsaField",
            "VWVERSIONVWROW_",
            "VW_VERSION",
            "VW_VWVERSION",
            "buLabel",
            "dLinks",
            "dealType",
            "dealType_",
            "isSF_Public",
            "labelTable",
            "lks_filemng",
            "moreImg",
            "oattach",
            "readHistory",
            "readRec",
            "readSpan",
            "readSpanH",
            "readTimes",
            "reclog",
            "reclogSpan",
            "reclogSpanH",
            "reviewDiv",
            "tb_",
            "timeStrFull_"
          ],
          [],
          [
            "AttachmentDiv",
            "AttachmentOCX",
            "F_BodyDiv",
            "F_BodyView",
            "F_KADocsPath",
            "F_KADocsTitle",
            "F_Keyword",
            "FlashTemplate",
            "ImageAlign",
            "ImageTemplate",
            "Sys_EsaField",
            "VW_VERSION",
            "aMore",
            "buLabel",
            "dLinks",
            "ifFlow",
            "isSF_Public",
            "labelTable",
            "lks_filemng",
            "oattach",
            "quickreview",
            "tb_"
          ],
          [
            "AttachmentCheck",
            "AttachmentDiv",
            "AttachmentOCX",
            "F_BodyDiv",
            "F_BodyDvbbs_Container",
            "F_BodyDvbbs_TabDesign",
            "F_BodyDvbbs_TabHtml",
            "F_BodyDvbbs_TabView",
            "F_BodyDvbbs_formatSelect",
            "F_BodyExtToolbar",
            "F_BodyFontName",
            "F_BodyFontSize",
            "F_BodyIframe",
            "F_BodyPostiFrame",
            "F_BodyZoom",
            "F_Bodybackcolor",
            "F_Bodyforecolor",
            "FlashTemplate",
            "ImageAlign",
            "ImageTemplate",
            "Sys_EsaField",
            "VW_VERSION",
            "buLabel",
            "dLinks",
            "flashupload",
            "ifFlow",
            "imageupload",
            "isSF_Public",
            "labelTable",
            "lks_filemng",
            "oattach",
            "quickreview",
            "selectNewClass",
            "setImportanceDay",
            "tb_",
            "trID"
          ],
          [
            "AttachmentDiv",
            "AttachmentOCX",
            "BtnTable",
            "Calendar_SWFObjectName",
            "F_BodyDiv",
            "F_BodyView",
            "F_KADocsPath",
            "F_KADocsTitle",
            "FlashPopWin",
            "FlashTemplate",
            "ImageAlign",
            "ImageTemplate",
            "Sys_EsaField",
            "VW_VERSION",
            "buLabel",
            "dLinks",
            "ifFlow",
            "isSF_Public",
            "labelTable",
            "lks_rules",
            "oattach",
            "spanChkAttach",
            "spanTxtAttach"
          ],
          [
            "AttachmentDiv",
            "AttachmentOCX",
            "Calendar_SWFObjectName",
            "DisCompForJS",
            "F_BodyDiv",
            "F_KADocsPath",
            "F_KADocsTitle",
            "F_Keyword",
            "FlashPopWin",
            "FlowLog_MainTable",
            "FlowLog_Table",
            "Sys_EsaField",
            "TD_ReviewNo",
            "aMore",
            "buLabel",
            "dLinks",
            "dealType",
            "dealType_",
            "if_subform",
            "isSF_Public",
            "labelTable",
            "lks_hrreview",
            "moreImg",
            "tb_",
            "timeStrFull_"
          ],
          [
            "AttachmentDiv",
            "AttachmentOCX",
            "F_AboHistoryDiv",
            "F_BodyDiv",
            "F_BodyView",
            "F_HitsDiv",
            "F_KADocsPath",
            "F_KADocsTitle",
            "F_ReadHistoryDiv",
            "F_RecHistoryDiv",
            "F_VisitorDiv",
            "FlashTemplate",
            "FlowLog_MainTable",
            "ImageAlign",
            "ImageTemplate",
            "ReviewRec",
            "ReviewSpan",
            "ReviewSpanH",
            "Sys_EsaField",
            "VWVERSIONVWROW_",
            "VW_VERSION",
            "VW_VWVERSION",
            "buLabel",
            "dLinks",
            "dealType",
            "dealType_",
            "isSF_Public",
            "labelTable",
            "lks_filemng",
            "moreImg",
            "readHistory",
            "readRec",
            "readSpan",
            "readSpanH",
            "readTimes",
            "reclog",
            "reclogSpan",
            "reclogSpanH",
            "reviewDiv",
            "tb_",
            "timeStrFull_"
          ],
          [
            "AttachmentDiv",
            "AttachmentOCX",
            "BtnTable",
            "Calendar_SWFObjectName",
            "F_BodyDiv",
            "F_KADocsPath",
            "F_KADocsTitle",
            "F_Keyword",
            "FlashPopWin",
            "Sys_EsaField",
            "TD_ReviewNo",
            "aMore",
            "buLabel",
            "dLinks",
            "ifFlow",
            "if_subform",
            "labelTable",
            "lks_plflowreview",
            "quickreview",
            "tb_"
          ]
        ]
      }
    },
    "page/classes": {
      "contexts": {
        "context14_TiC1dV": [
          [
            "btndoc",
            "btnmenudoc",
            "labelbg",
            "labeltb",
            "selectmenu",
            "tbbg",
            "tdbg",
            "trbg"
          ],
          [
            "btndoc",
            "btnmenudoc",
            "labelbg",
            "labeltb",
            "selectmenu",
            "tbbg",
            "tbmenudoc",
            "tdbg",
            "trbg"
          ],
          [
            "TbView",
            "TrViewFirst",
            "btndoc",
            "btnmenudoc",
            "labelbg",
            "labeltb",
            "selectmenu",
            "tbbg",
            "tbmenudoc",
            "tdbg",
            "trbg"
          ],
          [],
          [
            "MsoNormal",
            "MsoNormalTable",
            "TbView",
            "TrViewFirst",
            "btndoc",
            "btnmenudoc",
            "labelbg",
            "labeltb",
            "selectmenu",
            "tbbg",
            "tbmenudoc",
            "tdbg",
            "trbg"
          ],
          [
            "btnmenudoc",
            "labelbg",
            "labeltb",
            "tbbg",
            "tdbg",
            "trbg"
          ],
          [
            "Dvbbs_Body",
            "Dvbbs_Btn",
            "Dvbbs_Ico",
            "Dvbbs_TBGen",
            "Dvbbs_TabOff",
            "Dvbbs_TabOn",
            "Iframe",
            "btndoc",
            "btnmenudoc",
            "heading",
            "labelbg",
            "labeltb",
            "selectmenu",
            "tadoc",
            "tbbg",
            "tdbg",
            "textdocdown",
            "textdocnone",
            "trbg",
            "upload",
            "yToolbar"
          ],
          [
            "btndoc",
            "btnmenudoc",
            "doctoptb",
            "labelbg",
            "labeltb",
            "onepxborder",
            "selectmenu",
            "tbbg",
            "tbmenudoc",
            "tdbg",
            "textdocdown",
            "trbg"
          ],
          [
            "ReviewLogPat",
            "btnmenudoc",
            "labelbg",
            "labeltb",
            "tbbg",
            "tbmenudoc",
            "tdbg",
            "trbg"
          ]
        ]
      }
    },
    "page/tagTriplets": {
      "contexts": {
        "context14_TiC1dV": [
          [
            "-/-/FORM",
            "-/-/SCRIPT",
            "-/FORM/BR",
            "-/FORM/CENTER",
            "-/FORM/DIV",
            "-/FORM/SCRIPT",
            "-/FORM/TABLE",
            "CENTER/TABLE/TBODY",
            "DIV/B/FONT",
            "DIV/TABLE/TBODY",
            "FORM/CENTER/TABLE",
            "FORM/DIV/B",
            "FORM/TABLE/TBODY",
            "P/OBJECT/PARAM",
            "P/TABLE/TBODY",
            "TABLE/TBODY/TR",
            "TBODY/TR/TD",
            "TD/DIV/B",
            "TD/DIV/FONT",
            "TD/DIV/INPUT-button",
            "TD/DIV/TABLE",
            "TD/FONT/SPAN",
            "TD/P/BR",
            "TD/P/FONT",
            "TD/P/INPUT-button",
            "TD/P/INPUT-checkbox",
            "TD/P/OBJECT",
            "TD/P/SCRIPT",
            "TD/P/TABLE",
            "TD/SELECT/OPTION",
            "TD/SPAN/INPUT-button",
            "TD/SPAN/TEXTAREA",
            "TD/TABLE/TBODY",
            "TR/TD/B",
            "TR/TD/BR",
            "TR/TD/DIV",
            "TR/TD/FONT",
            "TR/TD/IFRAME",
            "TR/TD/IMG",
            "TR/TD/INPUT-button",
            "TR/TD/INPUT-null",
            "TR/TD/P",
            "TR/TD/SCRIPT",
            "TR/TD/SELECT",
            "TR/TD/SPAN",
            "TR/TD/STYLE",
            "TR/TD/TABLE",
            "TR/TD/TEXTAREA",
            "TR/TD/UL"
          ],
          [
            "-/-/FORM",
            "-/-/SCRIPT",
            "-/FORM/BR",
            "-/FORM/CENTER",
            "-/FORM/DIV",
            "-/FORM/SCRIPT",
            "-/FORM/TABLE",
            "CENTER/TABLE/TBODY",
            "DIV/B/FONT",
            "DIV/TABLE/TBODY",
            "FONT/FONT/B",
            "FORM/CENTER/TABLE",
            "FORM/DIV/B",
            "FORM/TABLE/TBODY",
            "P/OBJECT/PARAM",
            "P/TABLE/TBODY",
            "TABLE/TBODY/TR",
            "TBODY/TR/TD",
            "TD/DIV/B",
            "TD/DIV/FONT",
            "TD/DIV/INPUT-button",
            "TD/DIV/TABLE",
            "TD/FONT/B",
            "TD/FONT/FONT",
            "TD/FONT/SPAN",
            "TD/P/BR",
            "TD/P/FONT",
            "TD/P/INPUT-button",
            "TD/P/INPUT-checkbox",
            "TD/P/OBJECT",
            "TD/P/SCRIPT",
            "TD/P/TABLE",
            "TD/SELECT/OPTION",
            "TD/SPAN/INPUT-button",
            "TD/SPAN/TEXTAREA",
            "TD/TABLE/TBODY",
            "TR/TD/B",
            "TR/TD/BR",
            "TR/TD/DIV",
            "TR/TD/FONT",
            "TR/TD/IFRAME",
            "TR/TD/IMG",
            "TR/TD/INPUT-button",
            "TR/TD/INPUT-null",
            "TR/TD/P",
            "TR/TD/SCRIPT",
            "TR/TD/SELECT",
            "TR/TD/SPAN",
            "TR/TD/STYLE",
            "TR/TD/TABLE",
            "TR/TD/TEXTAREA",
            "TR/TD/UL"
          ],
          [
            "-/-/FORM",
            "-/-/SCRIPT",
            "-/FORM/BR",
            "-/FORM/CENTER",
            "-/FORM/DIV",
            "-/FORM/SCRIPT",
            "-/FORM/TABLE",
            "CENTER/TABLE/TBODY",
            "DIV/B/FONT",
            "DIV/TABLE/TBODY",
            "FONT/FONT/B",
            "FORM/CENTER/DIV",
            "FORM/CENTER/TABLE",
            "FORM/DIV/B",
            "FORM/TABLE/TBODY",
            "P/OBJECT/PARAM",
            "P/TABLE/TBODY",
            "TABLE/TBODY/TR",
            "TBODY/TR/TD",
            "TD/DIV/B",
            "TD/DIV/FONT",
            "TD/DIV/INPUT-button",
            "TD/DIV/TABLE",
            "TD/FONT/B",
            "TD/FONT/FONT",
            "TD/FONT/SPAN",
            "TD/P/BR",
            "TD/P/FONT",
            "TD/P/INPUT-button",
            "TD/P/INPUT-checkbox",
            "TD/P/OBJECT",
            "TD/P/SCRIPT",
            "TD/P/TABLE",
            "TD/SELECT/OPTION",
            "TD/SPAN/INPUT-button",
            "TD/SPAN/TEXTAREA",
            "TD/TABLE/TBODY",
            "TR/TD/B",
            "TR/TD/BR",
            "TR/TD/DIV",
            "TR/TD/FONT",
            "TR/TD/IFRAME",
            "TR/TD/IMG",
            "TR/TD/INPUT-button",
            "TR/TD/INPUT-null",
            "TR/TD/P",
            "TR/TD/SCRIPT",
            "TR/TD/SELECT",
            "TR/TD/SPAN",
            "TR/TD/STYLE",
            "TR/TD/TABLE",
            "TR/TD/TEXTAREA",
            "TR/TD/UL"
          ],
          [
            "-/-/FORM",
            "-/-/SCRIPT",
            "-/FORM/BR",
            "-/FORM/CENTER",
            "-/FORM/DIV",
            "-/FORM/SCRIPT",
            "-/FORM/TABLE",
            "CENTER/TABLE/TBODY",
            "DIV/B/FONT",
            "DIV/TABLE/TBODY",
            "FORM/CENTER/DIV",
            "FORM/CENTER/TABLE",
            "FORM/DIV/B",
            "FORM/TABLE/TBODY",
            "P/OBJECT/PARAM",
            "P/TABLE/TBODY",
            "TABLE/TBODY/TR",
            "TBODY/TR/TD",
            "TD/DIV/B",
            "TD/DIV/FONT",
            "TD/DIV/INPUT-button",
            "TD/DIV/TABLE",
            "TD/FONT/SPAN",
            "TD/P/BR",
            "TD/P/FONT",
            "TD/P/INPUT-button",
            "TD/P/INPUT-checkbox",
            "TD/P/OBJECT",
            "TD/P/SCRIPT",
            "TD/P/TABLE",
            "TD/SELECT/OPTION",
            "TD/SPAN/INPUT-button",
            "TD/SPAN/TEXTAREA",
            "TD/TABLE/TBODY",
            "TR/TD/B",
            "TR/TD/BR",
            "TR/TD/DIV",
            "TR/TD/FONT",
            "TR/TD/IFRAME",
            "TR/TD/IMG",
            "TR/TD/INPUT-button",
            "TR/TD/INPUT-null",
            "TR/TD/P",
            "TR/TD/SCRIPT",
            "TR/TD/SELECT",
            "TR/TD/SPAN",
            "TR/TD/STYLE",
            "TR/TD/TABLE",
            "TR/TD/TEXTAREA",
            "TR/TD/UL"
          ],
          [
            "-/-/FORM",
            "-/-/SCRIPT",
            "-/FORM/BR",
            "-/FORM/CENTER",
            "-/FORM/DIV",
            "-/FORM/SCRIPT",
            "-/FORM/TABLE",
            "A/B/IMG",
            "CENTER/TABLE/TBODY",
            "DIV/A/IMG",
            "DIV/B/FONT",
            "DIV/TABLE/TBODY",
            "FORM/CENTER/DIV",
            "FORM/CENTER/TABLE",
            "FORM/DIV/B",
            "FORM/TABLE/TBODY",
            "P/OBJECT/PARAM",
            "P/TABLE/TBODY",
            "TABLE/TBODY/TR",
            "TBODY/TR/TD",
            "TD/A/B",
            "TD/DIV/A",
            "TD/DIV/B",
            "TD/DIV/BR",
            "TD/DIV/FONT",
            "TD/DIV/INPUT-button",
            "TD/DIV/TABLE",
            "TD/FONT/SPAN",
            "TD/P/BR",
            "TD/P/FONT",
            "TD/P/INPUT-button",
            "TD/P/INPUT-checkbox",
            "TD/P/OBJECT",
            "TD/P/SCRIPT",
            "TD/P/SPAN",
            "TD/P/TABLE",
            "TD/SELECT/OPTION",
            "TD/SPAN/B",
            "TD/SPAN/IMG",
            "TD/SPAN/INPUT-button",
            "TD/SPAN/TEXTAREA",
            "TD/TABLE/TBODY",
            "TR/TD/A",
            "TR/TD/B",
            "TR/TD/BR",
            "TR/TD/DIV",
            "TR/TD/FONT",
            "TR/TD/IFRAME",
            "TR/TD/IMG",
            "TR/TD/INPUT-button",
            "TR/TD/INPUT-null",
            "TR/TD/P",
            "TR/TD/SCRIPT",
            "TR/TD/SELECT",
            "TR/TD/SPAN",
            "TR/TD/STYLE",
            "TR/TD/TABLE",
            "TR/TD/TEXTAREA",
            "TR/TD/UL"
          ],
          [],
          [
            "-/-/FORM",
            "-/-/SCRIPT",
            "-/FORM/BR",
            "-/FORM/CENTER",
            "-/FORM/DIV",
            "-/FORM/SCRIPT",
            "-/FORM/TABLE",
            "A/B/IMG",
            "CENTER/TABLE/TBODY",
            "DIV/A/IMG",
            "DIV/B/FONT",
            "DIV/TABLE/TBODY",
            "FORM/CENTER/DIV",
            "FORM/CENTER/TABLE",
            "FORM/DIV/B",
            "FORM/TABLE/TBODY",
            "P/OBJECT/PARAM",
            "P/SPAN/O:P",
            "P/SPAN/SPAN",
            "P/TABLE/TBODY",
            "SPAN/P/BR",
            "SPAN/P/SCRIPT",
            "SPAN/SPAN/O:P",
            "TABLE/TBODY/TR",
            "TBODY/TR/TD",
            "TD/A/B",
            "TD/DIV/A",
            "TD/DIV/B",
            "TD/DIV/BR",
            "TD/DIV/FONT",
            "TD/DIV/INPUT-button",
            "TD/DIV/TABLE",
            "TD/FONT/SPAN",
            "TD/P/BR",
            "TD/P/FONT",
            "TD/P/INPUT-button",
            "TD/P/INPUT-checkbox",
            "TD/P/OBJECT",
            "TD/P/SCRIPT",
            "TD/P/SPAN",
            "TD/P/TABLE",
            "TD/SELECT/OPTION",
            "TD/SPAN/B",
            "TD/SPAN/IMG",
            "TD/SPAN/INPUT-button",
            "TD/SPAN/P",
            "TD/SPAN/TEXTAREA",
            "TD/TABLE/TBODY",
            "TR/TD/A",
            "TR/TD/B",
            "TR/TD/BR",
            "TR/TD/DIV",
            "TR/TD/FONT",
            "TR/TD/IFRAME",
            "TR/TD/IMG",
            "TR/TD/INPUT-button",
            "TR/TD/INPUT-null",
            "TR/TD/P",
            "TR/TD/SCRIPT",
            "TR/TD/SELECT",
            "TR/TD/SPAN",
            "TR/TD/STYLE",
            "TR/TD/TABLE",
            "TR/TD/TEXTAREA",
            "TR/TD/UL"
          ],
          [
            "-/-/DIV",
            "-/-/FORM",
            "-/-/IFRAME",
            "-/-/OBJECT",
            "-/-/SCRIPT",
            "-/-/STYLE",
            "-/FORM/BR",
            "-/FORM/CENTER",
            "-/FORM/DIV",
            "-/FORM/IFRAME",
            "-/FORM/INPUT-button",
            "-/FORM/SCRIPT",
            "-/FORM/TABLE",
            "-/OBJECT/PARAM",
            "CENTER/B/FONT",
            "FORM/CENTER/B",
            "FORM/TABLE/TBODY",
            "TABLE/TBODY/TR",
            "TBODY/TR/TD",
            "TD/B/FONT",
            "TD/DIV/B",
            "TD/DIV/FONT",
            "TD/DIV/INPUT-button",
            "TD/P/BR",
            "TD/P/INPUT-button",
            "TD/TABLE/TBODY",
            "TD/UL/BR",
            "TD/UL/FONT",
            "TD/UL/INPUT-checkbox",
            "TD/UL/OBJECT",
            "TD/UL/P",
            "TD/UL/SCRIPT",
            "TD/UL/SPAN",
            "TD/UL/TABLE",
            "TR/TD/A",
            "TR/TD/B",
            "TR/TD/BR",
            "TR/TD/DIV",
            "TR/TD/FONT",
            "TR/TD/IFRAME",
            "TR/TD/IMG",
            "TR/TD/INPUT-button",
            "TR/TD/INPUT-hidden",
            "TR/TD/INPUT-null",
            "TR/TD/P",
            "TR/TD/SCRIPT",
            "TR/TD/SPAN",
            "TR/TD/TABLE",
            "TR/TD/TEXTAREA",
            "TR/TD/UL",
            "UL/OBJECT/PARAM",
            "UL/P/SCRIPT",
            "UL/SPAN/TEXTAREA",
            "UL/TABLE/TBODY"
          ],
          [
            "-/-/FORM",
            "-/-/SCRIPT",
            "-/FORM/BR",
            "-/FORM/CENTER",
            "-/FORM/DIV",
            "-/FORM/SCRIPT",
            "-/FORM/TABLE",
            "CENTER/TABLE/TBODY",
            "DIV/A/IMG",
            "DIV/B/FONT",
            "DIV/TABLE/TBODY",
            "FORM/CENTER/DIV",
            "FORM/CENTER/TABLE",
            "FORM/DIV/B",
            "FORM/TABLE/TBODY",
            "P/OBJECT/PARAM",
            "P/TABLE/TBODY",
            "TABLE/TBODY/TR",
            "TBODY/TR/TD",
            "TD/DIV/A",
            "TD/DIV/B",
            "TD/DIV/BR",
            "TD/DIV/FONT",
            "TD/DIV/INPUT-button",
            "TD/DIV/TABLE",
            "TD/FONT/SPAN",
            "TD/P/BR",
            "TD/P/FONT",
            "TD/P/INPUT-button",
            "TD/P/INPUT-checkbox",
            "TD/P/OBJECT",
            "TD/P/SCRIPT",
            "TD/P/TABLE",
            "TD/SELECT/OPTION",
            "TD/SPAN/INPUT-button",
            "TD/SPAN/TEXTAREA",
            "TD/TABLE/TBODY",
            "TR/TD/A",
            "TR/TD/B",
            "TR/TD/BR",
            "TR/TD/DIV",
            "TR/TD/FONT",
            "TR/TD/IFRAME",
            "TR/TD/IMG",
            "TR/TD/INPUT-button",
            "TR/TD/INPUT-null",
            "TR/TD/P",
            "TR/TD/SCRIPT",
            "TR/TD/SELECT",
            "TR/TD/SPAN",
            "TR/TD/STYLE",
            "TR/TD/TABLE",
            "TR/TD/TEXTAREA",
            "TR/TD/UL"
          ],
          [
            "-/-/DIV",
            "-/-/FORM",
            "-/-/SCRIPT",
            "-/FORM/BR",
            "-/FORM/CENTER",
            "-/FORM/DIV",
            "-/FORM/INPUT-hidden",
            "-/FORM/SCRIPT",
            "-/FORM/TABLE",
            "CENTER/TABLE/TBODY",
            "DIV/A/IMG",
            "DIV/B/FONT",
            "DIV/FONT/BR",
            "DIV/TABLE/TBODY",
            "FORM/CENTER/DIV",
            "FORM/CENTER/TABLE",
            "FORM/DIV/B",
            "FORM/TABLE/TBODY",
            "P/FONT/INPUT-null",
            "P/FONT/TEXTAREA",
            "P/OBJECT/PARAM",
            "P/TABLE/TBODY",
            "TABLE/TBODY/TR",
            "TBODY/TR/TD",
            "TD/A/IMG",
            "TD/DIV/A",
            "TD/DIV/B",
            "TD/DIV/BR",
            "TD/DIV/FONT",
            "TD/DIV/INPUT-button",
            "TD/DIV/INPUT-checkbox",
            "TD/DIV/TABLE",
            "TD/FONT/INPUT-null",
            "TD/FONT/SPAN",
            "TD/FONT/TEXTAREA",
            "TD/P/BR",
            "TD/P/FONT",
            "TD/P/INPUT-button",
            "TD/P/INPUT-checkbox",
            "TD/P/INPUT-hidden",
            "TD/P/INPUT-null",
            "TD/P/INPUT-radio",
            "TD/P/OBJECT",
            "TD/P/SCRIPT",
            "TD/P/TABLE",
            "TD/SELECT/OPTION",
            "TD/SPAN/BR",
            "TD/SPAN/INPUT-button",
            "TD/SPAN/INPUT-checkbox",
            "TD/SPAN/INPUT-hidden",
            "TD/SPAN/INPUT-null",
            "TD/SPAN/TEXTAREA",
            "TD/TABLE/TBODY",
            "TR/TD/A",
            "TR/TD/B",
            "TR/TD/BR",
            "TR/TD/DIV",
            "TR/TD/FONT",
            "TR/TD/HR",
            "TR/TD/IFRAME",
            "TR/TD/IMG",
            "TR/TD/INPUT-button",
            "TR/TD/INPUT-checkbox",
            "TR/TD/INPUT-file",
            "TR/TD/INPUT-hidden",
            "TR/TD/INPUT-null",
            "TR/TD/INPUT-radio",
            "TR/TD/P",
            "TR/TD/SCRIPT",
            "TR/TD/SELECT",
            "TR/TD/SPAN",
            "TR/TD/STYLE",
            "TR/TD/TABLE",
            "TR/TD/TEXTAREA",
            "TR/TD/UL"
          ],
          [
            "-/-/DIV",
            "-/-/FORM",
            "-/-/IFRAME",
            "-/-/OBJECT",
            "-/-/SCRIPT",
            "-/-/STYLE",
            "-/FORM/P",
            "-/FORM/TABLE",
            "-/OBJECT/PARAM",
            "DIV/A/IMG",
            "DIV/TABLE/TBODY",
            "FORM/P/BR",
            "FORM/P/DIV",
            "FORM/P/IFRAME",
            "FORM/P/TABLE",
            "FORM/TABLE/TBODY",
            "P/SPAN/INPUT-button",
            "P/TABLE/TBODY",
            "TABLE/TBODY/TR",
            "TBODY/TR/TD",
            "TD/B/FONT",
            "TD/DIV/A",
            "TD/DIV/BR",
            "TD/DIV/FONT",
            "TD/DIV/INPUT-button",
            "TD/DIV/TABLE",
            "TD/FONT/A",
            "TD/FONT/BR",
            "TD/FONT/SPAN",
            "TD/OBJECT/PARAM",
            "TD/P/BR",
            "TD/P/INPUT-button",
            "TD/P/SPAN",
            "TD/SELECT/OPTION",
            "TD/SPAN/TEXTAREA",
            "TD/TABLE/TBODY",
            "TR/TD/B",
            "TR/TD/BR",
            "TR/TD/DIV",
            "TR/TD/FONT",
            "TR/TD/IFRAME",
            "TR/TD/IMG",
            "TR/TD/INPUT-button",
            "TR/TD/INPUT-checkbox",
            "TR/TD/INPUT-hidden",
            "TR/TD/INPUT-null",
            "TR/TD/INPUT-text",
            "TR/TD/OBJECT",
            "TR/TD/P",
            "TR/TD/SCRIPT",
            "TR/TD/SELECT",
            "TR/TD/SPAN",
            "TR/TD/STYLE",
            "TR/TD/TABLE",
            "TR/TD/TEXTAREA"
          ],
          [
            "-/-/DIV",
            "-/-/FORM",
            "-/-/IFRAME",
            "-/-/OBJECT",
            "-/-/SCRIPT",
            "-/-/STYLE",
            "-/FORM/BR",
            "-/FORM/CENTER",
            "-/FORM/DIV",
            "-/FORM/IFRAME",
            "-/FORM/INPUT-button",
            "-/FORM/SCRIPT",
            "-/FORM/TABLE",
            "-/OBJECT/PARAM",
            "A/B/IMG",
            "CENTER/B/FONT",
            "DIV/TABLE/TBODY",
            "FORM/CENTER/B",
            "FORM/TABLE/TBODY",
            "TABLE/TBODY/TR",
            "TBODY/TR/TD",
            "TD/A/B",
            "TD/DIV/B",
            "TD/DIV/FONT",
            "TD/DIV/INPUT-button",
            "TD/DIV/TABLE",
            "TD/SPAN/B",
            "TD/SPAN/BR",
            "TD/SPAN/SPAN",
            "TD/TABLE/TBODY",
            "TD/UL/BR",
            "TD/UL/FONT",
            "TD/UL/OBJECT",
            "TD/UL/P",
            "TD/UL/SCRIPT",
            "TD/UL/SPAN",
            "TD/UL/TABLE",
            "TR/TD/A",
            "TR/TD/B",
            "TR/TD/BR",
            "TR/TD/DIV",
            "TR/TD/FONT",
            "TR/TD/IFRAME",
            "TR/TD/IMG",
            "TR/TD/INPUT-button",
            "TR/TD/INPUT-null",
            "TR/TD/SCRIPT",
            "TR/TD/SPAN",
            "TR/TD/TABLE",
            "TR/TD/TEXTAREA",
            "TR/TD/UL",
            "UL/OBJECT/PARAM",
            "UL/SPAN/TEXTAREA",
            "UL/TABLE/TBODY"
          ],
          [
            "-/-/FORM",
            "-/-/SCRIPT",
            "-/FORM/BR",
            "-/FORM/CENTER",
            "-/FORM/DIV",
            "-/FORM/SCRIPT",
            "-/FORM/TABLE",
            "A/B/IMG",
            "CENTER/TABLE/TBODY",
            "DIV/B/FONT",
            "DIV/TABLE/TBODY",
            "FONT/FONT/B",
            "FORM/CENTER/DIV",
            "FORM/CENTER/TABLE",
            "FORM/DIV/B",
            "FORM/TABLE/TBODY",
            "P/OBJECT/PARAM",
            "P/TABLE/TBODY",
            "TABLE/TBODY/TR",
            "TBODY/TR/TD",
            "TD/A/B",
            "TD/DIV/B",
            "TD/DIV/FONT",
            "TD/DIV/INPUT-button",
            "TD/DIV/TABLE",
            "TD/FONT/A",
            "TD/FONT/B",
            "TD/FONT/BR",
            "TD/FONT/FONT",
            "TD/FONT/SPAN",
            "TD/P/BR",
            "TD/P/FONT",
            "TD/P/INPUT-button",
            "TD/P/OBJECT",
            "TD/P/SCRIPT",
            "TD/P/SPAN",
            "TD/P/TABLE",
            "TD/SELECT/OPTION",
            "TD/SPAN/B",
            "TD/SPAN/IMG",
            "TD/SPAN/INPUT-button",
            "TD/SPAN/TEXTAREA",
            "TD/TABLE/TBODY",
            "TR/TD/A",
            "TR/TD/B",
            "TR/TD/BR",
            "TR/TD/DIV",
            "TR/TD/FONT",
            "TR/TD/IFRAME",
            "TR/TD/IMG",
            "TR/TD/INPUT-button",
            "TR/TD/INPUT-null",
            "TR/TD/P",
            "TR/TD/SCRIPT",
            "TR/TD/SELECT",
            "TR/TD/SPAN",
            "TR/TD/STYLE",
            "TR/TD/TABLE",
            "TR/TD/TEXTAREA",
            "TR/TD/UL"
          ],
          [
            "-/-/DIV",
            "-/-/FORM",
            "-/-/IFRAME",
            "-/-/OBJECT",
            "-/-/SCRIPT",
            "-/-/STYLE",
            "-/FORM/BR",
            "-/FORM/CENTER",
            "-/FORM/DIV",
            "-/FORM/IFRAME",
            "-/FORM/INPUT-button",
            "-/FORM/SCRIPT",
            "-/FORM/TABLE",
            "-/OBJECT/PARAM",
            "CENTER/B/FONT",
            "DIV/TABLE/TBODY",
            "FONT/FONT/B",
            "FORM/CENTER/B",
            "FORM/TABLE/TBODY",
            "TABLE/TBODY/TR",
            "TBODY/TR/TD",
            "TD/B/FONT",
            "TD/DIV/B",
            "TD/DIV/FONT",
            "TD/DIV/INPUT-button",
            "TD/DIV/TABLE",
            "TD/FONT/A",
            "TD/FONT/B",
            "TD/FONT/BR",
            "TD/FONT/FONT",
            "TD/P/BR",
            "TD/P/INPUT-button",
            "TD/TABLE/TBODY",
            "TD/UL/BR",
            "TD/UL/FONT",
            "TD/UL/OBJECT",
            "TD/UL/P",
            "TD/UL/SCRIPT",
            "TD/UL/SPAN",
            "TD/UL/TABLE",
            "TR/TD/A",
            "TR/TD/B",
            "TR/TD/BR",
            "TR/TD/DIV",
            "TR/TD/FONT",
            "TR/TD/IFRAME",
            "TR/TD/IMG",
            "TR/TD/INPUT-button",
            "TR/TD/INPUT-hidden",
            "TR/TD/INPUT-null",
            "TR/TD/P",
            "TR/TD/SCRIPT",
            "TR/TD/SPAN",
            "TR/TD/TABLE",
            "TR/TD/TEXTAREA",
            "TR/TD/UL",
            "UL/FONT/FONT",
            "UL/OBJECT/PARAM",
            "UL/P/SCRIPT",
            "UL/SPAN/TEXTAREA",
            "UL/TABLE/TBODY"
          ]
        ]
      }
    }
  }
}