{
  "version": "0.1",
  "id": "pwd",
  "targetURL": "http://218.203.103.203:8082/oc/bes/sm/login/phone.html?type=1",
  "jsFile": "index.js",
  "requires": {
    "index": "../index/index.json"
  },
  "chineseName": "个人密码修改",
  "description": "个人密码修改",
  "firstPaintEnable": false,
  "controls": {
    "control43_dEkCLv": {
      "location": {
        "data": {
          "tagName": "LI"
        },
        "userData": {
          "data": [],
          "force": false
        },
        "locators": [
          {
            "id": "@title",
            "prob": 2,
            "value": {
              "text": [
                "个人密码修改"
              ]
            }
          },
          {
            "id": "@class/word",
            "prob": 1,
            "value": "DIV.tab UL.floatCon.toLeft LI.selected"
          },
          {
            "id": "style/color",
            "value": [
              42,
              142,
              231
            ]
          }
        ]
      },
      "events": {
        "onGetData": "getData_control43_dEkCLv"
      },
      "intendedRole": "custom",
      "roles": "element,custom",
      "ignoreVisibility": true,
      "monitored": true,
      "frameXPath": "",
      "componentType": "custom"
    },
    "control44_w7Cr0e": {
      "location": {
        "data": {
          "tagName": "DIV"
        },
        "userData": {
          "data": [],
          "force": false
        },
        "locators": [
          {
            "id": "@class/word",
            "prob": 1,
            "value": "DIV.main-right.ng-scope"
          },
          {
            "id": "shield",
            "value": {
              "zIndex": "auto",
              "width": 1450,
              "height": 812
            }
          }
        ]
      },
      "events": {
        "onGetData": "getData_control44_w7Cr0e"
      },
      "intendedRole": "custom",
      "roles": "element,custom",
      "monitored": true,
      "frameXPath": "",
      "componentType": "custom"
    },
    "control49_OixXuA": {
      "location": {
        "data": {
          "tagName": "IMG"
        },
        "userData": {
          "data": [],
          "force": false
        },
        "locators": [
          {
            "id": "img/@src",
            "prob": 2,
            "value": {
              "pathname": "/oc/resource.root/bes/ordercapture/html/resource.root/bes/ad/images/Ok_large_bg.png"
            }
          },
          {
            "id": "@id/word",
            "prob": 1,
            "ordinal": [
              0,
              3
            ],
            "value": [
              "descendant::DIV[@id=\"paymentFinishStep\"]/UEE:INCLUDE[1]/DIV[1]/UEE:INCLUDE[1]/DIV[1]/DIV[1]/DIV[1]/IMG[1]",
              "descendant::DIV[@id=\"paymentFinishStep\"]//IMG"
            ]
          }
        ]
      },
      "roles": "element,image,button",
      "monitored": false,
      "frameXPath": "//iframe[1]<<IFRAME>>",
      "componentType": "image"
    },
    "control50_0JnVf9": {
      "location": {
        "data": {
          "tagName": "SPAN"
        },
        "userData": {
          "data": [],
          "force": false
        },
        "locators": [
          {
            "id": "text",
            "prob": 3,
            "value": {
              "text": [
                "业务受理成功。"
              ],
              "visText": [
                "业务受理成功。"
              ]
            }
          },
          {
            "id": "elderLevel",
            "value": {
              "level": 0
            }
          }
        ]
      },
      "roles": "element",
      "content": true,
      "monitored": true,
      "frameXPath": "//iframe[1]<<IFRAME>>",
      "componentType": "content"
    },
    "control51_JoLZau": {
      "location": {
        "data": {
          "tagName": "DIV"
        },
        "userData": {
          "data": [],
          "force": false
        },
        "locators": [
          {
            "id": "@class/word",
            "prob": 1,
            "value": "DIV.main-right.ng-scope"
          },
          {
            "id": "shield",
            "value": {
              "zIndex": "auto",
              "width": 1450,
              "height": 812
            }
          }
        ]
      },
      "events": {
        "onGetData": "getData_control51_JoLZau"
      },
      "intendedRole": "custom",
      "roles": "element,custom",
      "monitored": true,
      "frameXPath": "",
      "componentType": "custom"
    },
    "control53_CfeS1v": {
      "location": {
        "data": {
          "tagName": "LI"
        },
        "userData": {
          "data": [],
          "force": false
        },
        "locators": [
          {
            "id": "text",
            "prob": 3,
            "value": {
              "text": [
                "个人密码修改"
              ],
              "visText": [
                "个人密码修改"
              ]
            }
          },
          {
            "id": "@title",
            "prob": 2,
            "value": {
              "text": [
                "个人密码修改"
              ]
            }
          },
          {
            "id": "@class/word",
            "prob": 1,
            "value": "DIV.tab UL.floatCon.toLeft LI.selected"
          },
          {
            "id": "style/color",
            "value": [
              42,
              142,
              231
            ]
          }
        ]
      },
      "roles": "element",
      "text": "\t\t                                                        \t\t                        个人密码修改\t                          ",
      "frameXPath": "",
      "customJS": "if($(elem).hasClass(\"selected\")&&$(elem).find(\".tab-title\").text()==\"个人密码修改\"){\nreturn true\n}else{\nreturn false\n}\n"
    },
    "control52_6IyEQt": {
      "location": {
        "data": {
          "tagName": "SPAN"
        },
        "userData": {
          "data": [],
          "force": false
        },
        "locators": [
          {
            "id": "@id/word",
            "prob": 3,
            "value": [
              "descendant::DIV[@id=\"paymentFinishStep\"]//SPAN[@id=\"a_paymentFinishClose\"]",
              "descendant::SPAN[@id=\"a_paymentFinishClose\"]"
            ]
          }
        ]
      },
      "events": {
        "onGetData": "getData_control52_6IyEQt"
      },
      "intendedRole": "custom",
      "roles": "element,custom",
      "monitored": true,
      "frameXPath": "//iframe[1]<<IFRAME>>",
      "componentType": "custom"
    },
    "control48_7H4s3J": {
      "location": {
        "data": {
          "tagName": "DIV"
        },
        "userData": {
          "data": [],
          "force": false
        },
        "locators": [
          {
            "id": "@id/word",
            "prob": 3,
            "ordinal": [
              1,
              2
            ],
            "value": [
              "descendant::DIV[@id=\"popwin_top\"]//DIV[@id=\"popwin_top_center\"]//DIV[@id=\"popwin_title\"]",
              "descendant::DIV[@id=\"popwin_top_center\"]//DIV[@id=\"popwin_title\"]",
              "descendant::DIV[@id=\"popwin_title\"]"
            ]
          },
          {
            "id": "path/ordinal",
            "prob": 1,
            "value": "/HTML[1]/BODY[1]/DIV[4]/DIV[1]/DIV[1]/DIV[2]/DIV[1]"
          },
          {
            "id": "elderLevel",
            "value": {
              "level": 0
            }
          }
        ]
      },
      "intendedRole": "dialog",
      "roles": "element,dialog",
      "monitored": true,
      "frameXPath": "//iframe[1]<<IFRAME>>",
      "componentType": "dialog"
    },
    "control249_GTzlZR": {
      "location": {
        "data": {
          "tagName": "DIV"
        },
        "userData": {
          "data": [],
          "force": false
        },
        "locators": [
          {
            "id": "text",
            "prob": 2,
            "ordinal": [
              5,
              6
            ],
            "value": {
              "text": [
                "提示"
              ],
              "visText": [
                "提示"
              ]
            }
          },
          {
            "id": "@id/word",
            "prob": 3,
            "ordinal": [
              1,
              2
            ],
            "value": [
              "descendant::DIV[@id=\"popwin_top\"]//DIV[@id=\"popwin_top_center\"]//DIV[@id=\"popwin_title\"]",
              "descendant::DIV[@id=\"popwin_top_center\"]//DIV[@id=\"popwin_title\"]",
              "descendant::DIV[@id=\"popwin_title\"]"
            ]
          },
          {
            "id": "path/ordinal",
            "prob": 1,
            "value": "/HTML[1]/BODY[1]/DIV[4]/DIV[1]/DIV[1]/DIV[2]/DIV[1]"
          },
          {
            "id": "elderLevel",
            "value": {
              "level": 0
            }
          }
        ]
      },
      "roles": "element",
      "content": true,
      "monitored": true,
      "frameXPath": "//iframe[1]<<IFRAME>>",
      "componentType": "content"
    },
    "control250_c970p1": {
      "location": {
        "data": {
          "tagName": "DIV"
        },
        "userData": {
          "data": [],
          "force": false
        },
        "locators": [
          {
            "id": "text",
            "prob": 3,
            "value": {
              "text": [
                "密码不符合规范。"
              ],
              "visText": [
                "密码不符合规范。"
              ]
            }
          },
          {
            "id": "@id/partialWord",
            "prob": 1,
            "disabled": true,
            "value": {
              "elemId": "winmsg1",
              "tagName": "DIV",
              "prefix": "",
              "suffix": "/DIV[1]/DIV[2]/DIV[3]/DIV[1]",
              "ratio": 0.203
            }
          },
          {
            "id": "path/ordinal",
            "prob": 1,
            "value": "/HTML[1]/BODY[1]/DIV[4]/DIV[1]/DIV[2]/DIV[3]/DIV[1]"
          },
          {
            "id": "elderLevel",
            "value": {
              "level": 0
            }
          }
        ]
      },
      "roles": "element",
      "content": true,
      "monitored": true,
      "frameXPath": "//iframe[1]<<IFRAME>>",
      "componentType": "content"
    },
    "control251_bSdHwr": {
      "location": {
        "data": {
          "tagName": "SPAN"
        },
        "userData": {
          "data": [],
          "force": false
        },
        "locators": [
          {
            "id": "button/text",
            "prob": 3,
            "ordinal": [
              2,
              3
            ],
            "value": {
              "text": [
                "确定"
              ],
              "visText": [
                "确定"
              ]
            }
          },
          {
            "id": "@id/partialWord",
            "prob": 1,
            "disabled": true,
            "value": {
              "elemId": "winmsg1",
              "tagName": "DIV",
              "prefix": "",
              "suffix": "/DIV[1]/DIV[2]/DIV[3]/DIV[3]/SPAN[1]",
              "ratio": 0.203
            }
          },
          {
            "id": "path/ordinal",
            "prob": 1,
            "value": "/HTML[1]/BODY[1]/DIV[4]/DIV[1]/DIV[2]/DIV[3]/DIV[3]/SPAN[1]"
          }
        ]
      },
      "intendedRole": "button",
      "roles": "element,button",
      "monitored": true,
      "frameXPath": "//iframe[1]<<IFRAME>>",
      "componentType": "button"
    }
  },
  "contexts": {
    "context8_L4xTn5": {
      "controls": [
        "control43_dEkCLv",
        "control44_w7Cr0e",
        "control49_OixXuA",
        "control50_0JnVf9",
        "control51_JoLZau",
        "control52_6IyEQt",
        "control48_7H4s3J",
        "control249_GTzlZR",
        "control250_c970p1",
        "control251_bSdHwr"
      ],
      "anchors": [
        "control53_CfeS1v"
      ],
      "urlAnchor": []
    }
  },
  "flows": {
    "flow27_88skCi": {
      "toContexts": [
        {
          "toContextId": "context8_L4xTn5"
        }
      ]
    },
    "flow28_tM22xk": {
      "fromContextId": "context8_L4xTn5",
      "fromAction": "doAction",
      "fromControlId": "control44_w7Cr0e",
      "toContexts": [
        {
          "toContextId": "context8_L4xTn5"
        }
      ]
    },
    "flow3_6RlnRg": {
      "fromContextId": "context8_L4xTn5",
      "fromAction": "doAction",
      "fromControlId": "control43_dEkCLv",
      "toContexts": [
        {
          "toContextId": "context8_L4xTn5"
        },
        {
          "toContextId": "context0_502oGB",
          "toModelId": "index"
        }
      ]
    },
    "flow74_TUZCKK": {
      "fromContextId": "context8_L4xTn5",
      "fromAction": "doAction",
      "fromControlId": "control52_6IyEQt",
      "toContexts": [
        {
          "toContextId": "context8_L4xTn5"
        },
        {
          "toContextId": "context0_502oGB",
          "toModelId": "index"
        }
      ]
    },
    "flow148_y9NVHU": {
      "fromContextId": "context8_L4xTn5",
      "fromAction": "click",
      "fromControlId": "control251_bSdHwr",
      "toContexts": [
        {
          "toContextId": "context8_L4xTn5"
        }
      ]
    }
  },
  "pages": {
    "page8_mKQJgJ": {
      "contextId": "context8_L4xTn5",
      "layout": [
        {
          "id": "uiControl33_A2TOQ2",
          "controlId": "control43_dEkCLv",
          "display": {
            "adapterId": "custom",
            "type": "custom",
            "adapter": {
              "templateType": "react",
              "events": {
                "onDoAction": "doAction_uiControl33_A2TOQ2",
                "onGetTemplate": "getTemplate_uiControl33_A2TOQ2"
              }
            }
          }
        },
        {
          "id": "uiControl236_BZtNme",
          "controlId": "control48_7H4s3J",
          "display": {
            "adapterId": "dialog",
            "type": "dialog",
            "adapter": {
              "templateType": ""
            }
          },
          "layout": [
            {
              "id": "uiControl236_BZtNmebody",
              "display": {
                "type": "dialogBody",
                "adapterId": "dialogBody",
                "adapter": {
                  "templateType": ""
                }
              },
              "layout": [
                {
                  "id": "uiControl237_t7xdbr",
                  "controlId": "control249_GTzlZR",
                  "display": {
                    "adapterId": "content",
                    "type": "content",
                    "adapter": {
                      "templateType": ""
                    }
                  }
                },
                {
                  "id": "uiControl238_F71fW7",
                  "controlId": "control250_c970p1",
                  "display": {
                    "adapterId": "content",
                    "type": "content",
                    "adapter": {
                      "templateType": ""
                    }
                  }
                },
                {
                  "id": "uiControl239_3XxpeI",
                  "controlId": "control251_bSdHwr",
                  "display": {
                    "adapterId": "clickable",
                    "type": "button",
                    "amStyle": "success",
                    "adapter": {
                      "templateType": ""
                    }
                  }
                }
              ]
            },
            {
              "id": "uiControl236_BZtNmefooter",
              "display": {
                "type": "dialogFooter",
                "adapterId": "dialogFooter",
                "adapter": {
                  "templateType": ""
                }
              },
              "layout": []
            }
          ]
        },
        {
          "id": "uiControl39_yC8ZkB",
          "controlId": "control49_OixXuA",
          "display": {
            "adapterId": "image_link",
            "type": "image",
            "adapter": {
              "templateType": ""
            }
          }
        },
        {
          "id": "uiControl40_2UHEQb",
          "controlId": "control50_0JnVf9",
          "display": {
            "adapterId": "content",
            "type": "content",
            "class": "t-cen",
            "adapter": {
              "templateType": ""
            }
          }
        },
        {
          "id": "uiControl41_cQEXka",
          "controlId": "control51_JoLZau",
          "display": {
            "adapterId": "custom",
            "type": "custom",
            "adapter": {
              "templateType": "react",
              "events": {
                "onDoAction": "doAction_uiControl41_cQEXka",
                "onGetTemplate": "getTemplate_uiControl41_cQEXka"
              }
            }
          }
        },
        {
          "id": "uiControl42_UpUZel",
          "controlId": "control52_6IyEQt",
          "display": {
            "adapterId": "custom",
            "type": "custom",
            "adapter": {
              "templateType": "react",
              "events": {
                "onDoAction": "doAction_uiControl42_UpUZel",
                "onGetTemplate": "getTemplate_uiControl42_UpUZel"
              }
            }
          }
        },
        {
          "id": "uiControl34_FNLEQG",
          "controlId": "control44_w7Cr0e",
          "display": {
            "adapterId": "custom",
            "type": "custom",
            "adapter": {
              "templateType": "react",
              "events": {
                "onDoAction": "doAction_uiControl34_FNLEQG",
                "onGetTemplate": "getTemplate_uiControl34_FNLEQG"
              }
            }
          }
        }
      ]
    }
  },
  "matchers": {
    "page/title": {
      "contexts": {
        "context8_L4xTn5": [
          "中国移动宁夏公司第三代CRM系统"
        ]
      }
    },
    "page/urls": {
      "contexts": {
        "context8_L4xTn5": [
          "218.203.103.203:8082/oc/bes/sm/login/phone.html?type=1",
          "218.203.103.203:8082/oc/bes/sm/login/phone.html?timestamp=1536111633273",
          "218.203.103.203:8082/oc/bes/sm/login/phone.html?timestamp=1536136440813"
        ]
      }
    },
    "page/ids": {
      "contexts": {
        "context8_L4xTn5": [
          [
            "attachChildsOperCancel",
            "datetimepicker_div",
            "day",
            "emailchoice",
            "iconclass",
            "ins_checkbox",
            "ins_mpuiconsendsms",
            "lockPageDiv",
            "lockpage_pwd",
            "middleFrame",
            "oclogin",
            "orderScrollbar",
            "popBox",
            "popNote",
            "popNoteBox",
            "rightheadermenu",
            "shoppingCartModify",
            "shoppingcartNumber",
            "shoppingcartPlat",
            "shoppingcartcheckout",
            "staticshoppingcar_close",
            "staticshoppingcar_open",
            "tab-scrollbar",
            "tip_footdiv",
            "top_gadget",
            "uee-",
            "uee-_bmeDSTImg",
            "uee-_input_img",
            "uee-_ueeDTMShowFmt",
            "uee-_value",
            "unlockpage_btn",
            "workPlace"
          ],
          [
            "datetimepicker_div",
            "emailchoice",
            "ins_mpuiconsendsms",
            "lockPageDiv",
            "lockpage_pwd",
            "middleFrame",
            "oclogin",
            "orderScrollbar",
            "popBox",
            "popNote",
            "popNoteBox",
            "rightheadermenu",
            "shoppingcartNumber",
            "shoppingcartPlat",
            "shoppingcartcheckout",
            "staticshoppingcar_close",
            "staticshoppingcar_open",
            "tab-scrollbar",
            "tip_footdiv",
            "top_gadget",
            "uee-",
            "uee-_bmeDSTImg",
            "uee-_input_img",
            "uee-_ueeDTMShowFmt",
            "uee-_value",
            "unlockpage_btn",
            "workPlace"
          ],
          [
            "attachChildsOperCancel",
            "datetimepicker_div",
            "day",
            "emailchoice",
            "iconclass",
            "ins_checkbox",
            "ins_mpuiconsendsms",
            "loadingcover",
            "lockPageDiv",
            "lockpage_pwd",
            "middleFrame",
            "oclogin",
            "orderScrollbar",
            "popBox",
            "popNote",
            "popNoteBox",
            "rightheadermenu",
            "shoppingCartModify",
            "shoppingcartNumber",
            "shoppingcartPlat",
            "shoppingcartcheckout",
            "staticshoppingcar_close",
            "staticshoppingcar_open",
            "tab-scrollbar",
            "tip_footdiv",
            "top_gadget",
            "uee-",
            "uee-_bmeDSTImg",
            "uee-_input_img",
            "uee-_ueeDTMShowFmt",
            "uee-_value",
            "unlockpage_btn",
            "workPlace"
          ]
        ]
      }
    },
    "page/classes": {
      "contexts": {
        "context8_L4xTn5": [
          [
            "LeftScrollBar",
            "LeftxScrollBar",
            "ScrollbarArrow",
            "ScrollbarHandle",
            "ScrollbarHandleC",
            "ScrollbarHandleR",
            "ScrollbarTrack",
            "bes-ad-staticshoppingcar",
            "bes-common-pagecontext",
            "bes-oc-base-sectionright",
            "bes-oc-base-shoppingcart",
            "bf_tips",
            "bf_tips_container",
            "bf_tips_content",
            "btn_positive",
            "caiDanLianJie",
            "cart_num",
            "checkbox",
            "checked",
            "cn_bg",
            "cn_center",
            "cn_impl",
            "cn_left",
            "cn_right",
            "currentOrder",
            "currentOrderEmpty",
            "datetime_input",
            "datetimepicker_DST",
            "datetimepicker_div_trigger",
            "ele_normal",
            "fl",
            "floatCon",
            "font_left",
            "font_right",
            "foot",
            "form_control",
            "fr",
            "hasDatepicker",
            "hasSubItem",
            "head",
            "header_menu_child",
            "header_menu_grandchild",
            "icon",
            "icon_subscribe",
            "icon_unsubscribe",
            "label",
            "left",
            "lock",
            "lock_input",
            "main-right",
            "mb_",
            "menu_btn",
            "mid",
            "middle",
            "ml_",
            "mt_",
            "navigatorBar",
            "ng-binding",
            "ng-hide",
            "ng-scope",
            "normal_img",
            "ocshoppingcart",
            "orderList",
            "orderPkg",
            "order_content",
            "order_footer",
            "order_monthFree",
            "order_name",
            "order_opt",
            "order_time",
            "order_time_arrow",
            "order_title",
            "orderwrapper",
            "p",
            "panel",
            "panel_login",
            "pgHeader",
            "pl_content",
            "pl_title",
            "r_contnet",
            "right",
            "scrollbar_container",
            "scrollbar_container_inner",
            "scrollbar_container_outer",
            "selected",
            "selector",
            "shoppingCar",
            "shopping_Number",
            "shopping_close",
            "sub_ul",
            "tab",
            "tab-close",
            "tab-menu",
            "tab-popup",
            "tab-title",
            "tabCon",
            "tabcontainer",
            "toLeft",
            "uIcon",
            "u_name",
            "u_no",
            "uee",
            "uee-border",
            "uee-datetime",
            "uee-datetime-container",
            "uee-gadget",
            "uee-input",
            "uee-input-normal",
            "uee-inputele-view",
            "uee-ipt-ele",
            "w_right",
            "win_cover",
            "win_lock",
            "win_lock_bg",
            "windowBoxwrap",
            "wrap"
          ],
          [
            "LeftScrollBar",
            "LeftxScrollBar",
            "ScrollbarArrow",
            "ScrollbarHandle",
            "ScrollbarHandleC",
            "ScrollbarHandleR",
            "ScrollbarTrack",
            "bes-ad-staticshoppingcar",
            "bes-common-pagecontext",
            "bes-oc-base-sectionright",
            "bes-oc-base-shoppingcart",
            "bf_tips",
            "bf_tips_container",
            "bf_tips_content",
            "btn_positive",
            "caiDanLianJie",
            "cart_num",
            "checkbox",
            "checked",
            "cn_bg",
            "cn_center",
            "cn_impl",
            "cn_left",
            "cn_right",
            "currentOrder",
            "currentOrderEmpty",
            "datetime_input",
            "datetimepicker_DST",
            "datetimepicker_div_trigger",
            "ele_normal",
            "fl",
            "floatCon",
            "font_left",
            "font_right",
            "foot",
            "form_control",
            "fr",
            "hasDatepicker",
            "hasSubItem",
            "head",
            "header_menu_child",
            "header_menu_grandchild",
            "icon",
            "icon_subscribe",
            "icon_transform",
            "icon_unsubscribe",
            "label",
            "left",
            "lock",
            "lock_input",
            "main-right",
            "mb_",
            "menu_btn",
            "mid",
            "middle",
            "ml_",
            "mt_",
            "navigatorBar",
            "ng-binding",
            "ng-hide",
            "ng-scope",
            "normal_img",
            "ocshoppingcart",
            "orderList",
            "orderPkg",
            "order_content",
            "order_footer",
            "order_monthFree",
            "order_name",
            "order_opt",
            "order_time",
            "order_time_arrow",
            "order_title",
            "orderwrapper",
            "p",
            "panel",
            "panel_login",
            "pgHeader",
            "pl_content",
            "pl_title",
            "r_contnet",
            "right",
            "scrollbar_container",
            "scrollbar_container_inner",
            "scrollbar_container_outer",
            "selected",
            "selector",
            "shoppingCar",
            "shopping_Number",
            "shopping_close",
            "sub_ul",
            "tab",
            "tab-close",
            "tab-menu",
            "tab-popup",
            "tab-title",
            "tabCon",
            "tabcontainer",
            "toLeft",
            "uIcon",
            "u_name",
            "u_no",
            "uee",
            "uee-border",
            "uee-datetime",
            "uee-datetime-container",
            "uee-gadget",
            "uee-input",
            "uee-input-normal",
            "uee-inputele-view",
            "uee-ipt-ele",
            "w_right",
            "win_cover",
            "win_lock",
            "win_lock_bg",
            "windowBoxwrap",
            "wrap"
          ],
          [
            "LeftScrollBar",
            "LeftxScrollBar",
            "ScrollbarArrow",
            "ScrollbarHandle",
            "ScrollbarHandleC",
            "ScrollbarHandleR",
            "ScrollbarTrack",
            "bes-ad-staticshoppingcar",
            "bes-common-pagecontext",
            "bes-oc-base-sectionright",
            "bes-oc-base-shoppingcart",
            "bf_tips",
            "bf_tips_container",
            "bf_tips_content",
            "btn_negative",
            "caiDanLianJie",
            "cart_num",
            "checkbox",
            "checked",
            "cn_bg",
            "cn_center",
            "cn_impl",
            "cn_left",
            "cn_right",
            "currentOrder",
            "currentOrderEmpty",
            "datetime_input",
            "datetimepicker_DST",
            "datetimepicker_div_trigger",
            "disable",
            "ele_normal",
            "fl",
            "floatCon",
            "font_left",
            "font_right",
            "foot",
            "fr",
            "hasDatepicker",
            "head",
            "header_menu_child",
            "header_menu_grandchild",
            "hide",
            "icon",
            "label",
            "left",
            "lock",
            "lock_input",
            "main-right",
            "mb_",
            "menu_btn",
            "mid",
            "middle",
            "ml_",
            "mt_",
            "navigatorBar",
            "ng-binding",
            "ng-hide",
            "ng-scope",
            "normal_img",
            "ocshoppingcart",
            "order_content",
            "order_footer",
            "order_opt",
            "order_title",
            "p",
            "panel",
            "panel_login",
            "pgHeader",
            "pl_content",
            "pl_title",
            "r_contnet",
            "right",
            "scrollbar_container",
            "scrollbar_container_inner",
            "scrollbar_container_outer",
            "selected",
            "selector",
            "shoppingCar",
            "shopping_Number",
            "shopping_close",
            "tab",
            "tab-close",
            "tab-menu",
            "tab-popup",
            "tab-title",
            "tabCon",
            "tabcontainer",
            "toLeft",
            "uIcon",
            "u_name",
            "u_no",
            "uee",
            "uee-border",
            "uee-datetime",
            "uee-datetime-container",
            "uee-gadget",
            "uee-input",
            "uee-input-normal",
            "uee-inputele-view",
            "uee-ipt-ele",
            "w_right",
            "win_cover",
            "win_lock",
            "win_lock_bg",
            "windowBoxwrap",
            "wrap"
          ],
          [
            "LeftScrollBar",
            "LeftxScrollBar",
            "ScrollbarArrow",
            "ScrollbarHandle",
            "ScrollbarHandleC",
            "ScrollbarHandleR",
            "ScrollbarTrack",
            "bes-ad-staticshoppingcar",
            "bes-common-pagecontext",
            "bes-oc-base-sectionright",
            "bes-oc-base-shoppingcart",
            "bf_tips",
            "bf_tips_container",
            "bf_tips_content",
            "btn_positive",
            "caiDanLianJie",
            "cart_num",
            "checkbox",
            "checked",
            "cn_bg",
            "cn_center",
            "cn_impl",
            "cn_left",
            "cn_right",
            "currentOrder",
            "currentOrderEmpty",
            "datetime_input",
            "datetimepicker_DST",
            "datetimepicker_div_trigger",
            "ele_normal",
            "fl",
            "floatCon",
            "font_left",
            "font_right",
            "foot",
            "form_control",
            "fr",
            "fullcover",
            "hasDatepicker",
            "hasSubItem",
            "head",
            "header_menu_child",
            "header_menu_grandchild",
            "icon",
            "icon_subscribe",
            "label",
            "left",
            "loading",
            "lock",
            "lock_input",
            "main-right",
            "mb_",
            "menu_btn",
            "mid",
            "middle",
            "ml_",
            "mt_",
            "navigatorBar",
            "ng-binding",
            "ng-hide",
            "ng-scope",
            "normal_img",
            "ocshoppingcart",
            "orderList",
            "orderPkg",
            "order_content",
            "order_footer",
            "order_monthFree",
            "order_name",
            "order_opt",
            "order_time",
            "order_time_arrow",
            "order_title",
            "orderwrapper",
            "p",
            "panel",
            "panel_login",
            "pgHeader",
            "pl_content",
            "pl_title",
            "r_contnet",
            "right",
            "scrollbar_container",
            "scrollbar_container_inner",
            "scrollbar_container_outer",
            "selected",
            "selector",
            "shoppingCar",
            "shopping_Number",
            "shopping_close",
            "sub_ul",
            "tab",
            "tab-close",
            "tab-menu",
            "tab-popup",
            "tab-title",
            "tabCon",
            "tabcontainer",
            "toLeft",
            "uIcon",
            "u_name",
            "u_no",
            "uee",
            "uee-border",
            "uee-datetime",
            "uee-datetime-container",
            "uee-gadget",
            "uee-input",
            "uee-input-normal",
            "uee-inputele-view",
            "uee-ipt-ele",
            "w_right",
            "win_cover",
            "win_lock",
            "win_lock_bg",
            "windowBoxwrap",
            "wrap"
          ],
          [
            "LeftScrollBar",
            "LeftxScrollBar",
            "ScrollbarArrow",
            "ScrollbarHandle",
            "ScrollbarHandleC",
            "ScrollbarHandleR",
            "ScrollbarTrack",
            "bes-ad-staticshoppingcar",
            "bes-common-pagecontext",
            "bes-oc-base-sectionright",
            "bes-oc-base-shoppingcart",
            "bf_tips",
            "bf_tips_container",
            "bf_tips_content",
            "btn_positive",
            "caiDanLianJie",
            "checkbox",
            "checked",
            "cn_bg",
            "cn_center",
            "cn_impl",
            "cn_left",
            "cn_right",
            "currentOrder",
            "currentOrderEmpty",
            "datetime_input",
            "datetimepicker_DST",
            "datetimepicker_div_trigger",
            "ele_normal",
            "fl",
            "floatCon",
            "font_left",
            "font_right",
            "foot",
            "form_control",
            "fr",
            "hasDatepicker",
            "hasSubItem",
            "head",
            "header_menu_child",
            "header_menu_grandchild",
            "icon",
            "icon_subscribe",
            "label",
            "left",
            "lock",
            "lock_input",
            "main-right",
            "mb_",
            "menu_btn",
            "mid",
            "middle",
            "ml_",
            "mt_",
            "navigatorBar",
            "ng-binding",
            "ng-hide",
            "ng-scope",
            "normal_img",
            "ocshoppingcart",
            "orderList",
            "orderPkg",
            "order_content",
            "order_footer",
            "order_monthFree",
            "order_name",
            "order_opt",
            "order_time",
            "order_time_arrow",
            "order_title",
            "orderwrapper",
            "p",
            "panel",
            "panel_login",
            "pgHeader",
            "pl_content",
            "pl_title",
            "r_contnet",
            "right",
            "scrollbar_container",
            "scrollbar_container_inner",
            "scrollbar_container_outer",
            "selected",
            "selector",
            "shoppingCar",
            "shopping_Number",
            "shopping_close",
            "sub_ul",
            "tab",
            "tab-close",
            "tab-menu",
            "tab-popup",
            "tab-title",
            "tabCon",
            "tabcontainer",
            "toLeft",
            "uIcon",
            "u_name",
            "u_no",
            "uee",
            "uee-border",
            "uee-datetime",
            "uee-datetime-container",
            "uee-gadget",
            "uee-input",
            "uee-input-normal",
            "uee-inputele-view",
            "uee-ipt-ele",
            "w_right",
            "win_cover",
            "win_lock",
            "win_lock_bg",
            "windowBoxwrap",
            "wrap"
          ]
        ]
      }
    },
    "page/tagTriplets": {
      "contexts": {
        "context8_L4xTn5": [
          [
            "-/-/DIV",
            "-/-/SCRIPT",
            "-/-/UEE:INCLUDE",
            "-/DIV/DIV",
            "-/UEE:INCLUDE/DIV",
            "-/UEE:INCLUDE/LINK",
            "-/UEE:INCLUDE/META",
            "-/UEE:INCLUDE/STYLE",
            "-/UEE:INCLUDE/UEE:FIRE",
            "A/SPAN/UEE:FIRE",
            "DIV/A/SPAN",
            "DIV/DIV/A",
            "DIV/DIV/DIV",
            "DIV/DIV/H3",
            "DIV/DIV/IFRAME",
            "DIV/DIV/IMG",
            "DIV/DIV/INPUT-null",
            "DIV/DIV/INPUT-password",
            "DIV/DIV/LABEL",
            "DIV/DIV/P",
            "DIV/DIV/SPAN",
            "DIV/DIV/UEE:FIRE",
            "DIV/DIV/UEE:INCLUDE",
            "DIV/DIV/UL",
            "DIV/LABEL/INS",
            "DIV/LABEL/SPAN",
            "DIV/NG:SWITCH/DIV",
            "DIV/NG:SWITCH/INPUT-hidden",
            "DIV/SPAN/DIV",
            "DIV/SPAN/EM",
            "DIV/SPAN/SPAN",
            "DIV/SPAN/UEE:FIRE",
            "DIV/UEE:INCLUDE/DIV",
            "DIV/UEE:INCLUDE/UEE:FIRE",
            "DIV/UL/LI",
            "LABEL/INS/UEE:FIRE",
            "LABEL/SPAN/UEE:FIRE",
            "LI/DIV/DIV",
            "LI/DIV/SPAN",
            "LI/UL/LI",
            "NG:SWITCH/DIV/DIV",
            "SPAN/DIV/DIV",
            "SPAN/DIV/NG:SWITCH",
            "UEE:INCLUDE/DIV/A",
            "UEE:INCLUDE/DIV/BR",
            "UEE:INCLUDE/DIV/DIV",
            "UEE:INCLUDE/DIV/IFRAME",
            "UEE:INCLUDE/DIV/LINK",
            "UEE:INCLUDE/DIV/SPAN",
            "UEE:INCLUDE/DIV/UEE:FIRE",
            "UL/LI/DIV",
            "UL/LI/UL"
          ],
          [
            "-/-/DIV",
            "-/-/SCRIPT",
            "-/-/UEE:INCLUDE",
            "-/DIV/DIV",
            "-/UEE:INCLUDE/DIV",
            "-/UEE:INCLUDE/LINK",
            "-/UEE:INCLUDE/META",
            "-/UEE:INCLUDE/STYLE",
            "-/UEE:INCLUDE/UEE:FIRE",
            "A/SPAN/UEE:FIRE",
            "DIV/A/SPAN",
            "DIV/DIV/A",
            "DIV/DIV/DIV",
            "DIV/DIV/H3",
            "DIV/DIV/IFRAME",
            "DIV/DIV/IMG",
            "DIV/DIV/INPUT-null",
            "DIV/DIV/INPUT-password",
            "DIV/DIV/LABEL",
            "DIV/DIV/P",
            "DIV/DIV/SPAN",
            "DIV/DIV/UEE:FIRE",
            "DIV/DIV/UEE:INCLUDE",
            "DIV/DIV/UL",
            "DIV/LABEL/INS",
            "DIV/LABEL/SPAN",
            "DIV/NG:SWITCH/DIV",
            "DIV/NG:SWITCH/INPUT-hidden",
            "DIV/SPAN/DIV",
            "DIV/SPAN/EM",
            "DIV/SPAN/SPAN",
            "DIV/SPAN/UEE:FIRE",
            "DIV/UEE:INCLUDE/DIV",
            "DIV/UEE:INCLUDE/UEE:FIRE",
            "DIV/UL/LI",
            "LABEL/INS/UEE:FIRE",
            "LABEL/SPAN/UEE:FIRE",
            "LI/DIV/SPAN",
            "NG:SWITCH/DIV/DIV",
            "SPAN/DIV/DIV",
            "SPAN/DIV/NG:SWITCH",
            "UEE:INCLUDE/DIV/A",
            "UEE:INCLUDE/DIV/BR",
            "UEE:INCLUDE/DIV/DIV",
            "UEE:INCLUDE/DIV/IFRAME",
            "UEE:INCLUDE/DIV/LINK",
            "UEE:INCLUDE/DIV/SPAN",
            "UEE:INCLUDE/DIV/UEE:FIRE",
            "UL/LI/DIV"
          ],
          [
            "-/-/DIV",
            "-/-/SCRIPT",
            "-/-/UEE:INCLUDE",
            "-/DIV/DIV",
            "-/DIV/IMG",
            "-/UEE:INCLUDE/DIV",
            "-/UEE:INCLUDE/LINK",
            "-/UEE:INCLUDE/META",
            "-/UEE:INCLUDE/STYLE",
            "-/UEE:INCLUDE/UEE:FIRE",
            "A/SPAN/UEE:FIRE",
            "DIV/A/SPAN",
            "DIV/DIV/A",
            "DIV/DIV/DIV",
            "DIV/DIV/H3",
            "DIV/DIV/IFRAME",
            "DIV/DIV/IMG",
            "DIV/DIV/INPUT-null",
            "DIV/DIV/INPUT-password",
            "DIV/DIV/LABEL",
            "DIV/DIV/P",
            "DIV/DIV/SPAN",
            "DIV/DIV/UEE:FIRE",
            "DIV/DIV/UEE:INCLUDE",
            "DIV/DIV/UL",
            "DIV/LABEL/INS",
            "DIV/LABEL/SPAN",
            "DIV/NG:SWITCH/DIV",
            "DIV/NG:SWITCH/INPUT-hidden",
            "DIV/SPAN/DIV",
            "DIV/SPAN/EM",
            "DIV/SPAN/SPAN",
            "DIV/SPAN/UEE:FIRE",
            "DIV/UEE:INCLUDE/DIV",
            "DIV/UEE:INCLUDE/UEE:FIRE",
            "DIV/UL/LI",
            "LABEL/INS/UEE:FIRE",
            "LABEL/SPAN/UEE:FIRE",
            "LI/DIV/DIV",
            "LI/DIV/SPAN",
            "LI/UL/LI",
            "NG:SWITCH/DIV/DIV",
            "SPAN/DIV/DIV",
            "SPAN/DIV/NG:SWITCH",
            "UEE:INCLUDE/DIV/A",
            "UEE:INCLUDE/DIV/BR",
            "UEE:INCLUDE/DIV/DIV",
            "UEE:INCLUDE/DIV/IFRAME",
            "UEE:INCLUDE/DIV/LINK",
            "UEE:INCLUDE/DIV/SPAN",
            "UEE:INCLUDE/DIV/UEE:FIRE",
            "UL/LI/DIV",
            "UL/LI/UL"
          ]
        ]
      }
    }
  }
}