{
  "version": "0.1",
  "id": "lks_File_Search",
  "targetURL": "http://oa.sec.com.cn/lks/sys/lks_public.nsf/FS_KASearch?OpenFrameSet",
  "jsFile": "index.js",
  "chineseName": "关联文档-搜索",
  "description": "管理文档-搜索",
  "controls": {
    "control72_bul1DP": {
      "location": {
        "data": {
          "tagName": "SELECT"
        },
        "userData": {
          "data": [],
          "force": false
        },
        "locators": [
          {
            "id": "@title",
            "prob": 2,
            "value": {
              "text": [
                "请选择要搜索的模块"
              ]
            }
          },
          {
            "id": "elem/@name",
            "prob": 2,
            "value": [
              "descendant::form[@name=\"_FM_KASearch\"]//SELECT[@name=\"F_Database\"]",
              "descendant::SELECT[@name=\"F_Database\"]"
            ]
          },
          {
            "id": "@id/word",
            "prob": 2,
            "value": [
              "descendant::TD[@id=\"tdSearch\"]/FONT[1]/SELECT[1]",
              "descendant::TD[@id=\"tdSearch\"]//SELECT"
            ]
          },
          {
            "id": "path/ordinal",
            "prob": 1,
            "value": "/HTML[1]/BODY[1]/FORM[1]/TABLE[2]/TBODY[1]/TR[1]/TD[1]/FONT[1]/SELECT[1]"
          }
        ]
      },
      "intendedRole": "listbox",
      "roles": "element,listbox",
      "monitored": true,
      "frameXPath": "//frame[@name='topFrame']<<IFRAME>>",
      "componentType": "listbox"
    },
    "control79_e0Pbzb": {
      "location": {
        "data": {
          "tagName": "TABLE"
        },
        "userData": {
          "data": [],
          "force": false
        },
        "locators": [
          {
            "id": "@id/word",
            "prob": 2,
            "value": [
              "descendant::DIV[@id=\"dLinks\"]/TABLE[1]",
              "descendant::DIV[@id=\"dLinks\"]//TABLE"
            ]
          },
          {
            "id": "path/ordinal",
            "prob": 1,
            "value": "/HTML[1]/BODY[1]/FORM[1]/TABLE[2]/TBODY[1]/TR[2]/TD[1]/DIV[1]/TABLE[1]"
          }
        ]
      },
      "events": {
        "onGetData": "getData_control79_e0Pbzb"
      },
      "intendedRole": "custom",
      "roles": "element,custom",
      "monitored": true,
      "frameXPath": "//frame[@name='topFrame']<<IFRAME>>",
      "componentType": "custom"
    },
    "control80_eOokIk": {
      "location": {
        "data": {
          "tagName": "DIV"
        },
        "userData": {
          "data": [],
          "force": false
        },
        "locators": [
          {
            "id": "path/ordinal",
            "prob": 1,
            "value": "/HTML[1]/BODY[1]/FORM[1]/TABLE[2]/TBODY[1]/TR[1]/TD[2]/DIV[1]"
          }
        ]
      },
      "events": {
        "onGetData": "getData_control80_eOokIk"
      },
      "intendedRole": "custom",
      "roles": "element,custom",
      "monitored": true,
      "frameXPath": "//frame[@name='topFrame']<<IFRAME>>",
      "componentType": "custom"
    },
    "control76_fUoZfT": {
      "location": {
        "data": {
          "tagName": "TR"
        },
        "locators": [
          {
            "id": "path/ordinal",
            "prob": 1,
            "value": "/HTML[1]/BODY[1]/FORM[1]/TABLE[2]/TBODY[1]/TR[1]"
          }
        ]
      },
      "events": {
        "onGetData": "getData_control76_fUoZfT"
      },
      "intendedRole": "custom",
      "roles": "element,custom",
      "monitored": true,
      "frameXPath": "//frame[@name='topFrame']<<IFRAME>>",
      "componentType": "custom"
    },
    "control91_8nW9u4": {
      "location": {
        "data": {
          "tagName": "INPUT"
        },
        "locators": [
          {
            "id": "input/@value",
            "prob": 1,
            "value": {
              "text": [
                "test"
              ]
            }
          },
          {
            "id": "@title",
            "prob": 2,
            "value": {
              "text": [
                "按回车键开始搜索"
              ],
              "textboxValue": "test"
            }
          },
          {
            "id": "elem/@name",
            "prob": 2,
            "value": [
              "descendant::form[@name=\"_FM_KASearch\"]//INPUT[@name=\"F_Keyword\"]",
              "descendant::INPUT[@name=\"F_Keyword\"]"
            ]
          },
          {
            "id": "@id/word",
            "prob": 2,
            "value": [
              "descendant::TD[@id=\"tdSearch\"]/FONT[2]/INPUT[1]",
              "descendant::TD[@id=\"tdSearch\"]//INPUT"
            ]
          },
          {
            "id": "@class/word",
            "prob": 1,
            "ordinal": [
              0,
              4
            ],
            "value": "INPUT.textdocall"
          },
          {
            "id": "path/ordinal",
            "prob": 1,
            "value": "/HTML[1]/BODY[1]/FORM[1]/TABLE[2]/TBODY[1]/TR[1]/TD[1]/FONT[2]/INPUT[1]"
          },
          {
            "id": "input/type",
            "verifyEnabled": true,
            "value": "text"
          }
        ]
      },
      "events": {
        "onGetData": "getData_control91_8nW9u4"
      },
      "intendedRole": "custom",
      "roles": "element,textbox,custom",
      "monitored": true,
      "frameXPath": "//frame[@name='topFrame']<<IFRAME>>",
      "componentType": "custom"
    }
  },
  "contexts": {
    "context13_ZxcoOB": {
      "controls": [
        "control72_bul1DP",
        "control79_e0Pbzb",
        "control80_eOokIk",
        "control76_fUoZfT",
        "control91_8nW9u4"
      ],
      "anchors": [],
      "urlAnchor": []
    }
  },
  "flows": {
    "flow56_otlIIN": {
      "toContexts": [
        {
          "toContextId": "context13_ZxcoOB"
        }
      ]
    },
    "flow58_DArnVt": {
      "fromContextId": "context13_ZxcoOB",
      "fromAction": "doAction",
      "fromControlId": "control79_e0Pbzb",
      "toContexts": [
        {
          "toContextId": "context13_ZxcoOB"
        }
      ]
    },
    "flow59_RT4FnP": {
      "fromContextId": "context13_ZxcoOB",
      "fromAction": "doAction",
      "fromControlId": "control80_eOokIk",
      "toContexts": [
        {
          "toContextId": "context13_ZxcoOB"
        }
      ]
    },
    "flow60_dwGgdP": {
      "fromContextId": "context13_ZxcoOB",
      "fromAction": "click",
      "fromControlId": "control72_bul1DP",
      "toContexts": [
        {
          "toContextId": "context13_ZxcoOB"
        }
      ]
    },
    "flow67_G1uXoV": {
      "fromContextId": "context13_ZxcoOB",
      "fromAction": "doAction",
      "fromControlId": "control76_fUoZfT",
      "toContexts": [
        {
          "toContextId": "context13_ZxcoOB"
        }
      ]
    }
  },
  "pages": {
    "page13_DkwEt0": {
      "contextId": "context13_ZxcoOB",
      "layout": [
        {
          "id": "uiControl110_T3pQUN",
          "controlId": "control91_8nW9u4",
          "display": {
            "adapterId": "custom",
            "type": "custom",
            "adapter": {
              "templateType": "react",
              "events": {
                "onDoAction": "doAction_uiControl110_T3pQUN",
                "onGetTemplate": "getTemplate_uiControl110_T3pQUN"
              }
            }
          }
        },
        {
          "id": "uiControl109_Fy4NnT",
          "display": {
            "type": "card",
            "adapterId": "card",
            "adapter": {
              "templateType": ""
            }
          },
          "layout": [
            {
              "id": "uiControl109_Fy4NnTheader",
              "display": {
                "type": "cardHeader",
                "text": "",
                "adapterId": "cardHeader",
                "adapter": {
                  "templateType": ""
                }
              },
              "layout": []
            },
            {
              "id": "uiControl109_Fy4NnTbody",
              "display": {
                "type": "cardBody",
                "adapterId": "cardBody",
                "adapter": {
                  "templateType": ""
                }
              },
              "layout": [
                {
                  "id": "uiControl88_C4udZV",
                  "controlId": "control72_bul1DP",
                  "display": {
                    "adapterId": "listbox",
                    "type": "listbox",
                    "adapter": {
                      "templateType": ""
                    }
                  }
                }
              ]
            },
            {
              "id": "uiControl109_Fy4NnTfooter",
              "display": {
                "type": "cardFooter",
                "adapterId": "cardFooter",
                "adapter": {
                  "templateType": ""
                }
              },
              "layout": []
            }
          ]
        },
        {
          "id": "uiControl103_zUO5m1",
          "display": {
            "type": "card",
            "adapterId": "card",
            "adapter": {
              "templateType": ""
            }
          },
          "layout": [
            {
              "id": "uiControl103_zUO5m1header",
              "display": {
                "type": "cardHeader",
                "text": "",
                "adapterId": "cardHeader",
                "adapter": {
                  "templateType": ""
                }
              },
              "layout": []
            },
            {
              "id": "uiControl103_zUO5m1body",
              "display": {
                "type": "cardBody",
                "adapterId": "cardBody",
                "adapter": {
                  "templateType": ""
                }
              },
              "layout": [
                {
                  "id": "uiControl102_igQF3e",
                  "controlId": "control76_fUoZfT",
                  "display": {
                    "adapterId": "custom",
                    "type": "custom",
                    "adapter": {
                      "templateType": "react",
                      "events": {
                        "onDoAction": "doAction_uiControl102_igQF3e",
                        "onGetTemplate": "getTemplate_uiControl102_igQF3e"
                      }
                    }
                  }
                }
              ]
            },
            {
              "id": "uiControl103_zUO5m1footer",
              "display": {
                "type": "cardFooter",
                "adapterId": "cardFooter",
                "adapter": {
                  "templateType": ""
                }
              },
              "layout": []
            }
          ]
        },
        {
          "id": "uiControl116_ctx6vy",
          "display": {
            "type": "card",
            "adapterId": "card",
            "adapter": {
              "templateType": ""
            }
          },
          "layout": [
            {
              "id": "uiControl116_ctx6vyheader",
              "display": {
                "type": "cardHeader",
                "text": "",
                "adapterId": "cardHeader",
                "adapter": {
                  "templateType": ""
                }
              },
              "layout": []
            },
            {
              "id": "uiControl116_ctx6vybody",
              "display": {
                "type": "cardBody",
                "adapterId": "cardBody",
                "adapter": {
                  "templateType": ""
                }
              },
              "layout": [
                {
                  "id": "uiControl92_yWaCLH",
                  "controlId": "control79_e0Pbzb",
                  "display": {
                    "adapterId": "custom",
                    "type": "custom",
                    "adapter": {
                      "templateType": "react",
                      "events": {
                        "onDoAction": "doAction_uiControl92_yWaCLH",
                        "onGetTemplate": "getTemplate_uiControl92_yWaCLH"
                      }
                    }
                  }
                }
              ]
            },
            {
              "id": "uiControl116_ctx6vyfooter",
              "display": {
                "type": "cardFooter",
                "adapterId": "cardFooter",
                "adapter": {
                  "templateType": ""
                }
              },
              "layout": []
            }
          ]
        },
        {
          "id": "uiControl101_n8hhdU",
          "display": {
            "type": "sticky",
            "adapterId": "sticky",
            "adapter": {
              "templateType": ""
            }
          },
          "layout": [
            {
              "id": "uiControl101_n8hhdUbody",
              "display": {
                "type": "stickyBody",
                "adapterId": "stickyBody",
                "adapter": {
                  "templateType": ""
                }
              },
              "layout": [
                {
                  "id": "uiControl93_IunikA",
                  "controlId": "control80_eOokIk",
                  "display": {
                    "adapterId": "custom",
                    "type": "custom",
                    "adapter": {
                      "templateType": "react",
                      "events": {
                        "onDoAction": "doAction_uiControl93_IunikA",
                        "onGetTemplate": "getTemplate_uiControl93_IunikA"
                      }
                    }
                  }
                }
              ]
            }
          ]
        }
      ]
    }
  },
  "matchers": {
    "page/title": {
      "contexts": {
        "context13_ZxcoOB": [
          "知识关联"
        ]
      }
    },
    "page/urls": {
      "contexts": {
        "context13_ZxcoOB": [
          "oa.sec.com.cn/lks/sys/lks_public.nsf/FS_KASearch?OpenFrameSet"
        ]
      }
    },
    "page/ids": {
      "contexts": {
        "context13_ZxcoOB": [
          []
        ]
      }
    },
    "page/classes": {
      "contexts": {
        "context13_ZxcoOB": [
          []
        ]
      }
    },
    "page/tagTriplets": {
      "contexts": {
        "context13_ZxcoOB": [
          [
            "-/-/FRAME"
          ]
        ]
      }
    }
  }
}