{
  "version": "0.1",
  "id": "yinJieZhangDan",
  "targetURL": "http://218.203.103.203:8082/custcare/charge/groupbusiness/groupPayCharge/groupPayChargeAction.do?ngcrm_reserved1=1&act=queryAccByOids&telnum=9515000905602",
  "jsFile": "index.js",
  "chineseName": "应结账单信息",
  "description": "",
  "controls": {
    "control394_erp35D": {
      "location": {
        "data": {
          "tagName": "LEGEND"
        },
        "locators": [
          {
            "id": "path/ordinal",
            "prob": 1,
            "value": "/HTML[1]/BODY[1]/FORM[1]/TABLE[1]/TBODY[1]/TR[1]/TD[1]/FIELDSET[1]/LEGEND[1]"
          },
          {
            "id": "elderLevel",
            "value": {
              "level": 0
            }
          }
        ]
      },
      "events": {
        "onGetData": "getData_control394_erp35D"
      },
      "intendedRole": "custom",
      "roles": "element,custom",
      "monitored": false,
      "frameXPath": "",
      "componentType": "custom"
    },
    "control395_mU5H0Z": {
      "location": {
        "data": {
          "tagName": "TABLE"
        },
        "locators": [
          {
            "id": "@id/word",
            "prob": 3,
            "value": "descendant::TABLE[@id=\"shouldBill\"]"
          },
          {
            "id": "@class/word",
            "prob": 1,
            "value": "TABLE.list_table"
          },
          {
            "id": "path/ordinal",
            "prob": 1,
            "value": "/HTML[1]/BODY[1]/FORM[1]/TABLE[1]/TBODY[1]/TR[1]/TD[1]/FIELDSET[1]/TABLE[2]"
          }
        ]
      },
      "events": {
        "onGetData": "getData_control395_mU5H0Z"
      },
      "intendedRole": "custom",
      "roles": "element,custom",
      "monitored": false,
      "frameXPath": "",
      "componentType": "custom"
    }
  },
  "contexts": {
    "context40_xvkZge": {
      "controls": [
        "control394_erp35D",
        "control395_mU5H0Z"
      ],
      "anchors": [],
      "urlAnchor": []
    }
  },
  "flows": {
    "flow247_U6JbLz": {
      "toContexts": [
        {
          "toContextId": "context40_xvkZge"
        }
      ]
    },
    "flow248_I57ugl": {
      "fromContextId": "context40_xvkZge",
      "fromAction": "doAction",
      "fromControlId": "control394_erp35D",
      "toContexts": [
        {
          "toContextId": "context40_xvkZge"
        }
      ]
    }
  },
  "pages": {
    "page40_MgXvXC": {
      "contextId": "context40_xvkZge",
      "layout": [
        {
          "id": "uiControl341_GPNMAW",
          "controlId": "control394_erp35D",
          "display": {
            "adapterId": "custom",
            "type": "custom",
            "adapter": {
              "templateType": "react",
              "events": {
                "onDoAction": "doAction_uiControl341_GPNMAW",
                "onGetTemplate": "getTemplate_uiControl341_GPNMAW"
              }
            }
          }
        },
        {
          "id": "uiControl419_RwJwhc",
          "controlId": "control395_mU5H0Z",
          "display": {
            "adapterId": "custom",
            "type": "custom",
            "adapter": {
              "templateType": "react",
              "events": {
                "onDoAction": "doAction_uiControl419_RwJwhc",
                "onGetTemplate": "getTemplate_uiControl419_RwJwhc"
              }
            }
          }
        }
      ]
    }
  },
  "matchers": {
    "page/title": {
      "contexts": {
        "context40_xvkZge": [
          "应结帐单信息"
        ]
      }
    },
    "page/urls": {
      "contexts": {
        "context40_xvkZge": [
          "218.203.103.203:8082/custcare/charge/groupbusiness/groupPayCharge/groupPayChargeAction.do?ngcrm_reserved1=1&act=queryAccByOids&telnum=9515000905602"
        ]
      }
    },
    "page/ids": {
      "contexts": {
        "context40_xvkZge": [
          [
            "groupHead",
            "shouldBill"
          ]
        ]
      }
    },
    "page/classes": {
      "contexts": {
        "context40_xvkZge": [
          [
            "border_RightBottom",
            "border_Tab",
            "button_fix",
            "list_table",
            "list_title"
          ]
        ]
      }
    },
    "page/tagTriplets": {
      "contexts": {
        "context40_xvkZge": [
          [
            "-/-/FORM",
            "-/-/SCRIPT",
            "-/FORM/BR",
            "-/FORM/TABLE",
            "FIELDSET/TABLE/TBODY",
            "FORM/TABLE/TBODY",
            "TABLE/TBODY/TR",
            "TBODY/TR/TD",
            "TD/FIELDSET/LEGEND",
            "TD/FIELDSET/TABLE",
            "TR/TD/FIELDSET",
            "TR/TD/INPUT-button"
          ]
        ]
      }
    }
  }
}