{
  "special_models": [],
  "common_js": [
    {
      "path": "lib/base.js"
    },
    {
      "path": "lib/customTemplate.js"
    },
    {
      "path": "lib/amazeui.touch.min.js",
      "sourceType": "local",
      "target": "face"
    },
    {
      "path": "lib/newPage.js",
      "sourceType": "local",
      "target": "face"
    },
    {
      "path": "lib/compatibility.js",
      "sourceType": "local",
      "target": "back"
    }
  ],
  "common_css": [
    {
      "path": "lib/base.css"
    },
    {
      "path": "lib/amazeui.touch.min.css",
      "sourceType": "local",
      "target": "face"
    },
    {
      "path": "lib/amazeui.touch1.override.css",
      "sourceType": "local",
      "target": "face"
    }
  ],
  "path": "file://C:/Users/lyq/Documents/enterplorer/enterprises/593505b34bdb5e50fdd25b3c/apps_0005/secFilemng/common.json"
}