{"version":"0.1","id":"store_revoke_add","targetURL":"https://7.carpoly.com/ekp/cm/store/cm_storefront_revoke/cmStorefrontRevoke.do?method=add&s_css=default","jsFile":"index.js","requires":{"lbpm_usage":"../lbpm_usage/index.json","success":"../success/index.json","store_upgrade_info":"../store_upgrade_info/index.json"},"chineseName":"店面撤销申请","description":"","controls":{"control8_6gUBSy":{"location":{"data":{"tagName":"IFRAME"},"userData":{"data":[],"force":false},"locators":[{"id":"@id/word","prob":2,"value":["descendant::DIV[@id=\"dialog_iframe\"]/DIV[1]/DIV[1]/IFRAME[1]","descendant::DIV[@id=\"dialog_iframe\"]//IFRAME"]},{"id":"@class/word","prob":1,"value":"DIV.lui_dialog_container.clearfloat DIV.lui-component DIV.lui_dialog_content IFRAME"},{"id":"path/ordinal","prob":1,"value":"/HTML[1]/BODY[1]/DIV[1]/DIV[1]/DIV[2]/DIV[1]/DIV[1]/DIV[1]/DIV[1]/DIV[1]/DIV[1]/IFRAME[1]"},{"id":"elderLevel","value":{"level":0}}]},"intendedRole":"dialog","roles":"element,dialog","monitored":true,"frameXPath":""},"control11_CHqRkC":{"location":{"data":{"tagName":"DIV"},"userData":{"data":[],"force":false},"locators":[{"id":"@class/word","prob":1,"value":"DIV.lui_dialog_headL DIV.lui_dialog_headR DIV.lui_dialog_head"},{"id":"path/ordinal","prob":1,"ordinal":[0,2],"value":"/HTML[1]/BODY[1]/DIV[1]/DIV[1]/DIV[1]/DIV[1]/DIV[1]"}]},"events":{"onGetData":"getData_control11_CHqRkC"},"intendedRole":"custom","roles":"element,custom","monitored":true,"frameXPath":""},"control12_gnHx6u":{"location":{"data":{"tagName":"IFRAME"},"userData":{"data":[],"force":false},"locators":[{"id":"@id/word","prob":2,"value":["descendant::DIV[@id=\"dialog_iframe\"]/DIV[1]/DIV[1]/IFRAME[1]","descendant::DIV[@id=\"dialog_iframe\"]//IFRAME"]},{"id":"@class/word","prob":1,"value":"DIV.lui_dialog_container.clearfloat DIV.lui-component DIV.lui_dialog_content IFRAME"},{"id":"path/ordinal","prob":1,"value":"/HTML[1]/BODY[1]/DIV[1]/DIV[1]/DIV[2]/DIV[1]/DIV[1]/DIV[1]/DIV[1]/DIV[1]/DIV[1]/IFRAME[1]"},{"id":"elderLevel","value":{"level":0}}]},"events":{"onGetData":"getData_control12_gnHx6u"},"intendedRole":"custom","roles":"element,custom","monitored":true,"frameXPath":""},"control13_MNfmHt":{"location":{"data":{"tagName":"P"},"userData":{"data":[],"force":false},"locators":[{"id":"@class/word","prob":1,"value":"P.txttitle"},{"id":"path/ordinal","prob":1,"value":"/HTML[1]/BODY[1]/FORM[1]/DIV[1]/P[1]"},{"id":"style/color","value":[62,158,206]},{"id":"elderLevel","value":{"level":0}}]},"events":{"onGetData":"getData_control13_MNfmHt"},"intendedRole":"custom","roles":"element,custom","monitored":true,"frameXPath":""},"control15_JyQDxd":{"location":{"data":{"tagName":"TABLE"},"userData":{"data":[],"force":false},"locators":[{"id":"@class/word","prob":1,"ordinal":[0,2],"value":"DIV.lui_form_content_frame TABLE.tb_normal"},{"id":"path/ordinal","prob":1,"value":"/HTML[1]/BODY[1]/FORM[1]/DIV[2]/TABLE[1]"}]},"events":{"onGetData":"getData_control15_JyQDxd"},"intendedRole":"custom","roles":"element,link,custom","monitored":true,"frameXPath":""},"control16_a7Okyi":{"location":{"data":{"tagName":"TABLE"},"userData":{"data":[],"force":false},"locators":[{"id":"@id/word","prob":2,"value":["descendant::DIV[@id=\"process_review_tabcontent\"]/TABLE[1]","descendant::DIV[@id=\"process_review_tabcontent\"]//TABLE"]},{"id":"@class/word","prob":1,"value":"DIV.lui_panel_content_inside DIV.lui-component TABLE.tb_normal.process_review_panel"},{"id":"path/ordinal","prob":1,"value":"/HTML[1]/BODY[1]/FORM[1]/DIV[3]/DIV[1]/DIV[1]/DIV[1]/DIV[2]/DIV[1]/DIV[1]/DIV[1]/DIV[1]/DIV[1]/TABLE[1]"}]},"events":{"onGetData":"getData_control16_a7Okyi"},"intendedRole":"custom","roles":"element,custom","monitored":true,"frameXPath":""},"control17_GyJg28":{"location":{"data":{"tagName":"TABLE"},"userData":{"data":[],"force":false},"locators":[{"id":"@class/word","prob":1,"value":"DIV.lui_toolbar_left DIV.lui_toolbar_right DIV.lui_toolbar_content TABLE"},{"id":"path/ordinal","prob":1,"value":"/HTML[1]/BODY[1]/DIV[1]/DIV[1]/DIV[1]/DIV[1]/DIV[1]/DIV[1]/TABLE[1]"}]},"events":{"onGetData":"getData_control17_GyJg28"},"intendedRole":"custom","roles":"element,custom","monitored":true,"frameXPath":""},"control18_mulq4p":{"location":{"data":{"tagName":"DIV"},"userData":{"data":[],"force":false},"locators":[{"id":"@class/word","prob":1,"value":"DIV.lui_dialog_container.clearfloat DIV.lui-component DIV.lui_dialog_common_content_right"},{"id":"path/ordinal","prob":1,"value":"/HTML[1]/BODY[1]/DIV[1]/DIV[1]/DIV[2]/DIV[1]/DIV[1]/DIV[1]/DIV[1]/DIV[2]"}]},"intendedRole":"dialog","roles":"element,dialog","monitored":true,"frameXPath":""},"control19_EKKzHg":{"location":{"data":{"tagName":"DIV"},"userData":{"data":[],"force":false},"locators":[{"id":"text","prob":3,"value":{"text":["当前页面处于编辑状态，你的数据可能未保存，是否仍要关闭窗口？"],"visText":["当前页面处于编辑状态，你的数据可能未保存，是否仍要关闭窗口？"]}},{"id":"@class/word","prob":1,"value":"DIV.lui-component DIV.lui_dialog_common_content_right DIV.lui_dialog_common_content_inside"},{"id":"path/ordinal","prob":1,"value":"/HTML[1]/BODY[1]/DIV[1]/DIV[1]/DIV[2]/DIV[1]/DIV[1]/DIV[1]/DIV[1]/DIV[2]/DIV[1]"},{"id":"elderLevel","value":{"level":0}}]},"roles":"element","content":true,"monitored":true,"frameXPath":""},"control20_y0Nepq":{"location":{"data":{"tagName":"DIV"},"userData":{"data":[],"force":false},"locators":[{"id":"@class/word","prob":1,"value":"DIV.lui_dialog_common_content_right DIV.lui_dialog_common_buttons.clearfloat DIV.lui_dialog_buttons_container"},{"id":"path/ordinal","prob":1,"value":"/HTML[1]/BODY[1]/DIV[1]/DIV[1]/DIV[2]/DIV[1]/DIV[1]/DIV[1]/DIV[1]/DIV[2]/DIV[2]/DIV[1]"}]},"events":{"onGetData":"getData_control20_y0Nepq"},"intendedRole":"custom","roles":"element,custom","monitored":true,"frameXPath":""}},"contexts":{"context2_BBU57U":{"controls":["control8_6gUBSy","control11_CHqRkC","control12_gnHx6u","control13_MNfmHt","control15_JyQDxd","control16_a7Okyi","control17_GyJg28","control18_mulq4p","control19_EKKzHg","control20_y0Nepq"],"anchors":[],"urlAnchor":["^https:\\/\\/7\\.carpoly\\.com\\/ekp\\/cm\\/store\\/cm_storefront_revoke\\/cmStorefrontRevoke\\.do\\?method=add.*"]}},"flows":{"flow6_bWTk6V":{"toContexts":[{"toContextId":"context2_BBU57U"}]},"flow7_17NhbU":{"fromContextId":"context2_BBU57U","fromAction":"click","fromControlId":"control8_6gUBSy","toContexts":[{"toContextId":"context2_BBU57U"}]},"flow8_QI66kI":{"fromContextId":"context2_BBU57U","fromAction":"doAction","fromControlId":"control12_gnHx6u","toContexts":[{"toContextId":"context2_BBU57U"}]},"flow11_1MH8sW":{"fromContextId":"context2_BBU57U","fromAction":"doAction","fromControlId":"control16_a7Okyi","toContexts":[{"toContextId":"context2_BBU57U"},{"toContextId":"context3_fbHeAS","toModelId":"lbpm_usage"}]},"flow12_DqyNMg":{"fromContextId":"context2_BBU57U","fromAction":"doAction","fromControlId":"control17_GyJg28","toContexts":[{"toContextId":"context2_BBU57U"},{"toContextId":"context6_89mKlb","toModelId":"success"}]},"flow13_qaA6g8":{"fromContextId":"context2_BBU57U","fromAction":"doAction","fromControlId":"control20_y0Nepq","toContexts":[{"toContextId":"context2_BBU57U"}]},"flow22_L1b33B":{"fromContextId":"context2_BBU57U","fromAction":"doAction","fromControlId":"control15_JyQDxd","toContexts":[{"toContextId":"context2_BBU57U"},{"toContextId":"context4_8SDlUG","toModelId":"store_upgrade_info"}]},"flow23_IxPH5M":{"fromContextId":"context2_BBU57U","fromAction":"doAction","fromControlId":"control11_CHqRkC","toContexts":[{"toContextId":"context2_BBU57U"}]}},"pages":{"page2_rRRNbu":{"contextId":"context2_BBU57U","layout":[{"id":"uiControl14_tiWIxv","controlId":"control13_MNfmHt","display":{"adapterId":"custom","type":"custom","adapter":{"templateType":"react","events":{"onDoAction":"doAction_uiControl14_tiWIxv","onGetTemplate":"getTemplate_uiControl14_tiWIxv"}}}},{"id":"uiControl8_SwofXk","controlId":"control8_6gUBSy","display":{"adapterId":"dialog","type":"dialog","class":"ui-dialog","adapter":{"templateType":""}},"layout":[{"id":"uiControl8_SwofXkbody","display":{"type":"dialogBody","adapterId":"dialogBody","adapter":{"templateType":""}},"layout":[{"id":"uiControl12_N79JBL","controlId":"control11_CHqRkC","display":{"adapterId":"custom","type":"custom","adapter":{"templateType":"react","events":{"onDoAction":"doAction_uiControl12_N79JBL","onGetTemplate":"getTemplate_uiControl12_N79JBL"}}}}]},{"id":"uiControl8_SwofXkfooter","display":{"type":"dialogFooter","adapterId":"dialogFooter","adapter":{"templateType":""}},"layout":[{"id":"uiControl13_n28rLq","controlId":"control12_gnHx6u","display":{"adapterId":"custom","type":"custom","adapter":{"templateType":"react","events":{"onDoAction":"doAction_uiControl13_n28rLq","onGetTemplate":"getTemplate_uiControl13_n28rLq"}}}}]}]},{"id":"uiControl15_4JXxfE","controlId":"control15_JyQDxd","display":{"adapterId":"custom","type":"custom","adapter":{"templateType":"react","events":{"onDoAction":"doAction_uiControl15_4JXxfE","onGetTemplate":"getTemplate_uiControl15_4JXxfE"}}}},{"id":"uiControl21_f1xfaq","controlId":"control18_mulq4p","display":{"adapterId":"dialog","type":"dialog","adapter":{"templateType":""}},"layout":[{"id":"uiControl21_f1xfaqbody","display":{"type":"dialogBody","adapterId":"dialogBody","adapter":{"templateType":""}},"layout":[{"id":"uiControl22_skNZi2","controlId":"control19_EKKzHg","display":{"adapterId":"content","type":"content","adapter":{"templateType":""}}}]},{"id":"uiControl21_f1xfaqfooter","display":{"type":"dialogFooter","adapterId":"dialogFooter","adapter":{"templateType":""}},"layout":[{"id":"uiControl23_rWoCdP","controlId":"control20_y0Nepq","display":{"adapterId":"custom","type":"custom","adapter":{"templateType":"react","events":{"onDoAction":"doAction_uiControl23_rWoCdP","onGetTemplate":"getTemplate_uiControl23_rWoCdP"}}}}]}]},{"id":"uiControl16_60GtdW","controlId":"control16_a7Okyi","display":{"adapterId":"custom","type":"custom","adapter":{"templateType":"react","events":{"onDoAction":"doAction_uiControl16_60GtdW","onGetTemplate":"getTemplate_uiControl16_60GtdW"}}}},{"id":"uiControl19_ZuPNIW","display":{"type":"sticky","adapterId":"sticky","adapter":{"templateType":""}},"layout":[{"id":"uiControl19_ZuPNIWbody","display":{"type":"stickyBody","adapterId":"stickyBody","adapter":{"templateType":""}},"layout":[{"id":"uiControl20_kn57n7","controlId":"control17_GyJg28","display":{"adapterId":"custom","type":"custom","adapter":{"templateType":"react","events":{"onDoAction":"doAction_uiControl20_kn57n7","onGetTemplate":"getTemplate_uiControl20_kn57n7"}}}}]}]}]}},"matchers":{"page/title":{"contexts":{"context2_BBU57U":["新建 - 店面撤销申请"]}},"page/urls":{"contexts":{"context2_BBU57U":["7.carpoly.com/ekp/cm/store/cm_storefront_revoke/cmStorefrontRevoke.do?method=add&s_css=default","7.carpoly.com/ekp/cm/store/cm_storefront_revoke/cmStorefrontRevoke.do?method=add&cmBaseDeptId=1542c110badd9e9603cb3f44e60bd484"],"context6_89mKlb":["7.carpoly.com/ekp/cm/store/cm_storefront_acceptance/cmStorefrontAcceptance.do?method=update&fdId=161278339635371d3e3cff04acdba249&s_css=default&s_seq=1","7.carpoly.com/ekp/cm/store/cm_storefront_acceptance/cmStorefrontAcceptance.do?method=save&cmBaseDeptId=15615df39bfb129024358eb4359a0302&s_seq=1","7.carpoly.com/ekp/cm/store/cm_storefront_runstore/cmStorefrontRunstore.do?method=update&fdId=161452ab725662eea2f71154de8bccb6&s_css=default&s_seq=1","7.carpoly.com/ekp/cm/store/cm_storefront_runstore/cmStorefrontRunstore.do?method=save&cmBaseDeptId=15615df39bfb129024358eb4359a0302&s_seq=1","7.carpoly.com/ekp/cm/store/cm_storefront_upgrade/cmStorefrontUpgrade.do?method=update&fdId=16126cc77063735c1e1b0ca486aa20f9&s_css=default&s_seq=1","7.carpoly.com/ekp/cm/store/cm_storefront_revoke/cmStorefrontRevoke.do?method=update&fdId=161275a9cbf8778ac3394d94c8492213&s_css=default&s_seq=1","7.carpoly.com/ekp/cm/store/cm_storefront_revoke/cmStorefrontRevoke.do?method=save&cmBaseDeptId=15615df39bfb129024358eb4359a0302&s_seq=1"]}},"page/ids":{"contexts":{"context2_BBU57U":[["Label_Tabel_Workflow_Info","Label_Tabel_Workflow_Info_Label_Btn_","Label_Tabel_Workflow_Info_Label_Img__","WF_IFrame","WF_TableIFrame","__notify_type_ffbbbcacae_sysWfBusinessForm.fdSystemNotifyType","changeProcessorDIV","checkChangeFlowTR","cmBaseBrands_div","cmBaseCompanyName_id","cmBaseCustomerClass_div","cmBaseCustomerInfoAreaLevel_id","cmBaseCustomerInfoCode_id","cmStorefrontStoreType_div","currentNodeDescription","dayOfNotifyDrafter","descriptionRow","dialog_iframe","fdDesignSqm_div","fdFlowDescription","fdIsAcceptance_div","fdIsSelfManager_div","fdReceiptAddrDiv","fdReceiptTelDiv","fdReplenishmentMoney_div","fdShopkeeperMobile_div","fdShopkeeperName_div","fdShopkeeperTel_div","fdStoreAddress_div","fdStoreLength_span","fdStoreSize_div","fdStoreSqm_div","fdStoreWidth_span","flowGraphic","flowGraphicShowCheckbox","flowLogTableTD","handlerIdentityRow","handlerShowNames[]","hourOfNotifyDrafter","lbpm_highLevelTab","lui-id-","manualBranchNodeRow","manualNodeSelectTD","minuteOfNotifyDrafter","modifyFlowDIV","nextNodeName[]","nextNodeTD","nodeCanViewCurNodeTR","notifyDraftOnFinish","notifyLevelRow","notifyLevelTD","notifyTypeRow","operationMethodsGroup","operationMethodsRow","otherCanViewCurNodeTR","process_review_tabcontent","rel","relation","relations","showDetails","storeInfoTd","sysWfBusinessForm.canStartProcess","sysWfBusinessForm.fdAdditionsParameterJson","sysWfBusinessForm.fdAuditNoteFdId","sysWfBusinessForm.fdCurHanderId","sysWfBusinessForm.fdCurNodeSavedXML","sysWfBusinessForm.fdCurNodeXML","sysWfBusinessForm.fdDraftorId","sysWfBusinessForm.fdDraftorName","sysWfBusinessForm.fdFlowContent","sysWfBusinessForm.fdHandlerRoleInfoIds","sysWfBusinessForm.fdHandlerRoleInfoNames","sysWfBusinessForm.fdIdentityId","sysWfBusinessForm.fdIsModify","sysWfBusinessForm.fdKey","sysWfBusinessForm.fdModelId","sysWfBusinessForm.fdModelName","sysWfBusinessForm.fdParameterJson","sysWfBusinessForm.fdProcessId","sysWfBusinessForm.fdProcessStatus","sysWfBusinessForm.fdTemplateKey","sysWfBusinessForm.fdTemplateModelName","sysWfBusinessForm.fdTranProcessXML","systemNotifyTypeTD","toolbar","top","workflowInfoTD","workflowTableTD"],["Label_Tabel_Workflow_Info","Label_Tabel_Workflow_Info_Label_Btn_","Label_Tabel_Workflow_Info_Label_Img__","WF_IFrame","WF_TableIFrame","__notify_type_ffbdfacbecfeac_sysWfBusinessForm.fdSystemNotifyType","changeProcessorDIV","checkChangeFlowTR","cmBaseBrands_div","cmBaseCompanyName_id","cmBaseCustomerClass_div","cmBaseCustomerInfoAreaLevel_id","cmBaseCustomerInfoCode_id","cmStorefrontStoreType_div","currentNodeDescription","dayOfNotifyDrafter","descriptionRow","fdDesignSqm_div","fdFlowDescription","fdIsAcceptance_div","fdIsSelfManager_div","fdReceiptAddrDiv","fdReceiptTelDiv","fdReplenishmentMoney_div","fdShopkeeperMobile_div","fdShopkeeperName_div","fdShopkeeperTel_div","fdStoreAddress_div","fdStoreLength_span","fdStoreSize_div","fdStoreSqm_div","fdStoreWidth_span","flowGraphic","flowGraphicShowCheckbox","flowLogTableTD","handlerIdentityRow","handlerShowNames[]","hourOfNotifyDrafter","lbpm_highLevelTab","lui-id-","manualBranchNodeRow","manualNodeSelectTD","minuteOfNotifyDrafter","modifyFlowDIV","nextNodeName[]","nextNodeTD","nodeCanViewCurNodeTR","notifyDraftOnFinish","notifyLevelRow","notifyLevelTD","notifyTypeRow","operationMethodsGroup","operationMethodsRow","otherCanViewCurNodeTR","process_review_tabcontent","rel","relation","relations","showDetails","storeInfoTd","sysWfBusinessForm.canStartProcess","sysWfBusinessForm.fdAdditionsParameterJson","sysWfBusinessForm.fdAuditNoteFdId","sysWfBusinessForm.fdCurHanderId","sysWfBusinessForm.fdCurNodeSavedXML","sysWfBusinessForm.fdCurNodeXML","sysWfBusinessForm.fdDraftorId","sysWfBusinessForm.fdDraftorName","sysWfBusinessForm.fdFlowContent","sysWfBusinessForm.fdHandlerRoleInfoIds","sysWfBusinessForm.fdHandlerRoleInfoNames","sysWfBusinessForm.fdIdentityId","sysWfBusinessForm.fdIsModify","sysWfBusinessForm.fdKey","sysWfBusinessForm.fdModelId","sysWfBusinessForm.fdModelName","sysWfBusinessForm.fdParameterJson","sysWfBusinessForm.fdProcessId","sysWfBusinessForm.fdProcessStatus","sysWfBusinessForm.fdTemplateKey","sysWfBusinessForm.fdTemplateModelName","sysWfBusinessForm.fdTranProcessXML","systemNotifyTypeTD","toolbar","top","workflowInfoTD","workflowTableTD"],["Label_Tabel_Workflow_Info","Label_Tabel_Workflow_Info_Label_Btn_","Label_Tabel_Workflow_Info_Label_Img__","WF_IFrame","WF_TableIFrame","__notify_type_dbdeaedaaa_sysWfBusinessForm.fdSystemNotifyType","changeProcessorDIV","checkChangeFlowTR","cmBaseBrands_div","cmBaseCompanyName_id","cmBaseCustomerClass_div","cmBaseCustomerInfoAreaLevel_id","cmBaseCustomerInfoCode_id","cmStorefrontStoreType_div","currentNodeDescription","dayOfNotifyDrafter","descriptionRow","fdDesignSqm_div","fdFlowDescription","fdIsAcceptance_div","fdIsSelfManager_div","fdReceiptAddrDiv","fdReceiptTelDiv","fdReplenishmentMoney_div","fdShopkeeperMobile_div","fdShopkeeperName_div","fdShopkeeperTel_div","fdStoreAddress_div","fdStoreSize_div","fdStoreSqm_div","flowGraphic","flowGraphicShowCheckbox","flowLogTableTD","handlerIdentityRow","handlerShowNames[]","hourOfNotifyDrafter","lbpm_highLevelTab","lui-id-","manualBranchNodeRow","manualNodeSelectTD","minuteOfNotifyDrafter","modifyFlowDIV","nextNodeName[]","nextNodeTD","nodeCanViewCurNodeTR","notifyDraftOnFinish","notifyLevelRow","notifyLevelTD","notifyTypeRow","operationMethodsGroup","operationMethodsRow","otherCanViewCurNodeTR","process_review_tabcontent","rel","relation","relations","showDetails","storeInfoTd","sysWfBusinessForm.canStartProcess","sysWfBusinessForm.fdAdditionsParameterJson","sysWfBusinessForm.fdAuditNoteFdId","sysWfBusinessForm.fdCurHanderId","sysWfBusinessForm.fdCurNodeSavedXML","sysWfBusinessForm.fdCurNodeXML","sysWfBusinessForm.fdDraftorId","sysWfBusinessForm.fdDraftorName","sysWfBusinessForm.fdFlowContent","sysWfBusinessForm.fdHandlerRoleInfoIds","sysWfBusinessForm.fdHandlerRoleInfoNames","sysWfBusinessForm.fdIdentityId","sysWfBusinessForm.fdIsModify","sysWfBusinessForm.fdKey","sysWfBusinessForm.fdModelId","sysWfBusinessForm.fdModelName","sysWfBusinessForm.fdParameterJson","sysWfBusinessForm.fdProcessId","sysWfBusinessForm.fdProcessStatus","sysWfBusinessForm.fdTemplateKey","sysWfBusinessForm.fdTemplateModelName","sysWfBusinessForm.fdTranProcessXML","systemNotifyTypeTD","toolbar","top","workflowInfoTD","workflowTableTD"]],"context4_8SDlUG":[["Label_Tabel_Workflow_Info","Label_Tabel_Workflow_Info_Label_Btn_","Label_Tabel_Workflow_Info_Label_Img__","TABLE_Item","WF_IFrame","WF_TableIFrame","att_xtable_cmStorefrontRunstoreDimensional","att_xtable_cmStorefrontRunstoreJCV","att_xtable_cmStorefrontUpgradeLeaseContract","att_xtable_cmStorefrontUpgradeOther","att_xtable_designRequirementList","att_xtable_storeLayoutPic","attachmentObject_cmStorefrontRunstoreDimensional_content_div","attachmentObject_cmStorefrontRunstoreJCV_content_div","attachmentObject_cmStorefrontUpgradeLeaseContract_content_div","attachmentObject_cmStorefrontUpgradeOther_content_div","attachmentObject_designRequirementList_content_div","attachmentObject_storeLayoutPic_content_div","cmBaseBrands_div","cmBaseCompanyName_id","cmBaseCustomerClass_div","cmBaseCustomerInfoAreaLevel_id","cmBaseCustomerInfoCode_id","cmStorefrontStoreType_div","dddaedd","dddbafaedeb","designRequirementList","dimensionalPic","docStatus","fdAcceptanceTime_div","fdFlowDescription","fdIsAcceptance_div","fdIsSelfManager_div","fdShopkeeperMobile_div","fdShopkeeperName_div","fdShopkeeperTel_div","fdStoreAddress_div","flowGraphic","flowGraphicShowCheckbox","flowLogTableTD","historyInfoTableIframe","historyInfoTableTD","historyTableTR","jcvPic","jdznImg","leaseAgreement","lui-id-","numTotal","process_review_tabcontent","showDetails","storeLayoutPic","sysWfBusinessForm.canStartProcess","sysWfBusinessForm.fdAdditionsParameterJson","sysWfBusinessForm.fdAuditNoteFdId","sysWfBusinessForm.fdCurHanderId","sysWfBusinessForm.fdCurNodeSavedXML","sysWfBusinessForm.fdCurNodeXML","sysWfBusinessForm.fdDraftorId","sysWfBusinessForm.fdDraftorName","sysWfBusinessForm.fdFlowContent","sysWfBusinessForm.fdHandlerRoleInfoIds","sysWfBusinessForm.fdHandlerRoleInfoNames","sysWfBusinessForm.fdIdentityId","sysWfBusinessForm.fdIsModify","sysWfBusinessForm.fdKey","sysWfBusinessForm.fdModelId","sysWfBusinessForm.fdModelName","sysWfBusinessForm.fdParameterJson","sysWfBusinessForm.fdProcessId","sysWfBusinessForm.fdProcessStatus","sysWfBusinessForm.fdTemplateKey","sysWfBusinessForm.fdTemplateModelName","sysWfBusinessForm.fdTranProcessXML","taxPriceTotal","toolbar","workflowInfoTD","workflowTableTD"],["Label_Tabel_Workflow_Info","Label_Tabel_Workflow_Info_Label_Btn_","Label_Tabel_Workflow_Info_Label_Img__","SWFUpload_","TABLE_Item","WF_IFrame","WF_TableIFrame","_List_fffcdefeafd_Attachment_Table","assignmentRow","att_xtable_cmStorefrontRunstoreDimensional","att_xtable_cmStorefrontRunstoreJCV","att_xtable_cmStorefrontUpgradeLeaseContract","att_xtable_cmStorefrontUpgradeOther","att_xtable_designRequirementList","att_xtable_fffcdefeafd","att_xtable_storeLayoutPic","attachmentObject_cmStorefrontRunstoreDimensional_content_div","attachmentObject_cmStorefrontRunstoreJCV_content_div","attachmentObject_cmStorefrontUpgradeLeaseContract_content_div","attachmentObject_cmStorefrontUpgradeOther_content_div","attachmentObject_designRequirementList_content_div","attachmentObject_fffcdefeafd_content_div","attachmentObject_storeLayoutPic_content_div","authorityOptButton","cmBaseBrands_div","cmBaseCompanyName_id","cmBaseCustomerClass_div","cmBaseCustomerInfoAreaLevel_id","cmBaseCustomerInfoCode_id","cmStorefrontStoreType_div","currentHandlersLabel","currentHandlersRow","currentNodeDescription","descriptionRow","designRequirementList","dimensionalPic","docStatus","drafterOptButton","extendRoleOptRow","fcbfddfda","fdAcceptanceTime_div","fdFlowDescription","fdIsAcceptance_div","fdIsSelfManager_div","fdShopkeeperMobile_div","fdShopkeeperName_div","fdShopkeeperTel_div","fdStoreAddress_div","flowGraphic","flowGraphicShowCheckbox","flowLogTableTD","historyHandlersLabel","historyHandlersRow","historyInfoTableIframe","historyInfoTableTD","historyTableTR","historyhandlerOpt","jcvPic","jdznImg","leaseAgreement","lui-id-","notifyLevelRow","notifyLevelTD","numTotal","operationItemsRow","operationMethodsGroup","operationMethodsRow","operationsRow","operationsRow_Scope","operationsTDContent","operationsTDContent_Scope","operationsTDTitle","operationsTDTitle_Scope","optionButtons","processStatusLabel","processStatusRow","process_review_button","process_review_tabcontent","saveDraftButton","showDetails","storeLayoutPic","sysWfBusinessForm.canStartProcess","sysWfBusinessForm.fdAdditionsParameterJson","sysWfBusinessForm.fdAuditNoteFdId","sysWfBusinessForm.fdCurHanderId","sysWfBusinessForm.fdCurNodeSavedXML","sysWfBusinessForm.fdCurNodeXML","sysWfBusinessForm.fdDraftorId","sysWfBusinessForm.fdDraftorName","sysWfBusinessForm.fdFlowContent","sysWfBusinessForm.fdHandlerRoleInfoIds","sysWfBusinessForm.fdHandlerRoleInfoNames","sysWfBusinessForm.fdIdentityId","sysWfBusinessForm.fdIsModify","sysWfBusinessForm.fdKey","sysWfBusinessForm.fdModelId","sysWfBusinessForm.fdModelName","sysWfBusinessForm.fdParameterJson","sysWfBusinessForm.fdProcessId","sysWfBusinessForm.fdProcessStatus","sysWfBusinessForm.fdTemplateKey","sysWfBusinessForm.fdTemplateModelName","sysWfBusinessForm.fdTranProcessXML","taxPriceTotal","toolbar","workflowInfoTD","workflowTableTD"],["Label_Tabel_Workflow_Info","Label_Tabel_Workflow_Info_Label_Btn_","Label_Tabel_Workflow_Info_Label_Img__","SWFUpload_","TABLE_Item","WF_IFrame","WF_TableIFrame","_List_baaffdbaeec_Attachment_Table","__notify_type_baaecfafac_sysWfBusinessForm.fdSystemNotifyType","assignmentRow","att_xtable_baaffdbaeec","att_xtable_cmStorefrontRunstoreDimensional","att_xtable_cmStorefrontRunstoreJCV","att_xtable_cmStorefrontUpgradeLeaseContract","att_xtable_cmStorefrontUpgradeOther","att_xtable_designRequirementList","att_xtable_storeLayoutPic","attachmentObject_baaffdbaeec_content_div","attachmentObject_cmStorefrontRunstoreDimensional_content_div","attachmentObject_cmStorefrontRunstoreJCV_content_div","attachmentObject_cmStorefrontUpgradeLeaseContract_content_div","attachmentObject_cmStorefrontUpgradeOther_content_div","attachmentObject_designRequirementList_content_div","attachmentObject_storeLayoutPic_content_div","authorityOptButton","changeProcessorDIV","checkChangeFlowTR","cmBaseBrands_div","cmBaseCompanyName_id","cmBaseCustomerClass_div","cmBaseCustomerInfoAreaLevel_id","cmBaseCustomerInfoCode_id","cmStorefrontStoreType_div","currentHandlersLabel","currentHandlersRow","currentNodeDescription","dadeeb","descriptionRow","designRequirementList","dialog_iframe","dimensionalPic","docStatus","drafterOptButton","extendRoleOptRow","fdAcceptanceTime_div","fdFlowDescription","fdIsAcceptance_div","fdIsSelfManager_div","fdShopkeeperMobile_div","fdShopkeeperName_div","fdShopkeeperTel_div","fdStoreAddress_div","flowGraphic","flowGraphicShowCheckbox","flowLogTableTD","historyHandlersLabel","historyHandlersRow","historyInfoTableIframe","historyInfoTableTD","historyTableTR","historyhandlerOpt","jcvPic","jdznImg","lbpm_highLevelTab","leaseAgreement","lui-id-","modifyFlowDIV","nodeCanViewCurNodeTR","notifyLevelRow","notifyLevelTD","notifyOnFinish","notifyOptionTR","notifyTypeRow","numTotal","operationItemsRow","operationMethodsGroup","operationMethodsRow","operationsRow","operationsRow_Scope","operationsTDContent","operationsTDContent_Scope","operationsTDTitle","operationsTDTitle_Scope","optionButtons","otherCanViewCurNodeTR","processStatusLabel","processStatusRow","process_review_button","process_review_tabcontent","saveDraftButton","showDetails","storeLayoutPic","sysWfBusinessForm.canStartProcess","sysWfBusinessForm.fdAdditionsParameterJson","sysWfBusinessForm.fdAuditNoteFdId","sysWfBusinessForm.fdCurHanderId","sysWfBusinessForm.fdCurNodeSavedXML","sysWfBusinessForm.fdCurNodeXML","sysWfBusinessForm.fdDraftorId","sysWfBusinessForm.fdDraftorName","sysWfBusinessForm.fdFlowContent","sysWfBusinessForm.fdHandlerRoleInfoIds","sysWfBusinessForm.fdHandlerRoleInfoNames","sysWfBusinessForm.fdIdentityId","sysWfBusinessForm.fdIsModify","sysWfBusinessForm.fdKey","sysWfBusinessForm.fdModelId","sysWfBusinessForm.fdModelName","sysWfBusinessForm.fdParameterJson","sysWfBusinessForm.fdProcessId","sysWfBusinessForm.fdProcessStatus","sysWfBusinessForm.fdTemplateKey","sysWfBusinessForm.fdTemplateModelName","sysWfBusinessForm.fdTranProcessXML","systemNotifyTypeTD","taxPriceTotal","toOtherHandlerIds","toOtherHandlerNames","toolbar","top","workflowInfoTD","workflowTableTD"],["Label_Tabel_Workflow_Info","Label_Tabel_Workflow_Info_Label_Btn_","Label_Tabel_Workflow_Info_Label_Img__","TABLE_Item","WF_IFrame","WF_TableIFrame","att_xtable_cmStorefrontRunstoreDimensional","att_xtable_cmStorefrontRunstoreJCV","att_xtable_cmStorefrontUpgradeLeaseContract","att_xtable_cmStorefrontUpgradeOther","att_xtable_designRequirementList","att_xtable_storeLayoutPic","attachmentObject_cmStorefrontRunstoreDimensional_content_div","attachmentObject_cmStorefrontRunstoreJCV_content_div","attachmentObject_cmStorefrontUpgradeLeaseContract_content_div","attachmentObject_cmStorefrontUpgradeOther_content_div","attachmentObject_designRequirementList_content_div","attachmentObject_storeLayoutPic_content_div","cmBaseBrands_div","cmBaseCompanyName_id","cmBaseCustomerClass_div","cmBaseCustomerInfoAreaLevel_id","cmBaseCustomerInfoCode_id","cmStorefrontStoreType_div","deeeaadafd","deeebdcdc","deeefaaafebdce","deeefdbcaefcbdc","deeefdbdbdfd","deeeffacaf","designRequirementList","dimensionalPic","docStatus","fdAcceptanceTime_div","fdFlowDescription","fdIsAcceptance_div","fdIsSelfManager_div","fdShopkeeperMobile_div","fdShopkeeperName_div","fdShopkeeperTel_div","fdStoreAddress_div","flowGraphic","flowGraphicShowCheckbox","flowLogTableTD","historyInfoTableIframe","historyInfoTableTD","historyTableTR","jcvPic","jdznImg","leaseAgreement","lui-id-","numTotal","process_review_tabcontent","showDetails","storeLayoutPic","sysWfBusinessForm.canStartProcess","sysWfBusinessForm.fdAdditionsParameterJson","sysWfBusinessForm.fdAuditNoteFdId","sysWfBusinessForm.fdCurHanderId","sysWfBusinessForm.fdCurNodeSavedXML","sysWfBusinessForm.fdCurNodeXML","sysWfBusinessForm.fdDraftorId","sysWfBusinessForm.fdDraftorName","sysWfBusinessForm.fdFlowContent","sysWfBusinessForm.fdHandlerRoleInfoIds","sysWfBusinessForm.fdHandlerRoleInfoNames","sysWfBusinessForm.fdIdentityId","sysWfBusinessForm.fdIsModify","sysWfBusinessForm.fdKey","sysWfBusinessForm.fdModelId","sysWfBusinessForm.fdModelName","sysWfBusinessForm.fdParameterJson","sysWfBusinessForm.fdProcessId","sysWfBusinessForm.fdProcessStatus","sysWfBusinessForm.fdTemplateKey","sysWfBusinessForm.fdTemplateModelName","sysWfBusinessForm.fdTranProcessXML","taxPriceTotal","toolbar","top","workflowInfoTD","workflowTableTD"],["Label_Tabel_Workflow_Info","Label_Tabel_Workflow_Info_Label_Btn_","Label_Tabel_Workflow_Info_Label_Img__","TABLE_Item","WF_IFrame","WF_TableIFrame","att_xtable_cmStorefrontRunstoreDimensional","att_xtable_cmStorefrontRunstoreJCV","att_xtable_cmStorefrontUpgradeLeaseContract","att_xtable_cmStorefrontUpgradeOther","att_xtable_designRequirementList","att_xtable_storeLayoutPic","attachmentObject_cmStorefrontRunstoreDimensional_content_div","attachmentObject_cmStorefrontRunstoreJCV_content_div","attachmentObject_cmStorefrontUpgradeLeaseContract_content_div","attachmentObject_cmStorefrontUpgradeOther_content_div","attachmentObject_designRequirementList_content_div","attachmentObject_storeLayoutPic_content_div","cmBaseBrands_div","cmBaseCompanyName_id","cmBaseCustomerClass_div","cmBaseCustomerInfoAreaLevel_id","cmBaseCustomerInfoCode_id","cmStorefrontStoreType_div","dddaedd","dddbafaedeb","designRequirementList","dimensionalPic","docStatus","fdAcceptanceTime_div","fdFlowDescription","fdIsAcceptance_div","fdIsSelfManager_div","fdShopkeeperMobile_div","fdShopkeeperName_div","fdShopkeeperTel_div","fdStoreAddress_div","flowGraphic","flowGraphicShowCheckbox","flowLogTableTD","historyInfoTableIframe","historyInfoTableTD","historyTableTR","jcvPic","jdznImg","leaseAgreement","lui-id-","numTotal","process_review_tabcontent","showDetails","storeLayoutPic","sysWfBusinessForm.canStartProcess","sysWfBusinessForm.fdAdditionsParameterJson","sysWfBusinessForm.fdAuditNoteFdId","sysWfBusinessForm.fdCurHanderId","sysWfBusinessForm.fdCurNodeSavedXML","sysWfBusinessForm.fdCurNodeXML","sysWfBusinessForm.fdDraftorId","sysWfBusinessForm.fdDraftorName","sysWfBusinessForm.fdFlowContent","sysWfBusinessForm.fdHandlerRoleInfoIds","sysWfBusinessForm.fdHandlerRoleInfoNames","sysWfBusinessForm.fdIdentityId","sysWfBusinessForm.fdIsModify","sysWfBusinessForm.fdKey","sysWfBusinessForm.fdModelId","sysWfBusinessForm.fdModelName","sysWfBusinessForm.fdParameterJson","sysWfBusinessForm.fdProcessId","sysWfBusinessForm.fdProcessStatus","sysWfBusinessForm.fdTemplateKey","sysWfBusinessForm.fdTemplateModelName","sysWfBusinessForm.fdTranProcessXML","taxPriceTotal","toolbar","top","workflowInfoTD","workflowTableTD"]]}},"page/classes":{"contexts":{"context2_BBU57U":[["bgColor","btnlabel","clearfloat","clr","com_btn_link","com_goto","com_gototop","com_help","fsBtnAdd","fsBtnGroup","fsRelation","handlerNamesLabel","input","inputMul","inputSgl","inputselectsgl","inputsgl","lbpmNextRouteInfoRow","lui-component","lui_dialog_bottomC","lui_dialog_bottomL","lui_dialog_bottomR","lui_dialog_buttons","lui_dialog_centerC","lui_dialog_centerL","lui_dialog_centerR","lui_dialog_container","lui_dialog_content","lui_dialog_frame","lui_dialog_head","lui_dialog_headL","lui_dialog_headR","lui_dialog_head_left","lui_dialog_head_right","lui_form_content_frame","lui_panel_content_inside","lui_portlet_operations","lui_tabpage_float_content","lui_tabpage_float_content_c","lui_tabpage_float_content_l","lui_tabpage_float_content_r","lui_tabpage_float_contents","lui_tabpage_float_footer_c","lui_tabpage_float_footer_l","lui_tabpage_float_footer_r","lui_tabpage_float_header_c","lui_tabpage_float_header_close","lui_tabpage_float_header_l","lui_tabpage_float_header_r","lui_tabpage_float_header_text","lui_tabpage_float_header_title","lui_tabpage_float_nav_item","lui_tabpage_float_nav_item_c","lui_tabpage_float_nav_item_l","lui_tabpage_float_nav_item_r","lui_tabpage_float_navs","lui_tabpage_float_navs_c","lui_tabpage_float_navs_l","lui_tabpage_float_navs_mark","lui_tabpage_float_navs_r","lui_tabpage_frame","lui_toolbar_btn","lui_toolbar_btn_c","lui_toolbar_btn_l","lui_toolbar_btn_r","lui_toolbar_content","lui_toolbar_frame_float","lui_toolbar_frame_float_mark","lui_toolbar_left","lui_toolbar_right","lui_widget_btn","lui_widget_btn_txt","materielMoney","nodeinfo_box","process_review_panel","selected","selectitem","tb_label","tb_noborder","tb_normal","td_label","td_normal_title","titleColor","tr_normal_title","txtstrong","txttitle"],["bgColor","btnlabel","clearfloat","com_btn_link","com_goto","com_gototop","com_help","fsBtnAdd","fsBtnGroup","fsRelation","handlerNamesLabel","input","inputMul","inputSgl","inputselectsgl","inputsgl","lbpmNextRouteInfoRow","lui-component","lui_form_content_frame","lui_panel_content_inside","lui_portlet_operations","lui_tabpage_float_content","lui_tabpage_float_content_c","lui_tabpage_float_content_l","lui_tabpage_float_content_r","lui_tabpage_float_contents","lui_tabpage_float_footer_c","lui_tabpage_float_footer_l","lui_tabpage_float_footer_r","lui_tabpage_float_header_c","lui_tabpage_float_header_close","lui_tabpage_float_header_l","lui_tabpage_float_header_r","lui_tabpage_float_header_text","lui_tabpage_float_header_title","lui_tabpage_float_nav_item","lui_tabpage_float_nav_item_c","lui_tabpage_float_nav_item_l","lui_tabpage_float_nav_item_r","lui_tabpage_float_navs","lui_tabpage_float_navs_c","lui_tabpage_float_navs_l","lui_tabpage_float_navs_mark","lui_tabpage_float_navs_r","lui_tabpage_frame","lui_toolbar_btn","lui_toolbar_btn_c","lui_toolbar_btn_l","lui_toolbar_btn_r","lui_toolbar_content","lui_toolbar_frame_float","lui_toolbar_frame_float_mark","lui_toolbar_left","lui_toolbar_right","lui_widget_btn","lui_widget_btn_txt","materielMoney","nodeinfo_box","process_review_panel","selected","selectitem","tb_label","tb_noborder","tb_normal","td_label","td_normal_title","titleColor","tr_normal_title","txtstrong","txttitle"],["bgColor","btnlabel","clearfloat","clr","com_btn_link","com_goto","com_gototop","com_help","fsBtnAdd","fsBtnGroup","fsRelation","handlerNamesLabel","input","inputMul","inputSgl","inputselectsgl","inputsgl","lbpmNextRouteInfoRow","lui-component","lui_dialog_bottomC","lui_dialog_bottomL","lui_dialog_bottomR","lui_dialog_buttons_container","lui_dialog_centerC","lui_dialog_centerL","lui_dialog_centerR","lui_dialog_common_buttons","lui_dialog_common_content_inside","lui_dialog_common_content_right","lui_dialog_container","lui_dialog_content_question","lui_dialog_frame","lui_dialog_head","lui_dialog_headL","lui_dialog_headR","lui_dialog_head_left","lui_dialog_head_right","lui_form_content_frame","lui_panel_content_inside","lui_portlet_operations","lui_tabpage_float_content","lui_tabpage_float_content_c","lui_tabpage_float_content_l","lui_tabpage_float_content_r","lui_tabpage_float_contents","lui_tabpage_float_footer_c","lui_tabpage_float_footer_l","lui_tabpage_float_footer_r","lui_tabpage_float_header_c","lui_tabpage_float_header_close","lui_tabpage_float_header_l","lui_tabpage_float_header_r","lui_tabpage_float_header_text","lui_tabpage_float_header_title","lui_tabpage_float_nav_item","lui_tabpage_float_nav_item_c","lui_tabpage_float_nav_item_l","lui_tabpage_float_nav_item_r","lui_tabpage_float_navs","lui_tabpage_float_navs_c","lui_tabpage_float_navs_l","lui_tabpage_float_navs_mark","lui_tabpage_float_navs_r","lui_tabpage_frame","lui_toolbar_btn","lui_toolbar_btn_c","lui_toolbar_btn_def","lui_toolbar_btn_gray","lui_toolbar_btn_l","lui_toolbar_btn_r","lui_toolbar_content","lui_toolbar_frame_float","lui_toolbar_frame_float_mark","lui_toolbar_left","lui_toolbar_right","lui_widget_btn","lui_widget_btn_txt","materielMoney","nodeinfo_box","process_review_panel","selected","selectitem","tb_label","tb_noborder","tb_normal","td_label","td_normal_title","titleColor","tr_normal_title","txtstrong","txttitle"]],"context4_8SDlUG":[["btnlabel","clearfloat","cmBaseMaterielName_div","cmBaseMaterielType_div","cmBaseMaterielUnitName_div","fdExperienceRequiresHidden","fdFuncAreaRequiresHidden","fdOtherAreaHidden","fdPriceTotal_div","fdSignSaleContHidden","fdTaxNet_div","isDesign","isDraw","lui-component","lui_form_baseinfo","lui_form_content_frame","lui_form_subject","lui_form_title_frame","lui_panel_content_inside","lui_portlet_operations","lui_tabpage_float_content","lui_tabpage_float_content_c","lui_tabpage_float_content_l","lui_tabpage_float_content_r","lui_tabpage_float_contents","lui_tabpage_float_footer_c","lui_tabpage_float_footer_l","lui_tabpage_float_footer_r","lui_tabpage_float_header_c","lui_tabpage_float_header_close","lui_tabpage_float_header_l","lui_tabpage_float_header_r","lui_tabpage_float_header_text","lui_tabpage_float_header_title","lui_tabpage_float_nav_item","lui_tabpage_float_nav_item_c","lui_tabpage_float_nav_item_l","lui_tabpage_float_nav_item_r","lui_tabpage_float_navs","lui_tabpage_float_navs_c","lui_tabpage_float_navs_l","lui_tabpage_float_navs_mark","lui_tabpage_float_navs_r","lui_tabpage_frame","lui_toolbar_btn","lui_toolbar_btn_c","lui_toolbar_btn_l","lui_toolbar_btn_r","lui_toolbar_content","lui_toolbar_frame_float","lui_toolbar_frame_float_mark","lui_toolbar_left","lui_toolbar_right","lui_widget_btn","lui_widget_btn_txt","nodeinfo_box","process_review_panel","selected","tb_label","tb_noborder","tb_normal","td_label","td_normal_title","tr_normal_title","upload_list_filename_view","upload_list_icon","upload_list_operation","upload_list_size","upload_list_tr","upload_opt_down","upload_opt_view"],["btnlabel","clearfloat","com_ap_bar_bottom","com_ap_bar_centre","com_approval_bar","com_author","com_btn_link","isDesign","isDraw","lbpm_error_info_div","lui-component","lui_form_baseinfo","lui_form_content_frame","lui_form_subject","lui_form_title_frame","lui_panel_content_inside","lui_portlet_operations","lui_tabpage_float_content","lui_tabpage_float_content_c","lui_tabpage_float_content_l","lui_tabpage_float_content_r","lui_tabpage_float_contents","lui_tabpage_float_footer_c","lui_tabpage_float_footer_l","lui_tabpage_float_footer_r","lui_tabpage_float_header_c","lui_tabpage_float_header_close","lui_tabpage_float_header_l","lui_tabpage_float_header_r","lui_tabpage_float_header_text","lui_tabpage_float_header_title","lui_tabpage_float_nav_item","lui_tabpage_float_nav_item_c","lui_tabpage_float_nav_item_l","lui_tabpage_float_nav_item_r","lui_tabpage_float_navs","lui_tabpage_float_navs_c","lui_tabpage_float_navs_l","lui_tabpage_float_navs_mark","lui_tabpage_float_navs_r","lui_tabpage_frame","lui_toolbar_btn","lui_toolbar_btn_c","lui_toolbar_btn_l","lui_toolbar_btn_r","lui_toolbar_content","lui_toolbar_frame_float","lui_toolbar_frame_float_mark","lui_toolbar_left","lui_toolbar_right","lui_widget_btn","lui_widget_btn_txt","nodeinfo_box","process_review_button","process_review_content","process_review_panel","selected","swfupload","swfuploadbutton","swfuploadtext","tb_label","tb_noborder","tb_normal","td_label","td_normal_title","tr_normal_title","upload_list_filename_view","upload_list_icon","upload_list_operation","upload_list_size","upload_list_tr","upload_opt_down","upload_opt_view","uploadinfotext"],["btnlabel","clearfloat","clr","com_ap_bar_bottom","com_ap_bar_centre","com_approval_bar","com_author","com_btn_link","com_goto","com_gototop","com_help","dragMove","input","inputSgl","inputselectsgl","isDesign","isDraw","lui-component","lui_dialog_bottomC","lui_dialog_bottomL","lui_dialog_bottomR","lui_dialog_buttons","lui_dialog_centerC","lui_dialog_centerL","lui_dialog_centerR","lui_dialog_container","lui_dialog_content","lui_dialog_frame","lui_dialog_head","lui_dialog_headL","lui_dialog_headR","lui_dialog_head_left","lui_dialog_head_right","lui_form_baseinfo","lui_form_content_frame","lui_form_subject","lui_form_title_frame","lui_panel_content_inside","lui_portlet_operations","lui_tabpage_float_content","lui_tabpage_float_content_c","lui_tabpage_float_content_l","lui_tabpage_float_content_r","lui_tabpage_float_contents","lui_tabpage_float_footer_c","lui_tabpage_float_footer_l","lui_tabpage_float_footer_r","lui_tabpage_float_header_c","lui_tabpage_float_header_close","lui_tabpage_float_header_l","lui_tabpage_float_header_r","lui_tabpage_float_header_text","lui_tabpage_float_header_title","lui_tabpage_float_nav_item","lui_tabpage_float_nav_item_c","lui_tabpage_float_nav_item_l","lui_tabpage_float_nav_item_r","lui_tabpage_float_navs","lui_tabpage_float_navs_c","lui_tabpage_float_navs_l","lui_tabpage_float_navs_mark","lui_tabpage_float_navs_r","lui_tabpage_frame","lui_toolbar_btn","lui_toolbar_btn_c","lui_toolbar_btn_l","lui_toolbar_btn_r","lui_toolbar_content","lui_toolbar_frame_float","lui_toolbar_frame_float_mark","lui_toolbar_left","lui_toolbar_right","lui_widget_btn","lui_widget_btn_txt","nodeinfo_box","orgelement","process_review_button","process_review_content","process_review_panel","selected","swfupload","swfuploadbutton","swfuploadtext","tb_label","tb_noborder","tb_normal","td_label","td_normal_title","tr_normal_title","txtstrong","upload_list_filename_view","upload_list_icon","upload_list_operation","upload_list_size","upload_list_tr","upload_opt_down","upload_opt_view","uploadinfotext"],["btnlabel","clearfloat","cmBaseMaterielName_div","cmBaseMaterielType_div","cmBaseMaterielUnitName_div","com_goto","com_gototop","fdPriceTotal_div","fdTaxNet_div","isDesign","isDraw","lui-component","lui_form_baseinfo","lui_form_content_frame","lui_form_subject","lui_form_title_frame","lui_panel_content_inside","lui_portlet_operations","lui_tabpage_float_content","lui_tabpage_float_content_c","lui_tabpage_float_content_l","lui_tabpage_float_content_r","lui_tabpage_float_contents","lui_tabpage_float_footer_c","lui_tabpage_float_footer_l","lui_tabpage_float_footer_r","lui_tabpage_float_header_c","lui_tabpage_float_header_close","lui_tabpage_float_header_l","lui_tabpage_float_header_r","lui_tabpage_float_header_text","lui_tabpage_float_header_title","lui_tabpage_float_nav_item","lui_tabpage_float_nav_item_c","lui_tabpage_float_nav_item_l","lui_tabpage_float_nav_item_r","lui_tabpage_float_navs","lui_tabpage_float_navs_c","lui_tabpage_float_navs_l","lui_tabpage_float_navs_mark","lui_tabpage_float_navs_r","lui_tabpage_frame","lui_toolbar_btn","lui_toolbar_btn_c","lui_toolbar_btn_l","lui_toolbar_btn_r","lui_toolbar_content","lui_toolbar_frame_float","lui_toolbar_frame_float_mark","lui_toolbar_left","lui_toolbar_right","lui_widget_btn","lui_widget_btn_txt","nodeinfo_box","process_review_panel","selected","tb_label","tb_noborder","tb_normal","td_label","td_normal_title","tr_normal_title","upload_list_filename_view","upload_list_icon","upload_list_operation","upload_list_size","upload_list_tr","upload_opt_batchdown","upload_opt_down","upload_opt_td","upload_opt_view"],["btnlabel","clearfloat","cmBaseMaterielName_div","cmBaseMaterielType_div","cmBaseMaterielUnitName_div","com_goto","com_gototop","fdExperienceRequiresHidden","fdFuncAreaRequiresHidden","fdOtherAreaHidden","fdPriceTotal_div","fdSignSaleContHidden","fdTaxNet_div","isDesign","isDraw","lui-component","lui_form_baseinfo","lui_form_content_frame","lui_form_subject","lui_form_title_frame","lui_panel_content_inside","lui_portlet_operations","lui_tabpage_float_content","lui_tabpage_float_content_c","lui_tabpage_float_content_l","lui_tabpage_float_content_r","lui_tabpage_float_contents","lui_tabpage_float_footer_c","lui_tabpage_float_footer_l","lui_tabpage_float_footer_r","lui_tabpage_float_header_c","lui_tabpage_float_header_close","lui_tabpage_float_header_l","lui_tabpage_float_header_r","lui_tabpage_float_header_text","lui_tabpage_float_header_title","lui_tabpage_float_nav_item","lui_tabpage_float_nav_item_c","lui_tabpage_float_nav_item_l","lui_tabpage_float_nav_item_r","lui_tabpage_float_navs","lui_tabpage_float_navs_c","lui_tabpage_float_navs_l","lui_tabpage_float_navs_mark","lui_tabpage_float_navs_r","lui_tabpage_frame","lui_toolbar_btn","lui_toolbar_btn_c","lui_toolbar_btn_l","lui_toolbar_btn_r","lui_toolbar_content","lui_toolbar_frame_float","lui_toolbar_frame_float_mark","lui_toolbar_left","lui_toolbar_right","lui_widget_btn","lui_widget_btn_txt","nodeinfo_box","process_review_panel","selected","tb_label","tb_noborder","tb_normal","td_label","td_normal_title","tr_normal_title","upload_list_filename_view","upload_list_icon","upload_list_operation","upload_list_size","upload_list_tr","upload_opt_down","upload_opt_view"]]}},"page/tagTriplets":{"contexts":{"context2_BBU57U":[["-/-/DIV","-/-/FORM","-/-/SCRIPT","-/DIV/DIV","-/DIV/IFRAME","-/FORM/DIV","-/FORM/INPUT-hidden","DIV/DIV/DIV","DIV/DIV/IFRAME","DIV/DIV/INPUT-hidden","DIV/DIV/INPUT-text","DIV/DIV/LINK","DIV/DIV/SCRIPT","DIV/DIV/TABLE","DIV/LABEL/B","DIV/NOBR/LABEL","DIV/TABLE/TBODY","FORM/DIV/DIV","FORM/DIV/P","FORM/DIV/TABLE","NOBR/LABEL/INPUT-radio","TABLE/TBODY/SCRIPT","TABLE/TBODY/TR","TBODY/TR/TD","TD/DIV/DIV","TD/DIV/INPUT-hidden","TD/DIV/INPUT-text","TD/DIV/LABEL","TD/DIV/NOBR","TD/DIV/SPAN","TD/LABEL/A","TD/LABEL/INPUT-checkbox","TD/LABEL/INPUT-radio","TD/LABEL/SPAN","TD/NOBR/IMG","TD/NOBR/INPUT-button","TD/NOBR/LABEL","TD/SELECT/OPTION","TD/SPAN/A","TD/TABLE/TBODY","TR/TD/A","TR/TD/BR","TR/TD/DIV","TR/TD/IFRAME","TR/TD/INPUT-hidden","TR/TD/INPUT-text","TR/TD/LABEL","TR/TD/LINK","TR/TD/NOBR","TR/TD/SCRIPT","TR/TD/SELECT","TR/TD/SPAN","TR/TD/STYLE","TR/TD/TABLE","TR/TD/TEXTAREA"],["-/-/DIV","-/-/FORM","-/-/SCRIPT","-/DIV/DIV","-/FORM/DIV","-/FORM/INPUT-hidden","DIV/DIV/DIV","DIV/DIV/IFRAME","DIV/DIV/INPUT-hidden","DIV/DIV/INPUT-text","DIV/DIV/LINK","DIV/DIV/SCRIPT","DIV/DIV/TABLE","DIV/LABEL/B","DIV/NOBR/LABEL","DIV/TABLE/TBODY","FORM/DIV/DIV","FORM/DIV/P","FORM/DIV/TABLE","NOBR/LABEL/INPUT-radio","TABLE/TBODY/SCRIPT","TABLE/TBODY/TR","TBODY/TR/TD","TD/DIV/DIV","TD/DIV/INPUT-hidden","TD/DIV/INPUT-text","TD/DIV/LABEL","TD/DIV/NOBR","TD/DIV/SPAN","TD/LABEL/A","TD/LABEL/INPUT-checkbox","TD/LABEL/INPUT-radio","TD/LABEL/SPAN","TD/NOBR/IMG","TD/NOBR/INPUT-button","TD/NOBR/LABEL","TD/SELECT/OPTION","TD/SPAN/A","TD/TABLE/TBODY","TR/TD/A","TR/TD/BR","TR/TD/DIV","TR/TD/IFRAME","TR/TD/INPUT-hidden","TR/TD/INPUT-text","TR/TD/LABEL","TR/TD/LINK","TR/TD/NOBR","TR/TD/SCRIPT","TR/TD/SELECT","TR/TD/SPAN","TR/TD/STYLE","TR/TD/TABLE","TR/TD/TEXTAREA"],["-/-/DIV","-/-/FORM","-/-/SCRIPT","-/DIV/DIV","-/FORM/DIV","-/FORM/INPUT-hidden","DIV/DIV/DIV","DIV/DIV/IFRAME","DIV/DIV/INPUT-hidden","DIV/DIV/INPUT-text","DIV/DIV/LINK","DIV/DIV/SCRIPT","DIV/DIV/TABLE","DIV/LABEL/B","DIV/NOBR/LABEL","DIV/TABLE/TBODY","FORM/DIV/DIV","FORM/DIV/P","FORM/DIV/TABLE","NOBR/LABEL/INPUT-radio","TABLE/TBODY/SCRIPT","TABLE/TBODY/TR","TBODY/TR/TD","TD/DIV/DIV","TD/DIV/INPUT-hidden","TD/DIV/INPUT-text","TD/DIV/LABEL","TD/DIV/NOBR","TD/LABEL/A","TD/LABEL/INPUT-checkbox","TD/LABEL/INPUT-radio","TD/LABEL/SPAN","TD/NOBR/IMG","TD/NOBR/INPUT-button","TD/NOBR/LABEL","TD/SELECT/OPTION","TD/SPAN/A","TD/TABLE/TBODY","TR/TD/A","TR/TD/BR","TR/TD/DIV","TR/TD/IFRAME","TR/TD/INPUT-hidden","TR/TD/INPUT-text","TR/TD/LABEL","TR/TD/LINK","TR/TD/NOBR","TR/TD/SCRIPT","TR/TD/SELECT","TR/TD/SPAN","TR/TD/STYLE","TR/TD/TABLE","TR/TD/TEXTAREA"]]}}}}