{"version":"0.1","id":"marketing_expense_info","targetURL":"https://7.carpoly.com/ekp/cm/fee/cm_fee_conference_expense/cmFeeConferenceExpense.do?method=view&fdId=15cf3908ca720fe22833aa64d408d2cd","jsFile":"index.js","requires":{"cm_fee_conference_apply":"../cm_fee_conference_apply/index.json","lbpm_usage":"../lbpm_usage/index.json","success":"../success/index.json"},"chineseName":"营销会议报销详情","description":"","controls":{"control23_twxG6G":{"location":{"data":{"tagName":"DIV"},"userData":{"data":[],"force":false},"locators":[{"id":"@class/word","prob":1,"value":"DIV.lui_form_title_frame DIV.lui_form_subject"},{"id":"path/ordinal","prob":1,"value":"/HTML[1]/BODY[1]/FORM[1]/DIV[1]/DIV[1]"},{"id":"style/color","value":[62,158,206]},{"id":"elderLevel","value":{"level":0}}]},"events":{"onGetData":"getData_control23_twxG6G"},"intendedRole":"custom","roles":"element,custom","monitored":true,"frameXPath":""},"control24_ZocbEr":{"location":{"data":{"tagName":"TABLE"},"userData":{"data":[],"force":false},"locators":[{"id":"@class/word","prob":1,"value":"DIV.lui_form_content_frame TABLE.tb_normal"},{"id":"path/ordinal","prob":1,"value":"/HTML[1]/BODY[1]/FORM[1]/DIV[2]/TABLE[1]"}]},"events":{"onGetData":"getData_control24_ZocbEr"},"intendedRole":"custom","roles":"element,link,custom","monitored":true,"frameXPath":""},"control25_b51fRC":{"location":{"data":{"tagName":"TABLE"},"userData":{"data":[],"force":false},"locators":[{"id":"@id/word","prob":2,"value":["descendant::DIV[@id=\"process_review_tabcontent\"]/TABLE[1]","descendant::DIV[@id=\"process_review_tabcontent\"]//TABLE"]},{"id":"@class/word","prob":1,"value":"DIV.lui_panel_content_inside DIV.lui-component TABLE.tb_normal.process_review_panel"},{"id":"path/ordinal","prob":1,"value":"/HTML[1]/BODY[1]/FORM[1]/DIV[3]/DIV[1]/DIV[1]/DIV[1]/DIV[2]/DIV[1]/DIV[1]/DIV[1]/DIV[1]/DIV[1]/TABLE[1]"}]},"events":{"onGetData":"getData_control25_b51fRC"},"intendedRole":"custom","roles":"element,custom","monitored":true,"frameXPath":""},"control28_E8nN3c":{"location":{"data":{"tagName":"TABLE"},"userData":{"data":[],"force":false},"locators":[{"id":"@class/word","prob":1,"value":"DIV.lui_form_content_frame TABLE.tb_normal"},{"id":"path/ordinal","prob":1,"value":"/HTML[1]/BODY[1]/FORM[1]/DIV[2]/TABLE[1]"}]},"events":{"onGetData":"getData_control28_E8nN3c"},"intendedRole":"custom","roles":"element,link,custom","monitored":true,"frameXPath":""},"control29_lXUM5w":{"location":{"data":{"tagName":"TR"},"userData":{"data":[],"force":false},"locators":[{"id":"@id/word","prob":3,"value":["descendant::DIV[@id=\"process_review_tabcontent\"]//TR[@id=\"showDetails\"]","descendant::TR[@id=\"showDetails\"]"]},{"id":"@class/word","prob":1,"ordinal":[23,27],"value":"DIV.lui_panel_content_inside DIV.lui-component TABLE.tb_normal.process_review_panel TBODY TR"},{"id":"path/ordinal","prob":1,"value":"/HTML[1]/BODY[1]/FORM[1]/DIV[3]/DIV[1]/DIV[1]/DIV[1]/DIV[2]/DIV[1]/DIV[1]/DIV[1]/DIV[1]/DIV[1]/TABLE[1]/TBODY[1]/TR[18]"}]},"events":{"onGetData":"getData_control29_lXUM5w"},"intendedRole":"custom","roles":"element,custom","ignoreVisibility":true,"monitored":true,"frameXPath":""},"control30_X5K1VV":{"location":{"data":{"tagName":"IFRAME"},"userData":{"data":[{"method":"customJS","value":"return doc.querySelector('#dialog_iframe>div>div>iframe').contentDocument.getElementById('addressCtx')"}],"force":true},"locators":[{"id":"@id/word","prob":2,"value":["descendant::DIV[@id=\"dialog_iframe\"]/DIV[1]/DIV[1]/IFRAME[1]","descendant::DIV[@id=\"dialog_iframe\"]//IFRAME"]},{"id":"@class/word","prob":1,"value":"DIV.lui_dialog_container.clearfloat DIV.lui-component DIV.lui_dialog_content IFRAME"},{"id":"path/ordinal","prob":1,"value":"/HTML[1]/BODY[1]/DIV[1]/DIV[1]/DIV[2]/DIV[1]/DIV[1]/DIV[1]/DIV[1]/DIV[1]/DIV[1]/IFRAME[1]"},{"id":"elderLevel","value":{"level":0}}]},"intendedRole":"dialog","roles":"element,dialog","monitored":true,"frameXPath":""},"control31_JonMbe":{"location":{"data":{"tagName":"DIV"},"userData":{"data":[],"force":false},"locators":[{"id":"@class/word","prob":1,"value":"DIV.lui_dialog_headL DIV.lui_dialog_headR DIV.lui_dialog_head"},{"id":"path/ordinal","prob":1,"ordinal":[0,2],"value":"/HTML[1]/BODY[1]/DIV[1]/DIV[1]/DIV[1]/DIV[1]/DIV[1]"}]},"events":{"onGetData":"getData_control31_JonMbe"},"intendedRole":"custom","roles":"element,custom","monitored":true,"frameXPath":""},"control32_mOitXd":{"location":{"data":{"tagName":"UL"},"userData":{"data":[],"force":false},"locators":[{"id":"@class/word","prob":1,"ordinal":[0,9],"value":"DIV.lui_address_tabs DIV.lui-component UL.lui_address_tabs_ul"},{"id":"path/ordinal","prob":1,"value":"/HTML[1]/BODY[1]/DIV[1]/DIV[1]/DIV[1]/DIV[1]/DIV[1]/DIV[1]/DIV[1]/UL[1]"}]},"events":{"onGetData":"getData_control32_mOitXd"},"intendedRole":"custom","roles":"element,custom","monitored":true,"frameXPath":"//iframe[1]<<IFRAME>>"},"control33_Tqqpvp":{"location":{"data":{"tagName":"DIV"},"userData":{"data":[],"force":false},"locators":[{"id":"@class/word","prob":1,"ordinal":[0,9],"value":"DIV.lui-address-selectearea DIV.lui-component DIV.lui_address_select_area"},{"id":"path/ordinal","prob":1,"value":"/HTML[1]/BODY[1]/DIV[1]/DIV[1]/DIV[1]/DIV[1]/DIV[1]/DIV[2]/DIV[1]/DIV[1]"}]},"events":{"onGetData":"getData_control33_Tqqpvp"},"intendedRole":"custom","roles":"element,custom","monitored":true,"frameXPath":"//iframe[1]<<IFRAME>>"},"control37_59FPNt":{"location":{"data":{"tagName":"UL"},"userData":{"data":[],"force":false},"locators":[{"id":"@class/word","prob":1,"ordinal":[0,9],"value":"DIV.lui-address-selectedbox DIV.lui-component UL.lui-address-selectedbox-ul"},{"id":"path/ordinal","prob":1,"value":"/HTML[1]/BODY[1]/DIV[1]/DIV[1]/DIV[1]/DIV[1]/DIV[1]/DIV[3]/DIV[1]/UL[1]"}]},"events":{"onGetData":"getData_control37_59FPNt"},"intendedRole":"custom","roles":"element,custom","monitored":true,"frameXPath":"//iframe[1]<<IFRAME>>"},"control38_wQ65gg":{"location":{"data":{"tagName":"DIV"},"userData":{"data":[],"force":false},"locators":[{"id":"button/text","prob":3,"ordinal":[4,5],"value":{"text":["确定(1)"],"visText":["确定(1)"]}},{"id":"@class/word","prob":1,"ordinal":[0,18],"value":"DIV.lui_toolbar_btn_r DIV.lui_toolbar_btn_c DIV.lui-component.lui_widget_btn_txt"},{"id":"path/ordinal","prob":1,"value":"/HTML[1]/BODY[1]/DIV[1]/DIV[1]/DIV[1]/DIV[1]/DIV[1]/DIV[4]/DIV[1]/DIV[1]/DIV[1]/DIV[1]/DIV[1]/DIV[1]/DIV[1]"},{"id":"elderLevel","value":{"level":0}}]},"intendedRole":"button","roles":"element,button","monitored":true,"frameXPath":"//iframe[1]<<IFRAME>>"},"control39_wlFpDN":{"location":{"data":{"tagName":"DIV"},"userData":{"data":[],"force":false},"locators":[{"id":"button/text","prob":3,"ordinal":[3,5],"value":{"text":["取消"],"visText":["取消"]}},{"id":"@class/word","prob":1,"ordinal":[1,18],"value":"DIV.lui_toolbar_btn_l DIV.lui_toolbar_btn_r DIV.lui_toolbar_btn_c"},{"id":"path/ordinal","prob":1,"value":"/HTML[1]/BODY[1]/DIV[1]/DIV[1]/DIV[1]/DIV[1]/DIV[1]/DIV[4]/DIV[1]/DIV[1]/DIV[2]/DIV[1]/DIV[1]/DIV[1]"},{"id":"style/color","value":[71,181,230]}]},"intendedRole":"button","roles":"element,button","monitored":true,"frameXPath":"//iframe[1]<<IFRAME>>"},"control40_oLZ0WC":{"location":{"data":{"tagName":"DIV"},"userData":{"data":[],"force":false},"locators":[{"id":"@class/word","prob":1,"ordinal":[0,9],"value":"DIV.lui-component DIV.lui-address-search-panel DIV.lui-address-search-group"},{"id":"path/ordinal","prob":1,"value":"/HTML[1]/BODY[1]/DIV[1]/DIV[1]/DIV[1]/DIV[1]/DIV[1]/DIV[2]/DIV[1]/DIV[1]/DIV[4]/DIV[1]/DIV[1]/DIV[1]"}]},"events":{"onGetData":"getData_control40_oLZ0WC"},"intendedRole":"custom","roles":"element,custom","monitored":true,"frameXPath":"//iframe[1]<<IFRAME>>"},"control41_CNfNs7":{"location":{"data":{"tagName":"TABLE"},"userData":{"data":[],"force":false},"locators":[{"id":"@class/word","prob":1,"ordinal":[0,2],"value":"DIV.lui_toolbar_left DIV.lui_toolbar_right DIV.lui_toolbar_content TABLE"},{"id":"path/ordinal","prob":1,"value":"/HTML[1]/BODY[1]/DIV[1]/DIV[1]/DIV[1]/DIV[1]/DIV[1]/DIV[1]/TABLE[1]"}]},"events":{"onGetData":"getData_control41_CNfNs7"},"intendedRole":"custom","roles":"element,custom","monitored":true,"frameXPath":""},"control44_vq4Tdm":{"location":{"data":{"tagName":"IFRAME"},"userData":{"data":[],"force":false},"locators":[{"id":"@id/word","prob":2,"value":["descendant::DIV[@id=\"dialog_iframe\"]/DIV[1]/DIV[1]/IFRAME[1]","descendant::DIV[@id=\"dialog_iframe\"]//IFRAME"]},{"id":"@class/word","prob":1,"value":"DIV.lui_dialog_container.clearfloat DIV.lui-component DIV.lui_dialog_content IFRAME"},{"id":"path/ordinal","prob":1,"value":"/HTML[1]/BODY[1]/DIV[1]/DIV[1]/DIV[2]/DIV[1]/DIV[1]/DIV[1]/DIV[1]/DIV[1]/DIV[1]/IFRAME[1]"},{"id":"elderLevel","value":{"level":0}}]},"intendedRole":"dialog","roles":"element,dialog","monitored":false,"frameXPath":""},"control45_kd5K3S":{"location":{"data":{"tagName":"DIV"},"userData":{"data":[],"force":false},"locators":[{"id":"@class/word","prob":1,"value":"DIV.lui_dialog_headL DIV.lui_dialog_headR DIV.lui_dialog_head"},{"id":"path/ordinal","prob":1,"value":"/HTML[1]/BODY[1]/DIV[1]/DIV[1]/DIV[1]/DIV[1]/DIV[1]"}]},"events":{"onGetData":"getData_control45_kd5K3S"},"intendedRole":"custom","roles":"element,custom","monitored":true,"frameXPath":""},"control46_uGDdDF":{"location":{"data":{"tagName":"TABLE"},"userData":{"data":[],"force":false},"locators":[{"id":"@class/word","prob":1,"ordinal":[0,9],"value":"TABLE.tb_noborder"},{"id":"path/ordinal","prob":1,"value":"/HTML[1]/BODY[1]/DIV[1]/DIV[1]/TABLE[1]"}]},"events":{"onGetData":"getData_control46_uGDdDF"},"intendedRole":"custom","roles":"element,custom","monitored":true,"frameXPath":"//iframe[1]<<IFRAME>>"},"control47_Hayy6T":{"location":{"data":{"tagName":"IFRAME"},"userData":{"data":[],"force":false},"locators":[{"id":"@id/word","prob":2,"value":["descendant::DIV[@id=\"dialog_iframe\"]/DIV[1]/DIV[1]/IFRAME[1]","descendant::DIV[@id=\"dialog_iframe\"]//IFRAME"]},{"id":"@class/word","prob":1,"value":"DIV.lui_dialog_container.clearfloat DIV.lui-component DIV.lui_dialog_content IFRAME"},{"id":"path/ordinal","prob":1,"value":"/HTML[1]/BODY[1]/DIV[1]/DIV[1]/DIV[2]/DIV[1]/DIV[1]/DIV[1]/DIV[1]/DIV[1]/DIV[1]/IFRAME[1]"},{"id":"elderLevel","value":{"level":0}}]},"events":{"onGetData":"getData_control47_Hayy6T"},"intendedRole":"custom","roles":"element,custom","monitored":true,"frameXPath":""},"control48_gV1BGu":{"location":{"data":{"tagName":"DIV"},"userData":{"data":[],"force":false},"locators":[{"id":"@class/word","prob":1,"value":"DIV.lui_dialog_container.clearfloat DIV.lui-component DIV.lui_dialog_common_content_right"},{"id":"path/ordinal","prob":1,"value":"/HTML[1]/BODY[1]/DIV[1]/DIV[1]/DIV[2]/DIV[1]/DIV[1]/DIV[1]/DIV[1]/DIV[2]"}]},"intendedRole":"dialog","roles":"element,dialog","monitored":false,"frameXPath":""},"control49_4yWHG9":{"location":{"data":{"tagName":"DIV"},"userData":{"data":[],"force":false},"locators":[{"id":"text","prob":3,"value":{"text":["当前页面处于编辑状态，你的数据可能未保存，是否仍要关闭窗口？"],"visText":["当前页面处于编辑状态，你的数据可能未保存，是否仍要关闭窗口？"]}},{"id":"@class/word","prob":1,"value":"DIV.lui-component DIV.lui_dialog_common_content_right DIV.lui_dialog_common_content_inside"},{"id":"path/ordinal","prob":1,"value":"/HTML[1]/BODY[1]/DIV[1]/DIV[1]/DIV[2]/DIV[1]/DIV[1]/DIV[1]/DIV[1]/DIV[2]/DIV[1]"},{"id":"elderLevel","value":{"level":0}}]},"roles":"element","content":true,"monitored":true,"frameXPath":""},"control50_nnsIfH":{"location":{"data":{"tagName":"DIV"},"userData":{"data":[],"force":false},"locators":[{"id":"@class/word","prob":1,"value":"DIV.lui_dialog_common_content_right DIV.lui_dialog_common_buttons.clearfloat DIV.lui_dialog_buttons_container"},{"id":"path/ordinal","prob":1,"value":"/HTML[1]/BODY[1]/DIV[1]/DIV[1]/DIV[2]/DIV[1]/DIV[1]/DIV[1]/DIV[1]/DIV[2]/DIV[2]/DIV[1]"}]},"events":{"onGetData":"getData_control50_nnsIfH"},"intendedRole":"custom","roles":"element,custom","monitored":true,"frameXPath":""},"control53_80GpTC":{"location":{"data":{"tagName":"DIV"},"locators":[{"id":"@id/word","prob":3,"value":"descendant::DIV[@id=\"top\"]"},{"id":"@class/word","prob":1,"value":"DIV.lui-component.com_goto"},{"id":"path/ordinal","prob":1,"value":"/HTML[1]/BODY[1]/DIV[2]"}]},"events":{"onGetData":"getData_control53_80GpTC"},"intendedRole":"custom","roles":"element,custom","monitored":true,"frameXPath":""}},"contexts":{"context4_aUp8VQ":{"controls":["control23_twxG6G","control24_ZocbEr","control25_b51fRC","control28_E8nN3c","control29_lXUM5w","control30_X5K1VV","control31_JonMbe","control32_mOitXd","control33_Tqqpvp","control37_59FPNt","control38_wQ65gg","control39_wlFpDN","control40_oLZ0WC","control41_CNfNs7","control44_vq4Tdm","control45_kd5K3S","control46_uGDdDF","control47_Hayy6T","control48_gV1BGu","control49_4yWHG9","control50_nnsIfH","control53_80GpTC"],"anchors":[],"urlAnchor":[]}},"flows":{"flow21_TtIOub":{"toContexts":[{"toContextId":"context4_aUp8VQ"}]},"flow24_IWs3QM":{"fromContextId":"context4_aUp8VQ","fromAction":"doAction","fromControlId":"control29_lXUM5w","toContexts":[{"toContextId":"context4_aUp8VQ"}]},"flow25_vxyDaL":{"fromContextId":"context4_aUp8VQ","fromAction":"doAction","fromControlId":"control25_b51fRC","toContexts":[{"toContextId":"context4_aUp8VQ"},{"toContextId":"context3_fbHeAS","toModelId":"lbpm_usage"}]},"flow26_KWxkgT":{"fromContextId":"context4_aUp8VQ","fromAction":"click","fromControlId":"control30_X5K1VV","toContexts":[{"toContextId":"context4_aUp8VQ"}]},"flow27_pDa2t9":{"fromContextId":"context4_aUp8VQ","fromAction":"doAction","fromControlId":"control33_Tqqpvp","toContexts":[{"toContextId":"context4_aUp8VQ"}]},"flow29_oOF27I":{"fromContextId":"context4_aUp8VQ","fromAction":"doAction","fromControlId":"control37_59FPNt","toContexts":[{"toContextId":"context4_aUp8VQ"}]},"flow30_OOqJyp":{"fromContextId":"context4_aUp8VQ","fromAction":"doAction","fromControlId":"control32_mOitXd","toContexts":[{"toContextId":"context4_aUp8VQ"}]},"flow31_zskinB":{"fromContextId":"context4_aUp8VQ","fromAction":"click","fromControlId":"control38_wQ65gg","toContexts":[{"toContextId":"context4_aUp8VQ"}]},"flow32_5FVe39":{"fromContextId":"context4_aUp8VQ","fromAction":"doAction","fromControlId":"control24_ZocbEr","toContexts":[{"toContextId":"context4_aUp8VQ"},{"toContextId":"context6_e2ZwqP","toModelId":"cm_fee_conference_apply"}]},"flow34_FZHPoZ":{"fromContextId":"context4_aUp8VQ","fromAction":"doAction","fromControlId":"control28_E8nN3c","toContexts":[{"toContextId":"context4_aUp8VQ"}]},"flow35_Qbg4n6":{"fromContextId":"context4_aUp8VQ","fromAction":"doAction","fromControlId":"control41_CNfNs7","toContexts":[{"toContextId":"context4_aUp8VQ"},{"toContextId":"context6_89mKlb","toModelId":"success"}]},"flow36_HLFLT3":{"fromContextId":"context4_aUp8VQ","fromAction":"doAction","fromControlId":"control31_JonMbe","toContexts":[{"toContextId":"context4_aUp8VQ"}]},"flow37_ElT5SF":{"fromContextId":"context4_aUp8VQ","fromAction":"click","fromControlId":"control44_vq4Tdm","toContexts":[{"toContextId":"context4_aUp8VQ"}]},"flow38_XDd0L9":{"fromContextId":"context4_aUp8VQ","fromAction":"doAction","fromControlId":"control46_uGDdDF","toContexts":[{"toContextId":"context4_aUp8VQ"}]},"flow39_BOgZ63":{"fromContextId":"context4_aUp8VQ","fromAction":"doAction","fromControlId":"control47_Hayy6T","toContexts":[{"toContextId":"context4_aUp8VQ"}]},"flow40_XX7wH9":{"fromContextId":"context4_aUp8VQ","fromAction":"doAction","fromControlId":"control50_nnsIfH","toContexts":[{"toContextId":"context4_aUp8VQ"}]},"flow41_b04yvm":{"fromContextId":"context4_aUp8VQ","fromAction":"doAction","fromControlId":"control45_kd5K3S","toContexts":[{"toContextId":"context4_aUp8VQ"}]}},"pages":{"page4_v9R0OU":{"contextId":"context4_aUp8VQ","layout":[{"id":"uiControl26_2wplsn","controlId":"control23_twxG6G","display":{"adapterId":"custom","type":"custom","adapter":{"templateType":"react","events":{"onDoAction":"doAction_uiControl26_2wplsn","onGetTemplate":"getTemplate_uiControl26_2wplsn"}}}},{"id":"uiControl48_Xie0Rr","controlId":"control44_vq4Tdm","display":{"adapterId":"dialog","type":"dialog","class":"ui-dialog","adapter":{"templateType":""}},"layout":[{"id":"uiControl48_Xie0Rrbody","display":{"type":"dialogBody","adapterId":"dialogBody","adapter":{"templateType":""}},"layout":[{"id":"uiControl49_2Mq7EM","controlId":"control45_kd5K3S","display":{"adapterId":"custom","type":"custom","adapter":{"templateType":"react","events":{"onDoAction":"doAction_uiControl49_2Mq7EM","onGetTemplate":"getTemplate_uiControl49_2Mq7EM"}}}},{"id":"uiControl51_8CVMGv","controlId":"control47_Hayy6T","display":{"adapterId":"custom","type":"custom","adapter":{"templateType":"react","events":{"onDoAction":"doAction_uiControl51_8CVMGv","onGetTemplate":"getTemplate_uiControl51_8CVMGv"}}}}]},{"id":"uiControl48_Xie0Rrfooter","display":{"type":"dialogFooter","adapterId":"dialogFooter","adapter":{"templateType":""}},"layout":[{"id":"uiControl50_INJv0u","controlId":"control46_uGDdDF","display":{"adapterId":"custom","type":"custom","adapter":{"templateType":"react","events":{"onDoAction":"doAction_uiControl50_INJv0u","onGetTemplate":"getTemplate_uiControl50_INJv0u"}}}}]}]},{"id":"uiControl58_WELd9Z","controlId":"control53_80GpTC","display":{"adapterId":"custom","type":"custom","adapter":{"templateType":"react","events":{"onDoAction":"doAction_uiControl58_WELd9Z","onGetTemplate":"getTemplate_uiControl58_WELd9Z"}}}},{"id":"uiControl27_2FHh8Q","controlId":"control24_ZocbEr","display":{"adapterId":"custom","type":"custom","adapter":{"templateType":"react","events":{"onDoAction":"doAction_uiControl27_2FHh8Q","onGetTemplate":"getTemplate_uiControl27_2FHh8Q"}}}},{"id":"uiControl31_fha9mW","controlId":"control28_E8nN3c","display":{"adapterId":"custom","type":"custom","adapter":{"templateType":"react","events":{"onDoAction":"doAction_uiControl31_fha9mW","onGetTemplate":"getTemplate_uiControl31_fha9mW"}}}},{"id":"uiControl33_M8mXkO","controlId":"control30_X5K1VV","display":{"adapterId":"dialog","type":"dialog","class":"ui-dialog","adapter":{"templateType":""}},"layout":[{"id":"uiControl33_M8mXkObody","display":{"type":"dialogBody","adapterId":"dialogBody","adapter":{"templateType":""}},"layout":[{"id":"uiControl34_VEW2NU","controlId":"control31_JonMbe","display":{"adapterId":"custom","type":"custom","adapter":{"templateType":"react","events":{"onDoAction":"doAction_uiControl34_VEW2NU","onGetTemplate":"getTemplate_uiControl34_VEW2NU"}}}}]},{"id":"uiControl33_M8mXkOfooter","display":{"type":"dialogFooter","adapterId":"dialogFooter","adapter":{"templateType":""}},"layout":[{"id":"uiControl35_oipt1l","controlId":"control32_mOitXd","display":{"adapterId":"custom","type":"custom","adapter":{"templateType":"react","events":{"onDoAction":"doAction_uiControl35_oipt1l","onGetTemplate":"getTemplate_uiControl35_oipt1l"}}}},{"id":"uiControl41_6ek2Qd","controlId":"control40_oLZ0WC","display":{"adapterId":"custom","type":"custom","adapter":{"templateType":"react","events":{"onDoAction":"doAction_uiControl41_6ek2Qd","onGetTemplate":"getTemplate_uiControl41_6ek2Qd"}}}},{"id":"uiControl36_rwwOnO","controlId":"control33_Tqqpvp","display":{"adapterId":"custom","type":"custom","adapter":{"templateType":"react","events":{"onDoAction":"doAction_uiControl36_rwwOnO","onGetTemplate":"getTemplate_uiControl36_rwwOnO"}}}},{"id":"uiControl37_9wog1Q","controlId":"control37_59FPNt","display":{"adapterId":"custom","type":"custom","adapter":{"templateType":"react","events":{"onDoAction":"doAction_uiControl37_9wog1Q","onGetTemplate":"getTemplate_uiControl37_9wog1Q"}}}},{"id":"uiControl38_70Jq2m","display":{"type":"grid","adapterId":"grid","adapter":{"templateType":""}},"layout":[{"id":"uiControl38_70Jq2mrow0","display":{"cols":3,"type":"col","adapterId":"col","adapter":{"templateType":""}},"layout":[{"id":"uiControl39_ULThhA","controlId":"control38_wQ65gg","display":{"adapterId":"clickable","type":"button","amStyle":"primary","adapter":{"templateType":""}}}]},{"id":"uiControl38_70Jq2mrow1","display":{"cols":3,"type":"col","adapterId":"col","adapter":{"templateType":""}},"layout":[{"id":"uiControl40_5aRsAV","controlId":"control39_wlFpDN","display":{"adapterId":"clickable","type":"button","adapter":{"templateType":""}}}]}]}]}]},{"id":"uiControl28_Ion8XM","controlId":"control25_b51fRC","display":{"adapterId":"custom","type":"custom","adapter":{"templateType":"react","events":{"onDoAction":"doAction_uiControl28_Ion8XM","onGetTemplate":"getTemplate_uiControl28_Ion8XM"}}}},{"id":"uiControl52_HMhLir","controlId":"control48_gV1BGu","display":{"adapterId":"dialog","type":"dialog","adapter":{"templateType":""}},"layout":[{"id":"uiControl52_HMhLirbody","display":{"type":"dialogBody","adapterId":"dialogBody","adapter":{"templateType":""}},"layout":[{"id":"uiControl53_TqcVsQ","controlId":"control49_4yWHG9","display":{"adapterId":"content","type":"content","adapter":{"templateType":""}}}]},{"id":"uiControl52_HMhLirfooter","display":{"type":"dialogFooter","adapterId":"dialogFooter","adapter":{"templateType":""}},"layout":[{"id":"uiControl54_rOEVCn","controlId":"control50_nnsIfH","display":{"adapterId":"custom","type":"custom","adapter":{"templateType":"react","events":{"onDoAction":"doAction_uiControl54_rOEVCn","onGetTemplate":"getTemplate_uiControl54_rOEVCn"}}}}]}]},{"id":"uiControl32_oi8ueE","controlId":"control29_lXUM5w","display":{"adapterId":"custom","type":"custom","adapter":{"templateType":"react","events":{"onDoAction":"doAction_uiControl32_oi8ueE","onGetTemplate":"getTemplate_uiControl32_oi8ueE"}}}},{"id":"uiControl42_mXKf8Q","display":{"type":"sticky","adapterId":"sticky","adapter":{"templateType":""}},"layout":[{"id":"uiControl42_mXKf8Qbody","display":{"type":"stickyBody","adapterId":"stickyBody","adapter":{"templateType":""}},"layout":[{"id":"uiControl45_I9TBNp","controlId":"control41_CNfNs7","display":{"adapterId":"custom","type":"custom","adapter":{"templateType":"react","events":{"onDoAction":"doAction_uiControl45_I9TBNp","onGetTemplate":"getTemplate_uiControl45_I9TBNp"}}}}]}]}]}},"matchers":{"page/title":{"contexts":{"context4_aUp8VQ":["费用支持管理","数据敏感信息客户营销会议报销20171218 - 费用支持管理"]}},"page/urls":{"contexts":{"context4_aUp8VQ":["7.carpoly.com/ekp/cm/fee/cm_fee_conference_expense/cmFeeConferenceExpense.do?method=view&fdId=15cf3908ca720fe22833aa64d408d2cd","7.carpoly.com/ekp/cm/fee/cm_fee_conference_expense/cmFeeConferenceExpense.do?method=view&fdId=16068efd853ae7ce58eba37430fb7ffa","7.carpoly.com/ekp/cm/fee/cm_fee_conference_expense/cmFeeConferenceExpense.do?method=view&fdId=16068ed853ca518b21d6cd948faa200b","7.carpoly.com/ekp/cm/fee/cm_fee_conference_expense/cmFeeConferenceExpense.do?method=edit&fdId=16068ed853ca518b21d6cd948faa200b&s_css=default","7.carpoly.com/ekp/cm/fee/cm_fee_conference_expense/cmFeeConferenceExpense.do?method=view&fdId=15efac4d8ca075300575c2e41a098c14"],"context6_89mKlb":["7.carpoly.com/ekp/cm/store/cm_storefront_acceptance/cmStorefrontAcceptance.do?method=update&fdId=161278339635371d3e3cff04acdba249&s_css=default&s_seq=1","7.carpoly.com/ekp/cm/store/cm_storefront_acceptance/cmStorefrontAcceptance.do?method=save&cmBaseDeptId=15615df39bfb129024358eb4359a0302&s_seq=1","7.carpoly.com/ekp/cm/store/cm_storefront_runstore/cmStorefrontRunstore.do?method=update&fdId=161452ab725662eea2f71154de8bccb6&s_css=default&s_seq=1","7.carpoly.com/ekp/cm/store/cm_storefront_runstore/cmStorefrontRunstore.do?method=save&cmBaseDeptId=15615df39bfb129024358eb4359a0302&s_seq=1","7.carpoly.com/ekp/cm/store/cm_storefront_upgrade/cmStorefrontUpgrade.do?method=update&fdId=16126cc77063735c1e1b0ca486aa20f9&s_css=default&s_seq=1","7.carpoly.com/ekp/cm/store/cm_storefront_revoke/cmStorefrontRevoke.do?method=update&fdId=161275a9cbf8778ac3394d94c8492213&s_css=default&s_seq=1","7.carpoly.com/ekp/cm/store/cm_storefront_revoke/cmStorefrontRevoke.do?method=save&cmBaseDeptId=15615df39bfb129024358eb4359a0302&s_seq=1","7.carpoly.com/ekp/cm/store/cm_storefront_replenish/cmStorefrontReplenish.do?method=update&fdId=16127096fca8ec843e50f4e4168a6e1e&s_css=default&s_seq=1","7.carpoly.com/ekp/cm/store/cm_storefront_replenish/cmStorefrontReplenish.do?method=save&s_css=default&s_seq=1","7.carpoly.com/ekp/cm/fee/cm_fee_ad_apply/cmFeeAdApply.do?method=save&cmBaseDeptId=15615df39bfb129024358eb4359a0302&s_seq=1","7.carpoly.com/ekp/cm/fee/cm_fee_conference_apply/cmFeeConferenceApply.do?method=save&cmBaseDeptId=15615df39bfb129024358eb4359a0302&s_seq=1","7.carpoly.com/ekp/cm/fee/cm_fee_conference_apply/cmFeeConferenceApply.do?method=update&fdId=16145df64d709880b6b69d2473abc6a7&s_css=default&s_seq=1","7.carpoly.com/ekp/cm/fee/cm_fee_conference_expense/cmFeeConferenceExpense.do?method=update&fdId=16068ed853ca518b21d6cd948faa200b&s_css=default&s_seq=1"]}},"page/ids":{"contexts":{"context4_aUp8VQ":[["Label_Tabel_Workflow_Info","Label_Tabel_Workflow_Info_Label_Btn_","Label_Tabel_Workflow_Info_Label_Img__","WF_IFrame","WF_TableIFrame","att_xtable_cmFeeConferenceExpensePicture","att_xtable_cmFeeConferenceExpenseSignInForm","att_xtable_cmFeeConferenceExpenseSummaryReport","attachmentObject_cmFeeConferenceExpensePicture_content_div","attachmentObject_cmFeeConferenceExpenseSignInForm_content_div","attachmentObject_cmFeeConferenceExpenseSummaryReport_content_div","cmBaseCompanyName_id","cmBaseCustomerInfoCode_id","cmFeeConferenceApplyUrl","docStatus","fdFlowDescription","flowGraphic","flowGraphicShowCheckbox","flowLogTableTD","historyInfoTableIframe","historyInfoTableTD","historyTableTR","lui-id-","process_review_tabcontent","showDetails","sysWfBusinessForm.canStartProcess","sysWfBusinessForm.fdAdditionsParameterJson","sysWfBusinessForm.fdAuditNoteFdId","sysWfBusinessForm.fdCurHanderId","sysWfBusinessForm.fdCurNodeSavedXML","sysWfBusinessForm.fdCurNodeXML","sysWfBusinessForm.fdDraftorId","sysWfBusinessForm.fdDraftorName","sysWfBusinessForm.fdFlowContent","sysWfBusinessForm.fdHandlerRoleInfoIds","sysWfBusinessForm.fdHandlerRoleInfoNames","sysWfBusinessForm.fdIdentityId","sysWfBusinessForm.fdIsModify","sysWfBusinessForm.fdKey","sysWfBusinessForm.fdModelId","sysWfBusinessForm.fdModelName","sysWfBusinessForm.fdParameterJson","sysWfBusinessForm.fdProcessId","sysWfBusinessForm.fdProcessStatus","sysWfBusinessForm.fdTemplateKey","sysWfBusinessForm.fdTemplateModelName","sysWfBusinessForm.fdTranProcessXML","toolbar","workflowInfoTD","workflowTableTD"],["Label_Tabel_Workflow_Info","Label_Tabel_Workflow_Info_Label_Btn_","Label_Tabel_Workflow_Info_Label_Img__","SWFUpload_","WF_IFrame","WF_TableIFrame","_List_aebcefd_Attachment_Table","assignmentRow","att_xtable_aebcefd","att_xtable_cmFeeConferenceExpensePicture","att_xtable_cmFeeConferenceExpenseSignInForm","att_xtable_cmFeeConferenceExpenseSummaryReport","attachmentObject_aebcefd_content_div","attachmentObject_cmFeeConferenceExpensePicture_content_div","attachmentObject_cmFeeConferenceExpenseSignInForm_content_div","attachmentObject_cmFeeConferenceExpenseSummaryReport_content_div","authorityOptButton","cmBaseCompanyName_id","cmBaseCustomerInfoCode_id","cmFeeConferenceApplyUrl","currentHandlersLabel","currentHandlersRow","currentNodeDescription","descriptionRow","docStatus","drafterOptButton","extendRoleOptRow","faaddfeabbceebc","fadcdbdee","fafadcc","fdFlowDescription","flowGraphic","flowGraphicShowCheckbox","flowLogTableTD","historyHandlersLabel","historyHandlersRow","historyInfoTableIframe","historyInfoTableTD","historyTableTR","historyhandlerOpt","lui-id-","notifyLevelRow","notifyLevelTD","operationItemsRow","operationMethodsGroup","operationMethodsRow","operationsRow","operationsRow_Scope","operationsTDContent","operationsTDContent_Scope","operationsTDTitle","operationsTDTitle_Scope","optionButtons","processStatusLabel","processStatusRow","process_review_button","process_review_tabcontent","saveDraftButton","showDetails","sysWfBusinessForm.canStartProcess","sysWfBusinessForm.fdAdditionsParameterJson","sysWfBusinessForm.fdAuditNoteFdId","sysWfBusinessForm.fdCurHanderId","sysWfBusinessForm.fdCurNodeSavedXML","sysWfBusinessForm.fdCurNodeXML","sysWfBusinessForm.fdDraftorId","sysWfBusinessForm.fdDraftorName","sysWfBusinessForm.fdFlowContent","sysWfBusinessForm.fdHandlerRoleInfoIds","sysWfBusinessForm.fdHandlerRoleInfoNames","sysWfBusinessForm.fdIdentityId","sysWfBusinessForm.fdIsModify","sysWfBusinessForm.fdKey","sysWfBusinessForm.fdModelId","sysWfBusinessForm.fdModelName","sysWfBusinessForm.fdParameterJson","sysWfBusinessForm.fdProcessId","sysWfBusinessForm.fdProcessStatus","sysWfBusinessForm.fdTemplateKey","sysWfBusinessForm.fdTemplateModelName","sysWfBusinessForm.fdTranProcessXML","toolbar","top","workflowInfoTD","workflowTableTD"],["Label_Tabel_Workflow_Info","Label_Tabel_Workflow_Info_Label_Btn_","Label_Tabel_Workflow_Info_Label_Img__","SWFUpload_","WF_IFrame","WF_TableIFrame","_List_bcbeabc_Attachment_Table","__notify_type_bcbebdac_sysWfBusinessForm.fdSystemNotifyType","assignmentRow","att_xtable_bcbeabc","att_xtable_cmFeeConferenceExpensePicture","att_xtable_cmFeeConferenceExpenseSignInForm","att_xtable_cmFeeConferenceExpenseSummaryReport","attachmentObject_bcbeabc_content_div","attachmentObject_cmFeeConferenceExpensePicture_content_div","attachmentObject_cmFeeConferenceExpenseSignInForm_content_div","attachmentObject_cmFeeConferenceExpenseSummaryReport_content_div","authorityOptButton","changeProcessorDIV","checkChangeFlowTR","cmBaseCompanyName_id","cmBaseCustomerInfoCode_id","cmFeeConferenceApplyUrl","currentHandlersLabel","currentHandlersRow","currentNodeDescription","descriptionRow","dialog_iframe","docStatus","drafterOptButton","extendRoleOptRow","faaddfeabbceebc","fadcdbdee","fafadcc","fdFlowDescription","flowGraphic","flowGraphicShowCheckbox","flowLogTableTD","historyHandlersLabel","historyHandlersRow","historyInfoTableIframe","historyInfoTableTD","historyTableTR","historyhandlerOpt","lbpm_highLevelTab","lui-id-","modifyFlowDIV","nodeCanViewCurNodeTR","notifyLevelRow","notifyLevelTD","notifyOnFinish","notifyOptionTR","notifyTypeRow","operationItemsRow","operationMethodsGroup","operationMethodsRow","operationsRow","operationsRow_Scope","operationsTDContent","operationsTDContent_Scope","operationsTDTitle","operationsTDTitle_Scope","optionButtons","otherCanViewCurNodeTR","processStatusLabel","processStatusRow","process_review_button","process_review_tabcontent","saveDraftButton","showDetails","sysWfBusinessForm.canStartProcess","sysWfBusinessForm.fdAdditionsParameterJson","sysWfBusinessForm.fdAuditNoteFdId","sysWfBusinessForm.fdCurHanderId","sysWfBusinessForm.fdCurNodeSavedXML","sysWfBusinessForm.fdCurNodeXML","sysWfBusinessForm.fdDraftorId","sysWfBusinessForm.fdDraftorName","sysWfBusinessForm.fdFlowContent","sysWfBusinessForm.fdHandlerRoleInfoIds","sysWfBusinessForm.fdHandlerRoleInfoNames","sysWfBusinessForm.fdIdentityId","sysWfBusinessForm.fdIsModify","sysWfBusinessForm.fdKey","sysWfBusinessForm.fdModelId","sysWfBusinessForm.fdModelName","sysWfBusinessForm.fdParameterJson","sysWfBusinessForm.fdProcessId","sysWfBusinessForm.fdProcessStatus","sysWfBusinessForm.fdTemplateKey","sysWfBusinessForm.fdTemplateModelName","sysWfBusinessForm.fdTranProcessXML","systemNotifyTypeTD","toOtherHandlerIds","toOtherHandlerNames","toolbar","top","workflowInfoTD","workflowTableTD"],["Label_Tabel_Workflow_Info","Label_Tabel_Workflow_Info_Label_Btn_","Label_Tabel_Workflow_Info_Label_Img__","WF_IFrame","WF_TableIFrame","att_xtable_cmFeeConferenceExpensePicture","att_xtable_cmFeeConferenceExpenseSignInForm","att_xtable_cmFeeConferenceExpenseSummaryReport","attachmentObject_cmFeeConferenceExpensePicture_content_div","attachmentObject_cmFeeConferenceExpenseSignInForm_content_div","attachmentObject_cmFeeConferenceExpenseSummaryReport_content_div","cmBaseCompanyName_id","cmBaseCustomerInfoCode_id","cmFeeConferenceApplyUrl","docStatus","fcbafdcfddebaf","fdFlowDescription","feafcacfca","ffbfaedcaee","flowGraphic","flowGraphicShowCheckbox","flowLogTableTD","historyInfoTableIframe","historyInfoTableTD","historyTableTR","lbpm_highLevelTab","lui-id-","nodeCanViewCurNodeTR","otherCanViewCurNodeTR","process_review_tabcontent","showDetails","sysWfBusinessForm.canStartProcess","sysWfBusinessForm.fdAdditionsParameterJson","sysWfBusinessForm.fdAuditNoteFdId","sysWfBusinessForm.fdCurHanderId","sysWfBusinessForm.fdCurNodeSavedXML","sysWfBusinessForm.fdCurNodeXML","sysWfBusinessForm.fdDraftorId","sysWfBusinessForm.fdDraftorName","sysWfBusinessForm.fdFlowContent","sysWfBusinessForm.fdHandlerRoleInfoIds","sysWfBusinessForm.fdHandlerRoleInfoNames","sysWfBusinessForm.fdIdentityId","sysWfBusinessForm.fdIsModify","sysWfBusinessForm.fdKey","sysWfBusinessForm.fdModelId","sysWfBusinessForm.fdModelName","sysWfBusinessForm.fdParameterJson","sysWfBusinessForm.fdProcessId","sysWfBusinessForm.fdProcessStatus","sysWfBusinessForm.fdTemplateKey","sysWfBusinessForm.fdTemplateModelName","sysWfBusinessForm.fdTranProcessXML","toolbar","top","workflowInfoTD","workflowTableTD"],["Label_Tabel_Workflow_Info","Label_Tabel_Workflow_Info_Label_Btn_","Label_Tabel_Workflow_Info_Label_Img__","SWFUpload_","WF_IFrame","WF_TableIFrame","_List_beadcbdada_Attachment_Table","_List_cmFeeConferenceExpensePicture_Attachment_Table","_List_cmFeeConferenceExpenseSignInForm_Attachment_Table","_List_cmFeeConferenceExpenseSummaryReport_Attachment_Table","__notify_type_beadebdcceabebc_sysWfBusinessForm.fdSystemNotifyType","assignmentRow","att_xtable_beadcbdada","att_xtable_cmFeeConferenceExpensePicture","att_xtable_cmFeeConferenceExpenseSignInForm","att_xtable_cmFeeConferenceExpenseSummaryReport","attachmentObject_beadcbdada_content_div","attachmentObject_cmFeeConferenceExpensePicture_content_div","attachmentObject_cmFeeConferenceExpenseSignInForm_content_div","attachmentObject_cmFeeConferenceExpenseSummaryReport_content_div","changeProcessorDIV","checkChangeFlowTR","cmBaseConferenceTypeName_div","cmBaseCustomerInfoCode_div","cmBaseUnionActivityName_div","cmFeeConferenceApplyUrl","cmStorefrontStoreTypeName_div","currentNodeDescription","dayOfNotifyDrafter","descriptionRow","dialog_iframe","fcbafdcfddebaf","fdApproveMoney_div","fdBindMoney_div","fdConferenceDistributor_div","fdConferenceLinkman_div","fdConferenceTel_div","fdCooperativeBrand_div","fdFlowDescription","fdOpenStoreName_div","fdOtherConferenceName_div","fdReceiptAddr_div","fdReceiptTel_div","feafcacfca","ffbfaedcaee","flowGraphic","flowGraphicShowCheckbox","flowLogTableTD","handlerIdentityRow","handlerShowNames[]","historyInfoTableTD","historyTableTR","hourOfNotifyDrafter","lbpm_highLevelTab","lui-id-","manualBranchNodeRow","manualNodeSelectTD","minuteOfNotifyDrafter","modifyFlowDIV","nextNodeName[]","nextNodeTD","nodeCanViewCurNodeTR","notifyDraftOnFinish","notifyLevelRow","notifyLevelTD","notifyTypeRow","operationMethodsGroup","operationMethodsRow","optionButtons","otherCanViewCurNodeTR","process_review_tabcontent","showDetails","sysWfBusinessForm.canStartProcess","sysWfBusinessForm.fdAdditionsParameterJson","sysWfBusinessForm.fdAuditNoteFdId","sysWfBusinessForm.fdCurHanderId","sysWfBusinessForm.fdCurNodeSavedXML","sysWfBusinessForm.fdCurNodeXML","sysWfBusinessForm.fdDraftorId","sysWfBusinessForm.fdDraftorName","sysWfBusinessForm.fdFlowContent","sysWfBusinessForm.fdHandlerRoleInfoIds","sysWfBusinessForm.fdHandlerRoleInfoNames","sysWfBusinessForm.fdIdentityId","sysWfBusinessForm.fdIsModify","sysWfBusinessForm.fdKey","sysWfBusinessForm.fdModelId","sysWfBusinessForm.fdModelName","sysWfBusinessForm.fdParameterJson","sysWfBusinessForm.fdProcessId","sysWfBusinessForm.fdProcessStatus","sysWfBusinessForm.fdTemplateKey","sysWfBusinessForm.fdTemplateModelName","sysWfBusinessForm.fdTranProcessXML","systemNotifyTypeTD","toolbar","top","workflowInfoTD","workflowTableTD"],["Label_Tabel_Workflow_Info","Label_Tabel_Workflow_Info_Label_Btn_","Label_Tabel_Workflow_Info_Label_Img__","SWFUpload_","WF_IFrame","WF_TableIFrame","_List_beadcbdada_Attachment_Table","_List_cmFeeConferenceExpensePicture_Attachment_Table","_List_cmFeeConferenceExpenseSignInForm_Attachment_Table","_List_cmFeeConferenceExpenseSummaryReport_Attachment_Table","__notify_type_beadebdcceabebc_sysWfBusinessForm.fdSystemNotifyType","assignmentRow","att_xtable_beadcbdada","att_xtable_cmFeeConferenceExpensePicture","att_xtable_cmFeeConferenceExpenseSignInForm","att_xtable_cmFeeConferenceExpenseSummaryReport","attachmentObject_beadcbdada_content_div","attachmentObject_cmFeeConferenceExpensePicture_content_div","attachmentObject_cmFeeConferenceExpenseSignInForm_content_div","attachmentObject_cmFeeConferenceExpenseSummaryReport_content_div","changeProcessorDIV","checkChangeFlowTR","cmBaseConferenceTypeName_div","cmBaseCustomerInfoCode_div","cmBaseUnionActivityName_div","cmFeeConferenceApplyUrl","cmStorefrontStoreTypeName_div","currentNodeDescription","dayOfNotifyDrafter","descriptionRow","fcbafdcfddebaf","fdApproveMoney_div","fdBindMoney_div","fdConferenceDistributor_div","fdConferenceLinkman_div","fdConferenceTel_div","fdCooperativeBrand_div","fdFlowDescription","fdOpenStoreName_div","fdOtherConferenceName_div","fdReceiptAddr_div","fdReceiptTel_div","feafcacfca","ffbfaedcaee","flowGraphic","flowGraphicShowCheckbox","flowLogTableTD","handlerIdentityRow","handlerShowNames[]","historyInfoTableTD","historyTableTR","hourOfNotifyDrafter","lbpm_highLevelTab","lui-id-","manualBranchNodeRow","manualNodeSelectTD","minuteOfNotifyDrafter","modifyFlowDIV","nextNodeName[]","nextNodeTD","nodeCanViewCurNodeTR","notifyDraftOnFinish","notifyLevelRow","notifyLevelTD","notifyTypeRow","operationMethodsGroup","operationMethodsRow","optionButtons","otherCanViewCurNodeTR","process_review_tabcontent","showDetails","sysWfBusinessForm.canStartProcess","sysWfBusinessForm.fdAdditionsParameterJson","sysWfBusinessForm.fdAuditNoteFdId","sysWfBusinessForm.fdCurHanderId","sysWfBusinessForm.fdCurNodeSavedXML","sysWfBusinessForm.fdCurNodeXML","sysWfBusinessForm.fdDraftorId","sysWfBusinessForm.fdDraftorName","sysWfBusinessForm.fdFlowContent","sysWfBusinessForm.fdHandlerRoleInfoIds","sysWfBusinessForm.fdHandlerRoleInfoNames","sysWfBusinessForm.fdIdentityId","sysWfBusinessForm.fdIsModify","sysWfBusinessForm.fdKey","sysWfBusinessForm.fdModelId","sysWfBusinessForm.fdModelName","sysWfBusinessForm.fdParameterJson","sysWfBusinessForm.fdProcessId","sysWfBusinessForm.fdProcessStatus","sysWfBusinessForm.fdTemplateKey","sysWfBusinessForm.fdTemplateModelName","sysWfBusinessForm.fdTranProcessXML","systemNotifyTypeTD","toolbar","top","workflowInfoTD","workflowTableTD"],["Label_Tabel_Workflow_Info","Label_Tabel_Workflow_Info_Label_Btn_","Label_Tabel_Workflow_Info_Label_Img__","WF_IFrame","WF_TableIFrame","att_xtable_cmFeeConferenceExpensePicture","att_xtable_cmFeeConferenceExpenseSignInForm","att_xtable_cmFeeConferenceExpenseSummaryReport","att_xtable_fdConferenceFeeItems","attachmentObject_cmFeeConferenceExpensePicture_content_div","attachmentObject_cmFeeConferenceExpenseSignInForm_content_div","attachmentObject_cmFeeConferenceExpenseSummaryReport_content_div","attachmentObject_fdConferenceFeeItems_content_div","cmBaseCompanyName_id","cmBaseCustomerInfoCode_id","cmFeeConferenceApplyUrl","docStatus","efacabfeda","efacbbbebed","efaccbdfdffbef","efacecdabcafc","efaceebbafedaf","efaceefbfdc","fdFlowDescription","flowGraphic","flowGraphicShowCheckbox","flowLogTableTD","historyInfoTableIframe","historyInfoTableTD","historyTableTR","lui-id-","process_review_tabcontent","showDetails","sysWfBusinessForm.canStartProcess","sysWfBusinessForm.fdAdditionsParameterJson","sysWfBusinessForm.fdAuditNoteFdId","sysWfBusinessForm.fdCurHanderId","sysWfBusinessForm.fdCurNodeSavedXML","sysWfBusinessForm.fdCurNodeXML","sysWfBusinessForm.fdDraftorId","sysWfBusinessForm.fdDraftorName","sysWfBusinessForm.fdFlowContent","sysWfBusinessForm.fdHandlerRoleInfoIds","sysWfBusinessForm.fdHandlerRoleInfoNames","sysWfBusinessForm.fdIdentityId","sysWfBusinessForm.fdIsModify","sysWfBusinessForm.fdKey","sysWfBusinessForm.fdModelId","sysWfBusinessForm.fdModelName","sysWfBusinessForm.fdParameterJson","sysWfBusinessForm.fdProcessId","sysWfBusinessForm.fdProcessStatus","sysWfBusinessForm.fdTemplateKey","sysWfBusinessForm.fdTemplateModelName","sysWfBusinessForm.fdTranProcessXML","toolbar","top","workflowInfoTD","workflowTableTD"]]}},"page/classes":{"contexts":{"context4_aUp8VQ":[["btnlabel","clearfloat","lui-component","lui_form_baseinfo","lui_form_content_frame","lui_form_subject","lui_form_title_frame","lui_panel_content_inside","lui_portlet_operations","lui_tabpage_float_content","lui_tabpage_float_content_c","lui_tabpage_float_content_l","lui_tabpage_float_content_r","lui_tabpage_float_contents","lui_tabpage_float_footer_c","lui_tabpage_float_footer_l","lui_tabpage_float_footer_r","lui_tabpage_float_header_c","lui_tabpage_float_header_close","lui_tabpage_float_header_l","lui_tabpage_float_header_r","lui_tabpage_float_header_text","lui_tabpage_float_header_title","lui_tabpage_float_nav_item","lui_tabpage_float_nav_item_c","lui_tabpage_float_nav_item_l","lui_tabpage_float_nav_item_r","lui_tabpage_float_navs","lui_tabpage_float_navs_c","lui_tabpage_float_navs_l","lui_tabpage_float_navs_mark","lui_tabpage_float_navs_r","lui_tabpage_frame","lui_toolbar_btn","lui_toolbar_btn_c","lui_toolbar_btn_l","lui_toolbar_btn_r","lui_toolbar_content","lui_toolbar_frame_float","lui_toolbar_frame_float_mark","lui_toolbar_left","lui_toolbar_right","lui_widget_btn","lui_widget_btn_txt","nodeinfo_box","process_review_panel","selected","tb_label","tb_noborder","tb_normal","td_label","td_normal_title","tr_normal_title"],["btnlabel","clearfloat","com_author","com_btn_link","com_goto","com_gototop","lui-component","lui_form_baseinfo","lui_form_content_frame","lui_form_subject","lui_form_title_frame","lui_panel_content_inside","lui_portlet_operations","lui_tabpage_float_content","lui_tabpage_float_content_c","lui_tabpage_float_content_l","lui_tabpage_float_content_r","lui_tabpage_float_contents","lui_tabpage_float_footer_c","lui_tabpage_float_footer_l","lui_tabpage_float_footer_r","lui_tabpage_float_header_c","lui_tabpage_float_header_close","lui_tabpage_float_header_l","lui_tabpage_float_header_r","lui_tabpage_float_header_text","lui_tabpage_float_header_title","lui_tabpage_float_nav_item","lui_tabpage_float_nav_item_c","lui_tabpage_float_nav_item_l","lui_tabpage_float_nav_item_r","lui_tabpage_float_navs","lui_tabpage_float_navs_c","lui_tabpage_float_navs_l","lui_tabpage_float_navs_mark","lui_tabpage_float_navs_r","lui_tabpage_frame","lui_toolbar_btn","lui_toolbar_btn_c","lui_toolbar_btn_l","lui_toolbar_btn_r","lui_toolbar_content","lui_toolbar_frame_float","lui_toolbar_frame_float_mark","lui_toolbar_left","lui_toolbar_right","lui_widget_btn","lui_widget_btn_txt","nodeinfo_box","process_review_button","process_review_content","process_review_panel","selected","swfupload","swfuploadbutton","swfuploadtext","tb_label","tb_noborder","tb_normal","td_label","td_normal_title","tr_normal_title","upload_list_filename_view","upload_list_icon","upload_list_operation","upload_list_size","upload_list_tr","upload_opt_down","upload_opt_view","uploadinfotext"],["btnlabel","clearfloat","clr","com_ap_bar_bottom","com_ap_bar_centre","com_approval_bar","com_author","com_btn_link","com_goto","com_gototop","com_help","fdInvoiceMoneyDiv","input","inputSgl","inputselectsgl","lui-component","lui_dialog_bottomC","lui_dialog_bottomL","lui_dialog_bottomR","lui_dialog_buttons","lui_dialog_centerC","lui_dialog_centerL","lui_dialog_centerR","lui_dialog_container","lui_dialog_content","lui_dialog_frame","lui_dialog_head","lui_dialog_headL","lui_dialog_headR","lui_dialog_head_left","lui_dialog_head_right","lui_form_baseinfo","lui_form_content_frame","lui_form_subject","lui_form_title_frame","lui_panel_content_inside","lui_portlet_operations","lui_tabpage_float_content","lui_tabpage_float_content_c","lui_tabpage_float_content_l","lui_tabpage_float_content_r","lui_tabpage_float_contents","lui_tabpage_float_footer_c","lui_tabpage_float_footer_l","lui_tabpage_float_footer_r","lui_tabpage_float_header_c","lui_tabpage_float_header_close","lui_tabpage_float_header_l","lui_tabpage_float_header_r","lui_tabpage_float_header_text","lui_tabpage_float_header_title","lui_tabpage_float_nav_item","lui_tabpage_float_nav_item_c","lui_tabpage_float_nav_item_l","lui_tabpage_float_nav_item_r","lui_tabpage_float_navs","lui_tabpage_float_navs_c","lui_tabpage_float_navs_l","lui_tabpage_float_navs_mark","lui_tabpage_float_navs_r","lui_tabpage_frame","lui_toolbar_btn","lui_toolbar_btn_c","lui_toolbar_btn_l","lui_toolbar_btn_r","lui_toolbar_content","lui_toolbar_frame_float","lui_toolbar_frame_float_mark","lui_toolbar_left","lui_toolbar_right","lui_widget_btn","lui_widget_btn_txt","nodeinfo_box","orgelement","process_review_button","process_review_content","process_review_panel","selected","swfupload","swfuploadbutton","swfuploadtext","tb_label","tb_noborder","tb_normal","td_label","td_normal_title","tr_normal_title","txtstrong","upload_list_filename_view","upload_list_icon","upload_list_operation","upload_list_size","upload_list_tr","upload_opt_down","upload_opt_view","uploadinfotext"],["btnlabel","clearfloat","com_btn_link","com_goto","com_gototop","lui-component","lui_form_baseinfo","lui_form_content_frame","lui_form_subject","lui_form_title_frame","lui_icon_s","lui_icon_s_more_float","lui_panel_content_inside","lui_popup_border_content","lui_portlet_operations","lui_tabpage_float_content","lui_tabpage_float_content_c","lui_tabpage_float_content_l","lui_tabpage_float_content_r","lui_tabpage_float_contents","lui_tabpage_float_footer_c","lui_tabpage_float_footer_l","lui_tabpage_float_footer_r","lui_tabpage_float_header_c","lui_tabpage_float_header_close","lui_tabpage_float_header_l","lui_tabpage_float_header_r","lui_tabpage_float_header_text","lui_tabpage_float_header_title","lui_tabpage_float_nav_item","lui_tabpage_float_nav_item_c","lui_tabpage_float_nav_item_l","lui_tabpage_float_nav_item_r","lui_tabpage_float_navs","lui_tabpage_float_navs_c","lui_tabpage_float_navs_l","lui_tabpage_float_navs_mark","lui_tabpage_float_navs_r","lui_tabpage_frame","lui_toolbar_btn","lui_toolbar_btn_c","lui_toolbar_btn_l","lui_toolbar_btn_r","lui_toolbar_content","lui_toolbar_frame_float","lui_toolbar_frame_float_mark","lui_toolbar_frame_ver_float","lui_toolbar_left","lui_toolbar_popup_float","lui_toolbar_right","lui_widget_btn","lui_widget_btn_icon","lui_widget_btn_txt","nodeinfo_box","process_review_panel","selected","tb_label","tb_noborder","tb_normal","td_label","td_normal_title","tr_normal_title","upload_list_filename_view","upload_list_icon","upload_list_operation","upload_list_size","upload_list_tr","upload_opt_down","upload_opt_view"],["StoreHidden","activityHidden","bind_money_class","btnlabel","clearfloat","clr","com_btn_link","com_goto","com_gototop","com_help","handlerNamesLabel","input","inputMul","inputSgl","inputdatetime","inputselectsgl","inputsgl","lbpmNextRouteInfoRow","lui-component","lui_dialog_bottomC","lui_dialog_bottomL","lui_dialog_bottomR","lui_dialog_buttons","lui_dialog_centerC","lui_dialog_centerL","lui_dialog_centerR","lui_dialog_container","lui_dialog_content","lui_dialog_frame","lui_dialog_head","lui_dialog_headL","lui_dialog_headR","lui_dialog_head_left","lui_dialog_head_right","lui_form_content_frame","lui_panel_content_inside","lui_portlet_operations","lui_tabpage_float_content","lui_tabpage_float_content_c","lui_tabpage_float_content_l","lui_tabpage_float_content_r","lui_tabpage_float_contents","lui_tabpage_float_footer_c","lui_tabpage_float_footer_l","lui_tabpage_float_footer_r","lui_tabpage_float_header_c","lui_tabpage_float_header_close","lui_tabpage_float_header_l","lui_tabpage_float_header_r","lui_tabpage_float_header_text","lui_tabpage_float_header_title","lui_tabpage_float_nav_item","lui_tabpage_float_nav_item_c","lui_tabpage_float_nav_item_l","lui_tabpage_float_nav_item_r","lui_tabpage_float_navs","lui_tabpage_float_navs_c","lui_tabpage_float_navs_l","lui_tabpage_float_navs_mark","lui_tabpage_float_navs_r","lui_tabpage_frame","lui_toolbar_btn","lui_toolbar_btn_c","lui_toolbar_btn_l","lui_toolbar_btn_r","lui_toolbar_content","lui_toolbar_frame_float","lui_toolbar_frame_float_mark","lui_toolbar_left","lui_toolbar_right","lui_widget_btn","lui_widget_btn_txt","nodeinfo_box","other_conference_class","process_review_panel","selected","selectitem","swfupload","swfuploadbutton","swfuploadtext","tb_label","tb_noborder","tb_normal","td_label","td_normal_title","tr_normal_title","txtstrong","txttitle","upload_list_filename_edit","upload_list_icon","upload_list_operation","upload_list_progress_img","upload_list_progress_text","upload_list_size","upload_list_status","upload_list_tr","upload_opt_down","upload_opt_view","upload_status","uploadinfotext"],["StoreHidden","activityHidden","bind_money_class","btnlabel","clearfloat","clr","com_btn_link","com_goto","com_gototop","com_help","handlerNamesLabel","input","inputMul","inputSgl","inputdatetime","inputselectsgl","inputsgl","lbpmNextRouteInfoRow","lui-component","lui_dialog_bottomC","lui_dialog_bottomL","lui_dialog_bottomR","lui_dialog_buttons_container","lui_dialog_centerC","lui_dialog_centerL","lui_dialog_centerR","lui_dialog_common_buttons","lui_dialog_common_content_inside","lui_dialog_common_content_right","lui_dialog_container","lui_dialog_content_question","lui_dialog_frame","lui_dialog_head","lui_dialog_headL","lui_dialog_headR","lui_dialog_head_left","lui_dialog_head_right","lui_form_content_frame","lui_panel_content_inside","lui_portlet_operations","lui_tabpage_float_content","lui_tabpage_float_content_c","lui_tabpage_float_content_l","lui_tabpage_float_content_r","lui_tabpage_float_contents","lui_tabpage_float_footer_c","lui_tabpage_float_footer_l","lui_tabpage_float_footer_r","lui_tabpage_float_header_c","lui_tabpage_float_header_close","lui_tabpage_float_header_l","lui_tabpage_float_header_r","lui_tabpage_float_header_text","lui_tabpage_float_header_title","lui_tabpage_float_nav_item","lui_tabpage_float_nav_item_c","lui_tabpage_float_nav_item_l","lui_tabpage_float_nav_item_r","lui_tabpage_float_navs","lui_tabpage_float_navs_c","lui_tabpage_float_navs_l","lui_tabpage_float_navs_mark","lui_tabpage_float_navs_r","lui_tabpage_frame","lui_toolbar_btn","lui_toolbar_btn_c","lui_toolbar_btn_def","lui_toolbar_btn_gray","lui_toolbar_btn_l","lui_toolbar_btn_r","lui_toolbar_content","lui_toolbar_frame_float","lui_toolbar_frame_float_mark","lui_toolbar_left","lui_toolbar_right","lui_widget_btn","lui_widget_btn_txt","nodeinfo_box","other_conference_class","process_review_panel","selected","selectitem","swfupload","swfuploadbutton","swfuploadtext","tb_label","tb_noborder","tb_normal","td_label","td_normal_title","tr_normal_title","txtstrong","txttitle","upload_list_filename_edit","upload_list_icon","upload_list_operation","upload_list_progress_img","upload_list_progress_text","upload_list_size","upload_list_status","upload_list_tr","upload_opt_down","upload_opt_view","upload_status","uploadinfotext"],["btnlabel","clearfloat","com_goto","com_gototop","fdInvoiceMoneyDiv","lui-component","lui_form_baseinfo","lui_form_content_frame","lui_form_subject","lui_form_title_frame","lui_panel_content_inside","lui_portlet_operations","lui_tabpage_float_content","lui_tabpage_float_content_c","lui_tabpage_float_content_l","lui_tabpage_float_content_r","lui_tabpage_float_contents","lui_tabpage_float_footer_c","lui_tabpage_float_footer_l","lui_tabpage_float_footer_r","lui_tabpage_float_header_c","lui_tabpage_float_header_close","lui_tabpage_float_header_l","lui_tabpage_float_header_r","lui_tabpage_float_header_text","lui_tabpage_float_header_title","lui_tabpage_float_nav_item","lui_tabpage_float_nav_item_c","lui_tabpage_float_nav_item_l","lui_tabpage_float_nav_item_r","lui_tabpage_float_navs","lui_tabpage_float_navs_c","lui_tabpage_float_navs_l","lui_tabpage_float_navs_mark","lui_tabpage_float_navs_r","lui_tabpage_frame","lui_toolbar_btn","lui_toolbar_btn_c","lui_toolbar_btn_l","lui_toolbar_btn_r","lui_toolbar_content","lui_toolbar_frame_float","lui_toolbar_frame_float_mark","lui_toolbar_left","lui_toolbar_right","lui_widget_btn","lui_widget_btn_txt","nodeinfo_box","process_review_panel","selected","tb_label","tb_noborder","tb_normal","td_label","td_normal_title","tr_normal_title","upload_list_filename_view","upload_list_icon","upload_list_operation","upload_list_size","upload_list_tr","upload_opt_batchdown","upload_opt_down","upload_opt_edit","upload_opt_print","upload_opt_td","upload_opt_view"]]}},"page/tagTriplets":{"contexts":{"context4_aUp8VQ":[["-/-/DIV","-/-/FORM","-/-/SCRIPT","-/DIV/DIV","-/FORM/DIV","DIV/DIV/DIV","DIV/DIV/IFRAME","DIV/DIV/INPUT-hidden","DIV/DIV/LINK","DIV/DIV/SCRIPT","DIV/DIV/TABLE","DIV/TABLE/TBODY","FORM/DIV/DIV","FORM/DIV/TABLE","TABLE/TBODY/SCRIPT","TABLE/TBODY/TR","TBODY/TR/TD","TD/DIV/A","TD/DIV/DIV","TD/DIV/TABLE","TD/LABEL/INPUT-checkbox","TD/NOBR/IMG","TD/NOBR/INPUT-button","TD/TABLE/TBODY","TR/TD/DIV","TR/TD/IFRAME","TR/TD/INPUT-hidden","TR/TD/LABEL","TR/TD/LINK","TR/TD/NOBR","TR/TD/SCRIPT","TR/TD/SPAN","TR/TD/TABLE"],["-/-/DIV","-/-/FORM","-/-/SCRIPT","-/DIV/DIV","-/FORM/DIV","DIV/DIV/DIV","DIV/DIV/IFRAME","DIV/DIV/INPUT-hidden","DIV/DIV/LINK","DIV/DIV/OBJECT","DIV/DIV/SCRIPT","DIV/DIV/TABLE","DIV/OBJECT/PARAM","DIV/TABLE/TBODY","FORM/DIV/DIV","FORM/DIV/TABLE","TABLE/TBODY/SCRIPT","TABLE/TBODY/TR","TBODY/TR/TD","TD/DIV/A","TD/DIV/DIV","TD/DIV/INPUT-hidden","TD/DIV/TABLE","TD/LABEL/INPUT-checkbox","TD/LABEL/INPUT-radio","TD/LABEL/SPAN","TD/NOBR/IMG","TD/NOBR/INPUT-button","TD/SELECT/OPTION","TD/TABLE/TBODY","TR/TD/A","TR/TD/DIV","TR/TD/IFRAME","TR/TD/IMG","TR/TD/INPUT-button","TR/TD/INPUT-hidden","TR/TD/LABEL","TR/TD/LINK","TR/TD/NOBR","TR/TD/SCRIPT","TR/TD/SELECT","TR/TD/SPAN","TR/TD/TABLE","TR/TD/TEXTAREA"],["-/-/DIV","-/-/FORM","-/-/SCRIPT","-/DIV/DIV","-/DIV/IFRAME","-/FORM/DIV","DIV/DIV/DIV","DIV/DIV/IFRAME","DIV/DIV/INPUT-hidden","DIV/DIV/INPUT-text","DIV/DIV/LINK","DIV/DIV/OBJECT","DIV/DIV/SCRIPT","DIV/DIV/SPAN","DIV/DIV/TABLE","DIV/NOBR/LABEL","DIV/OBJECT/PARAM","DIV/TABLE/TBODY","FORM/DIV/DIV","FORM/DIV/TABLE","NOBR/LABEL/INPUT-radio","TABLE/TBODY/SCRIPT","TABLE/TBODY/TR","TBODY/TR/TD","TD/DIV/A","TD/DIV/DIV","TD/DIV/INPUT-hidden","TD/DIV/NOBR","TD/DIV/TABLE","TD/LABEL/A","TD/LABEL/INPUT-checkbox","TD/LABEL/INPUT-radio","TD/LABEL/SPAN","TD/NOBR/IMG","TD/NOBR/INPUT-button","TD/SELECT/OPTION","TD/TABLE/TBODY","TR/TD/A","TR/TD/BR","TR/TD/DIV","TR/TD/IFRAME","TR/TD/IMG","TR/TD/INPUT-button","TR/TD/INPUT-hidden","TR/TD/LABEL","TR/TD/LINK","TR/TD/NOBR","TR/TD/SCRIPT","TR/TD/SELECT","TR/TD/SPAN","TR/TD/TABLE","TR/TD/TEXTAREA"],["-/-/DIV","-/-/FORM","-/-/SCRIPT","-/DIV/DIV","-/FORM/DIV","DIV/DIV/DIV","DIV/DIV/IFRAME","DIV/DIV/INPUT-hidden","DIV/DIV/LINK","DIV/DIV/SCRIPT","DIV/DIV/TABLE","DIV/TABLE/TBODY","FORM/DIV/DIV","FORM/DIV/TABLE","TABLE/TBODY/SCRIPT","TABLE/TBODY/TR","TBODY/TR/TD","TD/DIV/A","TD/DIV/DIV","TD/DIV/TABLE","TD/LABEL/INPUT-checkbox","TD/NOBR/IMG","TD/NOBR/INPUT-button","TD/TABLE/TBODY","TR/TD/A","TR/TD/DIV","TR/TD/IFRAME","TR/TD/IMG","TR/TD/INPUT-hidden","TR/TD/LABEL","TR/TD/LINK","TR/TD/NOBR","TR/TD/SCRIPT","TR/TD/SPAN","TR/TD/TABLE","TR/TD/TEXTAREA"],["-/-/DIV","-/-/FORM","-/-/SCRIPT","-/DIV/DIV","-/DIV/IFRAME","-/FORM/DIV","-/FORM/INPUT-hidden","DIV/DIV/DIV","DIV/DIV/IFRAME","DIV/DIV/INPUT-hidden","DIV/DIV/INPUT-text","DIV/DIV/LINK","DIV/DIV/OBJECT","DIV/DIV/P","DIV/DIV/SCRIPT","DIV/DIV/TABLE","DIV/LABEL/B","DIV/NOBR/LABEL","DIV/OBJECT/PARAM","DIV/TABLE/TBODY","FORM/DIV/DIV","FORM/DIV/INPUT-hidden","FORM/DIV/SCRIPT","FORM/DIV/TABLE","NOBR/LABEL/INPUT-radio","TABLE/TBODY/SCRIPT","TABLE/TBODY/TR","TBODY/TR/TD","TD/DIV/A","TD/DIV/DIV","TD/DIV/INPUT-hidden","TD/DIV/INPUT-text","TD/DIV/LABEL","TD/DIV/NOBR","TD/DIV/TABLE","TD/LABEL/A","TD/LABEL/INPUT-checkbox","TD/LABEL/INPUT-radio","TD/LABEL/SPAN","TD/NOBR/IMG","TD/NOBR/INPUT-button","TD/SELECT/OPTION","TD/TABLE/TBODY","TR/TD/A","TR/TD/BR","TR/TD/DIV","TR/TD/IFRAME","TR/TD/IMG","TR/TD/INPUT-hidden","TR/TD/INPUT-text","TR/TD/LABEL","TR/TD/LINK","TR/TD/NOBR","TR/TD/SCRIPT","TR/TD/SELECT","TR/TD/SPAN","TR/TD/TABLE","TR/TD/TEXTAREA"],["-/-/DIV","-/-/FORM","-/-/SCRIPT","-/DIV/DIV","-/FORM/DIV","DIV/DIV/DIV","DIV/DIV/IFRAME","DIV/DIV/INPUT-hidden","DIV/DIV/LINK","DIV/DIV/SCRIPT","DIV/DIV/TABLE","DIV/TABLE/TBODY","FORM/DIV/DIV","FORM/DIV/TABLE","TABLE/TBODY/SCRIPT","TABLE/TBODY/TR","TBODY/TR/TD","TD/DIV/A","TD/DIV/DIV","TD/DIV/TABLE","TD/LABEL/INPUT-checkbox","TD/NOBR/IMG","TD/NOBR/INPUT-button","TD/TABLE/TBODY","TR/TD/DIV","TR/TD/IFRAME","TR/TD/IMG","TR/TD/INPUT-hidden","TR/TD/LABEL","TR/TD/LINK","TR/TD/NOBR","TR/TD/SCRIPT","TR/TD/SPAN","TR/TD/TABLE"]]}}}}