{
  "version": "0.1",
  "id": "kaedit",
  "targetURL": "http://oa.sec.com.cn/lks/koa/html/kaedit.htm",
  "jsFile": "index.js",
  "chineseName": "添加关联流程",
  "description": "",
  "controls": {
    "control153_SUJbOS": {
      "location": {
        "data": {
          "tagName": "SPAN"
        },
        "userData": {
          "data": [],
          "force": false
        },
        "locators": [
          {
            "id": "@class/word",
            "prob": 1,
            "ordinal": [
              0,
              4
            ],
            "value": "SPAN.bu2"
          },
          {
            "id": "path/ordinal",
            "prob": 1,
            "value": "/HTML[1]/BODY[1]/FORM[1]/SPAN[1]"
          },
          {
            "id": "elderLevel",
            "value": {
              "level": 0
            }
          }
        ]
      },
      "intendedRole": "fragment",
      "roles": "element,fragment",
      "monitored": false,
      "frameXPath": "",
      "componentType": "fragment"
    },
    "control154_7taOXg": {
      "location": {
        "data": {
          "tagName": "SPAN"
        },
        "userData": {
          "data": [],
          "force": false
        },
        "locators": [
          {
            "id": "@class/word",
            "prob": 1,
            "ordinal": [
              1,
              4
            ],
            "value": "SPAN.bu2"
          },
          {
            "id": "path/ordinal",
            "prob": 1,
            "value": "/HTML[1]/BODY[1]/FORM[1]/SPAN[2]"
          },
          {
            "id": "elderLevel",
            "value": {
              "level": 0
            }
          }
        ]
      },
      "intendedRole": "fragment",
      "roles": "element,fragment",
      "monitored": false,
      "frameXPath": "",
      "componentType": "fragment"
    },
    "control155_lypP98": {
      "location": {
        "data": {
          "tagName": "SPAN"
        },
        "userData": {
          "data": [],
          "force": false
        },
        "locators": [
          {
            "id": "@class/word",
            "prob": 1,
            "ordinal": [
              2,
              4
            ],
            "value": "SPAN.bu2"
          },
          {
            "id": "path/ordinal",
            "prob": 1,
            "value": "/HTML[1]/BODY[1]/FORM[1]/SPAN[3]"
          },
          {
            "id": "elderLevel",
            "value": {
              "level": 0
            }
          }
        ]
      },
      "intendedRole": "fragment",
      "roles": "element,fragment",
      "monitored": false,
      "frameXPath": "",
      "componentType": "fragment"
    },
    "control156_BqxsrM": {
      "location": {
        "data": {
          "tagName": "SPAN"
        },
        "userData": {
          "data": [],
          "force": false
        },
        "locators": [
          {
            "id": "@class/word",
            "prob": 1,
            "ordinal": [
              3,
              4
            ],
            "value": "SPAN.bu2"
          },
          {
            "id": "path/ordinal",
            "prob": 1,
            "value": "/HTML[1]/BODY[1]/FORM[1]/SPAN[4]"
          },
          {
            "id": "elderLevel",
            "value": {
              "level": 0
            }
          }
        ]
      },
      "intendedRole": "fragment",
      "roles": "element,fragment",
      "monitored": false,
      "frameXPath": "",
      "componentType": "fragment"
    },
    "control157_paoU5m": {
      "location": {
        "data": {
          "tagName": "TD"
        },
        "userData": {
          "data": [],
          "force": false
        },
        "locators": [
          {
            "id": "@class/word",
            "prob": 1,
            "ordinal": [
              0,
              2
            ],
            "value": "TD.tdmsg"
          },
          {
            "id": "path/ordinal",
            "prob": 1,
            "value": "/HTML[1]/BODY[1]/FORM[1]/TABLE[1]/TBODY[1]/TR[1]/TD[1]"
          },
          {
            "id": "elderLevel",
            "value": {
              "level": 0
            }
          }
        ]
      },
      "intendedRole": "fragment",
      "roles": "element,fragment",
      "monitored": false,
      "frameXPath": "",
      "componentType": "fragment"
    },
    "control158_cV2xs7": {
      "location": {
        "data": {
          "tagName": "TEXTAREA"
        },
        "userData": {
          "data": [],
          "force": false
        },
        "locators": [
          {
            "id": "@id/word",
            "prob": 3,
            "value": "descendant::TEXTAREA[@id=\"F_KADocsPath\"]"
          },
          {
            "id": "@class/word",
            "prob": 1,
            "value": "TD.tdmsg TEXTAREA"
          },
          {
            "id": "path/ordinal",
            "prob": 1,
            "value": "/HTML[1]/BODY[1]/FORM[1]/TABLE[1]/TBODY[1]/TR[1]/TD[2]/TEXTAREA[1]"
          },
          {
            "id": "elderLevel",
            "value": {
              "level": 0
            }
          }
        ]
      },
      "intendedRole": "textbox",
      "roles": "element,textbox",
      "monitored": true,
      "frameXPath": "",
      "componentType": "textbox"
    },
    "control150_4Qtu8N": {
      "location": {
        "data": {
          "tagName": "INPUT"
        },
        "userData": {
          "data": [],
          "force": false
        },
        "locators": [
          {
            "id": "input/button/@value",
            "prob": 3,
            "value": {
              "text": [
                "确定"
              ]
            }
          },
          {
            "id": "elem/@name",
            "prob": 2,
            "value": "descendant::INPUT[@name=\"buOK\"]"
          },
          {
            "id": "@class/word",
            "prob": 1,
            "ordinal": [
              0,
              2
            ],
            "value": "INPUT.bu"
          },
          {
            "id": "path/ordinal",
            "prob": 1,
            "value": "/HTML[1]/BODY[1]/FORM[1]/TABLE[1]/TBODY[1]/TR[2]/TD[2]/CENTER[1]/INPUT[1]"
          },
          {
            "id": "input/type",
            "verifyEnabled": true,
            "value": "button"
          }
        ]
      },
      "events": {
        "onGetData": "getData_control150_4Qtu8N"
      },
      "intendedRole": "custom",
      "roles": "element,button,custom",
      "monitored": true,
      "frameXPath": "",
      "componentType": "custom"
    },
    "control161_XJreP7": {
      "location": {
        "data": {
          "tagName": "DIV"
        },
        "userData": {
          "data": [],
          "force": false
        },
        "locators": [
          {
            "id": "@id/word",
            "prob": 3,
            "value": "descendant::DIV[@id=\"kaedit\"]"
          },
          {
            "id": "path/ordinal",
            "prob": 1,
            "value": "/HTML[1]/BODY[1]/DIV[1]"
          },
          {
            "id": "elderLevel",
            "value": {
              "level": 0
            }
          }
        ]
      },
      "events": {
        "onGetData": "getData_control161_XJreP7"
      },
      "intendedRole": "custom",
      "roles": "element,custom",
      "monitored": true,
      "frameXPath": "",
      "componentType": "custom"
    }
  },
  "contexts": {
    "context21_izL7hB": {
      "controls": [
        "control153_SUJbOS",
        "control154_7taOXg",
        "control155_lypP98",
        "control156_BqxsrM",
        "control157_paoU5m",
        "control158_cV2xs7",
        "control150_4Qtu8N",
        "control161_XJreP7"
      ],
      "anchors": [],
      "urlAnchor": []
    }
  },
  "flows": {
    "flow75_5GyoEV": {
      "toContexts": [
        {
          "toContextId": "context21_izL7hB"
        }
      ]
    },
    "flow103_lTRX7G": {
      "fromContextId": "context21_izL7hB",
      "fromAction": "doAction",
      "fromControlId": "control150_4Qtu8N",
      "toContexts": [
        {
          "toContextId": "context21_izL7hB"
        }
      ]
    },
    "flow104_GiI6AM": {
      "fromContextId": "context21_izL7hB",
      "fromAction": "click",
      "fromControlId": "control158_cV2xs7",
      "toContexts": [
        {
          "toContextId": "context21_izL7hB"
        }
      ]
    },
    "flow105_1nenJU": {
      "fromContextId": "context21_izL7hB",
      "fromAction": "click",
      "fromControlId": "control157_paoU5m",
      "toContexts": [
        {
          "toContextId": "context21_izL7hB"
        }
      ]
    },
    "flow106_rSmHFh": {
      "fromContextId": "context21_izL7hB",
      "fromAction": "click",
      "fromControlId": "control156_BqxsrM",
      "toContexts": [
        {
          "toContextId": "context21_izL7hB"
        }
      ]
    }
  },
  "pages": {
    "page21_FMy88v": {
      "contextId": "context21_izL7hB",
      "layout": [
        {
          "id": "uiControl178_4Qezpp",
          "controlId": "control161_XJreP7",
          "display": {
            "adapterId": "custom",
            "type": "custom",
            "adapter": {
              "templateType": "react",
              "events": {
                "onDoAction": "doAction_uiControl178_4Qezpp",
                "onGetTemplate": "getTemplate_uiControl178_4Qezpp"
              }
            }
          }
        },
        {
          "id": "uiControl167_c5fSnt",
          "display": {
            "type": "card",
            "adapterId": "card",
            "adapter": {
              "templateType": ""
            }
          },
          "layout": [
            {
              "id": "uiControl167_c5fSntheader",
              "display": {
                "type": "cardHeader",
                "text": "",
                "adapterId": "cardHeader",
                "adapter": {
                  "templateType": ""
                }
              },
              "layout": []
            },
            {
              "id": "uiControl167_c5fSntbody",
              "display": {
                "type": "cardBody",
                "adapterId": "cardBody",
                "adapter": {
                  "templateType": ""
                }
              },
              "layout": [
                {
                  "id": "uiControl168_I8nLX4",
                  "controlId": "control153_SUJbOS",
                  "display": {
                    "adapterId": "fragment",
                    "type": "fragment",
                    "adapter": {
                      "templateType": ""
                    }
                  }
                },
                {
                  "id": "uiControl169_SUJObG",
                  "controlId": "control154_7taOXg",
                  "display": {
                    "adapterId": "fragment",
                    "type": "fragment",
                    "adapter": {
                      "templateType": ""
                    }
                  }
                },
                {
                  "id": "uiControl170_7uuaCG",
                  "controlId": "control155_lypP98",
                  "display": {
                    "adapterId": "fragment",
                    "type": "fragment",
                    "adapter": {
                      "templateType": ""
                    }
                  }
                },
                {
                  "id": "uiControl171_992SAW",
                  "controlId": "control156_BqxsrM",
                  "display": {
                    "adapterId": "fragment",
                    "type": "fragment",
                    "adapter": {
                      "templateType": ""
                    }
                  }
                },
                {
                  "id": "uiControl172_clp1Dg",
                  "controlId": "control157_paoU5m",
                  "display": {
                    "adapterId": "fragment",
                    "type": "fragment",
                    "adapter": {
                      "templateType": ""
                    }
                  }
                },
                {
                  "id": "uiControl173_sUhhDn",
                  "controlId": "control158_cV2xs7",
                  "display": {
                    "adapterId": "textbox",
                    "type": "textbox",
                    "adapter": {
                      "templateType": ""
                    }
                  }
                }
              ]
            },
            {
              "id": "uiControl167_c5fSntfooter",
              "display": {
                "type": "cardFooter",
                "adapterId": "cardFooter",
                "adapter": {
                  "templateType": ""
                }
              },
              "layout": []
            }
          ]
        },
        {
          "id": "uiControl174_lfoi1f",
          "display": {
            "type": "sticky",
            "adapterId": "sticky",
            "class": "ui-footer-button",
            "adapter": {
              "templateType": ""
            }
          },
          "layout": [
            {
              "id": "uiControl174_lfoi1fbody",
              "display": {
                "type": "stickyBody",
                "adapterId": "stickyBody",
                "adapter": {
                  "templateType": ""
                }
              },
              "layout": [
                {
                  "id": "uiControl137_Wp6mwd",
                  "controlId": "control150_4Qtu8N",
                  "display": {
                    "adapterId": "custom",
                    "type": "custom",
                    "adapter": {
                      "templateType": "react",
                      "events": {
                        "onDoAction": "doAction_uiControl137_Wp6mwd",
                        "onGetTemplate": "getTemplate_uiControl137_Wp6mwd"
                      }
                    }
                  }
                }
              ]
            }
          ]
        }
      ]
    }
  },
  "matchers": {
    "page/title": {
      "contexts": {
        "context21_izL7hB": [
          "关联文档信息"
        ]
      }
    },
    "page/urls": {
      "contexts": {
        "context21_izL7hB": [
          "oa.sec.com.cn/lks/koa/html/kaedit.htm",
          "oac2.sec.com.cn/lks/koa.hbgs/html/kaedit.htm"
        ]
      }
    },
    "page/ids": {
      "contexts": {
        "context21_izL7hB": [
          [
            "F_KADocsPath"
          ],
          [
            "F_KADocsPath",
            "kaedit"
          ],
          [
            "AttachmentDiv",
            "AttachmentOCX",
            "F_AboHistoryDiv",
            "F_BodyDiv",
            "F_BodyView",
            "F_HitsDiv",
            "F_KADocsPath",
            "F_KADocsTitle",
            "F_ReadHistoryDiv",
            "F_RecHistoryDiv",
            "F_VisitorDiv",
            "FlashTemplate",
            "FlowLog_MainTable",
            "ImageAlign",
            "ImageTemplate",
            "ReviewRec",
            "ReviewSpan",
            "ReviewSpanH",
            "Sys_EsaField",
            "VWVERSIONVWROW_",
            "VW_VERSION",
            "VW_VWVERSION",
            "buLabel",
            "dLinks",
            "dealType",
            "dealType_",
            "isSF_Public",
            "labelTable",
            "lks_filemng",
            "moreImg",
            "oattach",
            "readHistory",
            "readRec",
            "readSpan",
            "readSpanH",
            "readTimes",
            "reclog",
            "reclogSpan",
            "reclogSpanH",
            "reviewDiv",
            "tb_",
            "timeStrFull_"
          ]
        ]
      }
    },
    "page/classes": {
      "contexts": {
        "context21_izL7hB": [
          [
            "bu",
            "tdmsg"
          ],
          [
            "MsoNormal",
            "MsoNormalTable",
            "TbView",
            "TrViewFirst",
            "btndoc",
            "btnmenudoc",
            "labelbg",
            "labeltb",
            "selectmenu",
            "tbbg",
            "tbmenudoc",
            "tdbg",
            "trbg"
          ]
        ]
      }
    },
    "page/tagTriplets": {
      "contexts": {
        "context21_izL7hB": [
          [
            "-/-/FORM",
            "-/-/P",
            "-/-/SCRIPT",
            "-/FORM/BR",
            "-/FORM/SPAN",
            "-/FORM/STYLE",
            "-/FORM/TABLE",
            "FORM/TABLE/TBODY",
            "TABLE/TBODY/TR",
            "TBODY/TR/TD",
            "TD/CENTER/INPUT-button",
            "TR/TD/CENTER",
            "TR/TD/TEXTAREA"
          ],
          [
            "-/-/DIV",
            "-/-/FORM",
            "-/-/P",
            "-/-/SCRIPT",
            "-/FORM/BR",
            "-/FORM/SPAN",
            "-/FORM/STYLE",
            "-/FORM/TABLE",
            "FORM/TABLE/TBODY",
            "TABLE/TBODY/TR",
            "TBODY/TR/TD",
            "TD/CENTER/INPUT-button",
            "TR/TD/CENTER",
            "TR/TD/TEXTAREA"
          ],
          [
            "-/-/FORM",
            "-/-/SCRIPT",
            "-/FORM/BR",
            "-/FORM/CENTER",
            "-/FORM/DIV",
            "-/FORM/SCRIPT",
            "-/FORM/TABLE",
            "A/B/IMG",
            "CENTER/TABLE/TBODY",
            "DIV/A/IMG",
            "DIV/B/FONT",
            "DIV/TABLE/TBODY",
            "FORM/CENTER/DIV",
            "FORM/CENTER/TABLE",
            "FORM/DIV/B",
            "FORM/TABLE/TBODY",
            "P/OBJECT/PARAM",
            "P/SPAN/O:P",
            "P/SPAN/SPAN",
            "P/TABLE/TBODY",
            "SPAN/P/BR",
            "SPAN/P/SCRIPT",
            "SPAN/SPAN/O:P",
            "TABLE/TBODY/TR",
            "TBODY/TR/TD",
            "TD/A/B",
            "TD/DIV/A",
            "TD/DIV/B",
            "TD/DIV/BR",
            "TD/DIV/FONT",
            "TD/DIV/INPUT-button",
            "TD/DIV/TABLE",
            "TD/FONT/SPAN",
            "TD/P/BR",
            "TD/P/FONT",
            "TD/P/INPUT-button",
            "TD/P/INPUT-checkbox",
            "TD/P/OBJECT",
            "TD/P/SCRIPT",
            "TD/P/SPAN",
            "TD/P/TABLE",
            "TD/SELECT/OPTION",
            "TD/SPAN/B",
            "TD/SPAN/IMG",
            "TD/SPAN/INPUT-button",
            "TD/SPAN/P",
            "TD/SPAN/TEXTAREA",
            "TD/TABLE/TBODY",
            "TR/TD/A",
            "TR/TD/B",
            "TR/TD/BR",
            "TR/TD/DIV",
            "TR/TD/FONT",
            "TR/TD/IFRAME",
            "TR/TD/IMG",
            "TR/TD/INPUT-button",
            "TR/TD/INPUT-null",
            "TR/TD/P",
            "TR/TD/SCRIPT",
            "TR/TD/SELECT",
            "TR/TD/SPAN",
            "TR/TD/STYLE",
            "TR/TD/TABLE",
            "TR/TD/TEXTAREA",
            "TR/TD/UL"
          ]
        ]
      }
    }
  }
}