{"version":"0.1","id":"login","targetURL":"https://7.carpoly.com/ekp/login.jsp;jsessionid=FC1E5C69268D048ECE9CF918B25F97B3#","jsFile":"index.js","requires":{"project_list":"../project_list/index.json"},"chineseName":"login","description":"","controls":{"control0_twtwz6":{"location":{"data":{"tagName":"INPUT"},"userData":{"data":[],"force":false},"locators":[{"id":"elem/@name","prob":2,"value":"descendant::INPUT[@name=\"j_username\"]"},{"id":"@class/word","prob":1,"value":"TD.lui_login_input_td DIV.lui_login_input_div INPUT.form-control.lui_login_input_username"},{"id":"path/ordinal","prob":1,"value":"/HTML[1]/BODY[1]/DIV[2]/DIV[1]/DIV[3]/DIV[1]/FORM[1]/TABLE[1]/TBODY[1]/TR[2]/TD[1]/DIV[2]/INPUT[1]"},{"id":"input/type","verifyEnabled":true,"value":"text"}]},"intendedRole":"textbox","roles":"element,textbox","monitored":true,"frameXPath":""},"control1_yHUTpb":{"location":{"data":{"tagName":"INPUT"},"userData":{"data":[],"force":false},"locators":[{"id":"elem/@name","prob":2,"value":"descendant::INPUT[@name=\"j_password\"]"},{"id":"@class/word","prob":1,"value":"TD.lui_login_input_td DIV.lui_login_input_div INPUT.form-control.lui_login_input_password"},{"id":"path/ordinal","prob":1,"value":"/HTML[1]/BODY[1]/DIV[2]/DIV[1]/DIV[3]/DIV[1]/FORM[1]/TABLE[1]/TBODY[1]/TR[3]/TD[1]/DIV[2]/INPUT[1]"},{"id":"input/type","verifyEnabled":true,"value":"password"}]},"intendedRole":"passwordbox","roles":"element,passwordbox,textbox","monitored":true,"frameXPath":""},"control2_M3B4gR":{"location":{"data":{"tagName":"A"},"userData":{"data":[],"force":false},"locators":[{"id":"button/text","prob":3,"value":{"text":["登录"],"visText":["登录"]}},{"id":"text","prob":3,"value":{"text":["登录"],"visText":["登录"]}},{"id":"@class/word","prob":1,"value":"DIV.lui_login_button_div_l DIV.lui_login_button_div_r DIV.lui_login_button_div_c A"},{"id":"path/ordinal","prob":1,"value":"/HTML[1]/BODY[1]/DIV[2]/DIV[1]/DIV[3]/DIV[1]/FORM[1]/TABLE[1]/TBODY[1]/TR[4]/TD[1]/DIV[1]/DIV[1]/DIV[1]/A[1]"},{"id":"elderLevel","value":{"level":0}}]},"intendedRole":"button","roles":"element,button,link","monitored":true,"frameXPath":""}},"contexts":{"context0_DeRclb":{"controls":["control0_twtwz6","control1_yHUTpb","control2_M3B4gR"],"anchors":[],"urlAnchor":[]}},"flows":{"flow0_KpPhew":{"toContexts":[{"toContextId":"context0_DeRclb"}]},"flow1_gSzZtM":{"fromContextId":"context0_DeRclb","fromAction":"click","fromControlId":"control0_twtwz6","toContexts":[{"toContextId":"context0_DeRclb"}]},"flow2_g6GelA":{"fromContextId":"context0_DeRclb","fromAction":"click","fromControlId":"control2_M3B4gR","toContexts":[{"toContextId":"context0_DeRclb"},{"toContextId":"context1_afJNBQ","toModelId":"project_list"}]}},"pages":{"page0_JHZK98":{"contextId":"context0_DeRclb","layout":[{"id":"uiControl0_QboFZ6","display":{"type":"card","adapterId":"card","adapter":{"templateType":""}},"layout":[{"id":"uiControl0_QboFZ6header","display":{"type":"cardHeader","text":"","adapterId":"cardHeader","adapter":{"templateType":""}},"layout":[]},{"id":"uiControl0_QboFZ6body","display":{"type":"cardBody","adapterId":"cardBody","adapter":{"templateType":""}},"layout":[{"id":"uiControl1_rTwINT","controlId":"control0_twtwz6","display":{"adapterId":"textbox","type":"textbox","label":"用户名","adapter":{"templateType":""}}},{"id":"uiControl2_Z1i2FH","controlId":"control1_yHUTpb","display":{"adapterId":"passwordbox","type":"passwordbox","label":"密码","adapter":{"templateType":""}}},{"id":"uiControl3_fcIeM1","controlId":"control2_M3B4gR","display":{"adapterId":"clickable","type":"button","adapter":{"templateType":""}}}]},{"id":"uiControl0_QboFZ6footer","display":{"type":"cardFooter","adapterId":"cardFooter","adapter":{"templateType":""}},"layout":[]}]}]}},"matchers":{"page/title":{"contexts":{"context0_DeRclb":["登陆营销云平台"]}},"page/urls":{"contexts":{"context0_DeRclb":["7.carpoly.com/ekp/login.jsp;jsessionid=FC1E5C69268D048ECE9CF918B25F97B3","7.carpoly.com/ekp/login.jsp;jsessionid=572B91DA0433BC68BF15702D34F0E2E5","7.carpoly.com/ekp/login.jsp","7.carpoly.com/ekp/login.jsp;jsessionid=3C2DE4B6E57408D4EEED4EC484B65EF7","7.carpoly.com/ekp/login.jsp;jsessionid=F52A5134DBE450374FFE6A5CD81FE0BD","7.carpoly.com/ekp/login.jsp;jsessionid=4B2D9E107E1C280388C81562324C9C46"]}},"page/ids":{"contexts":{"context0_DeRclb":[["floatPanel"],["floatPanel","login-bgImg"]]}},"page/classes":{"contexts":{"context0_DeRclb":[["arrow","arrowPanel","backstretch","con","ctrolPanel","footer","form-control","kh","login","login_con","logo","lui_login_button_div_c","lui_login_button_div_l","lui_login_button_div_r","lui_login_button_td","lui_login_form_table","lui_login_input_div","lui_login_input_password","lui_login_input_td","lui_login_input_title","lui_login_input_username","lui_login_message_div","lui_login_message_td","popPanel","popPanel-inner","qrcodePanel","wechatQrcode","wraper"],["animated","arrow","arrowPanel","ctrolPanel","dog_bg","fadeInLeft","fadeInUp","fireworks","flipInX","footer","header","icon_del","login-background-img","login_content","login_footer","login_header","login_iframe","login_top_bar","logo","lui_login_button_div_c","lui_login_button_div_l","lui_login_button_div_r","lui_login_button_td","lui_login_form_table","lui_login_input_div","lui_login_input_password","lui_login_input_td","lui_login_input_title","lui_login_input_username","lui_login_message_div","lui_login_message_td","main_content","marroon_bg","popPanel","popPanel-inner","qrcodePanel","textTop","tip_message","tit_","titcon","tree_bg","wechatQrcode"]]}},"page/tagTriplets":{"contexts":{"context0_DeRclb":[["-/-/DIV","-/-/SCRIPT","-/-/STYLE","-/DIV/DIV","-/DIV/IMG","DIV/A/SPAN","DIV/DIV/A","DIV/DIV/BR","DIV/DIV/DIV","DIV/DIV/FORM","DIV/DIV/IMG","DIV/DIV/P","DIV/DIV/SCRIPT","DIV/FORM/INPUT-hidden","DIV/FORM/INPUT-submit","DIV/FORM/TABLE","FORM/TABLE/TBODY","TABLE/TBODY/TR","TBODY/TR/TD","TD/DIV/DIV","TD/DIV/INPUT-password","TD/DIV/INPUT-text","TR/TD/DIV"],["-/-/DIV","-/-/SCRIPT","-/DIV/DIV","-/DIV/IMG","-/DIV/STYLE","A/DIV/DIV","DIV/A/SPAN","DIV/DIV/A","DIV/DIV/BR","DIV/DIV/DIV","DIV/DIV/FORM","DIV/DIV/IMG","DIV/DIV/P","DIV/DIV/SCRIPT","DIV/DIV/SPAN","DIV/DIV/UL","DIV/FORM/INPUT-hidden","DIV/FORM/INPUT-submit","DIV/FORM/TABLE","DIV/UL/LI","FORM/TABLE/TBODY","TABLE/TBODY/TR","TBODY/TR/TD","TD/A/DIV","TD/DIV/I","TD/DIV/INPUT-password","TD/DIV/INPUT-text","TR/TD/A","TR/TD/DIV"]]}}}}