{
  "version": "0.1",
  "id": "lks_copy",
  "targetURL": "http://oa.sec.com.cn/lks/koa/lks_flow.nsf/FM_SendDefault?openform&m_Seq=0.378621500438604",
  "jsFile": "index.js",
  "requires": {
    "choosePeople": "../choosePeople/index.json"
  },
  "chineseName": "抄送通知方式",
  "description": "",
  "controls": {
    "control37_ysovJq": {
      "location": {
        "data": {
          "tagName": "TD"
        },
        "userData": {
          "data": [],
          "force": false
        },
        "locators": [
          {
            "id": "@id/partialWord",
            "prob": 1,
            "disabled": true,
            "value": {
              "elemId": "tbReview_1_1_1_1_1_2",
              "tagName": "TABLE",
              "prefix": "",
              "suffix": "/TBODY[1]/TR[1]/TD[1]",
              "ratio": 0.235
            }
          },
          {
            "id": "path/ordinal",
            "prob": 1,
            "value": "/HTML[1]/BODY[1]/FORM[1]/TABLE[2]/TBODY[1]/TR[1]/TD[1]"
          },
          {
            "id": "elderLevel",
            "value": {
              "level": 0
            }
          }
        ]
      },
      "events": {
        "onGetData": "getData_control37_ysovJq"
      },
      "intendedRole": "custom",
      "roles": "element,custom",
      "monitored": false,
      "frameXPath": "",
      "componentType": "custom"
    },
    "control44_GdbG6Z": {
      "location": {
        "data": {
          "tagName": "TABLE"
        },
        "userData": {
          "data": [],
          "force": false
        },
        "locators": [
          {
            "id": "path/ordinal",
            "prob": 1,
            "value": "/HTML[1]/BODY[1]/FORM[1]/TABLE[2]"
          }
        ]
      },
      "events": {
        "onGetData": "getData_control44_GdbG6Z"
      },
      "intendedRole": "custom",
      "roles": "element,link,custom",
      "monitored": true,
      "frameXPath": "",
      "componentType": "custom"
    },
    "control45_X7AtGr": {
      "location": {
        "data": {
          "tagName": "INPUT"
        },
        "userData": {
          "data": [],
          "force": false
        },
        "locators": [
          {
            "id": "input/button/@value",
            "prob": 3,
            "ordinal": [
              1,
              2
            ],
            "value": {
              "text": [
                "确认"
              ]
            }
          },
          {
            "id": "@id/partialWord",
            "prob": 1,
            "disabled": true,
            "value": {
              "elemId": "tbReview_1_1_1_1_1_2",
              "tagName": "TABLE",
              "prefix": "",
              "suffix": "/TBODY[1]/TR[3]/TD[1]/DIV[1]/INPUT[1]",
              "ratio": 0.235
            }
          },
          {
            "id": "path/ordinal",
            "prob": 1,
            "value": "/HTML[1]/BODY[1]/FORM[1]/TABLE[2]/TBODY[1]/TR[3]/TD[1]/DIV[1]/INPUT[1]"
          },
          {
            "id": "input/type",
            "verifyEnabled": true,
            "value": "button"
          }
        ]
      },
      "intendedRole": "button",
      "roles": "element,button",
      "monitored": true,
      "frameXPath": "",
      "componentType": "button"
    }
  },
  "contexts": {
    "context1_1FqdOH": {
      "controls": [
        "control37_ysovJq",
        "control44_GdbG6Z",
        "control45_X7AtGr"
      ],
      "anchors": [],
      "urlAnchor": []
    }
  },
  "flows": {
    "flow34_8DLh0x": {
      "toContexts": [
        {
          "toContextId": "context1_1FqdOH"
        }
      ]
    },
    "flow36_DPTJrZ": {
      "fromContextId": "context1_1FqdOH",
      "fromAction": "doAction",
      "fromControlId": "control44_GdbG6Z",
      "toContexts": [
        {
          "toContextId": "context1_1FqdOH"
        },
        {
          "toContextId": "context6_m0MbOe",
          "toModelId": "choosePeople"
        }
      ]
    }
  },
  "pages": {
    "page1_WptLQs": {
      "contextId": "context1_1FqdOH",
      "layout": [
        {
          "id": "uiControl49_VTCXG8",
          "controlId": "control37_ysovJq",
          "display": {
            "adapterId": "custom",
            "type": "custom",
            "adapter": {
              "templateType": "react",
              "events": {
                "onDoAction": "doAction_uiControl49_VTCXG8",
                "onGetTemplate": "getTemplate_uiControl49_VTCXG8"
              }
            }
          }
        },
        {
          "id": "uiControl56_VHtUrT",
          "controlId": "control44_GdbG6Z",
          "display": {
            "adapterId": "custom",
            "type": "custom",
            "adapter": {
              "templateType": "react",
              "events": {
                "onDoAction": "doAction_uiControl56_VHtUrT",
                "onGetTemplate": "getTemplate_uiControl56_VHtUrT"
              }
            }
          }
        },
        {
          "id": "uiControl57_t6TK6L",
          "display": {
            "type": "sticky",
            "adapterId": "sticky",
            "class": "amt-group-body ui-footer-button",
            "adapter": {
              "templateType": ""
            }
          },
          "layout": [
            {
              "id": "uiControl57_t6TK6Lbody",
              "display": {
                "type": "stickyBody",
                "adapterId": "stickyBody",
                "adapter": {
                  "templateType": ""
                }
              },
              "layout": [
                {
                  "id": "uiControl58_HwKn8F",
                  "controlId": "control45_X7AtGr",
                  "display": {
                    "adapterId": "clickable",
                    "type": "button",
                    "amStyle": "warning",
                    "amSize": "sm",
                    "class": "",
                    "adapter": {
                      "templateType": ""
                    }
                  }
                }
              ]
            }
          ]
        }
      ]
    }
  },
  "matchers": {
    "page/title": {
      "contexts": {
        "context1_1FqdOH": [
          ""
        ]
      }
    },
    "page/urls": {
      "contexts": {
        "context1_1FqdOH": [
          "oa.sec.com.cn/lks/koa/lks_flow.nsf/FM_SendDefault?openform&m_Seq=0.378621500438604",
          "oa.sec.com.cn/lks/koa/lks_flow.nsf/FM_SendDefault?openform&m_Seq=0.8066871984655992",
          "oa.sec.com.cn/lks/koa/lks_flow.nsf/FM_SendDefault?openform&m_Seq=0.17941876964538372",
          "oa.sec.com.cn/lks/koa/lks_flow.nsf/FM_SendDefault?openform&m_Seq=0.08973522929253419",
          "oa.sec.com.cn/lks/koa/lks_flow.nsf/FM_SendDefault?openform&m_Seq=0.3383516297430489",
          "oa.sec.com.cn/lks/koa/lks_flow.nsf/FM_SendDefault?openform&m_Seq=0.35126775013654266",
          "oa.sec.com.cn/lks/koa/lks_flow.nsf/FM_SendDefault?openform&m_Seq=0.4369715217126864",
          "oa.sec.com.cn/lks/koa/lks_flow.nsf/FM_SendDefault?openform&m_Seq=0.7844990255981474",
          "oa.sec.com.cn/lks/koa/lks_flow.nsf/FM_SendDefault?openform&m_Seq=0.4296427539560317",
          "oa.sec.com.cn/lks/koa/lks_flow.nsf/FM_SendDefault?openform&m_Seq=0.44323341227835744",
          "oa.sec.com.cn/lks/koa/lks_flow.nsf/FM_SendDefault?openform&m_Seq=0.4677264079407637"
        ]
      }
    },
    "page/ids": {
      "contexts": {
        "context1_1FqdOH": [
          [
            "Sys_EsaField",
            "buOk",
            "tbReview______"
          ]
        ]
      }
    },
    "page/classes": {
      "contexts": {
        "context1_1FqdOH": [
          [
            "textdocdown"
          ]
        ]
      }
    },
    "page/tagTriplets": {
      "contexts": {
        "context1_1FqdOH": [
          [
            "-/-/FORM",
            "-/-/SCRIPT",
            "-/FORM/INPUT-hidden",
            "-/FORM/TABLE",
            "FORM/TABLE/TBODY",
            "TABLE/TBODY/TR",
            "TBODY/TR/TD",
            "TD/DIV/INPUT-button",
            "TD/FONT/INPUT-null",
            "TD/P/BR",
            "TD/P/INPUT-button",
            "TD/P/INPUT-null",
            "TD/SPAN/TEXTAREA",
            "TR/TD/A",
            "TR/TD/BR",
            "TR/TD/DIV",
            "TR/TD/FONT",
            "TR/TD/INPUT-checkbox",
            "TR/TD/INPUT-hidden",
            "TR/TD/INPUT-null",
            "TR/TD/P",
            "TR/TD/SCRIPT",
            "TR/TD/SPAN"
          ]
        ]
      }
    }
  }
}