{"version":"0.1","id":"imgLink","targetURL":"https://7.carpoly.com/ekp/ggsq.jpg","jsFile":"index.js","chineseName":"图片","description":"","controls":{"control51_JZgCL1":{"location":{"data":{"tagName":"BODY"},"userData":{"data":[],"force":false},"locators":[{"id":"path/ordinal","prob":1,"value":"/HTML[1]/BODY[1]"}]},"events":{"onGetData":"getData_control51_JZgCL1"},"intendedRole":"custom","roles":"element,custom","monitored":true,"frameXPath":""},"control52_TW62yb":{"location":{"data":{"tagName":"IMG"},"userData":{"data":[],"force":false},"locators":[{"id":"img/@src","prob":2,"value":{"pathname":"/ekp/ggsq.jpg"}},{"id":"path/ordinal","prob":1,"value":"/HTML[1]/BODY[1]/IMG[1]"}]},"roles":"element,image,button","monitored":true,"frameXPath":""}},"contexts":{"context6_wFNmle":{"controls":["control51_JZgCL1","control52_TW62yb"],"anchors":[],"urlAnchor":[]}},"flows":{"flow40_1kzk5L":{"toContexts":[{"toContextId":"context6_wFNmle"}]}},"pages":{"page6_99QTGu":{"contextId":"context6_wFNmle","layout":[{"id":"uiControl56_epPzct","controlId":"control51_JZgCL1","display":{"adapterId":"custom","type":"custom","adapter":{"templateType":"react","events":{"onDoAction":"doAction_uiControl56_epPzct","onGetTemplate":"getTemplate_uiControl56_epPzct"}}}},{"id":"uiControl57_n7xCiX","controlId":"control52_TW62yb","display":{"adapterId":"image_link","type":"image","adapter":{"templateType":""}}}]}},"matchers":{"page/title":{"contexts":{"context6_wFNmle":["ggsq.jpg (1024×768)"]}},"page/urls":{"contexts":{"context6_wFNmle":["7.carpoly.com/ekp/ggsq.jpg"]}},"page/ids":{"contexts":{"context6_wFNmle":[[]]}},"page/classes":{"contexts":{"context6_wFNmle":[[]]}},"page/tagTriplets":{"contexts":{"context6_wFNmle":[["-/-/IMG"]]}}}}