{
  "version": "0.1",
  "id": "Query-customers",
  "targetURL": "http://218.203.103.203:8082/custcare/group/groupProductAdmin.do?ngcrm_rnd=0.7080051423218574&ngcrm_reserved1=1&noCrmSSO=1&queryGroupCust=queryGroupCust&number=&validValue=groupNum",
  "jsFile": "index.js",
  "requires": {
    "Group-customer-list": "../Group-customer-list/index.json"
  },
  "chineseName": "查询集团客户",
  "description": "查询集团客户",
  "controls": {
    "control46_3T9rp4": {
      "location": {
        "data": {
          "tagName": "TD"
        },
        "userData": {
          "data": [],
          "force": false
        },
        "locators": [
          {
            "id": "@class/word",
            "prob": 1,
            "ordinal": [
              0,
              2
            ],
            "value": "TD.column_title"
          },
          {
            "id": "path/ordinal",
            "prob": 1,
            "value": "/HTML[1]/BODY[1]/FORM[1]/TABLE[1]/TBODY[1]/TR[1]/TD[2]"
          },
          {
            "id": "elderLevel",
            "value": {
              "level": 0
            }
          }
        ]
      },
      "events": {
        "onGetData": "getData_control46_3T9rp4"
      },
      "intendedRole": "custom",
      "roles": "element,custom",
      "monitored": false,
      "frameXPath": "",
      "componentType": "custom"
    },
    "control47_otG9a6": {
      "location": {
        "data": {
          "tagName": "TABLE"
        },
        "userData": {
          "data": [],
          "force": false
        },
        "locators": [
          {
            "id": "@class/word",
            "prob": 1,
            "value": "TABLE.border_Tab"
          },
          {
            "id": "path/ordinal",
            "prob": 1,
            "value": "/HTML[1]/BODY[1]/FORM[1]/DIV[1]/TABLE[1]"
          }
        ]
      },
      "events": {
        "onGetData": "getData_control47_otG9a6"
      },
      "intendedRole": "custom",
      "roles": "element,custom",
      "monitored": true,
      "frameXPath": "",
      "componentType": "custom"
    },
    "control51_aWQlP9": {
      "location": {
        "data": {
          "tagName": "INPUT"
        },
        "userData": {
          "data": [],
          "force": false
        },
        "locators": [
          {
            "id": "input/button/@value",
            "prob": 3,
            "value": {
              "text": [
                "查  询"
              ]
            }
          },
          {
            "id": "elem/@name",
            "prob": 2,
            "value": "descendant::INPUT[@name=\"subBt\"]"
          },
          {
            "id": "@id/partialWord",
            "prob": 1,
            "disabled": true,
            "value": {
              "elemId": "columnDiv1",
              "tagName": "DIV",
              "prefix": "",
              "suffix": "/TABLE[3]/TBODY[1]/TR[1]/TD[1]/INPUT[1]",
              "ratio": 0.465
            }
          },
          {
            "id": "@class/word",
            "prob": 1,
            "ordinal": [
              0,
              2
            ],
            "value": "INPUT.button_fix"
          },
          {
            "id": "path/ordinal",
            "prob": 1,
            "value": "/HTML[1]/BODY[1]/FORM[1]/DIV[1]/TABLE[3]/TBODY[1]/TR[1]/TD[1]/INPUT[1]"
          },
          {
            "id": "input/type",
            "verifyEnabled": true,
            "value": "button"
          }
        ]
      },
      "intendedRole": "button",
      "roles": "element,button",
      "monitored": false,
      "frameXPath": "",
      "componentType": "button"
    },
    "control52_WCQLMq": {
      "location": {
        "data": {
          "tagName": "INPUT"
        },
        "userData": {
          "data": [],
          "force": false
        },
        "locators": [
          {
            "id": "input/button/@value",
            "prob": 3,
            "value": {
              "text": [
                "重  置"
              ]
            }
          },
          {
            "id": "elem/@name",
            "prob": 2,
            "value": "descendant::INPUT[@name=\"restBt\"]"
          },
          {
            "id": "@id/partialWord",
            "prob": 1,
            "disabled": true,
            "value": {
              "elemId": "columnDiv1",
              "tagName": "DIV",
              "prefix": "",
              "suffix": "/TABLE[3]/TBODY[1]/TR[1]/TD[1]/INPUT[2]",
              "ratio": 0.465
            }
          },
          {
            "id": "@class/word",
            "prob": 1,
            "ordinal": [
              1,
              2
            ],
            "value": "INPUT.button_fix"
          },
          {
            "id": "path/ordinal",
            "prob": 1,
            "value": "/HTML[1]/BODY[1]/FORM[1]/DIV[1]/TABLE[3]/TBODY[1]/TR[1]/TD[1]/INPUT[2]"
          },
          {
            "id": "input/type",
            "verifyEnabled": true,
            "value": "button"
          }
        ]
      },
      "intendedRole": "button",
      "roles": "element,button",
      "monitored": false,
      "frameXPath": "",
      "componentType": "button"
    }
  },
  "contexts": {
    "context7_F6oFGd": {
      "controls": [
        "control46_3T9rp4",
        "control47_otG9a6",
        "control51_aWQlP9",
        "control52_WCQLMq"
      ],
      "anchors": [],
      "urlAnchor": []
    }
  },
  "flows": {
    "flow34_FhswZW": {
      "toContexts": [
        {
          "toContextId": "context7_F6oFGd"
        }
      ]
    },
    "flow36_mki2lI": {
      "fromContextId": "context7_F6oFGd",
      "fromAction": "doAction",
      "fromControlId": "control47_otG9a6",
      "toContexts": [
        {
          "toContextId": "context7_F6oFGd"
        }
      ]
    },
    "flow37_FPoNM9": {
      "fromContextId": "context7_F6oFGd",
      "fromAction": "click",
      "fromControlId": "control51_aWQlP9",
      "toContexts": [
        {
          "toContextId": "context7_F6oFGd"
        },
        {
          "toContextId": "context8_oTUQnl",
          "toModelId": "Group-customer-list"
        }
      ]
    },
    "flow55_VZkGPz": {
      "fromContextId": "context7_F6oFGd",
      "fromAction": "doAction",
      "fromControlId": "control46_3T9rp4",
      "toContexts": [
        {
          "toContextId": "context7_F6oFGd"
        }
      ]
    }
  },
  "pages": {
    "page7_qqPTKW": {
      "contextId": "context7_F6oFGd",
      "layout": [
        {
          "id": "uiControl45_GeUn9L",
          "controlId": "control46_3T9rp4",
          "display": {
            "adapterId": "custom",
            "type": "custom",
            "adapter": {
              "templateType": "react",
              "events": {
                "onDoAction": "doAction_uiControl45_GeUn9L",
                "onGetTemplate": "getTemplate_uiControl45_GeUn9L"
              }
            }
          }
        },
        {
          "id": "uiControl50_xEbRys",
          "display": {
            "type": "card",
            "adapterId": "card",
            "class": "searchCondition",
            "showFooter": true,
            "adapter": {
              "templateType": ""
            }
          },
          "layout": [
            {
              "id": "uiControl50_xEbRysheader",
              "display": {
                "type": "cardHeader",
                "text": "",
                "adapterId": "cardHeader",
                "adapter": {
                  "templateType": ""
                }
              },
              "layout": []
            },
            {
              "id": "uiControl50_xEbRysbody",
              "display": {
                "type": "cardBody",
                "adapterId": "cardBody",
                "adapter": {
                  "templateType": ""
                }
              },
              "layout": [
                {
                  "id": "uiControl46_KexzMz",
                  "controlId": "control47_otG9a6",
                  "display": {
                    "adapterId": "custom",
                    "type": "custom",
                    "adapter": {
                      "templateType": "react",
                      "events": {
                        "onDoAction": "doAction_uiControl46_KexzMz",
                        "onGetTemplate": "getTemplate_uiControl46_KexzMz"
                      }
                    }
                  }
                }
              ]
            },
            {
              "id": "uiControl50_xEbRysfooter",
              "display": {
                "type": "cardFooter",
                "adapterId": "cardFooter",
                "adapter": {
                  "templateType": ""
                }
              },
              "layout": [
                {
                  "id": "uiControl52_hogxwd",
                  "controlId": "control51_aWQlP9",
                  "display": {
                    "adapterId": "clickable",
                    "type": "button",
                    "class": "search",
                    "adapter": {
                      "templateType": ""
                    }
                  }
                },
                {
                  "id": "uiControl53_KdK1Ww",
                  "controlId": "control52_WCQLMq",
                  "display": {
                    "adapterId": "clickable",
                    "type": "button",
                    "class": "asure",
                    "adapter": {
                      "templateType": ""
                    }
                  }
                }
              ]
            }
          ]
        }
      ]
    }
  },
  "matchers": {
    "page/title": {
      "contexts": {
        "context7_F6oFGd": [
          "查询集团客户"
        ]
      }
    },
    "page/urls": {
      "contexts": {
        "context7_F6oFGd": [
          "218.203.103.203:8082/custcare/group/groupProductAdmin.do?ngcrm_rnd=0.7080051423218574&ngcrm_reserved1=1&noCrmSSO=1&queryGroupCust=queryGroupCust&number=&validValue=groupNum",
          "218.203.103.203:8082/custcare/group/groupProductAdmin.do?ngcrm_rnd=0.5915228371952443&ngcrm_reserved1=1&noCrmSSO=1&queryGroupCust=queryGroupCust&number=&validValue=groupNum",
          "218.203.103.203:8082/custcare/group/groupProductAdmin.do?ngcrm_rnd=0.6001769950386038&ngcrm_reserved1=1&noCrmSSO=1&queryGroupCust=queryGroupCust&number=&validValue=groupNum"
        ]
      }
    },
    "page/ids": {
      "contexts": {
        "context7_F6oFGd": [
          [
            "Calendar",
            "columnDiv",
            "columnIcon"
          ]
        ]
      }
    },
    "page/classes": {
      "contexts": {
        "context7_F6oFGd": [
          [
            "border_Tab",
            "button_fix",
            "column_title",
            "list_content",
            "list_title"
          ]
        ]
      }
    },
    "page/tagTriplets": {
      "contexts": {
        "context7_F6oFGd": [
          [
            "-/-/FORM",
            "-/-/IFRAME",
            "-/-/SCRIPT",
            "-/FORM/DIV",
            "-/FORM/INPUT-hidden",
            "-/FORM/TABLE",
            "DIV/TABLE/TBODY",
            "FORM/DIV/TABLE",
            "FORM/TABLE/TBODY",
            "TABLE/TBODY/TR",
            "TBODY/TR/TD",
            "TR/TD/IMG",
            "TR/TD/INPUT-button",
            "TR/TD/INPUT-text"
          ]
        ]
      }
    }
  }
}