{
  "version": "0.1",
  "id": "passwordError",
  "targetURL": "http://oa.sec.com.cn/domcfg.nsf/LoginTipUpdatePWD?OpenForm&gqts=5",
  "jsFile": "index.js",
  "chineseName": "账户密码验证失败",
  "description": "",
  "controls": {
    "control179_F9LkLG": {
      "location": {
        "data": {
          "tagName": "B"
        },
        "userData": {
          "data": [],
          "force": false
        },
        "locators": [
          {
            "id": "path/ordinal",
            "prob": 1,
            "value": "/HTML[1]/BODY[1]/FORM[1]/CENTER[1]/DIV[1]/B[1]"
          },
          {
            "id": "elderLevel",
            "value": {
              "level": 0
            }
          }
        ]
      },
      "intendedRole": "fragment",
      "roles": "element,fragment",
      "monitored": false,
      "frameXPath": "",
      "componentType": "fragment"
    },
    "control180_TOZoc9": {
      "location": {
        "data": {
          "tagName": "B"
        },
        "userData": {
          "data": [],
          "force": false
        },
        "locators": [
          {
            "id": "path/ordinal",
            "prob": 1,
            "value": "/HTML[1]/BODY[1]/FORM[1]/CENTER[1]/DIV[1]/B[1]"
          },
          {
            "id": "elderLevel",
            "value": {
              "level": 0
            }
          }
        ]
      },
      "events": {
        "onGetData": "getData_control180_TOZoc9"
      },
      "intendedRole": "custom",
      "roles": "element,custom",
      "monitored": false,
      "frameXPath": "",
      "componentType": "custom"
    }
  },
  "contexts": {
    "context26_FTQmq1": {
      "controls": [
        "control179_F9LkLG",
        "control180_TOZoc9"
      ],
      "anchors": [],
      "urlAnchor": []
    }
  },
  "flows": {
    "flow117_pKMPFL": {
      "toContexts": [
        {
          "toContextId": "context26_FTQmq1"
        }
      ]
    }
  },
  "pages": {
    "page26_RILLdG": {
      "contextId": "context26_FTQmq1",
      "layout": [
        {
          "id": "uiControl197_sA8Ipn",
          "controlId": "control180_TOZoc9",
          "display": {
            "adapterId": "custom",
            "type": "custom",
            "adapter": {
              "templateType": "react",
              "events": {
                "onDoAction": "doAction_uiControl197_sA8Ipn",
                "onGetTemplate": "getTemplate_uiControl197_sA8Ipn"
              }
            }
          }
        },
        {
          "id": "uiControl196_fX8ukK",
          "controlId": "control179_F9LkLG",
          "display": {
            "adapterId": "fragment",
            "type": "fragment",
            "class": "text-center",
            "adapter": {
              "templateType": ""
            }
          }
        }
      ]
    }
  },
  "matchers": {
    "page/title": {
      "contexts": {
        "context26_FTQmq1": [
          ""
        ]
      }
    },
    "page/urls": {
      "contexts": {
        "context26_FTQmq1": [
          "oa.sec.com.cn/domcfg.nsf/LoginTipUpdatePWD?OpenForm&gqts=5"
        ]
      }
    },
    "page/ids": {
      "contexts": {
        "context26_FTQmq1": [
          [
            "box",
            "box-tip"
          ]
        ]
      }
    },
    "page/classes": {
      "contexts": {
        "context26_FTQmq1": [
          []
        ]
      }
    },
    "page/tagTriplets": {
      "contexts": {
        "context26_FTQmq1": [
          [
            "-/-/FORM",
            "-/-/SCRIPT",
            "-/FORM/BR",
            "-/FORM/CENTER",
            "-/FORM/DIV",
            "CENTER/DIV/B",
            "CENTER/DIV/BR",
            "CENTER/DIV/DIV",
            "DIV/DIV/A",
            "DIV/DIV/BR",
            "DIV/DIV/P",
            "DIV/P/IMG",
            "DIV/P/SPAN",
            "FORM/CENTER/DIV",
            "FORM/DIV/FONT",
            "FORM/DIV/IMG",
            "FORM/DIV/INPUT-null"
          ]
        ]
      }
    }
  }
}