{
  "version": "0.1",
  "id": "QueryConditionsRelationship",
  "targetURL": "http://218.203.103.203:8082/ngmarket/custmgt/qryHandler.action?operatorInfoVO.region=951&operatorInfoVO.businessid=grpInfoLevelApprove&date=Fri%20Jul%2006%202018%2010:59:57%20GMT+0800%20(%26%23228%3B%26%23184%3B-%26%23229%3B%26%23155%3B%26%23189%3B%26%23230%3B%26%23160%3B%26%23135%3B%26%23229%3B%26%23135%3B%26%23134%3B%26%23230%3B%26%23151%3B%26%23182%3B%A8%A6%26%23151%3B%A1%E4)&ngcrm_reserved1=1",
  "jsFile": "index.js",
  "chineseName": "集团关系信息-查询条件",
  "description": "集团关系信息-查询条件",
  "controls": {
    "control82_BfIbbF": {
      "location": {
        "data": {
          "tagName": "TD"
        },
        "userData": {
          "data": [],
          "force": false
        },
        "locators": [
          {
            "id": "@id/word",
            "prob": 2,
            "value": "descendant::FORM[@id=\"operatorForm\"]/TABLE[1]/TBODY[1]/TR[1]/TD[1]"
          },
          {
            "id": "@class/word",
            "prob": 1,
            "ordinal": [
              0,
              2
            ],
            "value": "BODY.ballistic_bg TABLE.basicinfo_bg TD.title_boldtext"
          },
          {
            "id": "path/ordinal",
            "prob": 1,
            "value": "/HTML[1]/BODY[1]/FORM[1]/TABLE[1]/TBODY[1]/TR[1]/TD[1]"
          },
          {
            "id": "elderLevel",
            "value": {
              "level": 0
            }
          }
        ]
      },
      "events": {
        "onGetData": "getData_control82_BfIbbF"
      },
      "intendedRole": "custom",
      "roles": "element,custom",
      "monitored": true,
      "frameXPath": "",
      "componentType": "custom"
    },
    "control83_hxRTCc": {
      "location": {
        "data": {
          "tagName": "INPUT"
        },
        "userData": {
          "data": [],
          "force": false
        },
        "locators": [
          {
            "id": "input/button/@value",
            "prob": 3,
            "value": {
              "text": [
                "查 询"
              ]
            }
          },
          {
            "id": "@class/word",
            "prob": 1,
            "ordinal": [
              0,
              2
            ],
            "value": "BODY.ballistic_bg TABLE.table_listoutline INPUT.button_61px"
          },
          {
            "id": "path/ordinal",
            "prob": 1,
            "value": "/HTML[1]/BODY[1]/FORM[1]/DIV[1]/TABLE[1]/TBODY[1]/TR[1]/TD[2]/INPUT[1]"
          },
          {
            "id": "input/type",
            "verifyEnabled": true,
            "value": "button"
          }
        ]
      },
      "intendedRole": "button",
      "roles": "element,button",
      "monitored": true,
      "frameXPath": "",
      "componentType": "button"
    },
    "control84_B8dTUO": {
      "location": {
        "data": {
          "tagName": "INPUT"
        },
        "userData": {
          "data": [],
          "force": false
        },
        "locators": [
          {
            "id": "input/button/@value",
            "prob": 3,
            "value": {
              "text": [
                "重 置"
              ]
            }
          },
          {
            "id": "@class/word",
            "prob": 1,
            "ordinal": [
              1,
              2
            ],
            "value": "BODY.ballistic_bg TABLE.table_listoutline INPUT.button_61px"
          },
          {
            "id": "path/ordinal",
            "prob": 1,
            "value": "/HTML[1]/BODY[1]/FORM[1]/DIV[1]/TABLE[1]/TBODY[1]/TR[1]/TD[2]/INPUT[2]"
          },
          {
            "id": "input/type",
            "verifyEnabled": true,
            "value": "button"
          }
        ]
      },
      "intendedRole": "button",
      "roles": "element,button",
      "monitored": true,
      "frameXPath": "",
      "componentType": "button"
    },
    "control85_wbIurx": {
      "location": {
        "data": {
          "tagName": "TD"
        },
        "userData": {
          "data": [],
          "force": false
        },
        "locators": [
          {
            "id": "@class/word",
            "prob": 1,
            "ordinal": [
              0,
              2
            ],
            "value": "BODY.ballistic_bg TABLE.table_listoutline TBODY TR TD"
          },
          {
            "id": "path/ordinal",
            "prob": 1,
            "value": "/HTML[1]/BODY[1]/FORM[1]/DIV[1]/TABLE[1]/TBODY[1]/TR[1]/TD[1]"
          }
        ]
      },
      "events": {
        "onGetData": "getData_control85_wbIurx"
      },
      "intendedRole": "custom",
      "roles": "element,custom",
      "monitored": true,
      "frameXPath": "",
      "componentType": "custom"
    },
    "control86_qp1puR": {
      "location": {
        "data": {
          "tagName": "TD"
        },
        "userData": {
          "data": [],
          "force": false
        },
        "locators": [
          {
            "id": "@id/word",
            "prob": 2,
            "value": [
              "descendant::FORM[@id=\"operatorForm\"]//DIV[@id=\"queryResultTablediv\"]/TABLE[2]/TFOOT[1]/TR[1]/TD[1]",
              "descendant::FORM[@id=\"operatorForm\"]//DIV[@id=\"queryResultTablediv\"]//TD",
              "descendant::DIV[@id=\"queryResultTablediv\"]//TD"
            ]
          },
          {
            "id": "@class/word",
            "prob": 1,
            "value": "BODY.ballistic_bg DIV.mw_div TABLE.tint_td_text TFOOT TR TD"
          },
          {
            "id": "path/ordinal",
            "prob": 1,
            "value": "/HTML[1]/BODY[1]/FORM[1]/DIV[2]/DIV[1]/TABLE[2]/TFOOT[1]/TR[1]/TD[1]"
          }
        ]
      },
      "events": {
        "onGetData": "getData_control86_qp1puR"
      },
      "intendedRole": "custom",
      "roles": "element,custom",
      "monitored": true,
      "frameXPath": "",
      "componentType": "custom"
    },
    "control87_82coMa": {
      "location": {
        "data": {
          "tagName": "TABLE"
        },
        "userData": {
          "data": [],
          "force": false
        },
        "locators": [
          {
            "id": "@id/word",
            "prob": 4,
            "value": [
              "descendant::FORM[@id=\"operatorForm\"]//DIV[@id=\"queryResultTablediv\"]//TABLE[@id=\"queryResultTable\"]",
              "descendant::DIV[@id=\"queryResultTablediv\"]//TABLE[@id=\"queryResultTable\"]",
              "descendant::TABLE[@id=\"queryResultTable\"]"
            ]
          },
          {
            "id": "@class/word",
            "prob": 1,
            "value": "BODY.ballistic_bg DIV.mw_div TABLE.mw_table.table_list03"
          },
          {
            "id": "path/ordinal",
            "prob": 1,
            "value": "/HTML[1]/BODY[1]/FORM[1]/DIV[2]/DIV[1]/TABLE[1]"
          }
        ]
      },
      "events": {
        "onGetData": "getData_control87_82coMa"
      },
      "intendedRole": "custom",
      "roles": "element,custom",
      "monitored": true,
      "frameXPath": "",
      "componentType": "custom"
    },
    "control88_ZyhRTG": {
      "location": {
        "data": {
          "tagName": "TD"
        },
        "userData": {
          "data": [],
          "force": false
        },
        "locators": [
          {
            "id": "text",
            "prob": 3,
            "value": {
              "text": [
                "操作员列表"
              ],
              "visText": [
                "操作员列表"
              ]
            }
          },
          {
            "id": "@id/word",
            "prob": 2,
            "value": "descendant::FORM[@id=\"operatorForm\"]/TABLE[2]/TBODY[1]/TR[1]/TD[1]"
          },
          {
            "id": "@class/word",
            "prob": 1,
            "ordinal": [
              1,
              2
            ],
            "value": "BODY.ballistic_bg TABLE.basicinfo_bg TD.title_boldtext"
          },
          {
            "id": "path/ordinal",
            "prob": 1,
            "value": "/HTML[1]/BODY[1]/FORM[1]/TABLE[2]/TBODY[1]/TR[1]/TD[1]"
          },
          {
            "id": "elderLevel",
            "value": {
              "level": 0
            }
          }
        ]
      },
      "roles": "element",
      "content": true,
      "monitored": true,
      "frameXPath": "",
      "componentType": "content"
    },
    "control89_NWL3vC": {
      "location": {
        "data": {
          "tagName": "TD"
        },
        "userData": {
          "data": [],
          "force": false
        },
        "locators": [
          {
            "id": "text",
            "prob": 3,
            "value": {
              "text": [
                "查询条件"
              ],
              "visText": [
                "查询条件"
              ]
            }
          },
          {
            "id": "@id/word",
            "prob": 2,
            "value": "descendant::FORM[@id=\"operatorForm\"]/TABLE[1]/TBODY[1]/TR[1]/TD[1]"
          },
          {
            "id": "@class/word",
            "prob": 1,
            "ordinal": [
              0,
              2
            ],
            "value": "BODY.ballistic_bg TABLE.basicinfo_bg TD.title_boldtext"
          },
          {
            "id": "path/ordinal",
            "prob": 1,
            "value": "/HTML[1]/BODY[1]/FORM[1]/TABLE[1]/TBODY[1]/TR[1]/TD[1]"
          },
          {
            "id": "elderLevel",
            "value": {
              "level": 0
            }
          }
        ]
      },
      "roles": "element",
      "content": true,
      "monitored": false,
      "frameXPath": "",
      "componentType": "content"
    }
  },
  "contexts": {
    "context12_ZBuQnW": {
      "controls": [
        "control82_BfIbbF",
        "control83_hxRTCc",
        "control84_B8dTUO",
        "control85_wbIurx",
        "control86_qp1puR",
        "control87_82coMa",
        "control88_ZyhRTG",
        "control89_NWL3vC"
      ],
      "anchors": [],
      "urlAnchor": []
    }
  },
  "flows": {
    "flow61_n6l1hm": {
      "toContexts": [
        {
          "toContextId": "context12_ZBuQnW"
        }
      ]
    },
    "flow62_p6XKGJ": {
      "fromContextId": "context12_ZBuQnW",
      "fromAction": "doAction",
      "fromControlId": "control85_wbIurx",
      "toContexts": [
        {
          "toContextId": "context12_ZBuQnW"
        }
      ]
    },
    "flow63_sWbIZh": {
      "fromContextId": "context12_ZBuQnW",
      "fromAction": "doAction",
      "fromControlId": "control87_82coMa",
      "toContexts": [
        {
          "toContextId": "context12_ZBuQnW"
        }
      ]
    }
  },
  "pages": {
    "page12_AgAeee": {
      "contextId": "context12_ZBuQnW",
      "layout": [
        {
          "id": "uiControl86_XQwPcC",
          "controlId": "control82_BfIbbF",
          "display": {
            "adapterId": "custom",
            "type": "custom",
            "adapter": {
              "templateType": "react",
              "events": {
                "onDoAction": "doAction_uiControl86_XQwPcC",
                "onGetTemplate": "getTemplate_uiControl86_XQwPcC"
              }
            }
          }
        },
        {
          "id": "uiControl87_AGZ7P2",
          "display": {
            "type": "card",
            "adapterId": "card",
            "showFooter": true,
            "adapter": {
              "templateType": ""
            }
          },
          "layout": [
            {
              "id": "uiControl87_AGZ7P2header",
              "display": {
                "type": "cardHeader",
                "text": "",
                "adapterId": "cardHeader",
                "adapter": {
                  "templateType": ""
                }
              },
              "layout": []
            },
            {
              "id": "uiControl87_AGZ7P2body",
              "display": {
                "type": "cardBody",
                "adapterId": "cardBody",
                "adapter": {
                  "templateType": ""
                }
              },
              "layout": [
                {
                  "id": "uiControl94_r9vMN0",
                  "controlId": "control89_NWL3vC",
                  "display": {
                    "adapterId": "content",
                    "type": "content",
                    "class": "w-tit",
                    "adapter": {
                      "templateType": ""
                    }
                  }
                },
                {
                  "id": "uiControl90_6JQb0g",
                  "controlId": "control85_wbIurx",
                  "display": {
                    "adapterId": "custom",
                    "type": "custom",
                    "adapter": {
                      "templateType": "react",
                      "events": {
                        "onDoAction": "doAction_uiControl90_6JQb0g",
                        "onGetTemplate": "getTemplate_uiControl90_6JQb0g"
                      }
                    }
                  }
                }
              ]
            },
            {
              "id": "uiControl87_AGZ7P2footer",
              "display": {
                "type": "cardFooter",
                "adapterId": "cardFooter",
                "adapter": {
                  "templateType": ""
                }
              },
              "layout": [
                {
                  "id": "uiControl88_NiO7xK",
                  "controlId": "control83_hxRTCc",
                  "display": {
                    "adapterId": "clickable",
                    "type": "button",
                    "amStyle": "success",
                    "adapter": {
                      "templateType": ""
                    }
                  }
                },
                {
                  "id": "uiControl89_rsKyhg",
                  "controlId": "control84_B8dTUO",
                  "display": {
                    "adapterId": "clickable",
                    "type": "button",
                    "class": "reset",
                    "adapter": {
                      "templateType": ""
                    }
                  }
                }
              ]
            }
          ]
        },
        {
          "id": "uiControl93_z3A4VT",
          "controlId": "control88_ZyhRTG",
          "display": {
            "adapterId": "content",
            "type": "content",
            "class": "w-tit",
            "adapter": {
              "templateType": ""
            }
          }
        },
        {
          "id": "uiControl92_r2fAVs",
          "controlId": "control87_82coMa",
          "display": {
            "adapterId": "custom",
            "type": "custom",
            "adapter": {
              "templateType": "react",
              "events": {
                "onDoAction": "doAction_uiControl92_r2fAVs",
                "onGetTemplate": "getTemplate_uiControl92_r2fAVs"
              }
            }
          }
        },
        {
          "id": "uiControl91_DpRC1S",
          "controlId": "control86_qp1puR",
          "display": {
            "adapterId": "custom",
            "type": "custom",
            "adapter": {
              "templateType": "react",
              "events": {
                "onDoAction": "doAction_uiControl91_DpRC1S",
                "onGetTemplate": "getTemplate_uiControl91_DpRC1S"
              }
            }
          }
        }
      ]
    }
  },
  "matchers": {
    "page/title": {
      "contexts": {
        "context12_ZBuQnW": [
          "查询审批人"
        ]
      }
    },
    "page/urls": {
      "contexts": {
        "context12_ZBuQnW": [
          "218.203.103.203:8082/ngmarket/custmgt/qryHandler.action?operatorInfoVO.region=951&operatorInfoVO.businessid=grpInfoLevelApprove&date=Fri%20Jul%2006%202018%2010:59:57%20GMT+0800%20(%26%23228%3B%26%23184%3B-%26%23229%3B%26%23155%3B%26%23189%3B%26%23230%3B%26%23160%3B%26%23135%3B%26%23229%3B%26%23135%3B%26%23134%3B%26%23230%3B%26%23151%3B%26%23182%3B%A8%A6%26%23151%3B%A1%E4)&ngcrm_reserved1=1",
          "218.203.103.203:8082/ngmarket/custmgt/qryHandler.action?operatorInfoVO.region=951&operatorInfoVO.businessid=grpInfoLevelApprove&date=Fri%20Jul%2006%202018%2011:25:31%20GMT+0800%20(%26%23228%3B%26%23184%3B-%26%23229%3B%26%23155%3B%26%23189%3B%26%23230%3B%26%23160%3B%26%23135%3B%26%23229%3B%26%23135%3B%26%23134%3B%26%23230%3B%26%23151%3B%26%23182%3B%A8%A6%26%23151%3B%A1%E4)&ngcrm_reserved1=1"
        ]
      }
    },
    "page/ids": {
      "contexts": {
        "context12_ZBuQnW": [
          [
            "Util_js",
            "columnDiv",
            "columnIcon",
            "currentoper",
            "metaweb_arch_css",
            "metaweb_css",
            "mw_",
            "mwajax_js",
            "mwutils_js",
            "operIdStr",
            "operNameStr",
            "operatorForm",
            "queryResultTable",
            "queryResultTablediv",
            "table_operations_js"
          ]
        ]
      }
    },
    "page/classes": {
      "contexts": {
        "context12_ZBuQnW": [
          [
            "basic_arrow",
            "basicinfo_bg",
            "button_px",
            "list_title",
            "list_tr_bgcolor",
            "list_tr_bgcolor,list_tr_bgcolor",
            "mw_div",
            "mw_field_button",
            "mw_field_text",
            "mw_label",
            "mw_radiobutton",
            "mw_table",
            "table_list",
            "table_listoutline",
            "tint_td_text",
            "title_boldtext"
          ],
          [
            "basic_arrow",
            "basicinfo_bg",
            "button_px",
            "list_title",
            "list_tr_bgcolor",
            "list_tr_bgcolor,list_tr_bgcolor",
            "mw_div",
            "mw_field_text",
            "mw_label",
            "mw_radiobutton",
            "mw_table",
            "table_list",
            "table_listoutline",
            "tint_td_text",
            "title_boldtext"
          ]
        ]
      }
    },
    "page/tagTriplets": {
      "contexts": {
        "context12_ZBuQnW": [
          [
            "-/-/DIV",
            "-/-/FORM",
            "-/-/SCRIPT",
            "-/DIV/IFRAME",
            "-/FORM/DIV",
            "-/FORM/INPUT-hidden",
            "-/FORM/LINK",
            "-/FORM/TABLE",
            "DIV/DIV/TABLE",
            "DIV/TABLE/TBODY",
            "DIV/TABLE/TFOOT",
            "DIV/TABLE/THEAD",
            "FORM/DIV/DIV",
            "FORM/DIV/SCRIPT",
            "FORM/DIV/TABLE",
            "FORM/TABLE/TBODY",
            "TABLE/TBODY/TR",
            "TABLE/TFOOT/TR",
            "TABLE/THEAD/TR",
            "TBODY/TR/TD",
            "TD/SPAN/IMG",
            "TD/SPAN/INPUT-text",
            "TFOOT/TR/TD",
            "THEAD/TR/TD",
            "TR/TD/IMG",
            "TR/TD/INPUT-button",
            "TR/TD/INPUT-radio",
            "TR/TD/INPUT-text",
            "TR/TD/LABEL",
            "TR/TD/SCRIPT",
            "TR/TD/SPAN"
          ]
        ]
      }
    }
  }
}