{
  "version": "0.1",
  "id": "jtkjhtWJSC",
  "targetURL": "http://218.203.103.203:8082/ngmarket/crm/accessoryInit.action?objTypeId=FrameContract&objId=95118549520100001&controlName=filename&accessoryIdName=accessoryIdName&accessoryId=&region=951&ngcrm_reserved1=1",
  "jsFile": "index.js",
  "chineseName": "集团框架合同文件上传",
  "description": "",
  "controls": {
    "control446_dIcQOd": {
      "location": {
        "data": {
          "tagName": "LABEL"
        },
        "locators": [
          {
            "id": "@id/nonWord",
            "prob": 1,
            "disabled": true,
            "fact": "mw_109643636221742703",
            "value": "descendant::FORM[@id=\"mw_109643636221742703\"]/TABLE[1]/TBODY[1]/TR[1]/TD[1]/LABEL[1]"
          },
          {
            "id": "@class/word",
            "prob": 1,
            "value": "TABLE.basicinfo_bg TD.title_boldtext LABEL.mw_label"
          },
          {
            "id": "path/ordinal",
            "prob": 1,
            "value": "/HTML[1]/BODY[1]/FORM[1]/TABLE[1]/TBODY[1]/TR[1]/TD[1]/LABEL[1]"
          },
          {
            "id": "elderLevel",
            "value": {
              "level": 0
            }
          }
        ]
      },
      "events": {
        "onGetData": "getData_control446_dIcQOd"
      },
      "intendedRole": "custom",
      "roles": "element,custom",
      "monitored": false,
      "frameXPath": "",
      "componentType": "custom"
    },
    "control447_0NlFVk": {
      "location": {
        "data": {
          "tagName": "TBODY"
        },
        "locators": [
          {
            "id": "@id/nonWord",
            "prob": 1,
            "disabled": true,
            "fact": "mw_109643636221742703",
            "value": "descendant::FORM[@id=\"mw_109643636221742703\"]/TABLE[2]/TBODY[1]"
          },
          {
            "id": "@class/word",
            "prob": 1,
            "value": "BODY.ballistic_bg FORM.mw_form TABLE.table_noboder TBODY"
          },
          {
            "id": "path/ordinal",
            "prob": 1,
            "value": "/HTML[1]/BODY[1]/FORM[1]/TABLE[2]/TBODY[1]"
          }
        ]
      },
      "events": {
        "onGetData": "getData_control447_0NlFVk"
      },
      "intendedRole": "custom",
      "roles": "element,custom",
      "monitored": false,
      "frameXPath": "",
      "componentType": "custom"
    }
  },
  "contexts": {
    "context55_hm1TJU": {
      "controls": [
        "control446_dIcQOd",
        "control447_0NlFVk"
      ],
      "anchors": [],
      "urlAnchor": []
    }
  },
  "flows": {
    "flow292_HUugS7": {
      "toContexts": [
        {
          "toContextId": "context55_hm1TJU"
        }
      ]
    }
  },
  "pages": {
    "page55_sKKsWb": {
      "contextId": "context55_hm1TJU",
      "layout": [
        {
          "id": "uiControl474_Vv7D1g",
          "controlId": "control446_dIcQOd",
          "display": {
            "adapterId": "custom",
            "type": "custom",
            "adapter": {
              "templateType": "react",
              "events": {
                "onDoAction": "doAction_uiControl474_Vv7D1g",
                "onGetTemplate": "getTemplate_uiControl474_Vv7D1g"
              }
            }
          }
        },
        {
          "id": "uiControl476_cm0TVw",
          "display": {
            "type": "card",
            "adapterId": "card",
            "adapter": {
              "templateType": ""
            }
          },
          "layout": [
            {
              "id": "uiControl476_cm0TVwheader",
              "display": {
                "type": "cardHeader",
                "text": "",
                "adapterId": "cardHeader",
                "adapter": {
                  "templateType": ""
                }
              },
              "layout": []
            },
            {
              "id": "uiControl476_cm0TVwbody",
              "display": {
                "type": "cardBody",
                "adapterId": "cardBody",
                "adapter": {
                  "templateType": ""
                }
              },
              "layout": [
                {
                  "id": "uiControl475_ToTqTl",
                  "controlId": "control447_0NlFVk",
                  "display": {
                    "adapterId": "custom",
                    "type": "custom",
                    "adapter": {
                      "templateType": "react",
                      "events": {
                        "onDoAction": "doAction_uiControl475_ToTqTl",
                        "onGetTemplate": "getTemplate_uiControl475_ToTqTl"
                      }
                    }
                  }
                }
              ]
            },
            {
              "id": "uiControl476_cm0TVwfooter",
              "display": {
                "type": "cardFooter",
                "adapterId": "cardFooter",
                "adapter": {
                  "templateType": ""
                }
              },
              "layout": []
            }
          ]
        }
      ]
    }
  },
  "matchers": {
    "page/title": {
      "contexts": {
        "context55_hm1TJU": [
          "文件上传页面"
        ]
      }
    },
    "page/urls": {
      "contexts": {
        "context55_hm1TJU": [
          "218.203.103.203:8082/ngmarket/crm/accessoryInit.action?objTypeId=FrameContract&objId=95118549520100001&controlName=filename&accessoryIdName=accessoryIdName&accessoryId=&region=951&ngcrm_reserved1=1"
        ]
      }
    },
    "page/ids": {
      "contexts": {
        "context55_hm1TJU": [
          [
            "SPAN_fileUpload_name",
            "Util_js",
            "accessoryId",
            "accessoryIdName",
            "btn_subMit",
            "businessType",
            "commonValidations_js",
            "controlName",
            "fileName",
            "filePath_fileUpload_name",
            "fileSize_fileUpload_name",
            "fileUpload_name_",
            "filesTotalSize_fileUpload_name",
            "isap_ui_form_validation_js",
            "listOfFileName_fileUpload_name",
            "localFileUrl",
            "metaweb_arch_css",
            "metaweb_css",
            "modifyNameFlag",
            "mw_",
            "mwfileupload_js",
            "note",
            "sourcereq",
            "span_ext_fileUpload_name_",
            "subspath",
            "suffix",
            "type_fileUpload_name",
            "uploadType",
            "validate_fileUpload_name"
          ]
        ]
      }
    },
    "page/classes": {
      "contexts": {
        "context55_hm1TJU": [
          [
            "basicinfo_bg",
            "button_px",
            "mw_field_button",
            "mw_field_text",
            "mw_field_textarea",
            "mw_fileupload",
            "mw_fileupload_span",
            "mw_form",
            "mw_label",
            "table_noboder",
            "td_input_width",
            "td_text_width",
            "title_boldtext"
          ],
          [
            "basicinfo_bg",
            "button_px",
            "mw_field_text",
            "mw_field_textarea",
            "mw_fileupload",
            "mw_fileupload_span",
            "mw_form",
            "mw_label",
            "table_noboder",
            "td_input_width",
            "td_text_width",
            "title_boldtext"
          ]
        ]
      }
    },
    "page/tagTriplets": {
      "contexts": {
        "context55_hm1TJU": [
          [
            "-/-/FORM",
            "-/-/LINK",
            "-/-/SCRIPT",
            "-/FORM/INPUT-hidden",
            "-/FORM/TABLE",
            "FORM/TABLE/TBODY",
            "TABLE/TBODY/TR",
            "TBODY/TR/TD",
            "TD/SPAN/DIV",
            "TD/SPAN/INPUT-file",
            "TR/TD/FONT",
            "TR/TD/INPUT-button",
            "TR/TD/INPUT-hidden",
            "TR/TD/INPUT-text",
            "TR/TD/LABEL",
            "TR/TD/SCRIPT",
            "TR/TD/SPAN",
            "TR/TD/TEXTAREA"
          ]
        ]
      }
    }
  }
}