{
  "version": "0.1",
  "id": "speedup-jiangfei",
  "targetURL": "http://218.203.103.203:8082/oc/bes/sm/login/operator_ctz.html?type=2",
  "jsFile": "index.js",
  "requires": {
    "marketing-channel-information": "../marketing-channel-information/index.json"
  },
  "chineseName": "提速降费摸底信息",
  "description": "提速降费摸底信息",
  "controls": {
    "control80_2nIgZE": {
      "location": {
        "data": {
          "tagName": "DIV"
        },
        "userData": {
          "data": [],
          "force": false
        },
        "locators": [
          {
            "id": "@class/word",
            "prob": 1,
            "value": "DIV.navigatorBar.ng-scope DIV.wrap DIV.tabCon"
          }
        ]
      },
      "events": {
        "onGetData": "getData_control80_2nIgZE"
      },
      "intendedRole": "custom",
      "roles": "element,custom",
      "monitored": true,
      "frameXPath": "",
      "componentType": "custom"
    },
    "control105_ayb4QJ": {
      "location": {
        "data": {
          "tagName": "TD"
        },
        "userData": {
          "data": [],
          "force": false
        },
        "locators": [
          {
            "id": "text",
            "prob": 3,
            "value": {
              "text": [
                "客户单位基本信息"
              ],
              "visText": [
                "客户单位基本信息"
              ]
            }
          },
          {
            "id": "@id/word",
            "prob": 2,
            "value": "descendant::FORM[@id=\"uprateDowcostForm\"]/TABLE[1]/TBODY[1]/TR[1]/TD[1]"
          },
          {
            "id": "path/ordinal",
            "prob": 1,
            "value": "/HTML[1]/BODY[1]/FORM[1]/TABLE[1]/TBODY[1]/TR[1]/TD[1]"
          },
          {
            "id": "elderLevel",
            "value": {
              "level": 0
            }
          }
        ]
      },
      "roles": "element",
      "content": true,
      "monitored": true,
      "frameXPath": "//iframe[1]<<IFRAME>>",
      "componentType": "content"
    },
    "control106_vBd8gU": {
      "location": {
        "data": {
          "tagName": "TBODY"
        },
        "userData": {
          "data": [],
          "force": false
        },
        "locators": [
          {
            "id": "@id/word",
            "prob": 2,
            "value": "descendant::FORM[@id=\"uprateDowcostForm\"]/DIV[1]/TABLE[1]/TBODY[1]"
          },
          {
            "id": "path/ordinal",
            "prob": 1,
            "value": "/HTML[1]/BODY[1]/FORM[1]/DIV[1]/TABLE[1]/TBODY[1]"
          }
        ]
      },
      "events": {
        "onGetData": "getData_control106_vBd8gU"
      },
      "intendedRole": "custom",
      "roles": "element,custom",
      "monitored": true,
      "frameXPath": "//iframe[1]<<IFRAME>>",
      "componentType": "custom"
    },
    "control107_vNtWOc": {
      "location": {
        "data": {
          "tagName": "TD"
        },
        "userData": {
          "data": [],
          "force": false
        },
        "locators": [
          {
            "id": "text",
            "prob": 3,
            "value": {
              "text": [
                "机房配套情况"
              ],
              "visText": [
                "机房配套情况"
              ]
            }
          },
          {
            "id": "@id/word",
            "prob": 2,
            "value": "descendant::FORM[@id=\"uprateDowcostForm\"]/TABLE[2]/TBODY[1]/TR[1]/TD[1]"
          },
          {
            "id": "path/ordinal",
            "prob": 1,
            "value": "/HTML[1]/BODY[1]/FORM[1]/TABLE[2]/TBODY[1]/TR[1]/TD[1]"
          },
          {
            "id": "elderLevel",
            "value": {
              "level": 0
            }
          }
        ]
      },
      "roles": "element",
      "content": true,
      "monitored": true,
      "frameXPath": "//iframe[1]<<IFRAME>>",
      "componentType": "content"
    },
    "control108_KVoP2B": {
      "location": {
        "data": {
          "tagName": "TBODY"
        },
        "userData": {
          "data": [],
          "force": false
        },
        "locators": [
          {
            "id": "@id/word",
            "prob": 2,
            "value": [
              "descendant::FORM[@id=\"uprateDowcostForm\"]//DIV[@id=\"columnDivRoom\"]/TABLE[1]/TBODY[1]",
              "descendant::FORM[@id=\"uprateDowcostForm\"]//DIV[@id=\"columnDivRoom\"]//TBODY",
              "descendant::DIV[@id=\"columnDivRoom\"]//TBODY"
            ]
          },
          {
            "id": "path/ordinal",
            "prob": 1,
            "value": "/HTML[1]/BODY[1]/FORM[1]/DIV[2]/TABLE[1]/TBODY[1]"
          }
        ]
      },
      "events": {
        "onGetData": "getData_control108_KVoP2B"
      },
      "intendedRole": "custom",
      "roles": "element,custom",
      "monitored": true,
      "frameXPath": "//iframe[1]<<IFRAME>>",
      "componentType": "custom"
    },
    "control109_81Dh8Q": {
      "location": {
        "data": {
          "tagName": "TD"
        },
        "userData": {
          "data": [],
          "force": false
        },
        "locators": [
          {
            "id": "text",
            "prob": 3,
            "value": {
              "text": [
                "客户网络情况"
              ],
              "visText": [
                "客户网络情况"
              ]
            }
          },
          {
            "id": "@id/word",
            "prob": 2,
            "value": "descendant::FORM[@id=\"uprateDowcostForm\"]/TABLE[3]/TBODY[1]/TR[1]/TD[1]"
          },
          {
            "id": "path/ordinal",
            "prob": 1,
            "value": "/HTML[1]/BODY[1]/FORM[1]/TABLE[3]/TBODY[1]/TR[1]/TD[1]"
          },
          {
            "id": "elderLevel",
            "value": {
              "level": 0
            }
          }
        ]
      },
      "roles": "element",
      "content": true,
      "monitored": true,
      "frameXPath": "//iframe[1]<<IFRAME>>",
      "componentType": "content"
    },
    "control110_W8G1nz": {
      "location": {
        "data": {
          "tagName": "TBODY"
        },
        "userData": {
          "data": [],
          "force": false
        },
        "locators": [
          {
            "id": "@id/word",
            "prob": 2,
            "value": [
              "descendant::FORM[@id=\"uprateDowcostForm\"]//DIV[@id=\"columnDivNet\"]//DIV[@id=\"columnDivNetTop\"]/TABLE[1]/TBODY[1]",
              "descendant::FORM[@id=\"uprateDowcostForm\"]//DIV[@id=\"columnDivNet\"]//DIV[@id=\"columnDivNetTop\"]//TBODY",
              "descendant::DIV[@id=\"columnDivNet\"]//DIV[@id=\"columnDivNetTop\"]//TBODY",
              "descendant::DIV[@id=\"columnDivNetTop\"]//TBODY"
            ]
          },
          {
            "id": "path/ordinal",
            "prob": 1,
            "value": "/HTML[1]/BODY[1]/FORM[1]/DIV[3]/DIV[1]/TABLE[1]/TBODY[1]"
          }
        ]
      },
      "events": {
        "onGetData": "getData_control110_W8G1nz"
      },
      "intendedRole": "custom",
      "roles": "element,custom",
      "monitored": true,
      "frameXPath": "//iframe[1]<<IFRAME>>",
      "componentType": "custom"
    },
    "control111_8iqGLP": {
      "location": {
        "data": {
          "tagName": "TD"
        },
        "userData": {
          "data": [],
          "force": false
        },
        "locators": [
          {
            "id": "text",
            "prob": 3,
            "value": {
              "text": [
                "总体情况"
              ],
              "visText": [
                "总体情况"
              ]
            }
          },
          {
            "id": "@id/word",
            "prob": 2,
            "value": [
              "descendant::FORM[@id=\"uprateDowcostForm\"]//DIV[@id=\"columnDivNet\"]//DIV[@id=\"divGeneralInfo\"]/TABLE[1]/TBODY[1]/TR[1]/TD[1]",
              "descendant::FORM[@id=\"uprateDowcostForm\"]//DIV[@id=\"columnDivNet\"]//DIV[@id=\"divGeneralInfo\"]//TD",
              "descendant::DIV[@id=\"columnDivNet\"]//DIV[@id=\"divGeneralInfo\"]//TD",
              "descendant::DIV[@id=\"divGeneralInfo\"]//TD"
            ]
          },
          {
            "id": "path/ordinal",
            "prob": 1,
            "value": "/HTML[1]/BODY[1]/FORM[1]/DIV[3]/TABLE[1]/TBODY[1]/TR[2]/TD[1]/DIV[1]/TABLE[1]/TBODY[1]/TR[1]/TD[1]"
          }
        ]
      },
      "roles": "element",
      "content": true,
      "monitored": true,
      "frameXPath": "//iframe[1]<<IFRAME>>",
      "componentType": "content"
    },
    "control112_LEReTB": {
      "location": {
        "data": {
          "tagName": "TR"
        },
        "userData": {
          "data": [],
          "force": false
        },
        "locators": [
          {
            "id": "@id/word",
            "prob": 2,
            "value": [
              "descendant::FORM[@id=\"uprateDowcostForm\"]//DIV[@id=\"columnDivNet\"]//DIV[@id=\"divGeneralInfo\"]/TABLE[1]/TBODY[1]/TR[2]",
              "descendant::FORM[@id=\"uprateDowcostForm\"]//DIV[@id=\"columnDivNet\"]//DIV[@id=\"divGeneralInfo\"]//TR",
              "descendant::DIV[@id=\"columnDivNet\"]//DIV[@id=\"divGeneralInfo\"]//TR",
              "descendant::DIV[@id=\"divGeneralInfo\"]//TR"
            ]
          },
          {
            "id": "path/ordinal",
            "prob": 1,
            "value": "/HTML[1]/BODY[1]/FORM[1]/DIV[3]/TABLE[1]/TBODY[1]/TR[2]/TD[1]/DIV[1]/TABLE[1]/TBODY[1]/TR[2]"
          }
        ]
      },
      "events": {
        "onGetData": "getData_control112_LEReTB"
      },
      "intendedRole": "custom",
      "roles": "element,custom",
      "monitored": true,
      "frameXPath": "//iframe[1]<<IFRAME>>",
      "componentType": "custom"
    },
    "control113_oXqTua": {
      "location": {
        "data": {
          "tagName": "TR"
        },
        "userData": {
          "data": [],
          "force": false
        },
        "locators": [
          {
            "id": "text",
            "prob": 3,
            "value": {
              "text": [
                "【中国移动】接入概况"
              ],
              "visText": [
                "【中国移动】接入概况"
              ]
            }
          },
          {
            "id": "@id/word",
            "prob": 2,
            "value": [
              "descendant::FORM[@id=\"uprateDowcostForm\"]//DIV[@id=\"columnDivNet\"]/TABLE[1]/TBODY[1]/TR[3]",
              "descendant::DIV[@id=\"columnDivNet\"]/TABLE[1]/TBODY[1]/TR[3]"
            ]
          },
          {
            "id": "path/ordinal",
            "prob": 1,
            "value": "/HTML[1]/BODY[1]/FORM[1]/DIV[3]/TABLE[1]/TBODY[1]/TR[3]"
          }
        ]
      },
      "roles": "element",
      "content": true,
      "monitored": true,
      "frameXPath": "//iframe[1]<<IFRAME>>",
      "componentType": "content"
    },
    "control114_ArXIzr": {
      "location": {
        "data": {
          "tagName": "TR"
        },
        "userData": {
          "data": [],
          "force": false
        },
        "locators": [
          {
            "id": "@id/word",
            "prob": 2,
            "value": [
              "descendant::FORM[@id=\"uprateDowcostForm\"]//DIV[@id=\"columnDivNet\"]/TABLE[1]/TBODY[1]/TR[4]",
              "descendant::DIV[@id=\"columnDivNet\"]/TABLE[1]/TBODY[1]/TR[4]"
            ]
          },
          {
            "id": "path/ordinal",
            "prob": 1,
            "value": "/HTML[1]/BODY[1]/FORM[1]/DIV[3]/TABLE[1]/TBODY[1]/TR[4]"
          }
        ]
      },
      "events": {
        "onGetData": "getData_control114_ArXIzr"
      },
      "intendedRole": "custom",
      "roles": "element,custom",
      "monitored": true,
      "frameXPath": "//iframe[1]<<IFRAME>>",
      "componentType": "custom"
    },
    "control116_T8rkeH": {
      "location": {
        "data": {
          "tagName": "DIV"
        },
        "userData": {
          "data": [],
          "force": false
        },
        "locators": [
          {
            "id": "@id/word",
            "prob": 4,
            "value": [
              "descendant::FORM[@id=\"uprateDowcostForm\"]//DIV[@id=\"columnDivNet\"]//DIV[@id=\"DataCMCCDiv\"]",
              "descendant::DIV[@id=\"columnDivNet\"]//DIV[@id=\"DataCMCCDiv\"]",
              "descendant::DIV[@id=\"DataCMCCDiv\"]"
            ]
          },
          {
            "id": "path/ordinal",
            "prob": 1,
            "value": "/HTML[1]/BODY[1]/FORM[1]/DIV[3]/TABLE[1]/TBODY[1]/TR[6]/TD[1]/DIV[1]"
          }
        ]
      },
      "events": {
        "onGetData": "getData_control116_T8rkeH"
      },
      "intendedRole": "custom",
      "roles": "element,custom",
      "monitored": true,
      "frameXPath": "//iframe[1]<<IFRAME>>",
      "componentType": "custom"
    },
    "control117_ihuOnt": {
      "location": {
        "data": {
          "tagName": "DIV"
        },
        "userData": {
          "data": [],
          "force": false
        },
        "locators": [
          {
            "id": "@id/word",
            "prob": 4,
            "value": [
              "descendant::FORM[@id=\"uprateDowcostForm\"]//DIV[@id=\"columnDivNet\"]//DIV[@id=\"HlwCMCCDiv\"]",
              "descendant::DIV[@id=\"columnDivNet\"]//DIV[@id=\"HlwCMCCDiv\"]",
              "descendant::DIV[@id=\"HlwCMCCDiv\"]"
            ]
          },
          {
            "id": "path/ordinal",
            "prob": 1,
            "value": "/HTML[1]/BODY[1]/FORM[1]/DIV[3]/TABLE[1]/TBODY[1]/TR[5]/TD[1]/DIV[1]"
          }
        ]
      },
      "events": {
        "onGetData": "getData_control117_ihuOnt"
      },
      "intendedRole": "custom",
      "roles": "element,custom",
      "monitored": true,
      "frameXPath": "//iframe[1]<<IFRAME>>",
      "componentType": "custom"
    },
    "control118_OQ8nUe": {
      "location": {
        "data": {
          "tagName": "TR"
        },
        "userData": {
          "data": [],
          "force": false
        },
        "locators": [
          {
            "id": "text",
            "prob": 3,
            "value": {
              "text": [
                "【中国联通】接入概况"
              ],
              "visText": [
                "【中国联通】接入概况"
              ]
            }
          },
          {
            "id": "@id/word",
            "prob": 2,
            "value": [
              "descendant::FORM[@id=\"uprateDowcostForm\"]//DIV[@id=\"columnDivNet\"]/TABLE[1]/TBODY[1]/TR[7]",
              "descendant::DIV[@id=\"columnDivNet\"]/TABLE[1]/TBODY[1]/TR[7]"
            ]
          },
          {
            "id": "path/ordinal",
            "prob": 1,
            "value": "/HTML[1]/BODY[1]/FORM[1]/DIV[3]/TABLE[1]/TBODY[1]/TR[7]"
          }
        ]
      },
      "roles": "element",
      "content": true,
      "monitored": true,
      "frameXPath": "//iframe[1]<<IFRAME>>",
      "componentType": "content"
    },
    "control119_a2sQrf": {
      "location": {
        "data": {
          "tagName": "TR"
        },
        "userData": {
          "data": [],
          "force": false
        },
        "locators": [
          {
            "id": "@id/word",
            "prob": 2,
            "value": [
              "descendant::FORM[@id=\"uprateDowcostForm\"]//DIV[@id=\"columnDivNet\"]/TABLE[1]/TBODY[1]/TR[8]",
              "descendant::DIV[@id=\"columnDivNet\"]/TABLE[1]/TBODY[1]/TR[8]"
            ]
          },
          {
            "id": "path/ordinal",
            "prob": 1,
            "value": "/HTML[1]/BODY[1]/FORM[1]/DIV[3]/TABLE[1]/TBODY[1]/TR[8]"
          }
        ]
      },
      "events": {
        "onGetData": "getData_control119_a2sQrf"
      },
      "intendedRole": "custom",
      "roles": "element,custom",
      "monitored": true,
      "frameXPath": "//iframe[1]<<IFRAME>>",
      "componentType": "custom"
    },
    "control120_0vI94O": {
      "location": {
        "data": {
          "tagName": "DIV"
        },
        "userData": {
          "data": [],
          "force": false
        },
        "locators": [
          {
            "id": "@id/word",
            "prob": 4,
            "value": [
              "descendant::FORM[@id=\"uprateDowcostForm\"]//DIV[@id=\"columnDivNet\"]//DIV[@id=\"HlwCUCCDiv\"]",
              "descendant::DIV[@id=\"columnDivNet\"]//DIV[@id=\"HlwCUCCDiv\"]",
              "descendant::DIV[@id=\"HlwCUCCDiv\"]"
            ]
          },
          {
            "id": "path/ordinal",
            "prob": 1,
            "value": "/HTML[1]/BODY[1]/FORM[1]/DIV[3]/TABLE[1]/TBODY[1]/TR[9]/TD[1]/DIV[1]"
          }
        ]
      },
      "events": {
        "onGetData": "getData_control120_0vI94O"
      },
      "intendedRole": "custom",
      "roles": "element,custom",
      "monitored": true,
      "frameXPath": "//iframe[1]<<IFRAME>>",
      "componentType": "custom"
    },
    "control121_iSF4gm": {
      "location": {
        "data": {
          "tagName": "DIV"
        },
        "userData": {
          "data": [],
          "force": false
        },
        "locators": [
          {
            "id": "@id/word",
            "prob": 4,
            "value": [
              "descendant::FORM[@id=\"uprateDowcostForm\"]//DIV[@id=\"columnDivNet\"]//DIV[@id=\"DataCUCCDiv\"]",
              "descendant::DIV[@id=\"columnDivNet\"]//DIV[@id=\"DataCUCCDiv\"]",
              "descendant::DIV[@id=\"DataCUCCDiv\"]"
            ]
          },
          {
            "id": "path/ordinal",
            "prob": 1,
            "value": "/HTML[1]/BODY[1]/FORM[1]/DIV[3]/TABLE[1]/TBODY[1]/TR[10]/TD[1]/DIV[1]"
          }
        ]
      },
      "events": {
        "onGetData": "getData_control121_iSF4gm"
      },
      "intendedRole": "custom",
      "roles": "element,custom",
      "monitored": true,
      "frameXPath": "//iframe[1]<<IFRAME>>",
      "componentType": "custom"
    },
    "control122_2oRtzb": {
      "location": {
        "data": {
          "tagName": "TR"
        },
        "userData": {
          "data": [],
          "force": false
        },
        "locators": [
          {
            "id": "text",
            "prob": 3,
            "value": {
              "text": [
                "【中国电信】接入概况"
              ],
              "visText": [
                "【中国电信】接入概况"
              ]
            }
          },
          {
            "id": "@id/word",
            "prob": 2,
            "value": [
              "descendant::FORM[@id=\"uprateDowcostForm\"]//DIV[@id=\"columnDivNet\"]/TABLE[1]/TBODY[1]/TR[11]",
              "descendant::DIV[@id=\"columnDivNet\"]/TABLE[1]/TBODY[1]/TR[11]"
            ]
          },
          {
            "id": "path/ordinal",
            "prob": 1,
            "value": "/HTML[1]/BODY[1]/FORM[1]/DIV[3]/TABLE[1]/TBODY[1]/TR[11]"
          }
        ]
      },
      "roles": "element",
      "content": true,
      "monitored": true,
      "frameXPath": "//iframe[1]<<IFRAME>>",
      "componentType": "content"
    },
    "control123_BLSdgO": {
      "location": {
        "data": {
          "tagName": "TR"
        },
        "userData": {
          "data": [],
          "force": false
        },
        "locators": [
          {
            "id": "@id/word",
            "prob": 2,
            "value": [
              "descendant::FORM[@id=\"uprateDowcostForm\"]//DIV[@id=\"columnDivNet\"]/TABLE[1]/TBODY[1]/TR[12]",
              "descendant::DIV[@id=\"columnDivNet\"]/TABLE[1]/TBODY[1]/TR[12]"
            ]
          },
          {
            "id": "path/ordinal",
            "prob": 1,
            "value": "/HTML[1]/BODY[1]/FORM[1]/DIV[3]/TABLE[1]/TBODY[1]/TR[12]"
          }
        ]
      },
      "events": {
        "onGetData": "getData_control123_BLSdgO"
      },
      "intendedRole": "custom",
      "roles": "element,custom",
      "monitored": true,
      "frameXPath": "//iframe[1]<<IFRAME>>",
      "componentType": "custom"
    },
    "control124_9uCnIx": {
      "location": {
        "data": {
          "tagName": "DIV"
        },
        "userData": {
          "data": [],
          "force": false
        },
        "locators": [
          {
            "id": "@id/word",
            "prob": 4,
            "value": [
              "descendant::FORM[@id=\"uprateDowcostForm\"]//DIV[@id=\"columnDivNet\"]//DIV[@id=\"HlwCTCCDiv\"]",
              "descendant::DIV[@id=\"columnDivNet\"]//DIV[@id=\"HlwCTCCDiv\"]",
              "descendant::DIV[@id=\"HlwCTCCDiv\"]"
            ]
          },
          {
            "id": "path/ordinal",
            "prob": 1,
            "value": "/HTML[1]/BODY[1]/FORM[1]/DIV[3]/TABLE[1]/TBODY[1]/TR[13]/TD[1]/DIV[1]"
          }
        ]
      },
      "events": {
        "onGetData": "getData_control124_9uCnIx"
      },
      "intendedRole": "custom",
      "roles": "element,custom",
      "monitored": true,
      "frameXPath": "//iframe[1]<<IFRAME>>",
      "componentType": "custom"
    },
    "control125_TBmrF3": {
      "location": {
        "data": {
          "tagName": "DIV"
        },
        "userData": {
          "data": [],
          "force": false
        },
        "locators": [
          {
            "id": "@id/word",
            "prob": 4,
            "value": [
              "descendant::FORM[@id=\"uprateDowcostForm\"]//DIV[@id=\"columnDivNet\"]//DIV[@id=\"DataCTCCDiv\"]",
              "descendant::DIV[@id=\"columnDivNet\"]//DIV[@id=\"DataCTCCDiv\"]",
              "descendant::DIV[@id=\"DataCTCCDiv\"]"
            ]
          },
          {
            "id": "path/ordinal",
            "prob": 1,
            "value": "/HTML[1]/BODY[1]/FORM[1]/DIV[3]/TABLE[1]/TBODY[1]/TR[14]/TD[1]/DIV[1]"
          }
        ]
      },
      "events": {
        "onGetData": "getData_control125_TBmrF3"
      },
      "intendedRole": "custom",
      "roles": "element,custom",
      "monitored": false,
      "frameXPath": "//iframe[1]<<IFRAME>>",
      "componentType": "custom"
    },
    "control126_5ksdTP": {
      "location": {
        "data": {
          "tagName": "DIV"
        },
        "userData": {
          "data": [],
          "force": false
        },
        "locators": [
          {
            "id": "@id/word",
            "prob": 4,
            "value": [
              "descendant::FORM[@id=\"uprateDowcostForm\"]//DIV[@id=\"columnDivNet\"]//DIV[@id=\"otherRequireDiv\"]",
              "descendant::DIV[@id=\"columnDivNet\"]//DIV[@id=\"otherRequireDiv\"]",
              "descendant::DIV[@id=\"otherRequireDiv\"]"
            ]
          },
          {
            "id": "path/ordinal",
            "prob": 1,
            "value": "/HTML[1]/BODY[1]/FORM[1]/DIV[3]/TABLE[1]/TBODY[1]/TR[15]/TD[1]/DIV[1]"
          }
        ]
      },
      "events": {
        "onGetData": "getData_control126_5ksdTP"
      },
      "intendedRole": "custom",
      "roles": "element,custom",
      "monitored": true,
      "frameXPath": "//iframe[1]<<IFRAME>>",
      "componentType": "custom"
    },
    "control127_w2u93K": {
      "location": {
        "data": {
          "tagName": "INPUT"
        },
        "userData": {
          "data": [],
          "force": false
        },
        "locators": [
          {
            "id": "input/button/@value",
            "prob": 3,
            "value": {
              "text": [
                "提 交"
              ]
            }
          },
          {
            "id": "@id/word",
            "prob": 3,
            "value": [
              "descendant::FORM[@id=\"uprateDowcostForm\"]//INPUT[@id=\"bsnBt\"]",
              "descendant::INPUT[@id=\"bsnBt\"]"
            ]
          },
          {
            "id": "path/ordinal",
            "prob": 1,
            "value": "/HTML[1]/BODY[1]/FORM[1]/TABLE[4]/TBODY[1]/TR[1]/TD[1]/INPUT[2]"
          },
          {
            "id": "input/type",
            "verifyEnabled": true,
            "value": "button"
          }
        ]
      },
      "intendedRole": "button",
      "roles": "element,button",
      "monitored": true,
      "frameXPath": "//iframe[1]<<IFRAME>>",
      "componentType": "button"
    },
    "control128_6udtn2": {
      "location": {
        "data": {
          "tagName": "INPUT"
        },
        "userData": {
          "data": [],
          "force": false
        },
        "locators": [
          {
            "id": "input/button/@value",
            "prob": 3,
            "value": {
              "text": [
                "重 置"
              ]
            }
          },
          {
            "id": "@id/word",
            "prob": 3,
            "value": [
              "descendant::FORM[@id=\"uprateDowcostForm\"]//INPUT[@id=\"resetBtn\"]",
              "descendant::INPUT[@id=\"resetBtn\"]"
            ]
          },
          {
            "id": "path/ordinal",
            "prob": 1,
            "value": "/HTML[1]/BODY[1]/FORM[1]/TABLE[4]/TBODY[1]/TR[1]/TD[1]/INPUT[3]"
          },
          {
            "id": "input/type",
            "verifyEnabled": true,
            "value": "reset"
          }
        ]
      },
      "intendedRole": "button",
      "roles": "element,button",
      "monitored": true,
      "frameXPath": "//iframe[1]<<IFRAME>>",
      "componentType": "button"
    },
    "control131_we5zsz": {
      "location": {
        "data": {
          "tagName": "TD"
        },
        "userData": {
          "data": [],
          "force": false
        },
        "locators": [
          {
            "id": "path/ordinal",
            "prob": 1,
            "value": "/HTML[1]/BODY[1]/DIV[1]/TABLE[1]/TBODY[1]/TR[1]/TD[1]/TABLE[1]/TBODY[1]/TR[2]/TD[1]"
          }
        ]
      },
      "events": {
        "onGetData": "getData_control131_we5zsz"
      },
      "intendedRole": "custom",
      "roles": "element,custom",
      "monitored": true,
      "frameXPath": "//iframe[1]<<IFRAME>>",
      "componentType": "custom"
    },
    "control135_TvQcWs": {
      "location": {
        "data": {
          "tagName": "SPAN"
        },
        "userData": {
          "data": [],
          "force": false
        },
        "locators": [
          {
            "id": "button/text",
            "prob": 3,
            "value": {
              "text": [
                "确 定"
              ],
              "visText": [
                "确 定"
              ]
            }
          },
          {
            "id": "@id/word",
            "prob": 2,
            "value": [
              "descendant::A[@id=\"commitBt\"]/SPAN[1]",
              "descendant::A[@id=\"commitBt\"]//SPAN"
            ]
          },
          {
            "id": "path/ordinal",
            "prob": 1,
            "value": "/HTML[1]/BODY[1]/DIV[1]/TABLE[1]/TBODY[1]/TR[1]/TD[1]/TABLE[1]/TBODY[1]/TR[4]/TD[1]/A[1]/SPAN[1]"
          },
          {
            "id": "elderLevel",
            "value": {
              "level": 0
            }
          }
        ]
      },
      "intendedRole": "button",
      "roles": "element,button",
      "monitored": false,
      "frameXPath": "//iframe[1]<<IFRAME>>",
      "componentType": "button"
    },
    "control136_RekTqh": {
      "location": {
        "data": {
          "tagName": "SPAN"
        },
        "userData": {
          "data": [],
          "force": false
        },
        "locators": [
          {
            "id": "button/text",
            "prob": 3,
            "value": {
              "text": [
                "关 闭"
              ],
              "visText": [
                "关 闭"
              ]
            }
          },
          {
            "id": "@id/word",
            "prob": 2,
            "value": [
              "descendant::A[@id=\"closeBt\"]/SPAN[1]",
              "descendant::A[@id=\"closeBt\"]//SPAN"
            ]
          },
          {
            "id": "path/ordinal",
            "prob": 1,
            "value": "/HTML[1]/BODY[1]/DIV[1]/TABLE[1]/TBODY[1]/TR[1]/TD[1]/TABLE[1]/TBODY[1]/TR[4]/TD[1]/A[2]/SPAN[1]"
          },
          {
            "id": "elderLevel",
            "value": {
              "level": 0
            }
          }
        ]
      },
      "intendedRole": "button",
      "roles": "element,button",
      "monitored": false,
      "frameXPath": "//iframe[1]<<IFRAME>>",
      "componentType": "button"
    },
    "control237_zwmnNa": {
      "location": {
        "data": {
          "tagName": "LI"
        },
        "userData": {
          "data": [],
          "force": false
        },
        "locators": [
          {
            "id": "text",
            "prob": 3,
            "value": {
              "text": [
                "提速降费摸底信息"
              ],
              "visText": [
                "提速降费摸底信息"
              ]
            }
          },
          {
            "id": "@title",
            "prob": 2,
            "value": {
              "text": [
                "提速降费摸底信息"
              ]
            }
          },
          {
            "id": "@class/word",
            "prob": 1,
            "value": "DIV.tab UL.floatCon.toLeft LI.selected"
          },
          {
            "id": "style/color",
            "value": [
              42,
              142,
              231
            ]
          }
        ]
      },
      "roles": "element",
      "text": "\t\t                                                        \t\t                        提速降费摸底信息\t                          ",
      "frameXPath": ""
    },
    "control164_GWKlLv": {
      "location": {
        "data": {
          "tagName": "IMG"
        },
        "userData": {
          "data": [],
          "force": false
        },
        "locators": [
          {
            "id": "@title",
            "prob": 2,
            "value": {
              "text": [
                "业务办理成功"
              ]
            }
          },
          {
            "id": "img/@src",
            "prob": 1,
            "value": {
              "pathname": "/ngmarket/skins/ng35/images/crm/resultmsg/operate_success_top01.gif"
            }
          },
          {
            "id": "path/ordinal",
            "prob": 1,
            "value": "/HTML[1]/BODY[1]/DIV[1]/TABLE[1]/TBODY[1]/TR[1]/TD[1]/TABLE[1]/TBODY[1]/TR[1]/TD[1]/IMG[1]"
          }
        ]
      },
      "roles": "element,image,button",
      "monitored": true,
      "frameXPath": "//iframe[1]<<IFRAME>>",
      "componentType": "image"
    }
  },
  "contexts": {
    "context17_a1Ttvy": {
      "controls": [
        "control80_2nIgZE",
        "control105_ayb4QJ",
        "control106_vBd8gU",
        "control107_vNtWOc",
        "control108_KVoP2B",
        "control109_81Dh8Q",
        "control110_W8G1nz",
        "control111_8iqGLP",
        "control112_LEReTB",
        "control113_oXqTua",
        "control114_ArXIzr",
        "control116_T8rkeH",
        "control117_ihuOnt",
        "control118_OQ8nUe",
        "control119_a2sQrf",
        "control120_0vI94O",
        "control121_iSF4gm",
        "control122_2oRtzb",
        "control123_BLSdgO",
        "control124_9uCnIx",
        "control125_TBmrF3",
        "control126_5ksdTP",
        "control127_w2u93K",
        "control128_6udtn2",
        "control131_we5zsz",
        "control135_TvQcWs",
        "control136_RekTqh",
        "control164_GWKlLv"
      ],
      "anchors": [
        "control237_zwmnNa"
      ],
      "urlAnchor": []
    }
  },
  "flows": {
    "flow69_Puwitq": {
      "toContexts": [
        {
          "toContextId": "context17_a1Ttvy"
        },
        {
          "toContextId": "context13_Elbgbw",
          "toModelId": "marketing-channel-information"
        }
      ]
    },
    "flow70_vaFopO": {
      "fromContextId": "context17_a1Ttvy",
      "fromAction": "doAction",
      "fromControlId": "control106_vBd8gU",
      "toContexts": [
        {
          "toContextId": "context17_a1Ttvy"
        }
      ]
    },
    "flow71_eTrLuo": {
      "fromContextId": "context17_a1Ttvy",
      "fromAction": "doAction",
      "fromControlId": "control108_KVoP2B",
      "toContexts": [
        {
          "toContextId": "context17_a1Ttvy"
        }
      ]
    },
    "flow72_8rSA0X": {
      "fromContextId": "context17_a1Ttvy",
      "fromAction": "doAction",
      "fromControlId": "control110_W8G1nz",
      "toContexts": [
        {
          "toContextId": "context17_a1Ttvy"
        }
      ]
    },
    "flow73_yNCUzw": {
      "fromContextId": "context17_a1Ttvy",
      "fromAction": "doAction",
      "fromControlId": "control112_LEReTB",
      "toContexts": [
        {
          "toContextId": "context17_a1Ttvy"
        }
      ]
    },
    "flow74_xi09I5": {
      "fromContextId": "context17_a1Ttvy",
      "fromAction": "doAction",
      "fromControlId": "control114_ArXIzr",
      "toContexts": [
        {
          "toContextId": "context17_a1Ttvy"
        }
      ]
    },
    "flow75_r6PBUx": {
      "fromContextId": "context17_a1Ttvy",
      "fromAction": "doAction",
      "fromControlId": "control117_ihuOnt",
      "toContexts": [
        {
          "toContextId": "context17_a1Ttvy"
        }
      ]
    },
    "flow76_TibBwh": {
      "fromContextId": "context17_a1Ttvy",
      "fromAction": "doAction",
      "fromControlId": "control116_T8rkeH",
      "toContexts": [
        {
          "toContextId": "context17_a1Ttvy"
        }
      ]
    },
    "flow77_giJGEO": {
      "fromContextId": "context17_a1Ttvy",
      "fromAction": "doAction",
      "fromControlId": "control119_a2sQrf",
      "toContexts": [
        {
          "toContextId": "context17_a1Ttvy"
        }
      ]
    },
    "flow78_5QPorQ": {
      "fromContextId": "context17_a1Ttvy",
      "fromAction": "doAction",
      "fromControlId": "control120_0vI94O",
      "toContexts": [
        {
          "toContextId": "context17_a1Ttvy"
        }
      ]
    },
    "flow79_9dA5W4": {
      "fromContextId": "context17_a1Ttvy",
      "fromAction": "doAction",
      "fromControlId": "control123_BLSdgO",
      "toContexts": [
        {
          "toContextId": "context17_a1Ttvy"
        }
      ]
    },
    "flow80_gKypJ6": {
      "fromContextId": "context17_a1Ttvy",
      "fromAction": "doAction",
      "fromControlId": "control126_5ksdTP",
      "toContexts": [
        {
          "toContextId": "context17_a1Ttvy"
        }
      ]
    },
    "flow83_9yJMds": {
      "fromContextId": "context17_a1Ttvy",
      "fromAction": "click",
      "fromControlId": "control127_w2u93K",
      "toContexts": [
        {
          "toContextId": "context17_a1Ttvy"
        }
      ]
    },
    "flow84_f3gO0o": {
      "fromContextId": "context17_a1Ttvy",
      "fromAction": "click",
      "fromControlId": "control135_TvQcWs",
      "toContexts": [
        {
          "toContextId": "context17_a1Ttvy"
        }
      ]
    },
    "flow96_UZFMkM": {
      "fromContextId": "context17_a1Ttvy",
      "fromAction": "doAction",
      "fromControlId": "control125_TBmrF3",
      "toContexts": [
        {
          "toContextId": "context17_a1Ttvy"
        }
      ]
    },
    "flow173_MwyoFW": {
      "fromContextId": "context17_a1Ttvy",
      "fromAction": "doAction",
      "fromControlId": "control121_iSF4gm",
      "toContexts": [
        {
          "toContextId": "context17_a1Ttvy"
        }
      ]
    },
    "flow181_CJkNwJ": {
      "fromContextId": "context17_a1Ttvy",
      "fromAction": "doAction",
      "fromControlId": "control124_9uCnIx",
      "toContexts": [
        {
          "toContextId": "context17_a1Ttvy"
        }
      ]
    },
    "flow206_nDaWyV": {
      "fromContextId": "context17_a1Ttvy",
      "fromAction": "click",
      "fromControlId": "control128_6udtn2",
      "toContexts": [
        {
          "toContextId": "context17_a1Ttvy"
        }
      ]
    }
  },
  "pages": {
    "page17_fCXuFc": {
      "contextId": "context17_a1Ttvy",
      "layout": [
        {
          "id": "uiControl83_i0XwlE",
          "controlId": "control80_2nIgZE",
          "display": {
            "adapterId": "custom",
            "type": "custom",
            "adapter": {
              "templateType": "react",
              "events": {
                "onDoAction": "doAction_uiControl83_i0XwlE",
                "onGetTemplate": "getTemplate_uiControl83_i0XwlE"
              }
            }
          }
        },
        {
          "id": "uiControl114_AecCo6",
          "display": {
            "type": "card",
            "adapterId": "card",
            "adapter": {
              "templateType": ""
            }
          },
          "layout": [
            {
              "id": "uiControl114_AecCo6header",
              "display": {
                "type": "cardHeader",
                "text": "",
                "adapterId": "cardHeader",
                "adapter": {
                  "templateType": ""
                }
              },
              "layout": []
            },
            {
              "id": "uiControl114_AecCo6body",
              "display": {
                "type": "cardBody",
                "adapterId": "cardBody",
                "adapter": {
                  "templateType": ""
                }
              },
              "layout": [
                {
                  "id": "uiControl115_b6yoRc",
                  "controlId": "control105_ayb4QJ",
                  "display": {
                    "adapterId": "content",
                    "type": "content",
                    "class": "w-tit",
                    "adapter": {
                      "templateType": ""
                    }
                  }
                },
                {
                  "id": "uiControl116_QpJBkw",
                  "controlId": "control106_vBd8gU",
                  "display": {
                    "adapterId": "custom",
                    "type": "custom",
                    "adapter": {
                      "templateType": "react",
                      "events": {
                        "onDoAction": "doAction_uiControl116_QpJBkw",
                        "onGetTemplate": "getTemplate_uiControl116_QpJBkw"
                      }
                    }
                  }
                },
                {
                  "id": "uiControl117_15Czib",
                  "controlId": "control107_vNtWOc",
                  "display": {
                    "adapterId": "content",
                    "type": "content",
                    "class": "w-tit",
                    "adapter": {
                      "templateType": ""
                    }
                  }
                },
                {
                  "id": "uiControl118_EzdAHN",
                  "controlId": "control108_KVoP2B",
                  "display": {
                    "adapterId": "custom",
                    "type": "custom",
                    "adapter": {
                      "templateType": "react",
                      "events": {
                        "onDoAction": "doAction_uiControl118_EzdAHN",
                        "onGetTemplate": "getTemplate_uiControl118_EzdAHN"
                      }
                    }
                  }
                },
                {
                  "id": "uiControl119_0E2PXK",
                  "controlId": "control109_81Dh8Q",
                  "display": {
                    "adapterId": "content",
                    "type": "content",
                    "class": "w-tit",
                    "adapter": {
                      "templateType": ""
                    }
                  }
                },
                {
                  "id": "uiControl120_QW0Z86",
                  "controlId": "control110_W8G1nz",
                  "display": {
                    "adapterId": "custom",
                    "type": "custom",
                    "adapter": {
                      "templateType": "react",
                      "events": {
                        "onDoAction": "doAction_uiControl120_QW0Z86",
                        "onGetTemplate": "getTemplate_uiControl120_QW0Z86"
                      }
                    }
                  }
                },
                {
                  "id": "uiControl121_Dr1TLv",
                  "controlId": "control111_8iqGLP",
                  "display": {
                    "adapterId": "content",
                    "type": "content",
                    "class": "w-tit",
                    "adapter": {
                      "templateType": ""
                    }
                  }
                },
                {
                  "id": "uiControl122_9KZyyL",
                  "controlId": "control112_LEReTB",
                  "display": {
                    "adapterId": "custom",
                    "type": "custom",
                    "adapter": {
                      "templateType": "react",
                      "events": {
                        "onDoAction": "doAction_uiControl122_9KZyyL",
                        "onGetTemplate": "getTemplate_uiControl122_9KZyyL"
                      }
                    }
                  }
                },
                {
                  "id": "uiControl123_GrKrLt",
                  "controlId": "control113_oXqTua",
                  "display": {
                    "adapterId": "content",
                    "type": "content",
                    "class": "w-tit",
                    "adapter": {
                      "templateType": ""
                    }
                  }
                },
                {
                  "id": "uiControl124_bSNx6N",
                  "controlId": "control114_ArXIzr",
                  "display": {
                    "adapterId": "custom",
                    "type": "custom",
                    "adapter": {
                      "templateType": "react",
                      "events": {
                        "onDoAction": "doAction_uiControl124_bSNx6N",
                        "onGetTemplate": "getTemplate_uiControl124_bSNx6N"
                      }
                    }
                  }
                },
                {
                  "id": "uiControl127_BWelZ3",
                  "controlId": "control117_ihuOnt",
                  "display": {
                    "adapterId": "custom",
                    "type": "custom",
                    "adapter": {
                      "templateType": "react",
                      "events": {
                        "onDoAction": "doAction_uiControl127_BWelZ3",
                        "onGetTemplate": "getTemplate_uiControl127_BWelZ3"
                      }
                    }
                  }
                },
                {
                  "id": "uiControl126_fklvF1",
                  "controlId": "control116_T8rkeH",
                  "display": {
                    "adapterId": "custom",
                    "type": "custom",
                    "adapter": {
                      "templateType": "react",
                      "events": {
                        "onDoAction": "doAction_uiControl126_fklvF1",
                        "onGetTemplate": "getTemplate_uiControl126_fklvF1"
                      }
                    }
                  }
                },
                {
                  "id": "uiControl128_kT5eyr",
                  "controlId": "control118_OQ8nUe",
                  "display": {
                    "adapterId": "content",
                    "type": "content",
                    "class": "w-tit",
                    "adapter": {
                      "templateType": ""
                    }
                  }
                },
                {
                  "id": "uiControl129_JktT58",
                  "controlId": "control119_a2sQrf",
                  "display": {
                    "adapterId": "custom",
                    "type": "custom",
                    "adapter": {
                      "templateType": "react",
                      "events": {
                        "onDoAction": "doAction_uiControl129_JktT58",
                        "onGetTemplate": "getTemplate_uiControl129_JktT58"
                      }
                    }
                  }
                },
                {
                  "id": "uiControl130_AZE2Tt",
                  "controlId": "control120_0vI94O",
                  "display": {
                    "adapterId": "custom",
                    "type": "custom",
                    "adapter": {
                      "templateType": "react",
                      "events": {
                        "onDoAction": "doAction_uiControl130_AZE2Tt",
                        "onGetTemplate": "getTemplate_uiControl130_AZE2Tt"
                      }
                    }
                  }
                },
                {
                  "id": "uiControl131_H6VSSy",
                  "controlId": "control121_iSF4gm",
                  "display": {
                    "adapterId": "custom",
                    "type": "custom",
                    "adapter": {
                      "templateType": "react",
                      "events": {
                        "onDoAction": "doAction_uiControl131_H6VSSy",
                        "onGetTemplate": "getTemplate_uiControl131_H6VSSy"
                      }
                    }
                  }
                },
                {
                  "id": "uiControl132_zQnHgO",
                  "controlId": "control122_2oRtzb",
                  "display": {
                    "adapterId": "content",
                    "type": "content",
                    "class": "w-tit",
                    "adapter": {
                      "templateType": ""
                    }
                  }
                },
                {
                  "id": "uiControl133_GAN9Ud",
                  "controlId": "control123_BLSdgO",
                  "display": {
                    "adapterId": "custom",
                    "type": "custom",
                    "adapter": {
                      "templateType": "react",
                      "events": {
                        "onDoAction": "doAction_uiControl133_GAN9Ud",
                        "onGetTemplate": "getTemplate_uiControl133_GAN9Ud"
                      }
                    }
                  }
                },
                {
                  "id": "uiControl134_xBDTQZ",
                  "controlId": "control124_9uCnIx",
                  "display": {
                    "adapterId": "custom",
                    "type": "custom",
                    "adapter": {
                      "templateType": "react",
                      "events": {
                        "onDoAction": "doAction_uiControl134_xBDTQZ",
                        "onGetTemplate": "getTemplate_uiControl134_xBDTQZ"
                      }
                    }
                  }
                },
                {
                  "id": "uiControl135_OSmUgz",
                  "controlId": "control125_TBmrF3",
                  "display": {
                    "adapterId": "custom",
                    "type": "custom",
                    "adapter": {
                      "templateType": "react",
                      "events": {
                        "onDoAction": "doAction_uiControl135_OSmUgz",
                        "onGetTemplate": "getTemplate_uiControl135_OSmUgz"
                      }
                    }
                  }
                },
                {
                  "id": "uiControl136_cPr1NL",
                  "controlId": "control126_5ksdTP",
                  "display": {
                    "adapterId": "custom",
                    "type": "custom",
                    "adapter": {
                      "templateType": "react",
                      "events": {
                        "onDoAction": "doAction_uiControl136_cPr1NL",
                        "onGetTemplate": "getTemplate_uiControl136_cPr1NL"
                      }
                    }
                  }
                },
                {
                  "id": "uiControl138_zh2bx9",
                  "display": {
                    "type": "grid",
                    "adapterId": "grid",
                    "adapter": {
                      "templateType": ""
                    }
                  },
                  "layout": [
                    {
                      "id": "uiControl138_zh2bx9row0",
                      "display": {
                        "cols": 3,
                        "type": "col",
                        "adapterId": "col",
                        "adapter": {
                          "templateType": ""
                        }
                      },
                      "layout": [
                        {
                          "id": "uiControl139_K4TqPs",
                          "controlId": "control127_w2u93K",
                          "display": {
                            "adapterId": "clickable",
                            "type": "button",
                            "hollow": false,
                            "amStyle": "primary",
                            "amSize": "sm",
                            "adapter": {
                              "templateType": ""
                            }
                          }
                        }
                      ]
                    },
                    {
                      "id": "uiControl138_zh2bx9row1",
                      "display": {
                        "cols": 3,
                        "type": "col",
                        "adapterId": "col",
                        "adapter": {
                          "templateType": ""
                        }
                      },
                      "layout": [
                        {
                          "id": "uiControl140_xSPrct",
                          "controlId": "control128_6udtn2",
                          "display": {
                            "adapterId": "clickable",
                            "type": "button",
                            "hollow": false,
                            "amStyle": "warning",
                            "amSize": "sm",
                            "adapter": {
                              "templateType": ""
                            }
                          }
                        }
                      ]
                    }
                  ]
                }
              ]
            },
            {
              "id": "uiControl114_AecCo6footer",
              "display": {
                "type": "cardFooter",
                "adapterId": "cardFooter",
                "adapter": {
                  "templateType": ""
                }
              },
              "layout": []
            }
          ]
        },
        {
          "id": "uiControl170_c3tpNW",
          "controlId": "control164_GWKlLv",
          "display": {
            "adapterId": "image_link",
            "type": "image",
            "class": "imgs",
            "adapter": {
              "templateType": ""
            }
          }
        },
        {
          "id": "uiControl137_vNCqcQ",
          "controlId": "control131_we5zsz",
          "display": {
            "adapterId": "custom",
            "type": "custom",
            "adapter": {
              "templateType": "react",
              "events": {
                "onDoAction": "doAction_uiControl137_vNCqcQ",
                "onGetTemplate": "getTemplate_uiControl137_vNCqcQ"
              }
            }
          }
        },
        {
          "id": "uiControl142_ONTeTa",
          "display": {
            "type": "grid",
            "adapterId": "grid",
            "adapter": {
              "templateType": ""
            }
          },
          "layout": [
            {
              "id": "uiControl142_ONTeTarow0",
              "display": {
                "cols": 3,
                "type": "col",
                "adapterId": "col",
                "adapter": {
                  "templateType": ""
                }
              },
              "layout": [
                {
                  "id": "uiControl147_aVnIXC",
                  "controlId": "control135_TvQcWs",
                  "display": {
                    "adapterId": "clickable",
                    "type": "button",
                    "hollow": true,
                    "amStyle": "primary",
                    "amSize": "sm",
                    "adapter": {
                      "templateType": ""
                    }
                  }
                }
              ]
            },
            {
              "id": "uiControl142_ONTeTarow1",
              "display": {
                "cols": 3,
                "type": "col",
                "adapterId": "col",
                "adapter": {
                  "templateType": ""
                }
              },
              "layout": [
                {
                  "id": "uiControl148_bB8B4V",
                  "controlId": "control136_RekTqh",
                  "display": {
                    "adapterId": "clickable",
                    "type": "button",
                    "hollow": true,
                    "amStyle": "primary",
                    "amSize": "sm",
                    "adapter": {
                      "templateType": ""
                    }
                  }
                }
              ]
            }
          ]
        }
      ]
    }
  },
  "matchers": {
    "page/title": {
      "contexts": {
        "context17_a1Ttvy": [
          "中国移动宁夏公司第三代CRM系统",
          "中国移动宁夏公司第三代CRM系统 页面"
        ]
      }
    },
    "page/urls": {
      "contexts": {
        "context17_a1Ttvy": [
          "218.203.103.203:8082/oc/bes/sm/login/operator_ctz.html?type=2"
        ]
      }
    },
    "page/ids": {
      "contexts": {
        "context17_a1Ttvy": [
          [
            "bes_sm_portal_email_div",
            "bes_sm_portal_email_input",
            "bes_sm_portal_email_span",
            "bes_sm_portal_exit_pic",
            "bes_sm_portal_lock_pic",
            "bes_sm_portal_phone_div",
            "bes_sm_portal_phone_input",
            "bes_sm_portal_phone_span",
            "bes_sm_portal_updatePwd_pic",
            "bes_sm_portal_userName_div",
            "bes_sm_portal_userName_input",
            "bes_sm_portal_userName_span",
            "bes_sm_portal_welcom_div",
            "bes_sm_portal_welcome_input",
            "bes_sm_portal_welcome_span",
            "beslogo",
            "besprintiframe",
            "crt-be",
            "datetimepicker_div",
            "drag",
            "emailchoice",
            "frame_calculator",
            "frame_search_employee",
            "headerMenu",
            "helpClose",
            "helpMax",
            "helpMin",
            "helpRestore",
            "helpcenter",
            "helper_center_li",
            "helpifr",
            "helpmore",
            "helptitle",
            "helpul",
            "helpwindow",
            "ins_mpuiconsendsms",
            "ipt_lang",
            "ipt_loginid",
            "leftMenu",
            "lockPageDiv",
            "lockpage_pwd",
            "menuSearch",
            "middleFrame",
            "mymarquee",
            "note_pad",
            "noticeleft",
            "noticeli",
            "noticelistdiv",
            "noticetop",
            "orderScrollbar",
            "popBox",
            "popNote",
            "popNoteBox",
            "printdiv",
            "rightheadermenu",
            "search_button_info",
            "search_info_text",
            "shoppingcartNumber",
            "shoppingcartPlat",
            "shoppingcartcheckout",
            "showmenudiv",
            "sitemap",
            "staticshoppingcar_close",
            "staticshoppingcar_open",
            "switchberegion",
            "tab-scrollbar",
            "tip_footdiv",
            "top_gadget",
            "uee-",
            "uee-_bmeDSTImg",
            "uee-_input_img",
            "uee-_ueeDTMShowFmt",
            "uee-_value",
            "unlockpage_btn",
            "workPlace"
          ],
          [
            "attachName",
            "bes_sm_portal_email_div",
            "bes_sm_portal_email_input",
            "bes_sm_portal_email_span",
            "bes_sm_portal_exit_pic",
            "bes_sm_portal_lock_pic",
            "bes_sm_portal_phone_div",
            "bes_sm_portal_phone_input",
            "bes_sm_portal_phone_span",
            "bes_sm_portal_updatePwd_pic",
            "bes_sm_portal_userName_div",
            "bes_sm_portal_userName_input",
            "bes_sm_portal_userName_span",
            "bes_sm_portal_welcom_div",
            "bes_sm_portal_welcome_input",
            "bes_sm_portal_welcome_span",
            "beslogo",
            "besprintiframe",
            "crt-be",
            "datetimepicker_div",
            "downloadExportExcel",
            "drag",
            "emailchoice",
            "frame_calculator",
            "frame_search_employee",
            "headerMenu",
            "helpClose",
            "helpMax",
            "helpMin",
            "helpRestore",
            "helpcenter",
            "helper_center_li",
            "helpifr",
            "helpmore",
            "helptitle",
            "helpul",
            "helpwindow",
            "img_",
            "ins_mpuiconsendsms",
            "ipt_lang",
            "ipt_loginid",
            "leftMenu",
            "leftPopBox",
            "lockPageDiv",
            "lockpage_pwd",
            "menuSearch",
            "middleFrame",
            "moreNotice",
            "mymarquee",
            "noteContent",
            "note_",
            "note_pad",
            "noticeleft",
            "noticeli",
            "noticelistdiv",
            "noticetop",
            "orderScrollbar",
            "popBox",
            "popNote",
            "popNoteBox",
            "popupTitle",
            "printdiv",
            "rightheadermenu",
            "searchReset",
            "search_button_info",
            "search_info_text",
            "shoppingcartNumber",
            "shoppingcartPlat",
            "shoppingcartcheckout",
            "showmenudiv",
            "sitemap",
            "staticshoppingcar_close",
            "staticshoppingcar_open",
            "switchberegion",
            "tab-scrollbar",
            "tip_footdiv",
            "top_gadget",
            "uee-",
            "uee-_bmeDSTImg",
            "uee-_input_img",
            "uee-_ueeDTMShowFmt",
            "uee-_value",
            "unlockpage_btn",
            "workPlace"
          ]
        ]
      }
    },
    "page/classes": {
      "contexts": {
        "context17_a1Ttvy": [
          [
            "LeftScrollBar",
            "LeftxScrollBar",
            "ScrollbarArrow",
            "ScrollbarHandle",
            "ScrollbarHandleC",
            "ScrollbarHandleR",
            "ScrollbarTrack",
            "accountOpt",
            "active",
            "ao-droplist",
            "ao-exit",
            "ao-header",
            "ao-lock",
            "ao-popup",
            "ao-updatepwd",
            "beforeEdit",
            "bes-ad-common-smplugin",
            "bes-ad-staticshoppingcar",
            "bes-common-pagecontext",
            "bes-oc-base-login",
            "bes-oc-base-shoppingcart",
            "bes-sm-commontools",
            "bes-sm-ctz-notice",
            "bes-sm-helpcenter",
            "bes-sm-oc-print",
            "bes-sm-sales-workbench",
            "bes-sm-sitemap",
            "bes-sm-switchbe",
            "bes-sm-unioncash",
            "bf_tips",
            "bf_tips_container",
            "bf_tips_content",
            "btn_negative",
            "cart_num",
            "checkbox",
            "checked",
            "clearfix",
            "close",
            "cn_bg",
            "cn_center",
            "cn_impl",
            "cn_left",
            "cn_right",
            "content",
            "currentOrder",
            "currentOrderEmpty",
            "datetime_input",
            "datetimepicker_DST",
            "datetimepicker_div_trigger",
            "disable",
            "disableEdit",
            "droplist",
            "droplistIcon",
            "editSpan",
            "ele_normal",
            "emailSpan",
            "even",
            "fl",
            "floatCon",
            "fontH",
            "font_blue",
            "font_left",
            "font_right",
            "foot",
            "fr",
            "ft-h",
            "hasDatepicker",
            "head",
            "headerMenu",
            "header_menu_child",
            "header_menu_grandchild",
            "helpcenter",
            "helper_center",
            "hide",
            "icon",
            "inlineTitle",
            "label",
            "last",
            "lastLiOpt",
            "left",
            "lock",
            "lock_input",
            "logo",
            "main-right",
            "max",
            "mb_",
            "menu_btn",
            "mid",
            "middle",
            "min",
            "ml_",
            "mt_",
            "navigatorBar",
            "ng-binding",
            "ng-hide",
            "ng-scope",
            "normal_img",
            "notice",
            "noticeli",
            "oclogin",
            "ocprint",
            "ocshoppingcart",
            "openwithtab",
            "order_content",
            "order_footer",
            "order_opt",
            "order_title",
            "p",
            "pgHeader",
            "phoneSpan",
            "pophelp-more",
            "pophelp_pa",
            "pre",
            "print_block",
            "print_close",
            "print_content",
            "print_header",
            "r_contnet",
            "resizeB",
            "resizeBR",
            "resizeL",
            "resizeLB",
            "resizeLT",
            "resizeR",
            "resizeT",
            "resizeTR",
            "revert",
            "right",
            "scrollbar_container",
            "scrollbar_container_inner",
            "scrollbar_container_outer",
            "searchBar",
            "searchButton",
            "searchBuyPanel",
            "searchPopup",
            "selected",
            "selector",
            "sh-inputCon",
            "sh-value",
            "shoppingCar",
            "shopping_Number",
            "shopping_close",
            "showMenuDiv",
            "switchbe",
            "tab",
            "tab-close",
            "tab-menu",
            "tab-popup",
            "tab-title",
            "tabCon",
            "tab_nav",
            "tabcontainer",
            "tc-content",
            "tc-mask",
            "tc-popup",
            "tc-tip",
            "tc_content",
            "tc_linkCon",
            "tc_mask",
            "tc_popup",
            "tc_sub_title",
            "tc_title",
            "title",
            "toLeft",
            "tool",
            "toolCon",
            "tool_v",
            "toolbar",
            "uIcon",
            "u_name",
            "u_no",
            "uee",
            "uee-border",
            "uee-datetime",
            "uee-datetime-container",
            "uee-gadget",
            "uee-input",
            "uee-input-normal",
            "uee-inputele-view",
            "uee-ipt-ele",
            "userNameSpan",
            "valid",
            "welcomeSpan",
            "win_cover",
            "win_lock",
            "win_lock_bg",
            "windowBoxwrap",
            "wrap"
          ],
          [
            "LeftScrollBar",
            "LeftxScrollBar",
            "ScrollbarArrow",
            "ScrollbarHandle",
            "ScrollbarHandleC",
            "ScrollbarHandleR",
            "ScrollbarTrack",
            "accountOpt",
            "active",
            "ao-droplist",
            "ao-exit",
            "ao-header",
            "ao-lock",
            "ao-popup",
            "ao-updatepwd",
            "beforeEdit",
            "bes-ad-common-smplugin",
            "bes-ad-staticshoppingcar",
            "bes-common-pagecontext",
            "bes-oc-base-login",
            "bes-oc-base-shoppingcart",
            "bes-sm-commontools",
            "bes-sm-ctz-notice",
            "bes-sm-helpcenter",
            "bes-sm-oc-print",
            "bes-sm-sales-workbench",
            "bes-sm-sitemap",
            "bes-sm-switchbe",
            "bes-sm-unioncash",
            "bf_tips",
            "bf_tips_container",
            "bf_tips_content",
            "btn_negative",
            "cart_num",
            "checkbox",
            "checked",
            "clearfix",
            "close",
            "close_box",
            "cn_bg",
            "cn_center",
            "cn_impl",
            "cn_left",
            "cn_right",
            "content",
            "currentOrder",
            "currentOrderEmpty",
            "dateInfo",
            "datetime_input",
            "datetimepicker_DST",
            "datetimepicker_div_trigger",
            "disable",
            "disableEdit",
            "droplist",
            "droplistIcon",
            "editSpan",
            "ele_normal",
            "emailSpan",
            "even",
            "fl",
            "floatCon",
            "fontH",
            "font_blue",
            "font_left",
            "font_right",
            "foot",
            "form_notice",
            "fr",
            "ft-h",
            "hasDatepicker",
            "head",
            "headerMenu",
            "header_menu_child",
            "header_menu_grandchild",
            "helpcenter",
            "helper_center",
            "hide",
            "icon",
            "inlineTitle",
            "label",
            "last",
            "lastLiOpt",
            "left",
            "lock",
            "lock_input",
            "logo",
            "main-right",
            "max",
            "mb_",
            "menu_btn",
            "mid",
            "middle",
            "min",
            "ml_",
            "moreLink",
            "mt_",
            "navigatorBar",
            "ng-binding",
            "ng-hide",
            "ng-scope",
            "normal_img",
            "notice",
            "noticeli",
            "oclogin",
            "ocprint",
            "ocshoppingcart",
            "openwithtab",
            "order_content",
            "order_footer",
            "order_opt",
            "order_title",
            "p",
            "pgHeader",
            "phoneSpan",
            "pophelp-more",
            "pophelp_pa",
            "pre",
            "print_block",
            "print_close",
            "print_content",
            "print_header",
            "r_contnet",
            "resizeB",
            "resizeBR",
            "resizeL",
            "resizeLB",
            "resizeLT",
            "resizeR",
            "resizeT",
            "resizeTR",
            "revert",
            "right",
            "scrollbar_container",
            "scrollbar_container_inner",
            "scrollbar_container_outer",
            "searchBar",
            "searchButton",
            "searchBuyPanel",
            "searchPopup",
            "selected",
            "selector",
            "sh-inputCon",
            "sh-value",
            "shoppingCar",
            "shopping_Number",
            "shopping_close",
            "showMenuDiv",
            "switchbe",
            "tab",
            "tab-close",
            "tab-menu",
            "tab-popup",
            "tab-title",
            "tabCon",
            "tab_nav",
            "tabcontainer",
            "tc-content",
            "tc-mask",
            "tc-popup",
            "tc-tip",
            "tc_content",
            "tc_linkCon",
            "tc_mask",
            "tc_popup",
            "tc_sub_title",
            "tc_title",
            "title",
            "toLeft",
            "tool",
            "toolCon",
            "tool_v",
            "toolbar",
            "uIcon",
            "u_name",
            "u_no",
            "uee",
            "uee-border",
            "uee-datetime",
            "uee-datetime-container",
            "uee-gadget",
            "uee-input",
            "uee-input-normal",
            "uee-inputele-view",
            "uee-ipt-ele",
            "urgentIcon",
            "userNameSpan",
            "valid",
            "wb_title",
            "welcomeSpan",
            "win_box",
            "win_cover",
            "win_lock",
            "win_lock_bg",
            "windowBoxwrap",
            "wrap"
          ],
          [
            "LeftScrollBar",
            "LeftxScrollBar",
            "ScrollbarArrow",
            "ScrollbarHandle",
            "ScrollbarHandleC",
            "ScrollbarHandleR",
            "ScrollbarTrack",
            "accountOpt",
            "active",
            "ao-droplist",
            "ao-exit",
            "ao-header",
            "ao-lock",
            "ao-popup",
            "ao-updatepwd",
            "beforeEdit",
            "bes-ad-common-smplugin",
            "bes-ad-staticshoppingcar",
            "bes-common-pagecontext",
            "bes-oc-base-login",
            "bes-oc-base-shoppingcart",
            "bes-sm-commontools",
            "bes-sm-ctz-notice",
            "bes-sm-helpcenter",
            "bes-sm-oc-print",
            "bes-sm-sales-workbench",
            "bes-sm-sitemap",
            "bes-sm-switchbe",
            "bes-sm-unioncash",
            "bf_tips",
            "bf_tips_container",
            "bf_tips_content",
            "btn_negative",
            "cart_num",
            "checkbox",
            "checked",
            "clearfix",
            "close",
            "close_box",
            "cn_bg",
            "cn_center",
            "cn_impl",
            "cn_left",
            "cn_right",
            "content",
            "currentOrder",
            "currentOrderEmpty",
            "dateInfo",
            "datetime_input",
            "datetimepicker_DST",
            "datetimepicker_div_trigger",
            "disable",
            "disableEdit",
            "droplist",
            "droplistIcon",
            "editSpan",
            "ele_normal",
            "emailSpan",
            "even",
            "fl",
            "floatCon",
            "fontH",
            "font_blue",
            "font_left",
            "font_right",
            "foot",
            "form_notice",
            "fr",
            "ft-h",
            "hasDatepicker",
            "head",
            "headerMenu",
            "header_menu_child",
            "header_menu_grandchild",
            "helpcenter",
            "helper_center",
            "hide",
            "icon",
            "inlineTitle",
            "label",
            "last",
            "lastLiOpt",
            "left",
            "lock",
            "lock_input",
            "logo",
            "main-right",
            "max",
            "mb_",
            "menu_btn",
            "mid",
            "middle",
            "min",
            "ml_",
            "moreLink",
            "mt_",
            "navigatorBar",
            "ng-binding",
            "ng-hide",
            "ng-scope",
            "noneedopenwithtab",
            "normal_img",
            "notice",
            "noticeli",
            "oclogin",
            "ocprint",
            "ocshoppingcart",
            "openwithtab",
            "order_content",
            "order_footer",
            "order_opt",
            "order_title",
            "p",
            "pgHeader",
            "phoneSpan",
            "pophelp-more",
            "pophelp_pa",
            "pre",
            "print_block",
            "print_close",
            "print_content",
            "print_header",
            "r_contnet",
            "resizeB",
            "resizeBR",
            "resizeL",
            "resizeLB",
            "resizeLT",
            "resizeR",
            "resizeT",
            "resizeTR",
            "revert",
            "right",
            "scrollbar_container",
            "scrollbar_container_inner",
            "scrollbar_container_outer",
            "searchBar",
            "searchButton",
            "searchBuyPanel",
            "searchPopup",
            "selected",
            "selector",
            "sh-inputCon",
            "sh-value",
            "shoppingCar",
            "shopping_Number",
            "shopping_close",
            "showMenuDiv",
            "switchbe",
            "tab",
            "tab-close",
            "tab-menu",
            "tab-popup",
            "tab-title",
            "tabCon",
            "tab_nav",
            "tabcontainer",
            "tc-content",
            "tc-mask",
            "tc-popup",
            "tc-tip",
            "tc_content",
            "tc_linkCon",
            "tc_mask",
            "tc_popup",
            "tc_sub_title",
            "tc_title",
            "title",
            "toLeft",
            "tool",
            "toolCon",
            "tool_v",
            "toolbar",
            "uIcon",
            "u_name",
            "u_no",
            "uee",
            "uee-border",
            "uee-datetime",
            "uee-datetime-container",
            "uee-gadget",
            "uee-input",
            "uee-input-normal",
            "uee-inputele-view",
            "uee-ipt-ele",
            "urgentIcon",
            "userNameSpan",
            "wb_title",
            "welcomeSpan",
            "win_box",
            "win_cover",
            "win_lock",
            "win_lock_bg",
            "windowBoxwrap",
            "wrap"
          ],
          [
            "LeftScrollBar",
            "LeftxScrollBar",
            "ScrollbarArrow",
            "ScrollbarHandle",
            "ScrollbarHandleC",
            "ScrollbarHandleR",
            "ScrollbarTrack",
            "accountOpt",
            "active",
            "ao-droplist",
            "ao-exit",
            "ao-header",
            "ao-lock",
            "ao-popup",
            "ao-updatepwd",
            "beforeEdit",
            "bes-ad-common-smplugin",
            "bes-ad-staticshoppingcar",
            "bes-common-pagecontext",
            "bes-oc-base-login",
            "bes-oc-base-shoppingcart",
            "bes-sm-commontools",
            "bes-sm-ctz-notice",
            "bes-sm-helpcenter",
            "bes-sm-oc-print",
            "bes-sm-sales-workbench",
            "bes-sm-sitemap",
            "bes-sm-switchbe",
            "bes-sm-unioncash",
            "bf_tips",
            "bf_tips_container",
            "bf_tips_content",
            "btn_negative",
            "cart_num",
            "checkbox",
            "checked",
            "clearfix",
            "close",
            "close_box",
            "cn_bg",
            "cn_center",
            "cn_impl",
            "cn_left",
            "cn_right",
            "content",
            "currentOrder",
            "currentOrderEmpty",
            "dateInfo",
            "datetime_input",
            "datetimepicker_DST",
            "datetimepicker_div_trigger",
            "disable",
            "disableEdit",
            "droplist",
            "droplistIcon",
            "editSpan",
            "ele_normal",
            "emailSpan",
            "even",
            "fl",
            "floatCon",
            "fontH",
            "font_blue",
            "font_left",
            "font_right",
            "foot",
            "form_notice",
            "fr",
            "ft-h",
            "hasDatepicker",
            "head",
            "headerMenu",
            "header_menu_child",
            "header_menu_grandchild",
            "helpcenter",
            "helper_center",
            "hide",
            "icon",
            "inlineTitle",
            "label",
            "last",
            "lastLiOpt",
            "left",
            "lock",
            "lock_input",
            "logo",
            "main-right",
            "max",
            "mb_",
            "menu_btn",
            "mid",
            "middle",
            "min",
            "ml_",
            "moreLink",
            "mt_",
            "navigatorBar",
            "ng-binding",
            "ng-hide",
            "ng-scope",
            "normal_img",
            "notice",
            "noticeli",
            "oclogin",
            "ocprint",
            "ocshoppingcart",
            "openwithtab",
            "order_content",
            "order_footer",
            "order_opt",
            "order_title",
            "p",
            "pgHeader",
            "phoneSpan",
            "pophelp-more",
            "pophelp_pa",
            "pre",
            "print_block",
            "print_close",
            "print_content",
            "print_header",
            "r_contnet",
            "resizeB",
            "resizeBR",
            "resizeL",
            "resizeLB",
            "resizeLT",
            "resizeR",
            "resizeT",
            "resizeTR",
            "revert",
            "right",
            "scrollbar_container",
            "scrollbar_container_inner",
            "scrollbar_container_outer",
            "searchBar",
            "searchButton",
            "searchBuyPanel",
            "searchPopup",
            "selected",
            "selector",
            "sh-inputCon",
            "sh-value",
            "shoppingCar",
            "shopping_Number",
            "shopping_close",
            "showMenuDiv",
            "switchbe",
            "tab",
            "tab-close",
            "tab-menu",
            "tab-popup",
            "tab-title",
            "tabCon",
            "tab_nav",
            "tabcontainer",
            "tc-content",
            "tc-mask",
            "tc-popup",
            "tc-tip",
            "tc_content",
            "tc_linkCon",
            "tc_mask",
            "tc_popup",
            "tc_sub_title",
            "tc_title",
            "title",
            "toLeft",
            "tool",
            "toolCon",
            "tool_v",
            "toolbar",
            "uIcon",
            "u_name",
            "u_no",
            "uee",
            "uee-border",
            "uee-datetime",
            "uee-datetime-container",
            "uee-gadget",
            "uee-input",
            "uee-input-normal",
            "uee-inputele-view",
            "uee-ipt-ele",
            "urgentIcon",
            "userNameSpan",
            "wb_title",
            "welcomeSpan",
            "win_box",
            "win_cover",
            "win_lock",
            "win_lock_bg",
            "windowBoxwrap",
            "wrap"
          ]
        ]
      }
    },
    "page/tagTriplets": {
      "contexts": {
        "context17_a1Ttvy": [
          [
            "-/-/DIV",
            "-/-/SCRIPT",
            "-/-/UEE:FIRE",
            "-/-/UEE:INCLUDE",
            "-/DIV/DIV",
            "-/UEE:FIRE/SCRIPT",
            "-/UEE:INCLUDE/DIV",
            "-/UEE:INCLUDE/LINK",
            "-/UEE:INCLUDE/META",
            "-/UEE:INCLUDE/STYLE",
            "-/UEE:INCLUDE/UEE:FIRE",
            "A/SPAN/UEE:FIRE",
            "DIV/A/IMG",
            "DIV/A/SPAN",
            "DIV/A/UEE:FIRE",
            "DIV/DIV/A",
            "DIV/DIV/DIV",
            "DIV/DIV/H2",
            "DIV/DIV/H3",
            "DIV/DIV/IFRAME",
            "DIV/DIV/IMG",
            "DIV/DIV/INPUT-null",
            "DIV/DIV/INPUT-password",
            "DIV/DIV/INPUT-text",
            "DIV/DIV/LABEL",
            "DIV/DIV/LINK",
            "DIV/DIV/MARQUEE",
            "DIV/DIV/P",
            "DIV/DIV/SPAN",
            "DIV/DIV/UEE:FIRE",
            "DIV/DIV/UEE:INCLUDE",
            "DIV/DIV/UEE：GADGET",
            "DIV/DIV/UL",
            "DIV/LABEL/INS",
            "DIV/LABEL/SPAN",
            "DIV/LI/A",
            "DIV/LI/DIV",
            "DIV/NG:SWITCH/DIV",
            "DIV/NG:SWITCH/INPUT-hidden",
            "DIV/SPAN/DIV",
            "DIV/SPAN/EM",
            "DIV/SPAN/SPAN",
            "DIV/SPAN/UEE:FIRE",
            "DIV/UEE:INCLUDE/DIV",
            "DIV/UEE:INCLUDE/LINK",
            "DIV/UEE:INCLUDE/UEE:FIRE",
            "DIV/UL/DIV",
            "DIV/UL/LI",
            "LABEL/INS/UEE:FIRE",
            "LABEL/SPAN/UEE:FIRE",
            "LI/DIV/DIV",
            "LI/DIV/INPUT-text",
            "LI/DIV/SPAN",
            "NG:SWITCH/DIV/DIV",
            "SPAN/DIV/DIV",
            "SPAN/DIV/NG:SWITCH",
            "UEE:INCLUDE/DIV/A",
            "UEE:INCLUDE/DIV/DIV",
            "UEE:INCLUDE/DIV/IFRAME",
            "UEE:INCLUDE/DIV/LINK",
            "UEE:INCLUDE/DIV/SPAN",
            "UEE:INCLUDE/DIV/UEE:FIRE",
            "UEE:INCLUDE/DIV/UL",
            "UL/DIV/LI",
            "UL/DIV/LINK",
            "UL/DIV/UEE:FIRE",
            "UL/LI/DIV",
            "UL/LI/LABEL",
            "UL/LI/SPAN"
          ],
          [
            "-/-/DIV",
            "-/-/SCRIPT",
            "-/-/UEE:FIRE",
            "-/-/UEE:INCLUDE",
            "-/DIV/DIV",
            "-/UEE:FIRE/SCRIPT",
            "-/UEE:INCLUDE/DIV",
            "-/UEE:INCLUDE/LINK",
            "-/UEE:INCLUDE/META",
            "-/UEE:INCLUDE/STYLE",
            "-/UEE:INCLUDE/UEE:FIRE",
            "A/SPAN/UEE:FIRE",
            "DIV/A/IMG",
            "DIV/A/SPAN",
            "DIV/A/UEE:FIRE",
            "DIV/DIV/A",
            "DIV/DIV/BR",
            "DIV/DIV/DIV",
            "DIV/DIV/H2",
            "DIV/DIV/H3",
            "DIV/DIV/IFRAME",
            "DIV/DIV/IMG",
            "DIV/DIV/INPUT-null",
            "DIV/DIV/INPUT-password",
            "DIV/DIV/INPUT-text",
            "DIV/DIV/LABEL",
            "DIV/DIV/LINK",
            "DIV/DIV/MARQUEE",
            "DIV/DIV/P",
            "DIV/DIV/SPAN",
            "DIV/DIV/UEE:FIRE",
            "DIV/DIV/UEE:INCLUDE",
            "DIV/DIV/UEE：GADGET",
            "DIV/DIV/UL",
            "DIV/LABEL/INS",
            "DIV/LABEL/SPAN",
            "DIV/LI/A",
            "DIV/LI/DIV",
            "DIV/MARQUEE/SPAN",
            "DIV/NG:SWITCH/DIV",
            "DIV/NG:SWITCH/INPUT-hidden",
            "DIV/P/BR",
            "DIV/P/SPAN",
            "DIV/SPAN/DIV",
            "DIV/SPAN/EM",
            "DIV/SPAN/SPAN",
            "DIV/SPAN/UEE:FIRE",
            "DIV/UEE:INCLUDE/DIV",
            "DIV/UEE:INCLUDE/LINK",
            "DIV/UEE:INCLUDE/UEE:FIRE",
            "DIV/UL/DIV",
            "DIV/UL/LI",
            "LABEL/INS/UEE:FIRE",
            "LABEL/SPAN/UEE:FIRE",
            "LI/DIV/DIV",
            "LI/DIV/INPUT-text",
            "LI/DIV/SPAN",
            "MARQUEE/SPAN/IMG",
            "NG:SWITCH/DIV/DIV",
            "SPAN/DIV/DIV",
            "SPAN/DIV/NG:SWITCH",
            "UEE:INCLUDE/DIV/A",
            "UEE:INCLUDE/DIV/DIV",
            "UEE:INCLUDE/DIV/IFRAME",
            "UEE:INCLUDE/DIV/LINK",
            "UEE:INCLUDE/DIV/SPAN",
            "UEE:INCLUDE/DIV/UEE:FIRE",
            "UEE:INCLUDE/DIV/UL",
            "UL/DIV/LI",
            "UL/DIV/LINK",
            "UL/DIV/UEE:FIRE",
            "UL/LI/DIV",
            "UL/LI/LABEL",
            "UL/LI/SPAN"
          ],
          [
            "-/-/DIV",
            "-/-/SCRIPT",
            "-/-/UEE:FIRE",
            "-/-/UEE:INCLUDE",
            "-/DIV/DIV",
            "-/UEE:FIRE/SCRIPT",
            "-/UEE:INCLUDE/DIV",
            "-/UEE:INCLUDE/LINK",
            "-/UEE:INCLUDE/META",
            "-/UEE:INCLUDE/STYLE",
            "-/UEE:INCLUDE/UEE:FIRE",
            "A/SPAN/UEE:FIRE",
            "DIV/A/IMG",
            "DIV/A/SPAN",
            "DIV/A/UEE:FIRE",
            "DIV/DIV/A",
            "DIV/DIV/BR",
            "DIV/DIV/DIV",
            "DIV/DIV/H2",
            "DIV/DIV/H3",
            "DIV/DIV/IFRAME",
            "DIV/DIV/IMG",
            "DIV/DIV/INPUT-null",
            "DIV/DIV/INPUT-password",
            "DIV/DIV/INPUT-text",
            "DIV/DIV/LABEL",
            "DIV/DIV/LINK",
            "DIV/DIV/MARQUEE",
            "DIV/DIV/P",
            "DIV/DIV/SPAN",
            "DIV/DIV/UEE:FIRE",
            "DIV/DIV/UEE:INCLUDE",
            "DIV/DIV/UEE：GADGET",
            "DIV/DIV/UL",
            "DIV/LABEL/INS",
            "DIV/LABEL/SPAN",
            "DIV/LI/A",
            "DIV/LI/DIV",
            "DIV/MARQUEE/SPAN",
            "DIV/NG:SWITCH/DIV",
            "DIV/NG:SWITCH/INPUT-hidden",
            "DIV/P/BR",
            "DIV/P/SPAN",
            "DIV/SPAN/DIV",
            "DIV/SPAN/EM",
            "DIV/SPAN/SPAN",
            "DIV/SPAN/UEE:FIRE",
            "DIV/UEE:INCLUDE/DIV",
            "DIV/UEE:INCLUDE/LINK",
            "DIV/UEE:INCLUDE/UEE:FIRE",
            "DIV/UL/DIV",
            "DIV/UL/LI",
            "LABEL/INS/UEE:FIRE",
            "LABEL/SPAN/UEE:FIRE",
            "LI/DIV/DIV",
            "LI/DIV/INPUT-text",
            "LI/DIV/SPAN",
            "MARQUEE/SPAN/IMG",
            "NG:SWITCH/DIV/DIV",
            "SPAN/DIV/DIV",
            "SPAN/DIV/NG:SWITCH",
            "UEE:INCLUDE/DIV/A",
            "UEE:INCLUDE/DIV/DIV",
            "UEE:INCLUDE/DIV/IFRAME",
            "UEE:INCLUDE/DIV/LINK",
            "UEE:INCLUDE/DIV/SPAN",
            "UEE:INCLUDE/DIV/UEE:FIRE",
            "UEE:INCLUDE/DIV/UL",
            "UL/DIV/LI",
            "UL/DIV/LINK",
            "UL/DIV/UEE:FIRE",
            "UL/LI/A",
            "UL/LI/DIV",
            "UL/LI/LABEL",
            "UL/LI/SPAN"
          ]
        ]
      }
    }
  }
}