{"version":"0.1","id":"sotre_upgrade_add","targetURL":"https://7.carpoly.com/ekp/cm/store/cm_storefront_upgrade/cmStorefrontUpgrade.do?method=add&s_css=default","jsFile":"index.js","requires":{"lbpm_usage":"../lbpm_usage/index.json","success":"../success/index.json"},"chineseName":"店面升级新建","description":"","controls":{"control8_AZp27T":{"location":{"data":{"tagName":"IFRAME"},"userData":{"data":[],"force":false},"locators":[{"id":"@id/word","prob":2,"value":["descendant::DIV[@id=\"dialog_iframe\"]/DIV[1]/DIV[1]/IFRAME[1]","descendant::DIV[@id=\"dialog_iframe\"]//IFRAME"]},{"id":"@class/word","prob":1,"value":"DIV.lui_dialog_container.clearfloat DIV.lui-component DIV.lui_dialog_content IFRAME"},{"id":"path/ordinal","prob":1,"value":"/HTML[1]/BODY[1]/DIV[1]/DIV[1]/DIV[2]/DIV[1]/DIV[1]/DIV[1]/DIV[1]/DIV[1]/DIV[1]/IFRAME[1]"},{"id":"elderLevel","value":{"level":0}}]},"intendedRole":"dialog","roles":"element,dialog","monitored":false,"frameXPath":""},"control9_7ioNQb":{"location":{"data":{"tagName":"DIV"},"userData":{"data":[],"force":false},"locators":[{"id":"@class/word","prob":1,"value":"DIV.lui_dialog_headL DIV.lui_dialog_headR DIV.lui_dialog_head"},{"id":"path/ordinal","prob":1,"ordinal":[0,2],"value":"/HTML[1]/BODY[1]/DIV[1]/DIV[1]/DIV[1]/DIV[1]/DIV[1]"}]},"events":{"onGetData":"getData_control9_7ioNQb"},"intendedRole":"custom","roles":"element,custom","monitored":true,"frameXPath":""},"control10_yukmBf":{"location":{"data":{"tagName":"IFRAME"},"userData":{"data":[],"force":false},"locators":[{"id":"@id/word","prob":2,"value":["descendant::DIV[@id=\"dialog_iframe\"]/DIV[1]/DIV[1]/IFRAME[1]","descendant::DIV[@id=\"dialog_iframe\"]//IFRAME"]},{"id":"@class/word","prob":1,"value":"DIV.lui_dialog_container.clearfloat DIV.lui-component DIV.lui_dialog_content IFRAME"},{"id":"path/ordinal","prob":1,"value":"/HTML[1]/BODY[1]/DIV[1]/DIV[1]/DIV[2]/DIV[1]/DIV[1]/DIV[1]/DIV[1]/DIV[1]/DIV[1]/IFRAME[1]"},{"id":"elderLevel","value":{"level":0}}]},"events":{"onGetData":"getData_control10_yukmBf"},"intendedRole":"custom","roles":"element,custom","monitored":true,"frameXPath":""},"control11_IpkS5C":{"location":{"data":{"tagName":"P"},"userData":{"data":[],"force":false},"locators":[{"id":"@class/word","prob":1,"value":"P.txttitle"},{"id":"path/ordinal","prob":1,"value":"/HTML[1]/BODY[1]/FORM[1]/DIV[1]/P[1]"},{"id":"style/color","value":[62,158,206]},{"id":"elderLevel","value":{"level":0}}]},"events":{"onGetData":"getData_control11_IpkS5C"},"intendedRole":"custom","roles":"element,custom","monitored":true,"frameXPath":""},"control12_46JEP8":{"location":{"data":{"tagName":"TABLE"},"userData":{"data":[],"force":false},"locators":[{"id":"@class/word","prob":1,"ordinal":[0,3],"value":"DIV.lui_form_content_frame TABLE.tb_normal"},{"id":"path/ordinal","prob":1,"value":"/HTML[1]/BODY[1]/FORM[1]/DIV[2]/TABLE[1]"}]},"events":{"onGetData":"getData_control12_46JEP8"},"intendedRole":"custom","roles":"element,custom","monitored":true,"frameXPath":""},"control13_0ut4Is":{"location":{"data":{"tagName":"TABLE"},"userData":{"data":[],"force":false},"locators":[{"id":"@id/word","prob":2,"value":["descendant::DIV[@id=\"process_review_tabcontent\"]/TABLE[1]","descendant::DIV[@id=\"process_review_tabcontent\"]//TABLE"]},{"id":"@class/word","prob":1,"value":"DIV.lui_panel_content_inside DIV.lui-component TABLE.tb_normal.process_review_panel"},{"id":"path/ordinal","prob":1,"value":"/HTML[1]/BODY[1]/FORM[1]/DIV[3]/DIV[1]/DIV[1]/DIV[1]/DIV[2]/DIV[1]/DIV[1]/DIV[1]/DIV[1]/DIV[1]/TABLE[1]"}]},"events":{"onGetData":"getData_control13_0ut4Is"},"intendedRole":"custom","roles":"element,custom","monitored":true,"frameXPath":""},"control15_5nx5ZO":{"location":{"data":{"tagName":"TABLE"},"userData":{"data":[],"force":false},"locators":[{"id":"@class/word","prob":1,"value":"DIV.lui_toolbar_left DIV.lui_toolbar_right DIV.lui_toolbar_content TABLE"},{"id":"path/ordinal","prob":1,"value":"/HTML[1]/BODY[1]/DIV[1]/DIV[1]/DIV[1]/DIV[1]/DIV[1]/DIV[1]/TABLE[1]"}]},"events":{"onGetData":"getData_control15_5nx5ZO"},"intendedRole":"custom","roles":"element,custom","monitored":true,"frameXPath":""},"control16_CEdqAC":{"location":{"data":{"tagName":"DIV"},"userData":{"data":[],"force":false},"locators":[{"id":"@class/word","prob":1,"value":"DIV.lui_dialog_container.clearfloat DIV.lui-component DIV.lui_dialog_common_content_right"},{"id":"path/ordinal","prob":1,"value":"/HTML[1]/BODY[1]/DIV[1]/DIV[1]/DIV[2]/DIV[1]/DIV[1]/DIV[1]/DIV[1]/DIV[2]"}]},"intendedRole":"dialog","roles":"element,dialog","monitored":false,"frameXPath":""},"control17_EzJmvX":{"location":{"data":{"tagName":"DIV"},"userData":{"data":[],"force":false},"locators":[{"id":"text","prob":3,"value":{"text":["当前页面处于编辑状态，你的数据可能未保存，是否仍要关闭窗口？"],"visText":["当前页面处于编辑状态，你的数据可能未保存，是否仍要关闭窗口？"]}},{"id":"@class/word","prob":1,"value":"DIV.lui-component DIV.lui_dialog_common_content_right DIV.lui_dialog_common_content_inside"},{"id":"path/ordinal","prob":1,"value":"/HTML[1]/BODY[1]/DIV[1]/DIV[1]/DIV[2]/DIV[1]/DIV[1]/DIV[1]/DIV[1]/DIV[2]/DIV[1]"},{"id":"elderLevel","value":{"level":0}}]},"roles":"element","content":true,"monitored":true,"frameXPath":""},"control18_XWeWwa":{"location":{"data":{"tagName":"DIV"},"userData":{"data":[],"force":false},"locators":[{"id":"@class/word","prob":1,"value":"DIV.lui_dialog_common_content_right DIV.lui_dialog_common_buttons.clearfloat DIV.lui_dialog_buttons_container"},{"id":"path/ordinal","prob":1,"value":"/HTML[1]/BODY[1]/DIV[1]/DIV[1]/DIV[2]/DIV[1]/DIV[1]/DIV[1]/DIV[1]/DIV[2]/DIV[2]/DIV[1]"}]},"events":{"onGetData":"getData_control18_XWeWwa"},"intendedRole":"custom","roles":"element,custom","monitored":true,"frameXPath":""},"control24_aZzoWu":{"location":{"data":{"tagName":"TABLE"},"userData":{"data":[],"force":false},"locators":[{"id":"@class/word","prob":1,"ordinal":[0,3],"value":"DIV.lui_form_content_frame TABLE.tb_normal"},{"id":"path/ordinal","prob":1,"value":"/HTML[1]/BODY[1]/FORM[1]/DIV[2]/TABLE[1]"}]},"events":{"onGetData":"getData_control24_aZzoWu"},"intendedRole":"custom","roles":"element,custom","monitored":true,"frameXPath":""},"control25_E7sOsT":{"location":{"data":{"tagName":"TABLE"},"userData":{"data":[],"force":false},"locators":[{"id":"@class/word","prob":1,"ordinal":[0,3],"value":"DIV.lui_form_content_frame TABLE.tb_normal"},{"id":"path/ordinal","prob":1,"value":"/HTML[1]/BODY[1]/FORM[1]/DIV[2]/TABLE[1]"}]},"events":{"onGetData":"getData_control25_E7sOsT"},"intendedRole":"custom","roles":"element,custom","monitored":true,"frameXPath":""}},"contexts":{"context2_NquPmb":{"controls":["control8_AZp27T","control9_7ioNQb","control10_yukmBf","control11_IpkS5C","control12_46JEP8","control13_0ut4Is","control15_5nx5ZO","control16_CEdqAC","control17_EzJmvX","control18_XWeWwa","control24_aZzoWu","control25_E7sOsT"],"anchors":[],"urlAnchor":[]}},"flows":{"flow8_7ACeTh":{"toContexts":[{"toContextId":"context2_NquPmb"}]},"flow9_OJqUfu":{"fromContextId":"context2_NquPmb","fromAction":"click","fromControlId":"control8_AZp27T","toContexts":[{"toContextId":"context2_NquPmb"}]},"flow10_uvphJo":{"fromContextId":"context2_NquPmb","fromAction":"doAction","fromControlId":"control10_yukmBf","toContexts":[{"toContextId":"context2_NquPmb"}]},"flow11_9XgrdA":{"fromContextId":"context2_NquPmb","fromAction":"doAction","fromControlId":"control13_0ut4Is","toContexts":[{"toContextId":"context2_NquPmb"},{"toContextId":"context3_fbHeAS","toModelId":"lbpm_usage"}]},"flow12_mvXGO2":{"fromContextId":"context2_NquPmb","fromAction":"doAction","fromControlId":"control15_5nx5ZO","toContexts":[{"toContextId":"context2_NquPmb"},{"toContextId":"context6_89mKlb","toModelId":"success"}]},"flow13_VW9Ax0":{"fromContextId":"context2_NquPmb","fromAction":"doAction","fromControlId":"control18_XWeWwa","toContexts":[{"toContextId":"context2_NquPmb"}]},"flow19_dg3GZv":{"fromContextId":"context2_NquPmb","fromAction":"doAction","fromControlId":"control24_aZzoWu","toContexts":[{"toContextId":"context2_NquPmb"}]},"flow20_OMQU6V":{"fromContextId":"context2_NquPmb","fromAction":"doAction","fromControlId":"control12_46JEP8","toContexts":[{"toContextId":"context2_NquPmb"}]},"flow21_SruUHt":{"fromContextId":"context2_NquPmb","fromAction":"doAction","fromControlId":"control9_7ioNQb","toContexts":[{"toContextId":"context2_NquPmb"}]},"flow22_rnLCcD":{"fromContextId":"context2_NquPmb","fromAction":"doAction","fromControlId":"control25_E7sOsT","toContexts":[{"toContextId":"context2_NquPmb"}]}},"pages":{"page2_dRgGRF":{"contextId":"context2_NquPmb","layout":[{"id":"uiControl12_4JQpXv","controlId":"control11_IpkS5C","display":{"adapterId":"custom","type":"custom","adapter":{"templateType":"react","events":{"onDoAction":"doAction_uiControl12_4JQpXv","onGetTemplate":"getTemplate_uiControl12_4JQpXv"}}}},{"id":"uiControl9_IkqrwL","controlId":"control8_AZp27T","display":{"adapterId":"dialog","type":"dialog","class":"ui-dialog","adapter":{"templateType":""}},"layout":[{"id":"uiControl9_IkqrwLbody","display":{"type":"dialogBody","adapterId":"dialogBody","adapter":{"templateType":""}},"layout":[{"id":"uiControl10_FDaCI5","controlId":"control9_7ioNQb","display":{"adapterId":"custom","type":"custom","adapter":{"templateType":"react","events":{"onDoAction":"doAction_uiControl10_FDaCI5","onGetTemplate":"getTemplate_uiControl10_FDaCI5"}}}}]},{"id":"uiControl9_IkqrwLfooter","display":{"type":"dialogFooter","adapterId":"dialogFooter","adapter":{"templateType":""}},"layout":[{"id":"uiControl11_8bRGaQ","controlId":"control10_yukmBf","display":{"adapterId":"custom","type":"custom","adapter":{"templateType":"react","events":{"onDoAction":"doAction_uiControl11_8bRGaQ","onGetTemplate":"getTemplate_uiControl11_8bRGaQ"}}}}]}]},{"id":"uiControl13_sMMHvk","controlId":"control12_46JEP8","display":{"adapterId":"custom","type":"custom","adapter":{"templateType":"react","events":{"onDoAction":"doAction_uiControl13_sMMHvk","onGetTemplate":"getTemplate_uiControl13_sMMHvk"}}}},{"id":"uiControl26_8lihSf","controlId":"control24_aZzoWu","display":{"adapterId":"custom","type":"custom","adapter":{"templateType":"react","events":{"onDoAction":"doAction_uiControl26_8lihSf","onGetTemplate":"getTemplate_uiControl26_8lihSf"}}}},{"id":"uiControl27_nGczef","controlId":"control25_E7sOsT","display":{"adapterId":"custom","type":"custom","adapter":{"templateType":"react","events":{"onDoAction":"doAction_uiControl27_nGczef","onGetTemplate":"getTemplate_uiControl27_nGczef"}}}},{"id":"uiControl19_q7kId8","controlId":"control16_CEdqAC","display":{"adapterId":"dialog","type":"dialog","adapter":{"templateType":""}},"layout":[{"id":"uiControl19_q7kId8body","display":{"type":"dialogBody","adapterId":"dialogBody","adapter":{"templateType":""}},"layout":[{"id":"uiControl20_42fe6p","controlId":"control17_EzJmvX","display":{"adapterId":"content","type":"content","adapter":{"templateType":""}}}]},{"id":"uiControl19_q7kId8footer","display":{"type":"dialogFooter","adapterId":"dialogFooter","adapter":{"templateType":""}},"layout":[{"id":"uiControl21_H2TO81","controlId":"control18_XWeWwa","display":{"adapterId":"custom","type":"custom","adapter":{"templateType":"react","events":{"onDoAction":"doAction_uiControl21_H2TO81","onGetTemplate":"getTemplate_uiControl21_H2TO81"}}}}]}]},{"id":"uiControl14_vKPuLD","controlId":"control13_0ut4Is","display":{"adapterId":"custom","type":"custom","adapter":{"templateType":"react","events":{"onDoAction":"doAction_uiControl14_vKPuLD","onGetTemplate":"getTemplate_uiControl14_vKPuLD"}}}},{"id":"uiControl15_474450","display":{"type":"sticky","adapterId":"sticky","adapter":{"templateType":""}},"layout":[{"id":"uiControl15_474450body","display":{"type":"stickyBody","adapterId":"stickyBody","adapter":{"templateType":""}},"layout":[{"id":"uiControl16_dsHWFe","controlId":"control15_5nx5ZO","display":{"adapterId":"custom","type":"custom","adapter":{"templateType":"react","events":{"onDoAction":"doAction_uiControl16_dsHWFe","onGetTemplate":"getTemplate_uiControl16_dsHWFe"}}}}]}]}]}},"matchers":{"page/title":{"contexts":{"context2_NquPmb":["新建 - 店面升级申请"]}},"page/urls":{"contexts":{"context2_NquPmb":["7.carpoly.com/ekp/cm/store/cm_storefront_upgrade/cmStorefrontUpgrade.do?method=add&s_css=default","7.carpoly.com/ekp/cm/store/cm_storefront_upgrade/cmStorefrontUpgrade.do?method=add&cmBaseDeptId=1542c110badd9e9603cb3f44e60bd484"],"context6_89mKlb":["7.carpoly.com/ekp/cm/store/cm_storefront_acceptance/cmStorefrontAcceptance.do?method=update&fdId=161278339635371d3e3cff04acdba249&s_css=default&s_seq=1","7.carpoly.com/ekp/cm/store/cm_storefront_acceptance/cmStorefrontAcceptance.do?method=save&cmBaseDeptId=15615df39bfb129024358eb4359a0302&s_seq=1","7.carpoly.com/ekp/cm/store/cm_storefront_runstore/cmStorefrontRunstore.do?method=update&fdId=161452ab725662eea2f71154de8bccb6&s_css=default&s_seq=1","7.carpoly.com/ekp/cm/store/cm_storefront_runstore/cmStorefrontRunstore.do?method=save&cmBaseDeptId=15615df39bfb129024358eb4359a0302&s_seq=1","7.carpoly.com/ekp/cm/store/cm_storefront_upgrade/cmStorefrontUpgrade.do?method=update&fdId=16126cc77063735c1e1b0ca486aa20f9&s_css=default&s_seq=1","7.carpoly.com/ekp/cm/store/cm_storefront_upgrade/cmStorefrontUpgrade.do?method=save&cmBaseDeptId=15615df39bfb129024358eb4359a0302&s_seq=1"]}},"page/ids":{"contexts":{"context2_NquPmb":[["Label_Tabel_Workflow_Info","Label_Tabel_Workflow_Info_Label_Btn_","Label_Tabel_Workflow_Info_Label_Img__","SWFUpload_","TABLE_Item","WF_IFrame","WF_TableIFrame","_List_cmStorefrontRunstoreDimensional_Attachment_Table","_List_cmStorefrontRunstoreJCV_Attachment_Table","_List_cmStorefrontUpgradeLeaseContract_Attachment_Table","_List_cmStorefrontUpgradeOther_Attachment_Table","_List_designRequirementList_Attachment_Table","_List_storeLayoutPic_Attachment_Table","__notify_type_afabaeeaeeae_sysWfBusinessForm.fdSystemNotifyType","att_xtable_cmStorefrontRunstoreDimensional","att_xtable_cmStorefrontRunstoreJCV","att_xtable_cmStorefrontUpgradeLeaseContract","att_xtable_cmStorefrontUpgradeOther","att_xtable_designRequirementList","att_xtable_storeLayoutPic","attachmentObject_cmStorefrontRunstoreDimensional_content_div","attachmentObject_cmStorefrontRunstoreJCV_content_div","attachmentObject_cmStorefrontUpgradeLeaseContract_content_div","attachmentObject_cmStorefrontUpgradeOther_content_div","attachmentObject_designRequirementList_content_div","attachmentObject_storeLayoutPic_content_div","changeProcessorDIV","checkChangeFlowTR","cmBaseBrands_div","cmBaseCompanyName_id","cmBaseCustomerClass_div","cmBaseCustomerInfoAreaLevel_id","cmBaseCustomerInfoCode_id","cmStorefrontStoreTypeId","cmStorefrontStoreType_div","currentNodeDescription","dayOfNotifyDrafter","descriptionRow","designRequirementList","dialog_iframe","dimensionalPic","div_fdExperienceRequires","div_fdFuncAreaRequires","div_fdOtherArea","fdAcceptanceTime_div","fdFlowDescription","fdIsAcceptance_div","fdIsSelfManager_div","fdSelfAmount_div","fdShopkeeperMobile_div","fdShopkeeperName_div","fdShopkeeperTel_div","fdStoreAddress_div","flowGraphic","flowGraphicShowCheckbox","flowLogTableTD","handlerIdentityRow","handlerShowNames[]","hourOfNotifyDrafter","jcvPic","jdznImg","lbpm_highLevelTab","leaseAgreement","lui-id-","manualBranchNodeRow","manualNodeSelectTD","minuteOfNotifyDrafter","modifyFlowDIV","nextNodeName[]","nextNodeTD","nodeCanViewCurNodeTR","notifyDraftOnFinish","notifyLevelRow","notifyLevelTD","notifyTypeRow","numTotal","operationMethodsGroup","operationMethodsRow","otherCanViewCurNodeTR","process_review_tabcontent","showDetails","storeLayoutPic","sysWfBusinessForm.canStartProcess","sysWfBusinessForm.fdAdditionsParameterJson","sysWfBusinessForm.fdAuditNoteFdId","sysWfBusinessForm.fdCurHanderId","sysWfBusinessForm.fdCurNodeSavedXML","sysWfBusinessForm.fdCurNodeXML","sysWfBusinessForm.fdDraftorId","sysWfBusinessForm.fdDraftorName","sysWfBusinessForm.fdFlowContent","sysWfBusinessForm.fdHandlerRoleInfoIds","sysWfBusinessForm.fdHandlerRoleInfoNames","sysWfBusinessForm.fdIdentityId","sysWfBusinessForm.fdIsModify","sysWfBusinessForm.fdKey","sysWfBusinessForm.fdModelId","sysWfBusinessForm.fdModelName","sysWfBusinessForm.fdParameterJson","sysWfBusinessForm.fdProcessId","sysWfBusinessForm.fdProcessStatus","sysWfBusinessForm.fdTemplateKey","sysWfBusinessForm.fdTemplateModelName","sysWfBusinessForm.fdTranProcessXML","systemNotifyTypeTD","taxPriceTotal","taxTotal","toolbar","top","workflowInfoTD","workflowTableTD"],["Label_Tabel_Workflow_Info","Label_Tabel_Workflow_Info_Label_Btn_","Label_Tabel_Workflow_Info_Label_Img__","SWFUpload_","TABLE_Item","WF_IFrame","WF_TableIFrame","_List_cmStorefrontRunstoreDimensional_Attachment_Table","_List_cmStorefrontRunstoreJCV_Attachment_Table","_List_cmStorefrontUpgradeLeaseContract_Attachment_Table","_List_cmStorefrontUpgradeOther_Attachment_Table","_List_designRequirementList_Attachment_Table","_List_storeLayoutPic_Attachment_Table","__notify_type_afedbcabde_sysWfBusinessForm.fdSystemNotifyType","att_xtable_cmStorefrontRunstoreDimensional","att_xtable_cmStorefrontRunstoreJCV","att_xtable_cmStorefrontUpgradeLeaseContract","att_xtable_cmStorefrontUpgradeOther","att_xtable_designRequirementList","att_xtable_storeLayoutPic","attachmentObject_cmStorefrontRunstoreDimensional_content_div","attachmentObject_cmStorefrontRunstoreJCV_content_div","attachmentObject_cmStorefrontUpgradeLeaseContract_content_div","attachmentObject_cmStorefrontUpgradeOther_content_div","attachmentObject_designRequirementList_content_div","attachmentObject_storeLayoutPic_content_div","changeProcessorDIV","checkChangeFlowTR","cmBaseBrands_div","cmBaseCompanyName_id","cmBaseCustomerClass_div","cmBaseCustomerInfoAreaLevel_id","cmBaseCustomerInfoCode_id","cmStorefrontStoreTypeId","cmStorefrontStoreType_div","currentNodeDescription","dayOfNotifyDrafter","descriptionRow","designRequirementList","dimensionalPic","div_fdExperienceRequires","div_fdFuncAreaRequires","div_fdOtherArea","fdAcceptanceTime_div","fdFlowDescription","fdIsAcceptance_div","fdIsSelfManager_div","fdSelfAmount_div","fdShopkeeperMobile_div","fdShopkeeperName_div","fdShopkeeperTel_div","fdStoreAddress_div","flowGraphic","flowGraphicShowCheckbox","flowLogTableTD","handlerIdentityRow","handlerShowNames[]","hourOfNotifyDrafter","jcvPic","jdznImg","lbpm_highLevelTab","leaseAgreement","lui-id-","manualBranchNodeRow","manualNodeSelectTD","minuteOfNotifyDrafter","modifyFlowDIV","nextNodeName[]","nextNodeTD","nodeCanViewCurNodeTR","notifyDraftOnFinish","notifyLevelRow","notifyLevelTD","notifyTypeRow","numTotal","operationMethodsGroup","operationMethodsRow","otherCanViewCurNodeTR","process_review_tabcontent","showDetails","storeLayoutPic","sysWfBusinessForm.canStartProcess","sysWfBusinessForm.fdAdditionsParameterJson","sysWfBusinessForm.fdAuditNoteFdId","sysWfBusinessForm.fdCurHanderId","sysWfBusinessForm.fdCurNodeSavedXML","sysWfBusinessForm.fdCurNodeXML","sysWfBusinessForm.fdDraftorId","sysWfBusinessForm.fdDraftorName","sysWfBusinessForm.fdFlowContent","sysWfBusinessForm.fdHandlerRoleInfoIds","sysWfBusinessForm.fdHandlerRoleInfoNames","sysWfBusinessForm.fdIdentityId","sysWfBusinessForm.fdIsModify","sysWfBusinessForm.fdKey","sysWfBusinessForm.fdModelId","sysWfBusinessForm.fdModelName","sysWfBusinessForm.fdParameterJson","sysWfBusinessForm.fdProcessId","sysWfBusinessForm.fdProcessStatus","sysWfBusinessForm.fdTemplateKey","sysWfBusinessForm.fdTemplateModelName","sysWfBusinessForm.fdTranProcessXML","systemNotifyTypeTD","taxPriceTotal","taxTotal","toolbar","top","workflowInfoTD","workflowTableTD"],["Label_Tabel_Workflow_Info","Label_Tabel_Workflow_Info_Label_Btn_","Label_Tabel_Workflow_Info_Label_Img__","SWFUpload_","TABLE_Item","WF_IFrame","WF_TableIFrame","_List_cmStorefrontRunstoreDimensional_Attachment_Table","_List_cmStorefrontRunstoreJCV_Attachment_Table","_List_cmStorefrontUpgradeLeaseContract_Attachment_Table","_List_cmStorefrontUpgradeOther_Attachment_Table","_List_designRequirementList_Attachment_Table","_List_storeLayoutPic_Attachment_Table","__notify_type_ddbfffbebbec_sysWfBusinessForm.fdSystemNotifyType","att_xtable_cmStorefrontRunstoreDimensional","att_xtable_cmStorefrontRunstoreJCV","att_xtable_cmStorefrontUpgradeLeaseContract","att_xtable_cmStorefrontUpgradeOther","att_xtable_designRequirementList","att_xtable_storeLayoutPic","attachmentObject_cmStorefrontRunstoreDimensional_content_div","attachmentObject_cmStorefrontRunstoreJCV_content_div","attachmentObject_cmStorefrontUpgradeLeaseContract_content_div","attachmentObject_cmStorefrontUpgradeOther_content_div","attachmentObject_designRequirementList_content_div","attachmentObject_storeLayoutPic_content_div","changeProcessorDIV","checkChangeFlowTR","cmBaseBrands_div","cmBaseCompanyName_id","cmBaseCustomerClass_div","cmBaseCustomerInfoAreaLevel_id","cmBaseCustomerInfoCode_id","cmStorefrontStoreTypeId","cmStorefrontStoreType_div","currentNodeDescription","dayOfNotifyDrafter","descriptionRow","designRequirementList","dimensionalPic","div_fdExperienceRequires","div_fdFuncAreaRequires","div_fdOtherArea","fdAcceptanceTime_div","fdFlowDescription","fdIsAcceptance_div","fdIsSelfManager_div","fdSelfAmount_div","fdShopkeeperMobile_div","fdShopkeeperName_div","fdShopkeeperTel_div","fdStoreAddress_div","flowGraphic","flowGraphicShowCheckbox","flowLogTableTD","handlerIdentityRow","handlerShowNames[]","hourOfNotifyDrafter","jcvPic","jdznImg","lbpm_highLevelTab","leaseAgreement","lui-id-","manualBranchNodeRow","manualNodeSelectTD","minuteOfNotifyDrafter","modifyFlowDIV","nextNodeName[]","nextNodeTD","nodeCanViewCurNodeTR","notifyDraftOnFinish","notifyLevelRow","notifyLevelTD","notifyTypeRow","numTotal","operationMethodsGroup","operationMethodsRow","otherCanViewCurNodeTR","process_review_tabcontent","showDetails","storeLayoutPic","sysWfBusinessForm.canStartProcess","sysWfBusinessForm.fdAdditionsParameterJson","sysWfBusinessForm.fdAuditNoteFdId","sysWfBusinessForm.fdCurHanderId","sysWfBusinessForm.fdCurNodeSavedXML","sysWfBusinessForm.fdCurNodeXML","sysWfBusinessForm.fdDraftorId","sysWfBusinessForm.fdDraftorName","sysWfBusinessForm.fdFlowContent","sysWfBusinessForm.fdHandlerRoleInfoIds","sysWfBusinessForm.fdHandlerRoleInfoNames","sysWfBusinessForm.fdIdentityId","sysWfBusinessForm.fdIsModify","sysWfBusinessForm.fdKey","sysWfBusinessForm.fdModelId","sysWfBusinessForm.fdModelName","sysWfBusinessForm.fdParameterJson","sysWfBusinessForm.fdProcessId","sysWfBusinessForm.fdProcessStatus","sysWfBusinessForm.fdTemplateKey","sysWfBusinessForm.fdTemplateModelName","sysWfBusinessForm.fdTranProcessXML","systemNotifyTypeTD","taxPriceTotal","taxTotal","toolbar","top","workflowInfoTD","workflowTableTD"],["Label_Tabel_Workflow_Info","Label_Tabel_Workflow_Info_Label_Btn_","Label_Tabel_Workflow_Info_Label_Img__","SWFUpload_","TABLE_Item","WF_IFrame","WF_TableIFrame","_List_cmStorefrontRunstoreDimensional_Attachment_Table","_List_cmStorefrontRunstoreJCV_Attachment_Table","_List_cmStorefrontUpgradeLeaseContract_Attachment_Table","_List_cmStorefrontUpgradeOther_Attachment_Table","_List_designRequirementList_Attachment_Table","_List_storeLayoutPic_Attachment_Table","__notify_type_aedcfebdd_sysWfBusinessForm.fdSystemNotifyType","att_xtable_cmStorefrontRunstoreDimensional","att_xtable_cmStorefrontRunstoreJCV","att_xtable_cmStorefrontUpgradeLeaseContract","att_xtable_cmStorefrontUpgradeOther","att_xtable_designRequirementList","att_xtable_storeLayoutPic","attachmentObject_cmStorefrontRunstoreDimensional_content_div","attachmentObject_cmStorefrontRunstoreJCV_content_div","attachmentObject_cmStorefrontUpgradeLeaseContract_content_div","attachmentObject_cmStorefrontUpgradeOther_content_div","attachmentObject_designRequirementList_content_div","attachmentObject_storeLayoutPic_content_div","changeProcessorDIV","checkChangeFlowTR","cmBaseBrands_div","cmBaseCompanyName_id","cmBaseCustomerClass_div","cmBaseCustomerInfoAreaLevel_id","cmBaseCustomerInfoCode_id","cmStorefrontStoreTypeId","cmStorefrontStoreType_div","currentNodeDescription","dayOfNotifyDrafter","descriptionRow","designRequirementList","dimensionalPic","div_fdExperienceRequires","div_fdFuncAreaRequires","div_fdOtherArea","fdAcceptanceTime_div","fdFlowDescription","fdIsAcceptance_div","fdIsSelfManager_div","fdSelfAmount_div","fdShopkeeperMobile_div","fdShopkeeperName_div","fdShopkeeperTel_div","fdStoreAddress_div","flowGraphic","flowGraphicShowCheckbox","flowLogTableTD","handlerIdentityRow","handlerShowNames[]","hourOfNotifyDrafter","jcvPic","jdznImg","lbpm_highLevelTab","leaseAgreement","lui-id-","manualBranchNodeRow","manualNodeSelectTD","minuteOfNotifyDrafter","modifyFlowDIV","nextNodeName[]","nextNodeTD","nodeCanViewCurNodeTR","notifyDraftOnFinish","notifyLevelRow","notifyLevelTD","notifyTypeRow","numTotal","operationMethodsGroup","operationMethodsRow","otherCanViewCurNodeTR","process_review_tabcontent","showDetails","storeLayoutPic","sysWfBusinessForm.canStartProcess","sysWfBusinessForm.fdAdditionsParameterJson","sysWfBusinessForm.fdAuditNoteFdId","sysWfBusinessForm.fdCurHanderId","sysWfBusinessForm.fdCurNodeSavedXML","sysWfBusinessForm.fdCurNodeXML","sysWfBusinessForm.fdDraftorId","sysWfBusinessForm.fdDraftorName","sysWfBusinessForm.fdFlowContent","sysWfBusinessForm.fdHandlerRoleInfoIds","sysWfBusinessForm.fdHandlerRoleInfoNames","sysWfBusinessForm.fdIdentityId","sysWfBusinessForm.fdIsModify","sysWfBusinessForm.fdKey","sysWfBusinessForm.fdModelId","sysWfBusinessForm.fdModelName","sysWfBusinessForm.fdParameterJson","sysWfBusinessForm.fdProcessId","sysWfBusinessForm.fdProcessStatus","sysWfBusinessForm.fdTemplateKey","sysWfBusinessForm.fdTemplateModelName","sysWfBusinessForm.fdTranProcessXML","systemNotifyTypeTD","taxPriceTotal","taxTotal","toolbar","top","workflowInfoTD","workflowTableTD"]]}},"page/classes":{"contexts":{"context2_NquPmb":[["btnlabel","clearfloat","clr","cmBaseMaterielCode_div","cmBaseMaterielName_div","cmBaseMaterielQty_div","cmBaseMaterielType_div","cmBaseMaterielUnitName_div","com_btn_link","com_goto","com_gototop","com_help","fdExperienceRequiresHidden","fdFuncAreaRequiresHidden","fdOperationDiv","fdOtherAreaHidden","fdPriceTotal_div","fdTaxNet_div","handlerNamesLabel","input","inputMul","inputSgl","inputdatetime","inputselectsgl","inputsgl","isDesign","isDesignShowTr","isDraw","isStoreSqm","isfdStoreHeadSize","lbpmNextRouteInfoRow","lui-component","lui_dialog_bottomC","lui_dialog_bottomL","lui_dialog_bottomR","lui_dialog_buttons","lui_dialog_centerC","lui_dialog_centerL","lui_dialog_centerR","lui_dialog_container","lui_dialog_content","lui_dialog_frame","lui_dialog_head","lui_dialog_headL","lui_dialog_headR","lui_dialog_head_left","lui_dialog_head_right","lui_form_content_frame","lui_panel_content_inside","lui_portlet_operations","lui_tabpage_float_content","lui_tabpage_float_content_c","lui_tabpage_float_content_l","lui_tabpage_float_content_r","lui_tabpage_float_contents","lui_tabpage_float_footer_c","lui_tabpage_float_footer_l","lui_tabpage_float_footer_r","lui_tabpage_float_header_c","lui_tabpage_float_header_close","lui_tabpage_float_header_l","lui_tabpage_float_header_r","lui_tabpage_float_header_text","lui_tabpage_float_header_title","lui_tabpage_float_nav_item","lui_tabpage_float_nav_item_c","lui_tabpage_float_nav_item_l","lui_tabpage_float_nav_item_r","lui_tabpage_float_navs","lui_tabpage_float_navs_c","lui_tabpage_float_navs_l","lui_tabpage_float_navs_mark","lui_tabpage_float_navs_r","lui_tabpage_frame","lui_toolbar_btn","lui_toolbar_btn_c","lui_toolbar_btn_l","lui_toolbar_btn_r","lui_toolbar_content","lui_toolbar_frame_float","lui_toolbar_frame_float_mark","lui_toolbar_left","lui_toolbar_right","lui_widget_btn","lui_widget_btn_txt","nodeinfo_box","numTotal","process_review_panel","selected","selectitem","swfupload","swfuploadbutton","swfuploadtext","tb_label","tb_noborder","tb_normal","td_label","td_normal_title","tr_normal_title","txtstrong","txttitle","uploadinfotext"],["btnlabel","clearfloat","cmBaseMaterielCode_div","cmBaseMaterielName_div","cmBaseMaterielQty_div","cmBaseMaterielType_div","cmBaseMaterielUnitName_div","com_btn_link","com_goto","com_gototop","com_help","fdExperienceRequiresHidden","fdFuncAreaRequiresHidden","fdOperationDiv","fdOtherAreaHidden","fdPriceTotal_div","fdTaxNet_div","handlerNamesLabel","input","inputMul","inputSgl","inputdatetime","inputselectsgl","inputsgl","isDesign","isDesignShowTr","isDraw","isStoreSqm","isfdStoreHeadSize","lbpmNextRouteInfoRow","lui-component","lui_form_content_frame","lui_panel_content_inside","lui_portlet_operations","lui_tabpage_float_content","lui_tabpage_float_content_c","lui_tabpage_float_content_l","lui_tabpage_float_content_r","lui_tabpage_float_contents","lui_tabpage_float_footer_c","lui_tabpage_float_footer_l","lui_tabpage_float_footer_r","lui_tabpage_float_header_c","lui_tabpage_float_header_close","lui_tabpage_float_header_l","lui_tabpage_float_header_r","lui_tabpage_float_header_text","lui_tabpage_float_header_title","lui_tabpage_float_nav_item","lui_tabpage_float_nav_item_c","lui_tabpage_float_nav_item_l","lui_tabpage_float_nav_item_r","lui_tabpage_float_navs","lui_tabpage_float_navs_c","lui_tabpage_float_navs_l","lui_tabpage_float_navs_mark","lui_tabpage_float_navs_r","lui_tabpage_frame","lui_toolbar_btn","lui_toolbar_btn_c","lui_toolbar_btn_l","lui_toolbar_btn_r","lui_toolbar_content","lui_toolbar_frame_float","lui_toolbar_frame_float_mark","lui_toolbar_left","lui_toolbar_right","lui_widget_btn","lui_widget_btn_txt","nodeinfo_box","numTotal","process_review_panel","selected","selectitem","swfupload","swfuploadbutton","swfuploadtext","tb_label","tb_noborder","tb_normal","td_label","td_normal_title","tr_normal_title","txtstrong","txttitle","uploadinfotext"],["btnlabel","clearfloat","clr","cmBaseMaterielCode_div","cmBaseMaterielName_div","cmBaseMaterielQty_div","cmBaseMaterielType_div","cmBaseMaterielUnitName_div","com_btn_link","com_goto","com_gototop","com_help","fdExperienceRequiresHidden","fdFuncAreaRequiresHidden","fdOperationDiv","fdOtherAreaHidden","fdPriceTotal_div","fdTaxNet_div","handlerNamesLabel","input","inputMul","inputSgl","inputdatetime","inputselectsgl","inputsgl","isDesign","isDesignShowTr","isDraw","isStoreSqm","isfdStoreHeadSize","lbpmNextRouteInfoRow","lui-component","lui_dialog_bottomC","lui_dialog_bottomL","lui_dialog_bottomR","lui_dialog_buttons_container","lui_dialog_centerC","lui_dialog_centerL","lui_dialog_centerR","lui_dialog_common_buttons","lui_dialog_common_content_inside","lui_dialog_common_content_right","lui_dialog_container","lui_dialog_content_question","lui_dialog_frame","lui_dialog_head","lui_dialog_headL","lui_dialog_headR","lui_dialog_head_left","lui_dialog_head_right","lui_form_content_frame","lui_panel_content_inside","lui_portlet_operations","lui_tabpage_float_content","lui_tabpage_float_content_c","lui_tabpage_float_content_l","lui_tabpage_float_content_r","lui_tabpage_float_contents","lui_tabpage_float_footer_c","lui_tabpage_float_footer_l","lui_tabpage_float_footer_r","lui_tabpage_float_header_c","lui_tabpage_float_header_close","lui_tabpage_float_header_l","lui_tabpage_float_header_r","lui_tabpage_float_header_text","lui_tabpage_float_header_title","lui_tabpage_float_nav_item","lui_tabpage_float_nav_item_c","lui_tabpage_float_nav_item_l","lui_tabpage_float_nav_item_r","lui_tabpage_float_navs","lui_tabpage_float_navs_c","lui_tabpage_float_navs_l","lui_tabpage_float_navs_mark","lui_tabpage_float_navs_r","lui_tabpage_frame","lui_toolbar_btn","lui_toolbar_btn_c","lui_toolbar_btn_def","lui_toolbar_btn_gray","lui_toolbar_btn_l","lui_toolbar_btn_r","lui_toolbar_content","lui_toolbar_frame_float","lui_toolbar_frame_float_mark","lui_toolbar_left","lui_toolbar_right","lui_widget_btn","lui_widget_btn_txt","nodeinfo_box","numTotal","process_review_panel","selected","selectitem","swfupload","swfuploadbutton","swfuploadtext","tb_label","tb_noborder","tb_normal","td_label","td_normal_title","tr_normal_title","txtstrong","txttitle","uploadinfotext"]]}},"page/tagTriplets":{"contexts":{"context2_NquPmb":[["-/-/DIV","-/-/FORM","-/-/SCRIPT","-/DIV/DIV","-/DIV/IFRAME","-/FORM/DIV","-/FORM/INPUT-hidden","-/FORM/SCRIPT","DIV/DIV/DIV","DIV/DIV/IFRAME","DIV/DIV/INPUT-hidden","DIV/DIV/INPUT-text","DIV/DIV/LINK","DIV/DIV/OBJECT","DIV/DIV/SCRIPT","DIV/DIV/TABLE","DIV/LABEL/B","DIV/NOBR/LABEL","DIV/OBJECT/PARAM","DIV/TABLE/TBODY","FORM/DIV/DIV","FORM/DIV/P","FORM/DIV/SCRIPT","FORM/DIV/TABLE","NOBR/LABEL/INPUT-radio","TABLE/TBODY/SCRIPT","TABLE/TBODY/TR","TBODY/TR/TD","TD/DIV/DIV","TD/DIV/IMG","TD/DIV/INPUT-hidden","TD/DIV/INPUT-text","TD/DIV/LABEL","TD/DIV/NOBR","TD/DIV/SCRIPT","TD/DIV/SPAN","TD/DIV/TABLE","TD/LABEL/A","TD/LABEL/INPUT-checkbox","TD/LABEL/INPUT-radio","TD/LABEL/SPAN","TD/NOBR/IMG","TD/NOBR/INPUT-button","TD/NOBR/LABEL","TD/SELECT/OPTION","TD/TABLE/TBODY","TR/TD/A","TR/TD/BR","TR/TD/DIV","TR/TD/IFRAME","TR/TD/IMG","TR/TD/INPUT-hidden","TR/TD/INPUT-text","TR/TD/LABEL","TR/TD/LINK","TR/TD/NOBR","TR/TD/SCRIPT","TR/TD/SELECT","TR/TD/SPAN","TR/TD/STYLE","TR/TD/TABLE","TR/TD/TEXTAREA"],["-/-/DIV","-/-/FORM","-/-/SCRIPT","-/DIV/DIV","-/FORM/DIV","-/FORM/INPUT-hidden","-/FORM/SCRIPT","DIV/DIV/DIV","DIV/DIV/IFRAME","DIV/DIV/INPUT-hidden","DIV/DIV/INPUT-text","DIV/DIV/LINK","DIV/DIV/OBJECT","DIV/DIV/SCRIPT","DIV/DIV/TABLE","DIV/LABEL/B","DIV/NOBR/LABEL","DIV/OBJECT/PARAM","DIV/TABLE/TBODY","FORM/DIV/DIV","FORM/DIV/P","FORM/DIV/SCRIPT","FORM/DIV/TABLE","NOBR/LABEL/INPUT-radio","TABLE/TBODY/SCRIPT","TABLE/TBODY/TR","TBODY/TR/TD","TD/DIV/DIV","TD/DIV/IMG","TD/DIV/INPUT-hidden","TD/DIV/INPUT-text","TD/DIV/LABEL","TD/DIV/NOBR","TD/DIV/SCRIPT","TD/DIV/SPAN","TD/DIV/TABLE","TD/LABEL/A","TD/LABEL/INPUT-checkbox","TD/LABEL/INPUT-radio","TD/LABEL/SPAN","TD/NOBR/IMG","TD/NOBR/INPUT-button","TD/NOBR/LABEL","TD/SELECT/OPTION","TD/TABLE/TBODY","TR/TD/A","TR/TD/BR","TR/TD/DIV","TR/TD/IFRAME","TR/TD/IMG","TR/TD/INPUT-hidden","TR/TD/INPUT-text","TR/TD/LABEL","TR/TD/LINK","TR/TD/NOBR","TR/TD/SCRIPT","TR/TD/SELECT","TR/TD/SPAN","TR/TD/STYLE","TR/TD/TABLE","TR/TD/TEXTAREA"]]}}}}