{
  "version": "0.1",
  "id": "lks_hrreview_new",
  "targetURL": "http://oa.sec.com.cn/lks/koa/lks_hrreview.nsf/FM_CommonReview?openForm&type=%u8003%u52E4/%u52A0%u73ED%u7533%u8BF7",
  "jsFile": "index.js",
  "requires": {
    "choosePeople": "../choosePeople/index.json",
    "kaedit": "../kaedit/index.json",
    "lks_tasks": "../lks_tasks/index.json",
    "lks_Association_Search": "../lks_Association_Search/index.json",
    "lks_hrreview": "../lks_hrreview/index.json",
    "returnMsg": "../returnMsg/index.json",
    "lks_hrreview_new": "../lks_hrreview_new/index.json",
    "lks_review_new": "../lks_review_new/index.json"
  },
  "chineseName": "新HR流程",
  "description": "",
  "firstPaintEnable": false,
  "controls": {
    "control200_zrGD1k": {
      "location": {
        "data": {
          "tagName": "CENTER"
        },
        "userData": {
          "data": [],
          "force": false
        },
        "locators": [
          {
            "id": "path/ordinal",
            "prob": 1,
            "value": "/HTML[1]/BODY[1]/FORM[1]/CENTER[1]"
          }
        ]
      },
      "events": {
        "onGetData": "getData_control200_zrGD1k"
      },
      "intendedRole": "custom",
      "roles": "element,custom",
      "monitored": true,
      "frameXPath": "",
      "componentType": "custom"
    },
    "control201_agH6t0": {
      "location": {
        "data": {
          "tagName": "TR"
        },
        "userData": {
          "data": [],
          "force": false
        },
        "locators": [
          {
            "id": "@id/word",
            "prob": 2,
            "value": "descendant::TABLE[@id=\"labelTable\"]/TBODY[1]/TR[1]"
          },
          {
            "id": "@class/word",
            "prob": 1,
            "value": "TABLE.labeltb TR.tbbg"
          },
          {
            "id": "path/ordinal",
            "prob": 1,
            "ordinal": [
              0,
              3
            ],
            "value": "/HTML[1]/BODY[1]/FORM[1]/TABLE[3]/TBODY[1]/TR[1]"
          }
        ]
      },
      "events": {
        "onGetData": "getData_control201_agH6t0"
      },
      "intendedRole": "custom",
      "roles": "element,custom",
      "monitored": true,
      "frameXPath": "",
      "componentType": "custom"
    },
    "control202_P65Lkb": {
      "location": {
        "data": {
          "tagName": "TABLE"
        },
        "userData": {
          "data": [],
          "force": false
        },
        "locators": [
          {
            "id": "@id/word",
            "prob": 3,
            "value": "descendant::TABLE[@id=\"labelTable\"]"
          },
          {
            "id": "@class/word",
            "prob": 1,
            "value": "TABLE.labeltb"
          },
          {
            "id": "path/ordinal",
            "prob": 1,
            "ordinal": [
              0,
              3
            ],
            "value": "/HTML[1]/BODY[1]/FORM[1]/TABLE[3]"
          }
        ]
      },
      "events": {
        "onGetData": "getData_control202_P65Lkb"
      },
      "intendedRole": "custom",
      "roles": "element,custom",
      "monitored": true,
      "frameXPath": "",
      "componentType": "custom"
    },
    "control203_IRwbZ3": {
      "location": {
        "data": {
          "tagName": "TABLE"
        },
        "userData": {
          "data": [],
          "force": false
        },
        "locators": [
          {
            "id": "@id/word",
            "prob": 3,
            "value": "descendant::TABLE[@id=\"labelTable\"]"
          },
          {
            "id": "@class/word",
            "prob": 1,
            "value": "TABLE.labeltb"
          },
          {
            "id": "path/ordinal",
            "prob": 1,
            "ordinal": [
              0,
              3
            ],
            "value": "/HTML[1]/BODY[1]/FORM[1]/TABLE[3]"
          }
        ]
      },
      "events": {
        "onGetData": "getData_control203_IRwbZ3"
      },
      "intendedRole": "custom",
      "roles": "element,custom",
      "monitored": true,
      "frameXPath": "",
      "componentType": "custom"
    },
    "control204_x6c80D": {
      "location": {
        "data": {
          "tagName": "TABLE"
        },
        "userData": {
          "data": [],
          "force": false
        },
        "locators": [
          {
            "id": "@id/word",
            "prob": 3,
            "value": "descendant::TABLE[@id=\"labelTable\"]"
          },
          {
            "id": "@class/word",
            "prob": 1,
            "value": "TABLE.labeltb"
          },
          {
            "id": "path/ordinal",
            "prob": 1,
            "ordinal": [
              0,
              3
            ],
            "value": "/HTML[1]/BODY[1]/FORM[1]/TABLE[3]"
          }
        ]
      },
      "events": {
        "onGetData": "getData_control204_x6c80D"
      },
      "intendedRole": "custom",
      "roles": "element,custom",
      "monitored": true,
      "frameXPath": "",
      "componentType": "custom"
    },
    "control205_dbcuTz": {
      "location": {
        "data": {
          "tagName": "TABLE"
        },
        "userData": {
          "data": [],
          "force": false
        },
        "locators": [
          {
            "id": "@id/word",
            "prob": 3,
            "value": "descendant::TABLE[@id=\"labelTable\"]"
          },
          {
            "id": "@class/word",
            "prob": 1,
            "value": "TABLE.labeltb"
          },
          {
            "id": "path/ordinal",
            "prob": 1,
            "ordinal": [
              0,
              3
            ],
            "value": "/HTML[1]/BODY[1]/FORM[1]/TABLE[3]"
          }
        ]
      },
      "events": {
        "onGetData": "getData_control205_dbcuTz"
      },
      "intendedRole": "custom",
      "roles": "element,custom",
      "monitored": true,
      "frameXPath": "",
      "componentType": "custom"
    },
    "control206_OfK45s": {
      "location": {
        "data": {
          "tagName": "IFRAME"
        },
        "userData": {
          "data": [],
          "force": false
        },
        "locators": [
          {
            "id": "@id/word",
            "prob": 3,
            "value": [
              "descendant::TABLE[@id=\"labelTable\"]//IFRAME[@id=\"ifFlow\"]",
              "descendant::IFRAME[@id=\"ifFlow\"]"
            ]
          },
          {
            "id": "@class/word",
            "prob": 1,
            "value": "TABLE.labeltb TR.trbg TD.tdbg TABLE TBODY TR TD IFRAME"
          },
          {
            "id": "path/ordinal",
            "prob": 1,
            "value": "/HTML[1]/BODY[1]/FORM[1]/TABLE[3]/TBODY[1]/TR[4]/TD[1]/TABLE[1]/TBODY[1]/TR[2]/TD[1]/IFRAME[1]"
          },
          {
            "id": "elderLevel",
            "value": {
              "level": 0
            }
          }
        ]
      },
      "events": {
        "onGetData": "getData_control206_OfK45s"
      },
      "intendedRole": "custom",
      "roles": "element,custom",
      "monitored": true,
      "frameXPath": "",
      "componentType": "custom"
    },
    "control207_dhEndm": {
      "location": {
        "data": {
          "tagName": "TABLE"
        },
        "userData": {
          "data": [],
          "force": false
        },
        "locators": [
          {
            "id": "@id/word",
            "prob": 3,
            "value": "descendant::TABLE[@id=\"flowTable\"]"
          },
          {
            "id": "path/ordinal",
            "prob": 1,
            "value": "/HTML[1]/BODY[1]/FORM[1]/TABLE[3]"
          }
        ]
      },
      "events": {
        "onGetData": "getData_control207_dhEndm"
      },
      "intendedRole": "custom",
      "roles": "element,custom",
      "monitored": true,
      "frameXPath": "//iframe[@id='ifFlow']<<IFRAME>>",
      "componentType": "custom"
    },
    "control208_vsvatI": {
      "location": {
        "data": {
          "tagName": "TBODY"
        },
        "userData": {
          "data": [],
          "force": false
        },
        "locators": [
          {
            "id": "path/ordinal",
            "prob": 1,
            "ordinal": [
              0,
              3
            ],
            "value": "/HTML[1]/BODY[1]/FORM[1]/TABLE[2]/TBODY[1]"
          }
        ]
      },
      "events": {
        "onGetData": "getData_control208_vsvatI"
      },
      "intendedRole": "custom",
      "roles": "element,custom",
      "monitored": true,
      "frameXPath": "",
      "componentType": "custom"
    },
    "control209_UiEdsr": {
      "location": {
        "data": {
          "tagName": "TABLE"
        },
        "userData": {
          "data": [],
          "force": false
        },
        "locators": [
          {
            "id": "@id/word",
            "prob": 3,
            "value": "descendant::TABLE[@id=\"labelTable\"]"
          },
          {
            "id": "@class/word",
            "prob": 1,
            "value": "TABLE.labeltb"
          },
          {
            "id": "path/ordinal",
            "prob": 1,
            "ordinal": [
              0,
              3
            ],
            "value": "/HTML[1]/BODY[1]/FORM[1]/TABLE[3]"
          }
        ]
      },
      "events": {
        "onGetData": "getData_control209_UiEdsr"
      },
      "intendedRole": "custom",
      "roles": "element,custom",
      "monitored": true,
      "frameXPath": "",
      "componentType": "custom"
    },
    "control66_SJctMP": {
      "location": {
        "data": {
          "tagName": "IFRAME"
        },
        "userData": {
          "data": [],
          "force": false
        },
        "locators": [
          {
            "id": "@id/word",
            "prob": 3,
            "value": [
              "descendant::TABLE[@id=\"labelTable\"]//IFRAME[@id=\"ifFlow\"]",
              "descendant::IFRAME[@id=\"ifFlow\"]"
            ]
          },
          {
            "id": "@class/word",
            "prob": 1,
            "value": "TABLE.labeltb TR.trbg TD.tdbg TABLE TBODY TR TD IFRAME"
          },
          {
            "id": "path/ordinal",
            "prob": 1,
            "value": "/HTML[1]/BODY[1]/FORM[1]/TABLE[3]/TBODY[1]/TR[4]/TD[1]/TABLE[1]/TBODY[1]/TR[2]/TD[1]/IFRAME[1]"
          },
          {
            "id": "elderLevel",
            "value": {
              "level": 0
            }
          }
        ]
      },
      "events": {
        "onGetData": "getData_control66_SJctMP"
      },
      "intendedRole": "custom",
      "roles": "element,custom",
      "monitored": true,
      "frameXPath": "",
      "componentType": "custom"
    },
    "control216_7IcNTL": {
      "location": {
        "data": {
          "tagName": "SPAN"
        },
        "userData": {
          "data": [],
          "force": false
        },
        "locators": [
          {
            "id": "@id/word",
            "prob": 3,
            "value": "descendant::SPAN[@id=\"spanCondition\"]"
          },
          {
            "id": "path/ordinal",
            "prob": 1,
            "value": "/HTML[1]/BODY[1]/FORM[1]/SPAN[1]"
          }
        ]
      },
      "events": {
        "onGetData": "getData_control216_7IcNTL"
      },
      "intendedRole": "custom",
      "roles": "element,custom",
      "monitored": true,
      "frameXPath": "//iframe[@id='ifFlow']<<IFRAME>>",
      "componentType": "custom"
    },
    "control217_uLXqHl": {
      "location": {
        "data": {
          "tagName": "IFRAME"
        },
        "userData": {
          "data": [],
          "force": false
        },
        "locators": [
          {
            "id": "@id/word",
            "prob": 3,
            "value": [
              "descendant::TABLE[@id=\"labelTable\"]//IFRAME[@id=\"ifFlow\"]",
              "descendant::IFRAME[@id=\"ifFlow\"]"
            ]
          },
          {
            "id": "@class/word",
            "prob": 1,
            "value": "TABLE.labeltb TR.trbg TD.tdbg TABLE TBODY TR TD IFRAME"
          },
          {
            "id": "path/ordinal",
            "prob": 1,
            "value": "/HTML[1]/BODY[1]/FORM[1]/TABLE[3]/TBODY[1]/TR[4]/TD[1]/TABLE[1]/TBODY[1]/TR[2]/TD[1]/IFRAME[1]"
          },
          {
            "id": "elderLevel",
            "value": {
              "level": 0
            }
          }
        ]
      },
      "events": {
        "onGetData": "getData_control217_uLXqHl"
      },
      "intendedRole": "custom",
      "roles": "element,custom",
      "monitored": true,
      "frameXPath": "",
      "componentType": "custom"
    },
    "control218_HJpbGT": {
      "location": {
        "data": {
          "tagName": "DIV"
        },
        "userData": {
          "data": [],
          "force": false
        },
        "locators": [
          {
            "id": "text",
            "prob": 3,
            "value": {
              "text": [
                "lks_hrreview_FM_CommonReview"
              ],
              "visText": [
                "lks_hrreview_FM_CommonReview"
              ]
            }
          },
          {
            "id": "@id/word",
            "prob": 3,
            "value": "descendant::DIV[@id=\"lks_hrreview_FM_CommonReview\"]"
          },
          {
            "id": "path/ordinal",
            "prob": 1,
            "value": "/HTML[1]/BODY[1]/FORM[1]/DIV[1]"
          },
          {
            "id": "elderLevel",
            "value": {
              "level": 0
            }
          }
        ]
      },
      "roles": "element",
      "text": "",
      "frameXPath": ""
    },
    "control219_O1zZ79": {
      "location": {
        "data": {
          "tagName": "DIV"
        },
        "userData": {
          "data": [],
          "force": false
        },
        "locators": [
          {
            "id": "text",
            "prob": 3,
            "value": {
              "text": [
                "lks_hrreview_FM_CommonReview"
              ],
              "visText": [
                "lks_hrreview_FM_CommonReview"
              ]
            }
          },
          {
            "id": "@id/word",
            "prob": 3,
            "value": "descendant::DIV[@id=\"lks_hrreview_FM_CommonReview\"]"
          },
          {
            "id": "path/ordinal",
            "prob": 1,
            "ordinal": [
              0,
              2
            ],
            "value": "/HTML[1]/BODY[1]/FORM[1]/DIV[1]"
          },
          {
            "id": "elderLevel",
            "value": {
              "level": 0
            }
          }
        ]
      },
      "roles": "element",
      "text": "lks_hrreview_FM_CommonReview",
      "frameXPath": ""
    }
  },
  "contexts": {
    "context29_PNWz08": {
      "controls": [
        "control200_zrGD1k",
        "control201_agH6t0",
        "control202_P65Lkb",
        "control203_IRwbZ3",
        "control204_x6c80D",
        "control205_dbcuTz",
        "control206_OfK45s",
        "control207_dhEndm",
        "control208_vsvatI",
        "control209_UiEdsr",
        "control66_SJctMP",
        "control216_7IcNTL",
        "control217_uLXqHl"
      ],
      "anchors": [],
      "urlAnchor": [
        ".*lks_hrreview.nsf\\/FM_CommonReview\\?[Oo]pen[Ff]orm\\&type=.*"
      ]
    }
  },
  "flows": {
    "flow125_dwVZGG": {
      "toContexts": [
        {
          "toContextId": "context29_PNWz08"
        },
        {
          "toContextId": "context7_adlfZy",
          "toModelId": "returnMsg"
        }
      ]
    },
    "flow129_sSIPfk": {
      "fromContextId": "context29_PNWz08",
      "fromAction": "doAction",
      "fromControlId": "control201_agH6t0",
      "toContexts": [
        {
          "toContextId": "context29_PNWz08"
        },
        {
          "toContextId": "context29_PNWz08",
          "toModelId": "lks_hrreview_new"
        },
        {
          "toContextId": "context29_DDp3FX",
          "toModelId": "lks_review_new"
        }
      ]
    },
    "flow130_v2KmXW": {
      "fromContextId": "context29_PNWz08",
      "fromAction": "doAction",
      "fromControlId": "control205_dbcuTz",
      "toContexts": [
        {
          "toContextId": "context29_PNWz08"
        },
        {
          "toContextId": "context21_izL7hB",
          "toModelId": "kaedit"
        },
        {
          "toContextId": "context1_uBcbtH",
          "toModelId": "lks_tasks"
        },
        {
          "toContextId": "context9_qwD8oo",
          "toModelId": "lks_Association_Search"
        }
      ]
    },
    "flow131_XEohrU": {
      "fromContextId": "context29_PNWz08",
      "fromAction": "doAction",
      "fromControlId": "control206_OfK45s",
      "toContexts": [
        {
          "toContextId": "context29_PNWz08"
        },
        {
          "toContextId": "context6_m0MbOe",
          "toModelId": "choosePeople"
        }
      ]
    },
    "flow132_z2Loo2": {
      "fromContextId": "context29_PNWz08",
      "fromAction": "doAction",
      "fromControlId": "control202_P65Lkb",
      "toContexts": [
        {
          "toContextId": "context29_PNWz08"
        },
        {
          "toContextId": "context6_m0MbOe",
          "toModelId": "choosePeople"
        }
      ]
    },
    "flow133_FIJDBk": {
      "fromContextId": "context29_PNWz08",
      "fromAction": "doAction",
      "fromControlId": "control203_IRwbZ3",
      "toContexts": [
        {
          "toContextId": "context29_PNWz08"
        },
        {
          "toContextId": "context6_m0MbOe",
          "toModelId": "choosePeople"
        },
        {
          "toContextId": "context29_PNWz08",
          "toModelId": "lks_hrreview_new"
        },
        {
          "toContextId": "context29_DDp3FX",
          "toModelId": "lks_review_new"
        }
      ]
    },
    "flow138_2eIEd5": {
      "fromContextId": "context29_PNWz08",
      "fromAction": "doAction",
      "fromControlId": "control66_SJctMP",
      "toContexts": [
        {
          "toContextId": "context29_PNWz08"
        }
      ]
    },
    "flow141_DhBaSI": {
      "fromContextId": "context29_PNWz08",
      "fromAction": "doAction",
      "fromControlId": "control207_dhEndm",
      "toContexts": [
        {
          "toContextId": "context29_PNWz08"
        },
        {
          "toContextId": "context6_m0MbOe",
          "toModelId": "choosePeople"
        }
      ]
    },
    "flow148_fCLD0X": {
      "fromContextId": "context29_PNWz08",
      "fromAction": "doAction",
      "fromControlId": "control208_vsvatI",
      "toContexts": [
        {
          "toContextId": "context29_PNWz08"
        },
        {
          "toContextId": "context15_HgJeLK",
          "toModelId": "lks_hrreview"
        }
      ]
    }
  },
  "pages": {
    "page29_ugM9FR": {
      "contextId": "context29_PNWz08",
      "layout": [
        {
          "id": "uiControl218_Etxfma",
          "controlId": "control200_zrGD1k",
          "display": {
            "adapterId": "custom",
            "type": "custom",
            "adapter": {
              "templateType": "react",
              "events": {
                "onDoAction": "doAction_uiControl218_Etxfma",
                "onGetTemplate": "getTemplate_uiControl218_Etxfma"
              }
            }
          }
        },
        {
          "id": "uiControl219_FssFbJ",
          "controlId": "control201_agH6t0",
          "display": {
            "adapterId": "custom",
            "type": "custom",
            "adapter": {
              "templateType": "react",
              "events": {
                "onDoAction": "doAction_uiControl219_FssFbJ",
                "onGetTemplate": "getTemplate_uiControl219_FssFbJ"
              }
            }
          }
        },
        {
          "id": "uiControl220_cCbqdr",
          "controlId": "control202_P65Lkb",
          "display": {
            "adapterId": "custom",
            "type": "custom",
            "adapter": {
              "templateType": "react",
              "events": {
                "onDoAction": "doAction_uiControl220_cCbqdr",
                "onGetTemplate": "getTemplate_uiControl220_cCbqdr"
              }
            }
          }
        },
        {
          "id": "uiControl223_lidDwz",
          "controlId": "control205_dbcuTz",
          "display": {
            "adapterId": "custom",
            "type": "custom",
            "adapter": {
              "templateType": "react",
              "events": {
                "onDoAction": "doAction_uiControl223_lidDwz",
                "onGetTemplate": "getTemplate_uiControl223_lidDwz"
              }
            }
          }
        },
        {
          "id": "uiControl233_kpmweS",
          "controlId": "control66_SJctMP",
          "display": {
            "adapterId": "custom",
            "type": "custom",
            "adapter": {
              "templateType": "react",
              "events": {
                "onDoAction": "doAction_uiControl233_kpmweS",
                "onGetTemplate": "getTemplate_uiControl233_kpmweS"
              }
            }
          }
        },
        {
          "id": "uiControl222_KlKxKM",
          "controlId": "control204_x6c80D",
          "display": {
            "adapterId": "custom",
            "type": "custom",
            "adapter": {
              "templateType": "react",
              "events": {
                "onDoAction": "doAction_uiControl222_KlKxKM",
                "onGetTemplate": "getTemplate_uiControl222_KlKxKM"
              }
            }
          }
        },
        {
          "id": "uiControl224_4TbIOy",
          "controlId": "control206_OfK45s",
          "display": {
            "adapterId": "custom",
            "type": "custom",
            "adapter": {
              "templateType": "react",
              "events": {
                "onDoAction": "doAction_uiControl224_4TbIOy",
                "onGetTemplate": "getTemplate_uiControl224_4TbIOy"
              }
            }
          }
        },
        {
          "id": "uiControl234_GyIh1f",
          "controlId": "control216_7IcNTL",
          "display": {
            "adapterId": "custom",
            "type": "custom",
            "adapter": {
              "templateType": "react",
              "events": {
                "onDoAction": "doAction_uiControl234_GyIh1f",
                "onGetTemplate": "getTemplate_uiControl234_GyIh1f"
              }
            }
          }
        },
        {
          "id": "uiControl221_O5WHXV",
          "controlId": "control203_IRwbZ3",
          "display": {
            "adapterId": "custom",
            "type": "custom",
            "adapter": {
              "templateType": "react",
              "events": {
                "onDoAction": "doAction_uiControl221_O5WHXV",
                "onGetTemplate": "getTemplate_uiControl221_O5WHXV"
              }
            }
          }
        },
        {
          "id": "uiControl228_Ag7xBk",
          "controlId": "control209_UiEdsr",
          "display": {
            "adapterId": "custom",
            "type": "custom",
            "adapter": {
              "templateType": "react",
              "events": {
                "onDoAction": "doAction_uiControl228_Ag7xBk",
                "onGetTemplate": "getTemplate_uiControl228_Ag7xBk"
              }
            }
          }
        },
        {
          "id": "uiControl225_bGOtap",
          "controlId": "control207_dhEndm",
          "display": {
            "adapterId": "custom",
            "type": "custom",
            "adapter": {
              "templateType": "react",
              "events": {
                "onDoAction": "doAction_uiControl225_bGOtap",
                "onGetTemplate": "getTemplate_uiControl225_bGOtap"
              }
            }
          }
        },
        {
          "id": "uiControl235_fiBW0K",
          "controlId": "control217_uLXqHl",
          "display": {
            "adapterId": "custom",
            "type": "custom",
            "adapter": {
              "templateType": "react",
              "events": {
                "onDoAction": "doAction_uiControl235_fiBW0K",
                "onGetTemplate": "getTemplate_uiControl235_fiBW0K"
              }
            }
          }
        },
        {
          "id": "uiControl227_6NRZtn",
          "display": {
            "type": "sticky",
            "adapterId": "sticky",
            "class": "ui-footer-button",
            "adapter": {
              "templateType": ""
            }
          },
          "layout": [
            {
              "id": "uiControl227_6NRZtnbody",
              "display": {
                "type": "stickyBody",
                "adapterId": "stickyBody",
                "adapter": {
                  "templateType": ""
                }
              },
              "layout": [
                {
                  "id": "uiControl226_s1ImLQ",
                  "controlId": "control208_vsvatI",
                  "display": {
                    "adapterId": "custom",
                    "type": "custom",
                    "adapter": {
                      "templateType": "react",
                      "events": {
                        "onDoAction": "doAction_uiControl226_s1ImLQ",
                        "onGetTemplate": "getTemplate_uiControl226_s1ImLQ"
                      }
                    }
                  }
                }
              ]
            }
          ]
        }
      ]
    }
  },
  "matchers": {
    "page/title": {
      "contexts": {
        "context29_PNWz08": [
          "深圳能源集团OA系统_流程管理(HR流程)_新建审批流程",
          "深圳能源集团OA系统_流程管理_新建审批流程"
        ]
      }
    },
    "page/urls": {
      "contexts": {
        "context29_PNWz08": [
          "oa.sec.com.cn/lks/koa/lks_hrreview.nsf/FM_CommonReview?openForm&type=%u8003%u52E4/%u52A0%u73ED%u7533%u8BF7",
          "oa.sec.com.cn/lks/koa/lks_hrreview.nsf/FM_CommonReview?openForm&type=%u8003%u52E4/%u8BF7%u4F11%u5047%u7533%u8BF7",
          "oa.sec.com.cn/lks/koa/lks_hrreview.nsf/FM_CommonReview?openform&type=%E8%80%83%E5%8B%A4%2F%E6%89%80%E5%B1%9E%E4%BC%81%E4%B8%9A%E9%A2%86%E5%AF%BC%EF%BC%88%E6%AD%A3%E8%81%8C%EF%BC%89%E8%AF%B7%E4%BC%91%E5%81%87%E5%8F%8A%E4%BB%A3%E8%81%8C%E8%AF%B7%E7%A4%BA",
          "oa.sec.com.cn/lks/koa/lks_review.nsf/FM_CommonReview?openForm&type=%u4EBA%u529B%u8D44%u6E90%u90E8/%u6240%u5C5E%u4F01%u4E1A%u9886%u5BFC%uFF08%u6B63%u804C%uFF09%u51FA%u5DEE%u53CA%u4EE3%u804C%u8BF7%u793A"
        ]
      }
    },
    "page/ids": {
      "contexts": {
        "context29_PNWz08": [
          [
            "AttachmentDiv",
            "AttachmentOCX",
            "Calendar_SWFObjectName",
            "DisCompForJS",
            "F_BodyDiv",
            "FlashPopWin",
            "FlashTemplate",
            "ImageAlign",
            "ImageTemplate",
            "Sys_EsaField",
            "TD_ReviewNo",
            "buLabel",
            "dLinks",
            "flashupload",
            "ifFlow",
            "if_subform",
            "imageupload",
            "isSF_Public",
            "labelTable",
            "lks_hrreview",
            "quickdelete",
            "selectNewClass",
            "setImportanceDay",
            "tb_",
            "trID"
          ],
          [
            "AttachmentDiv",
            "AttachmentOCX",
            "Calendar_SWFObjectName",
            "DisCompForJS",
            "F_BodyDiv",
            "FlashPopWin",
            "FlashTemplate",
            "ImageAlign",
            "ImageTemplate",
            "Sys_EsaField",
            "TD_ReviewNo",
            "buLabel",
            "dLinks",
            "flashupload",
            "ifFlow",
            "if_subform",
            "imageupload",
            "isSF_Public",
            "labelTable",
            "lks_hrreview_FM_CommonReview",
            "quickdelete",
            "selectNewClass",
            "setImportanceDay",
            "tb_",
            "trID"
          ],
          [
            "AttachmentDiv",
            "AttachmentOCX",
            "BtnTable",
            "Calendar_SWFObjectName",
            "F_BodyDiv",
            "FlashPopWin",
            "FlashTemplate",
            "ImageAlign",
            "ImageTemplate",
            "Sys_EsaField",
            "TD_ReviewNo",
            "buLabel",
            "dLinks",
            "flashupload",
            "ifFlow",
            "if_subform",
            "imageupload",
            "isSF_Public",
            "labelTable",
            "lks_review_FM_CommonReview",
            "quickdelete",
            "selectNewClass",
            "setImportanceDay",
            "tb_",
            "trID"
          ]
        ]
      }
    },
    "page/classes": {
      "contexts": {
        "context29_PNWz08": [
          [
            "btndoc",
            "btnmenudoc",
            "labelbg",
            "labeltb",
            "selectmenu",
            "tadoc",
            "tbbg",
            "tdbg",
            "textdocdown",
            "textdocnone",
            "trbg",
            "upload"
          ]
        ]
      }
    },
    "page/tagTriplets": {
      "contexts": {
        "context29_PNWz08": [
          [
            "-/-/DIV",
            "-/-/FORM",
            "-/-/IFRAME",
            "-/-/OBJECT",
            "-/-/SCRIPT",
            "-/-/STYLE",
            "-/FORM/BR",
            "-/FORM/CENTER",
            "-/FORM/DIV",
            "-/FORM/IFRAME",
            "-/FORM/INPUT-button",
            "-/FORM/INPUT-hidden",
            "-/FORM/SCRIPT",
            "-/FORM/TABLE",
            "-/OBJECT/PARAM",
            "CENTER/B/FONT",
            "DIV/FONT/BR",
            "DIV/TABLE/TBODY",
            "DIV/UL/FONT",
            "FORM/CENTER/B",
            "FORM/TABLE/TBODY",
            "TABLE/TBODY/TR",
            "TBODY/TR/TD",
            "TD/B/FONT",
            "TD/DIV/B",
            "TD/DIV/FONT",
            "TD/DIV/INPUT-button",
            "TD/DIV/TABLE",
            "TD/DIV/UL",
            "TD/FONT/INPUT-null",
            "TD/FONT/SPAN",
            "TD/FONT/TEXTAREA",
            "TD/SELECT/OPTION",
            "TD/SPAN/BR",
            "TD/SPAN/INPUT-button",
            "TD/SPAN/INPUT-checkbox",
            "TD/SPAN/INPUT-hidden",
            "TD/SPAN/INPUT-null",
            "TD/SPAN/TEXTAREA",
            "TD/TABLE/TBODY",
            "TD/UL/BR",
            "TD/UL/FONT",
            "TD/UL/INPUT-null",
            "TD/UL/OBJECT",
            "TD/UL/P",
            "TD/UL/SCRIPT",
            "TD/UL/SPAN",
            "TD/UL/TABLE",
            "TR/TD/A",
            "TR/TD/B",
            "TR/TD/BR",
            "TR/TD/DIV",
            "TR/TD/FONT",
            "TR/TD/HR",
            "TR/TD/IFRAME",
            "TR/TD/IMG",
            "TR/TD/INPUT-button",
            "TR/TD/INPUT-checkbox",
            "TR/TD/INPUT-file",
            "TR/TD/INPUT-hidden",
            "TR/TD/INPUT-null",
            "TR/TD/INPUT-radio",
            "TR/TD/SCRIPT",
            "TR/TD/SELECT",
            "TR/TD/SPAN",
            "TR/TD/TABLE",
            "TR/TD/TEXTAREA",
            "TR/TD/UL",
            "UL/OBJECT/PARAM",
            "UL/TABLE/TBODY"
          ],
          [
            "-/-/DIV",
            "-/-/FORM",
            "-/-/IFRAME",
            "-/-/OBJECT",
            "-/-/SCRIPT",
            "-/-/STYLE",
            "-/FORM/BR",
            "-/FORM/CENTER",
            "-/FORM/DIV",
            "-/FORM/IFRAME",
            "-/FORM/INPUT-button",
            "-/FORM/INPUT-hidden",
            "-/FORM/SCRIPT",
            "-/FORM/TABLE",
            "-/OBJECT/PARAM",
            "CENTER/B/FONT",
            "DIV/FONT/BR",
            "DIV/TABLE/TBODY",
            "DIV/UL/FONT",
            "FORM/CENTER/B",
            "FORM/TABLE/TBODY",
            "TABLE/TBODY/TR",
            "TBODY/TR/TD",
            "TD/A/B",
            "TD/B/FONT",
            "TD/DIV/B",
            "TD/DIV/FONT",
            "TD/DIV/INPUT-button",
            "TD/DIV/TABLE",
            "TD/DIV/UL",
            "TD/FONT/INPUT-null",
            "TD/FONT/SPAN",
            "TD/FONT/TEXTAREA",
            "TD/SELECT/OPTION",
            "TD/SPAN/BR",
            "TD/SPAN/INPUT-button",
            "TD/SPAN/INPUT-checkbox",
            "TD/SPAN/INPUT-hidden",
            "TD/SPAN/INPUT-null",
            "TD/SPAN/TEXTAREA",
            "TD/TABLE/TBODY",
            "TD/UL/BR",
            "TD/UL/FONT",
            "TD/UL/INPUT-null",
            "TD/UL/OBJECT",
            "TD/UL/P",
            "TD/UL/SCRIPT",
            "TD/UL/SPAN",
            "TD/UL/TABLE",
            "TR/TD/A",
            "TR/TD/B",
            "TR/TD/BR",
            "TR/TD/DIV",
            "TR/TD/FONT",
            "TR/TD/HR",
            "TR/TD/IFRAME",
            "TR/TD/IMG",
            "TR/TD/INPUT-button",
            "TR/TD/INPUT-checkbox",
            "TR/TD/INPUT-file",
            "TR/TD/INPUT-hidden",
            "TR/TD/INPUT-null",
            "TR/TD/INPUT-radio",
            "TR/TD/SCRIPT",
            "TR/TD/SELECT",
            "TR/TD/SPAN",
            "TR/TD/TABLE",
            "TR/TD/TEXTAREA",
            "TR/TD/UL",
            "UL/OBJECT/PARAM",
            "UL/TABLE/TBODY"
          ],
          [
            "-/-/DIV",
            "-/-/FORM",
            "-/-/IFRAME",
            "-/-/OBJECT",
            "-/-/SCRIPT",
            "-/-/STYLE",
            "-/FORM/BR",
            "-/FORM/CENTER",
            "-/FORM/DIV",
            "-/FORM/IFRAME",
            "-/FORM/INPUT-button",
            "-/FORM/INPUT-hidden",
            "-/FORM/SCRIPT",
            "-/FORM/TABLE",
            "-/OBJECT/PARAM",
            "CENTER/B/FONT",
            "DIV/FONT/BR",
            "DIV/TABLE/TBODY",
            "DIV/UL/FONT",
            "FORM/CENTER/B",
            "FORM/TABLE/TBODY",
            "TABLE/TBODY/TR",
            "TBODY/TR/TD",
            "TD/B/FONT",
            "TD/DIV/B",
            "TD/DIV/BR",
            "TD/DIV/FONT",
            "TD/DIV/INPUT-button",
            "TD/DIV/TABLE",
            "TD/DIV/UL",
            "TD/FONT/B",
            "TD/FONT/INPUT-null",
            "TD/FONT/SPAN",
            "TD/FONT/TEXTAREA",
            "TD/SELECT/OPTION",
            "TD/SPAN/BR",
            "TD/SPAN/INPUT-button",
            "TD/SPAN/INPUT-checkbox",
            "TD/SPAN/INPUT-hidden",
            "TD/SPAN/INPUT-null",
            "TD/SPAN/TEXTAREA",
            "TD/TABLE/TBODY",
            "TD/UL/BR",
            "TD/UL/FONT",
            "TD/UL/INPUT-null",
            "TD/UL/OBJECT",
            "TD/UL/P",
            "TD/UL/SCRIPT",
            "TD/UL/SPAN",
            "TD/UL/TABLE",
            "TR/TD/A",
            "TR/TD/B",
            "TR/TD/BR",
            "TR/TD/DIV",
            "TR/TD/FONT",
            "TR/TD/HR",
            "TR/TD/IFRAME",
            "TR/TD/IMG",
            "TR/TD/INPUT-button",
            "TR/TD/INPUT-checkbox",
            "TR/TD/INPUT-file",
            "TR/TD/INPUT-hidden",
            "TR/TD/INPUT-null",
            "TR/TD/INPUT-radio",
            "TR/TD/SCRIPT",
            "TR/TD/SELECT",
            "TR/TD/SPAN",
            "TR/TD/TABLE",
            "TR/TD/TEXTAREA",
            "TR/TD/UL",
            "UL/OBJECT/PARAM",
            "UL/TABLE/TBODY"
          ],
          [
            "-/-/DIV",
            "-/-/FORM",
            "-/-/IFRAME",
            "-/-/OBJECT",
            "-/-/SCRIPT",
            "-/-/STYLE",
            "-/FORM/BR",
            "-/FORM/CENTER",
            "-/FORM/DIV",
            "-/FORM/IFRAME",
            "-/FORM/INPUT-button",
            "-/FORM/INPUT-hidden",
            "-/FORM/SCRIPT",
            "-/FORM/TABLE",
            "-/OBJECT/PARAM",
            "CENTER/B/FONT",
            "DIV/FONT/BR",
            "DIV/TABLE/TBODY",
            "DIV/UL/FONT",
            "FORM/CENTER/B",
            "FORM/TABLE/TBODY",
            "P/TABLE/TBODY",
            "TABLE/TBODY/TR",
            "TBODY/TR/TD",
            "TD/B/FONT",
            "TD/DIV/B",
            "TD/DIV/FONT",
            "TD/DIV/INPUT-button",
            "TD/DIV/TABLE",
            "TD/DIV/UL",
            "TD/FONT/B",
            "TD/FONT/INPUT-null",
            "TD/FONT/SPAN",
            "TD/FONT/TEXTAREA",
            "TD/P/BR",
            "TD/P/INPUT-button",
            "TD/P/INPUT-null",
            "TD/P/TABLE",
            "TD/SELECT/OPTION",
            "TD/SPAN/BR",
            "TD/SPAN/INPUT-button",
            "TD/SPAN/INPUT-checkbox",
            "TD/SPAN/INPUT-hidden",
            "TD/SPAN/INPUT-null",
            "TD/SPAN/TEXTAREA",
            "TD/TABLE/TBODY",
            "TD/UL/BR",
            "TD/UL/FONT",
            "TD/UL/INPUT-null",
            "TD/UL/OBJECT",
            "TD/UL/P",
            "TD/UL/SCRIPT",
            "TD/UL/SPAN",
            "TD/UL/TABLE",
            "TR/TD/A",
            "TR/TD/B",
            "TR/TD/BR",
            "TR/TD/DIV",
            "TR/TD/FONT",
            "TR/TD/HR",
            "TR/TD/IFRAME",
            "TR/TD/IMG",
            "TR/TD/INPUT-button",
            "TR/TD/INPUT-checkbox",
            "TR/TD/INPUT-file",
            "TR/TD/INPUT-hidden",
            "TR/TD/INPUT-null",
            "TR/TD/INPUT-radio",
            "TR/TD/P",
            "TR/TD/SCRIPT",
            "TR/TD/SELECT",
            "TR/TD/SPAN",
            "TR/TD/TABLE",
            "TR/TD/TEXTAREA",
            "TR/TD/UL",
            "UL/OBJECT/PARAM",
            "UL/TABLE/TBODY"
          ]
        ]
      }
    }
  }
}