{
  "version": "0.1",
  "id": "buka",
  "targetURL": "http://218.203.103.203:8082/oc/bes/sm/login/phone.html?type=1",
  "jsFile": "index.js",
  "requires": {
    "index": "../index/index.json"
  },
  "chineseName": "补卡",
  "description": "补卡",
  "firstPaintEnable": false,
  "controls": {
    "control37_6bNrRT": {
      "location": {
        "data": {
          "tagName": "LI"
        },
        "userData": {
          "data": [],
          "force": false
        },
        "locators": [
          {
            "id": "@title",
            "prob": 2,
            "value": {
              "text": [
                "补卡"
              ]
            }
          },
          {
            "id": "@class/word",
            "prob": 1,
            "value": "DIV.tab UL.floatCon.toLeft LI.selected"
          },
          {
            "id": "style/color",
            "value": [
              42,
              142,
              231
            ]
          }
        ]
      },
      "events": {
        "onGetData": "getData_control37_6bNrRT"
      },
      "intendedRole": "custom",
      "roles": "element,custom",
      "ignoreVisibility": true,
      "monitored": true,
      "frameXPath": "",
      "componentType": "custom"
    },
    "control38_kTh2yw": {
      "location": {
        "data": {
          "tagName": "LI"
        },
        "userData": {
          "data": [],
          "force": false
        },
        "locators": [
          {
            "id": "text",
            "prob": 3,
            "value": {
              "text": [
                "补卡"
              ],
              "visText": [
                "补卡"
              ]
            }
          },
          {
            "id": "@title",
            "prob": 2,
            "value": {
              "text": [
                "补卡"
              ]
            }
          },
          {
            "id": "@class/word",
            "prob": 1,
            "value": "DIV.tab UL.floatCon.toLeft LI.selected"
          },
          {
            "id": "style/color",
            "value": [
              42,
              142,
              231
            ]
          }
        ]
      },
      "roles": "element",
      "text": "\t\t                                                        \t\t                        补卡\t                          ",
      "frameXPath": "",
      "customJS": "if($(elem).hasClass(\"selected\")&&$(elem).find(\".tab-title\").text()==\"补卡\"){\nreturn true\n}else{\nreturn false\n}"
    },
    "control39_6CUVAb": {
      "location": {
        "data": {
          "tagName": "DIV"
        },
        "userData": {
          "data": [],
          "force": false
        },
        "locators": [
          {
            "id": "@id/word",
            "prob": 3,
            "value": "descendant::DIV[@id=\"userOrderInfoCon\"]"
          },
          {
            "id": "path/ordinal",
            "prob": 1,
            "ordinal": [
              2,
              3
            ],
            "value": "/HTML[1]/BODY[1]/DIV[1]/DIV[1]"
          }
        ]
      },
      "events": {
        "onGetData": "getData_control39_6CUVAb"
      },
      "intendedRole": "custom",
      "roles": "element,custom",
      "monitored": true,
      "frameXPath": "//iframe[1]<<IFRAME>>",
      "componentType": "custom"
    },
    "control40_3n1EOH": {
      "location": {
        "data": {
          "tagName": "DIV"
        },
        "userData": {
          "data": [],
          "force": false
        },
        "locators": [
          {
            "id": "@class/word",
            "prob": 1,
            "value": "DIV.main-right.ng-scope"
          },
          {
            "id": "shield",
            "value": {
              "zIndex": "auto",
              "width": 1450,
              "height": 812
            }
          }
        ]
      },
      "events": {
        "onGetData": "getData_control40_3n1EOH"
      },
      "intendedRole": "custom",
      "roles": "element,custom",
      "monitored": true,
      "frameXPath": "",
      "componentType": "custom"
    },
    "control41_lip8zN": {
      "location": {
        "data": {
          "tagName": "DIV"
        },
        "userData": {
          "data": [],
          "force": false
        },
        "locators": [
          {
            "id": "@id/word",
            "prob": 3,
            "value": "descendant::DIV[@id=\"userOrderInfoCon\"]"
          },
          {
            "id": "path/ordinal",
            "prob": 1,
            "ordinal": [
              2,
              3
            ],
            "value": "/HTML[1]/BODY[1]/DIV[1]/DIV[1]"
          }
        ]
      },
      "events": {
        "onGetData": "getData_control41_lip8zN"
      },
      "intendedRole": "custom",
      "roles": "element,custom",
      "monitored": true,
      "frameXPath": "//iframe[1]<<IFRAME>>",
      "componentType": "custom"
    },
    "control42_8OtrWn": {
      "location": {
        "data": {
          "tagName": "SPAN"
        },
        "userData": {
          "data": [],
          "force": false
        },
        "locators": [
          {
            "id": "button/text",
            "prob": 3,
            "value": {
              "text": [
                "立即结算"
              ],
              "visText": [
                "立即结算"
              ]
            }
          },
          {
            "id": "@id/word",
            "prob": 3,
            "value": [
              "descendant::DIV[@id=\"userOrderInfoCon\"]//SPAN[@id=\"buy\"]",
              "descendant::SPAN[@id=\"buy\"]"
            ]
          }
        ]
      },
      "intendedRole": "button",
      "roles": "element,button",
      "monitored": true,
      "frameXPath": "//iframe[1]<<IFRAME>>",
      "componentType": "button"
    },
    "control77_f6fvT4": {
      "location": {
        "data": {
          "tagName": "DIV"
        },
        "userData": {
          "data": [],
          "force": false
        },
        "locators": [
          {
            "id": "@id/word",
            "prob": 4,
            "value": [
              "descendant::DIV[@id=\"checkoutPaymentContent\"]//DIV[@id=\"checkoutPaymentContentDetail\"]//DIV[@id=\"checkoutPaymentGoodlistGadget\"]",
              "descendant::DIV[@id=\"checkoutPaymentContentDetail\"]//DIV[@id=\"checkoutPaymentGoodlistGadget\"]",
              "descendant::DIV[@id=\"checkoutPaymentGoodlistGadget\"]"
            ]
          }
        ]
      },
      "events": {
        "onGetData": "getData_control77_f6fvT4"
      },
      "intendedRole": "custom",
      "roles": "element,custom",
      "monitored": true,
      "frameXPath": "//iframe[1]<<IFRAME>>",
      "componentType": "custom"
    },
    "control78_p8Twcx": {
      "location": {
        "data": {
          "tagName": "SPAN"
        },
        "userData": {
          "data": [],
          "force": false
        },
        "locators": [
          {
            "id": "button/text",
            "prob": 3,
            "ordinal": [
              1,
              2
            ],
            "value": {
              "text": [
                "提交"
              ],
              "visText": [
                "提交"
              ]
            }
          },
          {
            "id": "@id/word",
            "prob": 4,
            "value": [
              "descendant::DIV[@id=\"checkoutPaymentContent\"]//DIV[@id=\"checkoutPaymentContentDetail\"]//SPAN[@id=\"checkoutSubmit\"]",
              "descendant::DIV[@id=\"checkoutPaymentContentDetail\"]//SPAN[@id=\"checkoutSubmit\"]",
              "descendant::SPAN[@id=\"checkoutSubmit\"]"
            ]
          }
        ]
      },
      "intendedRole": "button",
      "roles": "element,button",
      "monitored": true,
      "frameXPath": "//iframe[1]<<IFRAME>>",
      "componentType": "button"
    },
    "control79_hhX76n": {
      "location": {
        "data": {
          "tagName": "SPAN"
        },
        "userData": {
          "data": [],
          "force": false
        },
        "locators": [
          {
            "id": "@id/word",
            "prob": 4,
            "value": [
              "descendant::DIV[@id=\"checkoutPaymentContent\"]//DIV[@id=\"checkoutPaymentContentDetail\"]//SPAN[@id=\"checkoutSubmit\"]",
              "descendant::DIV[@id=\"checkoutPaymentContentDetail\"]//SPAN[@id=\"checkoutSubmit\"]",
              "descendant::SPAN[@id=\"checkoutSubmit\"]"
            ]
          }
        ]
      },
      "events": {
        "onGetData": "getData_control79_hhX76n"
      },
      "intendedRole": "custom",
      "roles": "element,custom",
      "monitored": true,
      "frameXPath": "//iframe[1]<<IFRAME>>",
      "componentType": "custom"
    }
  },
  "contexts": {
    "context7_OB8gzC": {
      "controls": [
        "control37_6bNrRT",
        "control39_6CUVAb",
        "control40_3n1EOH",
        "control41_lip8zN",
        "control42_8OtrWn",
        "control77_f6fvT4",
        "control78_p8Twcx",
        "control79_hhX76n"
      ],
      "anchors": [
        "control38_kTh2yw"
      ],
      "urlAnchor": []
    }
  },
  "flows": {
    "flow25_UtyPKb": {
      "fromContextId": "context7_OB8gzC",
      "fromAction": "doAction",
      "fromControlId": "control39_6CUVAb",
      "toContexts": [
        {
          "toContextId": "context7_OB8gzC"
        }
      ]
    },
    "flow26_yCzUIV": {
      "fromContextId": "context7_OB8gzC",
      "fromAction": "doAction",
      "fromControlId": "control40_3n1EOH",
      "toContexts": [
        {
          "toContextId": "context7_OB8gzC"
        }
      ]
    },
    "flow42_pnAv4g": {
      "fromContextId": "context7_OB8gzC",
      "fromAction": "doAction",
      "fromControlId": "control37_6bNrRT",
      "toContexts": [
        {
          "toContextId": "context7_OB8gzC"
        },
        {
          "toContextId": "context0_502oGB",
          "toModelId": "index"
        }
      ]
    },
    "flow43_oiu5WV": {
      "fromContextId": "context7_OB8gzC",
      "fromAction": "click",
      "fromControlId": "control42_8OtrWn",
      "toContexts": [
        {
          "toContextId": "context7_OB8gzC"
        }
      ]
    }
  },
  "pages": {
    "page7_nSIdIQ": {
      "contextId": "context7_OB8gzC",
      "layout": [
        {
          "id": "uiControl30_h0eVGm",
          "controlId": "control40_3n1EOH",
          "display": {
            "adapterId": "custom",
            "type": "custom",
            "adapter": {
              "templateType": "react",
              "events": {
                "onDoAction": "doAction_uiControl30_h0eVGm",
                "onGetTemplate": "getTemplate_uiControl30_h0eVGm"
              }
            }
          }
        },
        {
          "id": "uiControl28_m1MaRJ",
          "controlId": "control37_6bNrRT",
          "display": {
            "adapterId": "custom",
            "type": "custom",
            "adapter": {
              "templateType": "react",
              "events": {
                "onDoAction": "doAction_uiControl28_m1MaRJ",
                "onGetTemplate": "getTemplate_uiControl28_m1MaRJ"
              }
            }
          }
        },
        {
          "id": "uiControl29_idDbT6",
          "controlId": "control39_6CUVAb",
          "display": {
            "adapterId": "custom",
            "type": "custom",
            "adapter": {
              "templateType": "react",
              "events": {
                "onDoAction": "doAction_uiControl29_idDbT6",
                "onGetTemplate": "getTemplate_uiControl29_idDbT6"
              }
            }
          }
        },
        {
          "id": "uiControl31_TdvZUa",
          "controlId": "control41_lip8zN",
          "display": {
            "adapterId": "custom",
            "type": "custom",
            "adapter": {
              "templateType": "react",
              "events": {
                "onDoAction": "doAction_uiControl31_TdvZUa",
                "onGetTemplate": "getTemplate_uiControl31_TdvZUa"
              }
            }
          }
        },
        {
          "id": "uiControl32_3eEU3q",
          "controlId": "control42_8OtrWn",
          "display": {
            "adapterId": "clickable",
            "type": "button",
            "amStyle": "primary",
            "adapter": {
              "templateType": ""
            }
          }
        },
        {
          "id": "uiControl71_sdGrE2",
          "controlId": "control77_f6fvT4",
          "display": {
            "adapterId": "custom",
            "type": "custom",
            "adapter": {
              "templateType": "react",
              "events": {
                "onDoAction": "doAction_uiControl71_sdGrE2",
                "onGetTemplate": "getTemplate_uiControl71_sdGrE2"
              }
            }
          }
        },
        {
          "id": "uiControl72_2MiHEc",
          "controlId": "control78_p8Twcx",
          "display": {
            "adapterId": "clickable",
            "type": "button",
            "amStyle": "primary",
            "adapter": {
              "templateType": ""
            }
          }
        },
        {
          "id": "uiControl73_B1XKg5",
          "controlId": "control79_hhX76n",
          "display": {
            "adapterId": "custom",
            "type": "custom",
            "adapter": {
              "templateType": "react",
              "events": {
                "onDoAction": "doAction_uiControl73_B1XKg5",
                "onGetTemplate": "getTemplate_uiControl73_B1XKg5"
              }
            }
          }
        }
      ]
    }
  },
  "matchers": {
    "page/title": {
      "contexts": {
        "context7_OB8gzC": [
          "中国移动宁夏公司第三代CRM系统"
        ]
      }
    },
    "page/urls": {
      "contexts": {
        "context7_OB8gzC": [
          "218.203.103.203:8082/oc/bes/sm/login/phone.html?type=1"
        ]
      }
    },
    "page/ids": {
      "contexts": {
        "context7_OB8gzC": [
          [
            "attachChildsOperCancel",
            "datetimepicker_div",
            "day",
            "emailchoice",
            "iconclass",
            "ins_checkbox",
            "ins_mpuiconsendsms",
            "lockPageDiv",
            "lockpage_pwd",
            "middleFrame",
            "oclogin",
            "orderScrollbar",
            "popBox",
            "popNote",
            "popNoteBox",
            "rightheadermenu",
            "shoppingCartModify",
            "shoppingcartNumber",
            "shoppingcartPlat",
            "shoppingcartcheckout",
            "staticshoppingcar_close",
            "staticshoppingcar_open",
            "tab-scrollbar",
            "tip_footdiv",
            "top_gadget",
            "uee-",
            "uee-_bmeDSTImg",
            "uee-_input_img",
            "uee-_ueeDTMShowFmt",
            "uee-_value",
            "unlockpage_btn",
            "workPlace"
          ],
          [
            "attachChildsOperCancel",
            "datetimepicker_div",
            "day",
            "emailchoice",
            "iconclass",
            "ins_checkbox",
            "ins_mpuiconsendsms",
            "loadingcover",
            "lockPageDiv",
            "lockpage_pwd",
            "middleFrame",
            "oclogin",
            "orderScrollbar",
            "popBox",
            "popNote",
            "popNoteBox",
            "rightheadermenu",
            "shoppingCartModify",
            "shoppingcartNumber",
            "shoppingcartPlat",
            "shoppingcartcheckout",
            "staticshoppingcar_close",
            "staticshoppingcar_open",
            "tab-scrollbar",
            "tip_footdiv",
            "top_gadget",
            "uee-",
            "uee-_bmeDSTImg",
            "uee-_input_img",
            "uee-_ueeDTMShowFmt",
            "uee-_value",
            "unlockpage_btn",
            "workPlace"
          ]
        ]
      }
    },
    "page/classes": {
      "contexts": {
        "context7_OB8gzC": [
          [
            "LeftScrollBar",
            "LeftxScrollBar",
            "ScrollbarArrow",
            "ScrollbarHandle",
            "ScrollbarHandleC",
            "ScrollbarHandleR",
            "ScrollbarTrack",
            "bes-ad-staticshoppingcar",
            "bes-common-pagecontext",
            "bes-oc-base-sectionright",
            "bes-oc-base-shoppingcart",
            "bf_tips",
            "bf_tips_container",
            "bf_tips_content",
            "btn_positive",
            "caiDanLianJie",
            "cart_num",
            "checkbox",
            "checked",
            "cn_bg",
            "cn_center",
            "cn_impl",
            "cn_left",
            "cn_right",
            "currentOrder",
            "currentOrderEmpty",
            "datetime_input",
            "datetimepicker_DST",
            "datetimepicker_div_trigger",
            "ele_normal",
            "fl",
            "floatCon",
            "font_left",
            "font_right",
            "foot",
            "form_control",
            "fr",
            "hasDatepicker",
            "hasSubItem",
            "head",
            "header_menu_child",
            "header_menu_grandchild",
            "icon",
            "icon_subscribe",
            "icon_unsubscribe",
            "label",
            "left",
            "lock",
            "lock_input",
            "main-right",
            "mb_",
            "menu_btn",
            "mid",
            "middle",
            "ml_",
            "mt_",
            "navigatorBar",
            "ng-binding",
            "ng-hide",
            "ng-scope",
            "normal_img",
            "ocshoppingcart",
            "orderList",
            "orderPkg",
            "order_content",
            "order_footer",
            "order_monthFree",
            "order_name",
            "order_opt",
            "order_time",
            "order_time_arrow",
            "order_title",
            "orderwrapper",
            "p",
            "panel",
            "panel_login",
            "pgHeader",
            "pl_content",
            "pl_title",
            "r_contnet",
            "right",
            "scrollbar_container",
            "scrollbar_container_inner",
            "scrollbar_container_outer",
            "selected",
            "selector",
            "shoppingCar",
            "shopping_Number",
            "shopping_close",
            "sub_ul",
            "tab",
            "tab-close",
            "tab-menu",
            "tab-popup",
            "tab-title",
            "tabCon",
            "tabcontainer",
            "toLeft",
            "uIcon",
            "u_name",
            "u_no",
            "uee",
            "uee-border",
            "uee-datetime",
            "uee-datetime-container",
            "uee-gadget",
            "uee-input",
            "uee-input-normal",
            "uee-inputele-view",
            "uee-ipt-ele",
            "w_right",
            "win_cover",
            "win_lock",
            "win_lock_bg",
            "windowBoxwrap",
            "wrap"
          ],
          [
            "LeftScrollBar",
            "LeftxScrollBar",
            "ScrollbarArrow",
            "ScrollbarHandle",
            "ScrollbarHandleC",
            "ScrollbarHandleR",
            "ScrollbarTrack",
            "bes-ad-staticshoppingcar",
            "bes-common-pagecontext",
            "bes-oc-base-sectionright",
            "bes-oc-base-shoppingcart",
            "bf_tips",
            "bf_tips_container",
            "bf_tips_content",
            "btn_positive",
            "caiDanLianJie",
            "cart_num",
            "checkbox",
            "checked",
            "cn_bg",
            "cn_center",
            "cn_impl",
            "cn_left",
            "cn_right",
            "currentOrder",
            "currentOrderEmpty",
            "datetime_input",
            "datetimepicker_DST",
            "datetimepicker_div_trigger",
            "ele_normal",
            "fl",
            "floatCon",
            "font_left",
            "font_right",
            "foot",
            "form_control",
            "fr",
            "hasDatepicker",
            "hasSubItem",
            "head",
            "header_menu_child",
            "header_menu_grandchild",
            "icon",
            "icon_subscribe",
            "icon_transform",
            "icon_unsubscribe",
            "label",
            "left",
            "lock",
            "lock_input",
            "main-right",
            "mb_",
            "menu_btn",
            "mid",
            "middle",
            "ml_",
            "mt_",
            "navigatorBar",
            "ng-binding",
            "ng-hide",
            "ng-scope",
            "normal_img",
            "ocshoppingcart",
            "orderList",
            "orderPkg",
            "order_content",
            "order_footer",
            "order_monthFree",
            "order_name",
            "order_opt",
            "order_time",
            "order_time_arrow",
            "order_title",
            "orderwrapper",
            "p",
            "panel",
            "panel_login",
            "pgHeader",
            "pl_content",
            "pl_title",
            "r_contnet",
            "right",
            "scrollbar_container",
            "scrollbar_container_inner",
            "scrollbar_container_outer",
            "selected",
            "selector",
            "shoppingCar",
            "shopping_Number",
            "shopping_close",
            "sub_ul",
            "tab",
            "tab-close",
            "tab-menu",
            "tab-popup",
            "tab-title",
            "tabCon",
            "tabcontainer",
            "toLeft",
            "uIcon",
            "u_name",
            "u_no",
            "uee",
            "uee-border",
            "uee-datetime",
            "uee-datetime-container",
            "uee-gadget",
            "uee-input",
            "uee-input-normal",
            "uee-inputele-view",
            "uee-ipt-ele",
            "w_right",
            "win_cover",
            "win_lock",
            "win_lock_bg",
            "windowBoxwrap",
            "wrap"
          ],
          [
            "LeftScrollBar",
            "LeftxScrollBar",
            "ScrollbarArrow",
            "ScrollbarHandle",
            "ScrollbarHandleC",
            "ScrollbarHandleR",
            "ScrollbarTrack",
            "bes-ad-staticshoppingcar",
            "bes-common-pagecontext",
            "bes-oc-base-sectionright",
            "bes-oc-base-shoppingcart",
            "bf_tips",
            "bf_tips_container",
            "bf_tips_content",
            "btn_positive",
            "caiDanLianJie",
            "cart_num",
            "checkbox",
            "checked",
            "cn_bg",
            "cn_center",
            "cn_impl",
            "cn_left",
            "cn_right",
            "currentOrder",
            "currentOrderEmpty",
            "datetime_input",
            "datetimepicker_DST",
            "datetimepicker_div_trigger",
            "ele_normal",
            "fl",
            "floatCon",
            "font_left",
            "font_right",
            "foot",
            "form_control",
            "fr",
            "fullcover",
            "hasDatepicker",
            "hasSubItem",
            "head",
            "header_menu_child",
            "header_menu_grandchild",
            "hide",
            "icon",
            "icon_subscribe",
            "label",
            "left",
            "loading",
            "lock",
            "lock_input",
            "main-right",
            "mb_",
            "menu_btn",
            "mid",
            "middle",
            "ml_",
            "mt_",
            "navigatorBar",
            "ng-binding",
            "ng-hide",
            "ng-scope",
            "normal_img",
            "ocshoppingcart",
            "orderList",
            "orderPkg",
            "order_content",
            "order_footer",
            "order_monthFree",
            "order_name",
            "order_opt",
            "order_time",
            "order_time_arrow",
            "order_title",
            "orderwrapper",
            "p",
            "panel",
            "panel_login",
            "pgHeader",
            "pl_content",
            "pl_title",
            "r_contnet",
            "right",
            "scrollbar_container",
            "scrollbar_container_inner",
            "scrollbar_container_outer",
            "selected",
            "selector",
            "shoppingCar",
            "shopping_Number",
            "shopping_close",
            "tab",
            "tab-close",
            "tab-menu",
            "tab-popup",
            "tab-title",
            "tabCon",
            "tabcontainer",
            "toLeft",
            "uIcon",
            "u_name",
            "u_no",
            "uee",
            "uee-border",
            "uee-datetime",
            "uee-datetime-container",
            "uee-gadget",
            "uee-input",
            "uee-input-normal",
            "uee-inputele-view",
            "uee-ipt-ele",
            "w_right",
            "win_cover",
            "win_lock",
            "win_lock_bg",
            "windowBoxwrap",
            "wrap"
          ]
        ]
      }
    },
    "page/tagTriplets": {
      "contexts": {
        "context7_OB8gzC": [
          [
            "-/-/DIV",
            "-/-/SCRIPT",
            "-/-/UEE:INCLUDE",
            "-/DIV/DIV",
            "-/UEE:INCLUDE/DIV",
            "-/UEE:INCLUDE/LINK",
            "-/UEE:INCLUDE/META",
            "-/UEE:INCLUDE/STYLE",
            "-/UEE:INCLUDE/UEE:FIRE",
            "A/SPAN/UEE:FIRE",
            "DIV/A/SPAN",
            "DIV/DIV/A",
            "DIV/DIV/DIV",
            "DIV/DIV/H3",
            "DIV/DIV/IFRAME",
            "DIV/DIV/IMG",
            "DIV/DIV/INPUT-null",
            "DIV/DIV/INPUT-password",
            "DIV/DIV/LABEL",
            "DIV/DIV/P",
            "DIV/DIV/SPAN",
            "DIV/DIV/UEE:FIRE",
            "DIV/DIV/UEE:INCLUDE",
            "DIV/DIV/UL",
            "DIV/LABEL/INS",
            "DIV/LABEL/SPAN",
            "DIV/NG:SWITCH/DIV",
            "DIV/NG:SWITCH/INPUT-hidden",
            "DIV/SPAN/DIV",
            "DIV/SPAN/EM",
            "DIV/SPAN/SPAN",
            "DIV/SPAN/UEE:FIRE",
            "DIV/UEE:INCLUDE/DIV",
            "DIV/UEE:INCLUDE/UEE:FIRE",
            "DIV/UL/LI",
            "LABEL/INS/UEE:FIRE",
            "LABEL/SPAN/UEE:FIRE",
            "LI/DIV/DIV",
            "LI/DIV/SPAN",
            "LI/UL/LI",
            "NG:SWITCH/DIV/DIV",
            "SPAN/DIV/DIV",
            "SPAN/DIV/NG:SWITCH",
            "UEE:INCLUDE/DIV/A",
            "UEE:INCLUDE/DIV/BR",
            "UEE:INCLUDE/DIV/DIV",
            "UEE:INCLUDE/DIV/IFRAME",
            "UEE:INCLUDE/DIV/LINK",
            "UEE:INCLUDE/DIV/SPAN",
            "UEE:INCLUDE/DIV/UEE:FIRE",
            "UL/LI/DIV",
            "UL/LI/UL"
          ],
          [
            "-/-/DIV",
            "-/-/SCRIPT",
            "-/-/UEE:INCLUDE",
            "-/DIV/DIV",
            "-/DIV/IMG",
            "-/UEE:INCLUDE/DIV",
            "-/UEE:INCLUDE/LINK",
            "-/UEE:INCLUDE/META",
            "-/UEE:INCLUDE/STYLE",
            "-/UEE:INCLUDE/UEE:FIRE",
            "A/SPAN/UEE:FIRE",
            "DIV/A/SPAN",
            "DIV/DIV/A",
            "DIV/DIV/DIV",
            "DIV/DIV/H3",
            "DIV/DIV/IFRAME",
            "DIV/DIV/IMG",
            "DIV/DIV/INPUT-null",
            "DIV/DIV/INPUT-password",
            "DIV/DIV/LABEL",
            "DIV/DIV/P",
            "DIV/DIV/SPAN",
            "DIV/DIV/UEE:FIRE",
            "DIV/DIV/UEE:INCLUDE",
            "DIV/DIV/UL",
            "DIV/LABEL/INS",
            "DIV/LABEL/SPAN",
            "DIV/NG:SWITCH/DIV",
            "DIV/NG:SWITCH/INPUT-hidden",
            "DIV/SPAN/DIV",
            "DIV/SPAN/EM",
            "DIV/SPAN/SPAN",
            "DIV/SPAN/UEE:FIRE",
            "DIV/UEE:INCLUDE/DIV",
            "DIV/UEE:INCLUDE/UEE:FIRE",
            "DIV/UL/LI",
            "LABEL/INS/UEE:FIRE",
            "LABEL/SPAN/UEE:FIRE",
            "LI/DIV/DIV",
            "LI/DIV/SPAN",
            "NG:SWITCH/DIV/DIV",
            "SPAN/DIV/DIV",
            "SPAN/DIV/NG:SWITCH",
            "UEE:INCLUDE/DIV/A",
            "UEE:INCLUDE/DIV/BR",
            "UEE:INCLUDE/DIV/DIV",
            "UEE:INCLUDE/DIV/IFRAME",
            "UEE:INCLUDE/DIV/LINK",
            "UEE:INCLUDE/DIV/SPAN",
            "UEE:INCLUDE/DIV/UEE:FIRE",
            "UL/LI/DIV"
          ]
        ]
      }
    }
  }
}