{
  "version": "0.1",
  "id": "login",
  "targetURL": "http://oa.sec.com.cn/lks/sys/lks_interface.nsf/AG_OpenDbUrlByUserAD?openagent&type=commit",
  "jsFile": "index.js",
  "chineseName": "登录页",
  "description": "",
  "controls": {},
  "contexts": {
    "context0_W7SRZ8": {
      "controls": [],
      "anchors": [],
      "urlAnchor": []
    }
  },
  "flows": {},
  "pages": {
    "page0_4OU1Br": {
      "contextId": "context0_W7SRZ8",
      "layout": []
    }
  },
  "matchers": {
    "page/title": {
      "contexts": {
        "context0_W7SRZ8": [
          "请登录深圳能源OA系统"
        ]
      }
    },
    "page/urls": {
      "contexts": {
        "context0_W7SRZ8": [
          "oa.sec.com.cn/lks/sys/lks_interface.nsf/AG_OpenDbUrlByUserAD?openagent&type=commit"
        ]
      }
    },
    "page/ids": {
      "contexts": {
        "context0_W7SRZ8": [
          [
            "loaddata_div",
            "mainTable",
            "unauthor",
            "xtts"
          ]
        ]
      }
    },
    "page/classes": {
      "contexts": {
        "context0_W7SRZ8": [
          [
            "field"
          ]
        ]
      }
    },
    "page/tagTriplets": {
      "contexts": {
        "context0_W7SRZ8": [
          [
            "-/-/FORM",
            "-/-/SCRIPT",
            "-/FORM/DIV",
            "-/FORM/INPUT-hidden",
            "-/FORM/INPUT-null",
            "-/FORM/SCRIPT",
            "-/FORM/STYLE",
            "-/FORM/TABLE",
            "DIV/FONT/B",
            "FORM/DIV/FONT",
            "FORM/DIV/IMG",
            "FORM/TABLE/TBODY",
            "TABLE/TBODY/TR",
            "TBODY/TR/TD",
            "TD/TABLE/TBODY",
            "TR/TD/BR",
            "TR/TD/IMG",
            "TR/TD/INPUT-checkbox",
            "TR/TD/INPUT-hidden",
            "TR/TD/INPUT-null",
            "TR/TD/INPUT-password",
            "TR/TD/INPUT-submit",
            "TR/TD/SPAN",
            "TR/TD/TABLE"
          ],
          [
            "-/-/FORM",
            "-/-/SCRIPT",
            "-/FORM/DIV",
            "-/FORM/INPUT-hidden",
            "-/FORM/INPUT-null",
            "-/FORM/SCRIPT",
            "-/FORM/STYLE",
            "-/FORM/TABLE",
            "DIV/FONT/B",
            "FORM/DIV/FONT",
            "FORM/DIV/IMG",
            "FORM/TABLE/TBODY",
            "TABLE/TBODY/TR",
            "TBODY/TR/TD",
            "TD/LABEL/INPUT-checkbox",
            "TD/TABLE/TBODY",
            "TR/TD/BR",
            "TR/TD/IMG",
            "TR/TD/INPUT-hidden",
            "TR/TD/INPUT-null",
            "TR/TD/INPUT-password",
            "TR/TD/INPUT-submit",
            "TR/TD/LABEL",
            "TR/TD/SPAN",
            "TR/TD/TABLE"
          ]
        ]
      }
    }
  }
}