{
  "version": "0.1",
  "id": "FM_ChangeReader",
  "targetURL": "http://oa.sec.com.cn/lks/koa/lks_plflowreview.nsf/FM_ChangeReader?OpenForm&DocID=BB9DB334C0C22DC9482582940005FCDC",
  "jsFile": "index.js",
  "requires": {
    "choosePeople": "../choosePeople/index.json"
  },
  "chineseName": "传阅",
  "description": "",
  "controls": {
    "control146_xgLoFu": {
      "location": {
        "data": {
          "tagName": "FONT"
        },
        "userData": {
          "data": [],
          "force": false
        },
        "locators": [
          {
            "id": "path/ordinal",
            "prob": 1,
            "value": "/HTML[1]/BODY[1]/FORM[1]/DIV[1]/B[1]/FONT[1]"
          },
          {
            "id": "elderLevel",
            "value": {
              "level": 0
            }
          }
        ]
      },
      "events": {
        "onGetData": "getData_control146_xgLoFu"
      },
      "intendedRole": "custom",
      "roles": "element,custom",
      "monitored": true,
      "frameXPath": "",
      "componentType": "custom"
    },
    "control147_hEuchs": {
      "location": {
        "data": {
          "tagName": "TABLE"
        },
        "userData": {
          "data": [],
          "force": false
        },
        "locators": [
          {
            "id": "path/ordinal",
            "prob": 1,
            "value": "/HTML[1]/BODY[1]/FORM[1]/DIV[2]/TABLE[1]"
          }
        ]
      },
      "events": {
        "onGetData": "getData_control147_hEuchs"
      },
      "intendedRole": "custom",
      "roles": "element,link,custom",
      "monitored": true,
      "frameXPath": "",
      "componentType": "custom"
    },
    "control148_5WDXNt": {
      "location": {
        "data": {
          "tagName": "DIV"
        },
        "userData": {
          "data": [],
          "force": false
        },
        "locators": [
          {
            "id": "path/ordinal",
            "prob": 1,
            "value": "/HTML[1]/BODY[1]/FORM[1]/DIV[2]/TABLE[1]/TBODY[1]/TR[4]/TD[1]/DIV[1]"
          }
        ]
      },
      "events": {
        "onGetData": "getData_control148_5WDXNt"
      },
      "intendedRole": "custom",
      "roles": "element,custom",
      "monitored": true,
      "frameXPath": "",
      "componentType": "custom"
    },
    "control149_hNFkxx": {
      "location": {
        "data": {
          "tagName": "FONT"
        },
        "userData": {
          "data": [],
          "force": false
        },
        "locators": [
          {
            "id": "text",
            "prob": 3,
            "value": {
              "text": [
                "审批流程传阅"
              ],
              "visText": [
                "审批流程传阅"
              ]
            }
          },
          {
            "id": "path/ordinal",
            "prob": 1,
            "value": "/HTML[1]/BODY[1]/FORM[1]/DIV[1]/B[1]/FONT[1]"
          },
          {
            "id": "elderLevel",
            "value": {
              "level": 0
            }
          }
        ]
      },
      "roles": "element",
      "text": "",
      "frameXPath": ""
    }
  },
  "contexts": {
    "context20_kBXhwi": {
      "controls": [
        "control146_xgLoFu",
        "control147_hEuchs",
        "control148_5WDXNt"
      ],
      "anchors": [
        "control149_hNFkxx"
      ],
      "urlAnchor": []
    }
  },
  "flows": {
    "flow99_greETt": {
      "toContexts": [
        {
          "toContextId": "context20_kBXhwi"
        }
      ]
    },
    "flow100_GRyLK8": {
      "fromContextId": "context20_kBXhwi",
      "fromAction": "doAction",
      "fromControlId": "control147_hEuchs",
      "toContexts": [
        {
          "toContextId": "context20_kBXhwi"
        },
        {
          "toContextId": "context6_m0MbOe",
          "toModelId": "choosePeople"
        }
      ]
    }
  },
  "pages": {
    "page20_UTVLtO": {
      "contextId": "context20_kBXhwi",
      "layout": [
        {
          "id": "uiControl161_eeMzTt",
          "controlId": "control146_xgLoFu",
          "display": {
            "adapterId": "custom",
            "type": "custom",
            "adapter": {
              "templateType": "react",
              "events": {
                "onDoAction": "doAction_uiControl161_eeMzTt",
                "onGetTemplate": "getTemplate_uiControl161_eeMzTt"
              }
            }
          }
        },
        {
          "id": "uiControl162_BOo11d",
          "controlId": "control147_hEuchs",
          "display": {
            "adapterId": "custom",
            "type": "custom",
            "adapter": {
              "templateType": "react",
              "events": {
                "onDoAction": "doAction_uiControl162_BOo11d",
                "onGetTemplate": "getTemplate_uiControl162_BOo11d"
              }
            }
          }
        },
        {
          "id": "uiControl163_GXUWeP",
          "display": {
            "type": "sticky",
            "adapterId": "sticky",
            "class": "ui-footer-button",
            "adapter": {
              "templateType": ""
            }
          },
          "layout": [
            {
              "id": "uiControl163_GXUWePbody",
              "display": {
                "type": "stickyBody",
                "adapterId": "stickyBody",
                "adapter": {
                  "templateType": ""
                }
              },
              "layout": [
                {
                  "id": "uiControl164_0L6Lsb",
                  "controlId": "control148_5WDXNt",
                  "display": {
                    "adapterId": "custom",
                    "type": "custom",
                    "adapter": {
                      "templateType": "react",
                      "events": {
                        "onDoAction": "doAction_uiControl164_0L6Lsb",
                        "onGetTemplate": "getTemplate_uiControl164_0L6Lsb"
                      }
                    }
                  }
                }
              ]
            }
          ]
        }
      ]
    }
  },
  "matchers": {
    "page/title": {
      "contexts": {
        "context20_kBXhwi": [
          "深圳能源集团OA系统_流程管理(产权流程)_审批流程传阅",
          "深圳能源集团OA系统_流程管理_审批流程传阅",
          "深圳能源集团OA系统_流程管理(财务流程)_审批流程传阅"
        ]
      }
    },
    "page/urls": {
      "contexts": {
        "context20_kBXhwi": [
          "oa.sec.com.cn/lks/koa/lks_plflowreview.nsf/FM_ChangeReader?OpenForm&DocID=BB9DB334C0C22DC9482582940005FCDC",
          "oa.sec.com.cn/lks/koa/lks_review.nsf/FM_ChangeReader?OpenForm&DocID=AC491A2A24137FCB48258296002A477F",
          "oac1.sec.com.cn/lks/koa.mwdl/lks_financeflowreview.nsf/FM_ChangeReader?OpenForm&DocID=AB8A9270635C079848257914000AC506"
        ]
      }
    },
    "page/ids": {
      "contexts": {
        "context20_kBXhwi": [
          [
            "Sys_EsaField"
          ]
        ]
      }
    },
    "page/classes": {
      "contexts": {
        "context20_kBXhwi": [
          [
            "btndoc",
            "textdocdown",
            "textdocnone"
          ]
        ]
      }
    },
    "page/tagTriplets": {
      "contexts": {
        "context20_kBXhwi": [
          [
            "-/-/FORM",
            "-/-/SCRIPT",
            "-/FORM/BR",
            "-/FORM/DIV",
            "-/FORM/INPUT-hidden",
            "-/FORM/TABLE",
            "DIV/B/FONT",
            "DIV/TABLE/TBODY",
            "FORM/DIV/B",
            "FORM/DIV/BR",
            "FORM/DIV/TABLE",
            "FORM/TABLE/TBODY",
            "TABLE/TBODY/TR",
            "TBODY/TR/TD",
            "TD/DIV/INPUT-button",
            "TD/FONT/INPUT-checkbox",
            "TD/FONT/INPUT-hidden",
            "TD/FONT/INPUT-null",
            "TD/FONT/TEXTAREA",
            "TD/UL/BR",
            "TD/UL/FONT",
            "TD/UL/INPUT-null",
            "TD/UL/P",
            "TD/UL/SCRIPT",
            "TD/UL/SPAN",
            "TR/TD/A",
            "TR/TD/BR",
            "TR/TD/DIV",
            "TR/TD/FONT",
            "TR/TD/INPUT-button",
            "TR/TD/INPUT-null",
            "TR/TD/UL",
            "UL/SPAN/TEXTAREA"
          ],
          [
            "-/-/FORM",
            "-/-/SCRIPT",
            "-/FORM/BR",
            "-/FORM/DIV",
            "-/FORM/INPUT-hidden",
            "-/FORM/TABLE",
            "DIV/B/FONT",
            "DIV/TABLE/TBODY",
            "FONT/LABEL/INPUT-checkbox",
            "FORM/DIV/B",
            "FORM/DIV/BR",
            "FORM/DIV/TABLE",
            "FORM/TABLE/TBODY",
            "TABLE/TBODY/TR",
            "TBODY/TR/TD",
            "TD/DIV/INPUT-button",
            "TD/FONT/INPUT-hidden",
            "TD/FONT/INPUT-null",
            "TD/FONT/LABEL",
            "TD/FONT/TEXTAREA",
            "TD/UL/BR",
            "TD/UL/FONT",
            "TD/UL/INPUT-null",
            "TD/UL/P",
            "TD/UL/SCRIPT",
            "TD/UL/SPAN",
            "TR/TD/A",
            "TR/TD/BR",
            "TR/TD/DIV",
            "TR/TD/FONT",
            "TR/TD/INPUT-button",
            "TR/TD/INPUT-null",
            "TR/TD/UL",
            "UL/SPAN/TEXTAREA"
          ]
        ]
      }
    }
  }
}