{
  "version": "0.1",
  "id": "choosePeople",
  "targetURL": "http://oa.sec.com.cn/lks/sys/html/addressmainsgl.htm",
  "jsFile": "index.js",
  "requires": {
    "homepage": "../homepage/index.json",
    "lks_tasks": "../lks_tasks/index.json"
  },
  "chineseName": "选择人员",
  "description": "",
  "controls": {
    "control8_HgZHZB": {
      "location": {
        "data": {
          "tagName": "B"
        },
        "userData": {
          "data": [],
          "force": false
        },
        "locators": [
          {
            "id": "path/ordinal",
            "prob": 1,
            "value": "/HTML[1]/BODY[1]/TABLE[1]/TBODY[1]/TR[1]/TD[1]/TABLE[1]/TBODY[1]/TR[1]/TD[2]/B[1]"
          },
          {
            "id": "elderLevel",
            "value": {
              "level": 0
            }
          }
        ]
      },
      "events": {
        "onGetData": "getData_control8_HgZHZB"
      },
      "intendedRole": "custom",
      "roles": "element,custom",
      "monitored": true,
      "frameXPath": "//frame[@name='leftFrame']<<IFRAME>>",
      "componentType": "custom"
    },
    "control9_svNQW5": {
      "location": {
        "data": {
          "tagName": "TABLE"
        },
        "userData": {
          "data": [],
          "force": false
        },
        "locators": [
          {
            "id": "@id/word",
            "prob": 3,
            "value": "descendant::TABLE[@id=\"obj\"]"
          },
          {
            "id": "path/ordinal",
            "prob": 1,
            "value": "/HTML[1]/BODY[1]/TABLE[1]"
          }
        ]
      },
      "events": {
        "onGetData": "getData_control9_svNQW5"
      },
      "intendedRole": "custom",
      "roles": "element,custom",
      "monitored": true,
      "frameXPath": "//frame[@name='leftFrame']<<IFRAME>>",
      "componentType": "custom"
    },
    "control13_Cgqn1A": {
      "location": {
        "data": {
          "tagName": "FORM"
        },
        "userData": {
          "data": [],
          "force": false
        },
        "locators": [
          {
            "id": "path/ordinal",
            "prob": 1,
            "value": "/HTML[1]/BODY[1]/FORM[1]"
          }
        ]
      },
      "events": {
        "onGetData": "getData_control13_Cgqn1A"
      },
      "intendedRole": "custom",
      "roles": "element,link,custom",
      "monitored": true,
      "frameXPath": "//frame[@name='rightFrame']<<IFRAME>>",
      "componentType": "custom"
    },
    "control16_dVSery": {
      "location": {
        "data": {
          "tagName": "TR"
        },
        "userData": {
          "data": [],
          "force": false
        },
        "locators": [
          {
            "id": "path/ordinal",
            "prob": 1,
            "value": "/HTML[1]/BODY[1]/FORM[1]/TABLE[2]/TBODY[1]/TR[3]"
          }
        ]
      },
      "events": {
        "onGetData": "getData_control16_dVSery"
      },
      "intendedRole": "custom",
      "roles": "element,custom",
      "monitored": true,
      "frameXPath": "//frame[@name='rightFrame']<<IFRAME>>",
      "componentType": "custom"
    },
    "control18_LDwSiw": {
      "location": {
        "data": {
          "tagName": "TABLE"
        },
        "userData": {
          "data": [],
          "force": false
        },
        "locators": [
          {
            "id": "@id/word",
            "prob": 3,
            "value": "descendant::TABLE[@id=\"obj\"]"
          },
          {
            "id": "path/ordinal",
            "prob": 1,
            "value": "/HTML[1]/BODY[1]/TABLE[1]"
          }
        ]
      },
      "events": {
        "onGetData": "getData_control18_LDwSiw"
      },
      "intendedRole": "custom",
      "roles": "element,custom",
      "monitored": true,
      "frameXPath": "//frame[@name='leftFrame']<<IFRAME>>",
      "componentType": "custom"
    },
    "control20_7v3uTe": {
      "location": {
        "data": {
          "tagName": "FORM"
        },
        "userData": {
          "data": [],
          "force": false
        },
        "locators": [
          {
            "id": "path/ordinal",
            "prob": 1,
            "value": "/HTML[1]/BODY[1]/FORM[1]"
          }
        ]
      },
      "events": {
        "onGetData": "getData_control20_7v3uTe"
      },
      "intendedRole": "custom",
      "roles": "element,link,custom",
      "monitored": true,
      "frameXPath": "//frame[@name='rightFrame']<<IFRAME>>",
      "componentType": "custom"
    },
    "control6_cxTLOP": {
      "location": {
        "data": {
          "tagName": "B"
        },
        "userData": {
          "data": [],
          "force": false
        },
        "locators": [
          {
            "id": "text",
            "prob": 3,
            "value": {
              "text": [
                "我的部门"
              ],
              "visText": [
                "我的部门"
              ]
            }
          },
          {
            "id": "path/ordinal",
            "prob": 1,
            "value": "/HTML[1]/BODY[1]/TABLE[1]/TBODY[1]/TR[1]/TD[1]/TABLE[1]/TBODY[1]/TR[1]/TD[2]/B[1]"
          },
          {
            "id": "elderLevel",
            "value": {
              "level": 0
            }
          }
        ]
      },
      "roles": "element",
      "text": "我的部门",
      "frameXPath": "//frame[@name='leftFrame']<<IFRAME>>"
    },
    "control169_IThR0u": {
      "location": {
        "data": {
          "tagName": "FRAMESET"
        },
        "userData": {
          "data": [],
          "force": false
        },
        "locators": [
          {
            "id": "path/ordinal",
            "prob": 1,
            "value": "/HTML[1]/FRAMESET[1]"
          }
        ]
      },
      "events": {
        "onGetData": "getData_control169_IThR0u"
      },
      "intendedRole": "custom",
      "roles": "element,custom",
      "monitored": true,
      "frameXPath": "",
      "componentType": "custom"
    },
    "control232_KX7o3J": {
      "location": {
        "data": {
          "tagName": "FRAMESET"
        },
        "userData": {
          "data": [],
          "force": false
        },
        "locators": [
          {
            "id": "path/ordinal",
            "prob": 1,
            "value": "/HTML[1]/FRAMESET[1]"
          }
        ]
      },
      "events": {
        "onGetData": "getData_control232_KX7o3J"
      },
      "intendedRole": "custom",
      "roles": "element,custom",
      "monitored": true,
      "frameXPath": "",
      "componentType": "custom"
    }
  },
  "contexts": {
    "context6_m0MbOe": {
      "controls": [
        "control8_HgZHZB",
        "control9_svNQW5",
        "control13_Cgqn1A",
        "control16_dVSery",
        "control18_LDwSiw",
        "control20_7v3uTe",
        "control169_IThR0u",
        "control232_KX7o3J"
      ],
      "anchors": [
        "control6_cxTLOP"
      ],
      "urlAnchor": []
    }
  },
  "flows": {
    "flow10_JwpXos": {
      "toContexts": [
        {
          "toContextId": "context6_m0MbOe"
        }
      ]
    },
    "flow9_pMctwV": {
      "fromContextId": "context6_m0MbOe",
      "fromAction": "doAction",
      "fromControlId": "control13_Cgqn1A",
      "toContexts": [
        {
          "toContextId": "context6_m0MbOe"
        }
      ]
    },
    "flow11_lHfbbu": {
      "fromContextId": "context6_m0MbOe",
      "fromAction": "doAction",
      "fromControlId": "control9_svNQW5",
      "toContexts": [
        {
          "toContextId": "context6_m0MbOe"
        },
        {
          "toContextId": "context4_TXweD3",
          "toModelId": "homepage"
        }
      ]
    },
    "flow15_imwQbw": {
      "fromContextId": "context6_m0MbOe",
      "fromAction": "doAction",
      "fromControlId": "control16_dVSery",
      "toContexts": [
        {
          "toContextId": "context6_m0MbOe"
        }
      ]
    },
    "flow18_E8R4iA": {
      "fromContextId": "context6_m0MbOe",
      "fromAction": "doAction",
      "fromControlId": "control18_LDwSiw",
      "toContexts": [
        {
          "toContextId": "context6_m0MbOe"
        }
      ]
    },
    "flow19_zoyEde": {
      "fromContextId": "context6_m0MbOe",
      "fromAction": "doAction",
      "fromControlId": "control20_7v3uTe",
      "toContexts": [
        {
          "toContextId": "context6_m0MbOe"
        }
      ]
    },
    "flow16_08mCcL": {
      "fromContextId": "context6_m0MbOe",
      "fromAction": "doAction",
      "fromControlId": "control169_IThR0u",
      "toContexts": [
        {
          "toContextId": "context6_m0MbOe"
        }
      ]
    },
    "flow17_QQSIUT": {
      "fromContextId": "context6_m0MbOe",
      "fromAction": "doAction",
      "fromControlId": "control232_KX7o3J",
      "toContexts": [
        {
          "toContextId": "context6_m0MbOe"
        }
      ]
    }
  },
  "pages": {
    "page6_zibE2A": {
      "contextId": "context6_m0MbOe",
      "layout": [
        {
          "id": "uiControl8_zJstnR",
          "controlId": "control8_HgZHZB",
          "display": {
            "adapterId": "custom",
            "type": "custom",
            "adapter": {
              "templateType": "react",
              "events": {
                "onDoAction": "doAction_uiControl8_zJstnR",
                "onGetTemplate": "getTemplate_uiControl8_zJstnR"
              }
            }
          }
        },
        {
          "id": "uiControl9_Vs7ubk",
          "controlId": "control9_svNQW5",
          "display": {
            "adapterId": "custom",
            "type": "custom",
            "adapter": {
              "templateType": "react",
              "events": {
                "onDoAction": "doAction_uiControl9_Vs7ubk",
                "onGetTemplate": "getTemplate_uiControl9_Vs7ubk"
              }
            }
          }
        },
        {
          "id": "uiControl11_ZCreN4",
          "display": {
            "type": "card",
            "adapterId": "card",
            "adapter": {
              "templateType": ""
            }
          },
          "layout": [
            {
              "id": "uiControl11_ZCreN4header",
              "display": {
                "type": "cardHeader",
                "text": "",
                "adapterId": "cardHeader",
                "adapter": {
                  "templateType": ""
                }
              },
              "layout": []
            },
            {
              "id": "uiControl11_ZCreN4body",
              "display": {
                "type": "cardBody",
                "adapterId": "cardBody",
                "adapter": {
                  "templateType": ""
                }
              },
              "layout": [
                {
                  "id": "uiControl14_VqcMgp",
                  "controlId": "control13_Cgqn1A",
                  "display": {
                    "adapterId": "custom",
                    "type": "custom",
                    "adapter": {
                      "templateType": "react",
                      "events": {
                        "onDoAction": "doAction_uiControl14_VqcMgp",
                        "onGetTemplate": "getTemplate_uiControl14_VqcMgp"
                      }
                    }
                  }
                }
              ]
            },
            {
              "id": "uiControl11_ZCreN4footer",
              "display": {
                "type": "cardFooter",
                "adapterId": "cardFooter",
                "adapter": {
                  "templateType": ""
                }
              },
              "layout": []
            }
          ]
        },
        {
          "id": "uiControl106_3UUeci",
          "controlId": "control169_IThR0u",
          "display": {
            "adapterId": "custom",
            "type": "custom",
            "adapter": {
              "templateType": "react",
              "events": {
                "onDoAction": "doAction_uiControl106_3UUeci",
                "onGetTemplate": "getTemplate_uiControl106_3UUeci"
              }
            }
          }
        },
        {
          "id": "uiControl20_8bf8vS",
          "controlId": "control18_LDwSiw",
          "display": {
            "adapterId": "custom",
            "type": "custom",
            "adapter": {
              "templateType": "react",
              "events": {
                "onDoAction": "doAction_uiControl20_8bf8vS",
                "onGetTemplate": "getTemplate_uiControl20_8bf8vS"
              }
            }
          }
        },
        {
          "id": "uiControl10_PTeu3r",
          "controlId": "control232_KX7o3J",
          "display": {
            "adapterId": "custom",
            "type": "custom",
            "adapter": {
              "templateType": "react",
              "events": {
                "onDoAction": "doAction_uiControl10_PTeu3r",
                "onGetTemplate": "getTemplate_uiControl10_PTeu3r"
              }
            }
          }
        },
        {
          "id": "uiControl17_0LaDXT",
          "display": {
            "type": "card",
            "adapterId": "card",
            "adapter": {
              "templateType": ""
            }
          },
          "layout": [
            {
              "id": "uiControl17_0LaDXTheader",
              "display": {
                "type": "cardHeader",
                "text": "",
                "adapterId": "cardHeader",
                "adapter": {
                  "templateType": ""
                }
              },
              "layout": []
            },
            {
              "id": "uiControl17_0LaDXTbody",
              "display": {
                "type": "cardBody",
                "adapterId": "cardBody",
                "adapter": {
                  "templateType": ""
                }
              },
              "layout": [
                {
                  "id": "uiControl18_zTdEW3",
                  "controlId": "control16_dVSery",
                  "display": {
                    "adapterId": "custom",
                    "type": "custom",
                    "adapter": {
                      "templateType": "react",
                      "events": {
                        "onDoAction": "doAction_uiControl18_zTdEW3",
                        "onGetTemplate": "getTemplate_uiControl18_zTdEW3"
                      }
                    }
                  }
                }
              ]
            },
            {
              "id": "uiControl17_0LaDXTfooter",
              "display": {
                "type": "cardFooter",
                "adapterId": "cardFooter",
                "adapter": {
                  "templateType": ""
                }
              },
              "layout": []
            }
          ]
        },
        {
          "id": "uiControl22_T5udM1",
          "controlId": "control20_7v3uTe",
          "display": {
            "adapterId": "custom",
            "type": "custom",
            "adapter": {
              "templateType": "react",
              "events": {
                "onDoAction": "doAction_uiControl22_T5udM1",
                "onGetTemplate": "getTemplate_uiControl22_T5udM1"
              }
            }
          }
        }
      ]
    }
  },
  "matchers": {
    "page/title": {
      "contexts": {
        "context6_m0MbOe": [
          "地址本"
        ]
      }
    },
    "page/urls": {
      "contexts": {
        "context6_m0MbOe": [
          "oa.sec.com.cn/lks/sys/html/addressmainsgl.htm",
          "oa.sec.com.cn/lks/sys/html/addressmainmul.htm",
          "oac1.sec.com.cn/lks/sys/html/addressmainsgl.htm",
          "oac1.sec.com.cn/lks/sys/html/addressmainmul.htm"
        ]
      }
    },
    "page/ids": {
      "contexts": {
        "context6_m0MbOe": [
          []
        ]
      }
    },
    "page/classes": {
      "contexts": {
        "context6_m0MbOe": [
          []
        ]
      }
    },
    "page/tagTriplets": {
      "contexts": {
        "context6_m0MbOe": [
          [
            "-/-/FRAME"
          ]
        ]
      }
    }
  }
}