{
  "replace": [
    {
      "type": "js",
      "remote": [
        "https:\\/\\/7\\.carpoly\\.com\\/ekp\\/resource\\/js\\/common\\.js.*"
      ],
      "local": "common.js",
      "time": 1522636914078
    },
    {
      "type": "js",
      "remote": [
        "https:\\/\\/7\\.carpoly\\.com\\/ekp\\/resource\\/js\\/dialog\\.js.*"
      ],
      "local": "ekp_dialog.js",
      "time": 1510728233140
    },
    {
      "type": "js",
      "remote": [
        "https:\\/\\/7\\.carpoly\\.com\\/ekp\\/sys\\/ui\\/js\\/dialog\\.js.*"
      ],
      "local": "ui-dialog.js",
      "time": 1510820322831
    },
    {
      "type": "js",
      "remote": [
        "https:\\/\\/7\\.carpoly\\.com\\/ekp\\/sys\\/ui\\/js\\/_ysp_top\\.js.*"
      ],
      "local": "top.js",
      "time": 1512012410258
    },
    {
      "type": "png",
      "remote": [
        "https:\\/\\/7\\.carpoly\\.com\\/ekp\\/ui-ext\\/carpoly_dealer\\/images\\/banner\\/banner_bg\\.png"
      ],
      "local": "banner_bg.png",
      "time": 1517455508623
    },
    {
      "type": "js",
      "remote": [
        "https:\\/\\/7\\.carpoly\\.com\\/ekp\\/resource\\/js\\/jquery\\.js.*"
      ],
      "local": "jquery.js",
      "time": 1524549504909
    },
    {
      "type": "js",
      "remote": [
        "https:\\/\\/7\\.carpoly\\.com\\/ekp\\/resource\\/js\\/jquery-ui\\/jquery\\.ui\\.js.*"
      ],
      "local": "jquery.ui.js",
      "time": 1517897491217
    },
    {
      "type": "css",
      "remote": [
        "https:\\/\\/7\\.carpoly\\.com\\/ekp\\/resource\\/style\\/common\\/jquery-ui\\/jquery\\.ui\\.css.*"
      ],
      "local": "jquery.ui.css",
      "time": 1517897498456
    },
    {
      "type": "js",
      "remote": [
        "https:\\/\\/7\\.carpoly\\.com\\/ekp\\/resource\\/js\\/sea\\.js.*"
      ],
      "local": "sea.js",
      "time": 1517897503625
    },
    {
      "type": "css",
      "remote": [
        "https:\\/\\/7\\.carpoly\\.com\\/ekp\\/ui-ext\\/carpoly_dealer\\/style\\/icon_\\.css.*"
      ],
      "local": "icon_.css",
      "time": 1517897892289
    },
    {
      "type": "js",
      "remote": [
        "https:\\/\\/7\\.carpoly\\.com\\/ekp\\/resource\\/js\\/domain\\.js.*"
      ],
      "local": "resource_js_domain.js",
      "time": 1524549285108
    },
    {
      "type": "js",
      "remote": [
        "https:\\/\\/7\\.carpoly\\.com\\/ekp\\/sys\\/ui\\/js\\/LUI\\.js.*"
      ],
      "local": "ui_js_LUI.js",
      "time": 1524539037190
    },
    {
      "type": "js",
      "remote": [
        "https:\\/\\/7\\.carpoly\\.com\\/ekp\\/resource\\/style\\/default\\/login_carpoly\\/js\\/jquery\\.min\\.js"
      ],
      "local": "login_carpoly_js_jquery.min.js",
      "time": 1524539046338
    },
    {
      "type": "js",
      "remote": [
        "https:\\/\\/7\\.carpoly\\.com\\/ekp\\/resource\\/style\\/default\\/login_carpoly\\/js\\/backstretch\\.min\\.js"
      ],
      "local": "login_carpoly_js_backstretch.min.js",
      "time": 1524538974728
    },
    {
      "type": "css",
      "remote": [
        "https:\\/\\/7\\.carpoly\\.com\\/ekp\\/favicon\\.ico"
      ],
      "local": "7.carpoly.com_ekp_favicon.ico",
      "time": 1524538974728
    },
    {
      "type": "css",
      "remote": [
        "https:\\/\\/7\\.carpoly\\.com\\/ekp\\/resource\\/style\\/default\\/login_carpoly\\/css\\/reset\\.css"
      ],
      "local": "login_carpoly_css_reset.css",
      "time": 1524538974728
    },
    {
      "type": "css",
      "remote": [
        "https:\\/\\/7\\.carpoly\\.com\\/ekp\\/resource\\/style\\/default\\/login_carpoly\\/css\\/main\\.css"
      ],
      "local": "login_carpoly_css_main.css",
      "time": 1524538974728
    },
    {
      "type": "css",
      "remote": [
        "https:\\/\\/7\\.carpoly\\.com\\/ekp\\/resource\\/style\\/default\\/login_carpoly\\/css\\/login\\.css"
      ],
      "local": "login_carpoly_css_login.css",
      "time": 1524538974728
    },
    {
      "type": "img",
      "remote": [
        "https:\\/\\/7\\.carpoly\\.com\\/ekp\\/resource\\/style\\/default\\/login_carpoly\\/images\\/qrcode_wechat\\.png"
      ],
      "local": "login_carpoly_images_qrcode_wechat.png",
      "time": 1524538974728
    },
    {
      "type": "img",
      "remote": [
        "https:\\/\\/7\\.carpoly\\.com\\/ekp\\/resource\\/style\\/default\\/login_carpoly\\/images\\/qrcode_kk5\\.png"
      ],
      "local": "login_carpoly_images_qrcode_kk5.png",
      "time": 1524538974729
    },
    {
      "type": "js",
      "remote": [
        "https:\\/\\/7\\.carpoly\\.com\\/ekp\\/sys\\/ui\\/js\\/criteria\\/select_panel\\.js.*"
      ],
      "local": "select_panel.js",
      "time": 1524550017068
    },
    {
      "type": "css",
      "remote": [
        "https:\\/\\/7\\.carpoly\\.com\\/ekp\\/sys\\/ui\\/extend\\/theme\\/default\\/style\\/icon\\.css.*"
      ],
      "local": "icon.css",
      "time": 1524550088179
    },
    {
      "type": "js",
      "remote": [
        "https:\\/\\/7\\.carpoly\\.com\\/ekp\\/sys\\/ui\\/js\\/listview\\/listview\\.js.*"
      ],
      "local": "listview.js",
      "time": 1524550193355
    },
    {
      "type": "js",
      "remote": [
        "https:\\/\\/7\\.carpoly\\.com\\/ekp\\/sys\\/ui\\/js\\/listview\\/sort\\.js.*"
      ],
      "local": "sort.js",
      "time": 1524550242811
    },
    {
      "type": "js",
      "remote": [
        "https:\\/\\/7\\.carpoly\\.com\\/ekp\\/sys\\/ui\\/js\\/parser\\.js.*"
      ],
      "local": "parser.js",
      "time": 1524550295161
    },
    {
      "type": "css",
      "remote": [
        "https:\\/\\/7\\.carpoly\\.com\\/ekp\\/sys\\/ui\\/extend\\/theme\\/default\\/style\\/toolbar\\.css.*"
      ],
      "local": "toolbar.css",
      "time": 1524550320801
    },
    {
      "type": "js",
      "remote": [
        "https:\\/\\/7\\.carpoly\\.com\\/ekp\\/sys\\/ui\\/extend\\/toolbar\\/toolbar\\.js.*"
      ],
      "local": "toolbar.js",
      "time": 1524550555679
    },
    {
      "type": "js",
      "remote": [
        "https:\\/\\/7\\.carpoly\\.com\\/ekp\\/sys\\/ui\\/js\\/fixed\\.js.*"
      ],
      "local": "fixed.js",
      "time": 1524550579371
    },
    {
      "type": "css",
      "remote": [
        "https:\\/\\/7\\.carpoly\\.com\\/ekp\\/sys\\/ui\\/extend\\/theme\\/default\\/style\\/common\\.css.*"
      ],
      "local": "common.css",
      "time": 1524550747305
    },
    {
      "type": "unknow",
      "remote": [
        "https:\\/\\/7\\.carpoly\\.com\\/ekp\\/sys\\/ui\\/extend\\/menu\\/menu_nav\\.js.*"
      ],
      "local": "menu_nav",
      "time": 1524551109882
    },
    {
      "type": "gif",
      "remote": [
        "https:\\/\\/7\\.carpoly\\.com\\/ekp\\/sys\\/ui\\/js\\/ajax\\.gif"
      ],
      "local": "ajax.gif",
      "time": 1524554257996
    },
    {
      "type": "css",
      "remote": [
        "https:\\/\\/7\\.carpoly\\.com\\/ekp\\/sys\\/ui\\/extend\\/theme\\/default\\/style\\/menu\\.css.*"
      ],
      "local": "menu.css",
      "time": 1524551260996
    },
    {
      "type": "css",
      "remote": [
        "https:\\/\\/7\\.carpoly\\.com\\/ekp\\/sys\\/ui\\/extend\\/theme\\/default\\/style\\/criteria\\.css.*"
      ],
      "local": "criteria.css",
      "time": 1524551290181
    },
    {
      "type": "js",
      "remote": [
        "https:\\/\\/7\\.carpoly\\.com\\/ekp\\/sys\\/ui\\/js\\/panel\\.js.*"
      ],
      "local": "panel.js",
      "time": 1524551318631
    },
    {
      "type": "js",
      "remote": [
        "https:\\/\\/7\\.carpoly\\.com\\/ekp\\/sys\\/ui\\/js\\/criteria\\/selected_values\\.js.*"
      ],
      "local": "selected_values.js",
      "time": 1524551341884
    },
    {
      "type": "js",
      "remote": [
        "https:\\/\\/7\\.carpoly\\.com\\/ekp\\/sys\\/ui\\/js\\/data\\/source\\.js.*"
      ],
      "local": "source.js",
      "time": 1524551366267
    },
    {
      "type": "js",
      "remote": [
        "https:\\/\\/7\\.carpoly\\.com\\/ekp\\/resource\\/js\\/des\\.js.*"
      ],
      "local": "des.js",
      "time": 1524551408713
    },
    {
      "type": "js",
      "remote": [
        "https:\\/\\/7\\.carpoly\\.com\\/ekp\\/sys\\/ui\\/js\\/popup\\.js.*"
      ],
      "local": "popup.js",
      "time": 1524551435341
    },
    {
      "type": "css",
      "remote": [
        "https:\\/\\/7\\.carpoly\\.com\\/ekp\\/ui-ext\\/carpoly_dealer\\/style\\/list_\\.css.*"
      ],
      "local": "list_.css",
      "time": 1524551455555
    },
    {
      "type": "js",
      "remote": [
        "https:\\/\\/7\\.carpoly\\.com\\/ekp\\/sys\\/ui\\/js\\/top\\.js.*"
      ],
      "local": "uitop.js",
      "time": 1524551528639
    },
    {
      "type": "js",
      "remote": [
        "https:\\/\\/7\\.carpoly\\.com\\/ekp\\/sys\\/ui\\/js\\/criteria\\/criterion_popup\\.js.*"
      ],
      "local": "criterion_popup.js",
      "time": 1524551566256
    },
    {
      "type": "css",
      "remote": [
        "https:\\/\\/7\\.carpoly\\.com\\/ekp\\/sys\\/ui\\/extend\\/theme\\/default\\/style\\/listview\\.css.*"
      ],
      "local": "listview.css",
      "time": 1524551590881
    },
    {
      "type": "js",
      "remote": [
        "https:\\/\\/7\\.carpoly\\.com\\/ekp\\/sys\\/ui\\/js\\/menu\\.js.*"
      ],
      "local": "menu.js",
      "time": 1524551617099
    },
    {
      "type": "js",
      "remote": [
        "https:\\/\\/7\\.carpoly\\.com\\/ekp\\/sys\\/ui\\/js\\/view\\/render\\.js.*"
      ],
      "local": "render.js",
      "time": 1524551636987
    },
    {
      "type": "css",
      "remote": [
        "https:\\/\\/7\\.carpoly\\.com\\/ekp\\/ui-ext\\/carpoly_dealer\\/style\\/panel_\\.css.*"
      ],
      "local": "panel_.css",
      "time": 1524551660943
    },
    {
      "type": "js",
      "remote": [
        "https:\\/\\/7\\.carpoly\\.com\\/ekp\\/sys\\/ui\\/js\\/criteria\\.js.*"
      ],
      "local": "criteria.js",
      "time": 1524551689775
    },
    {
      "type": "css",
      "remote": [
        "https:\\/\\/7\\.carpoly\\.com\\/ekp\\/ui-ext\\/carpoly_dealer\\/style\\/portal_\\.css.*"
      ],
      "local": "portal_.css",
      "time": 1524551734712
    },
    {
      "type": "js",
      "remote": [
        "https:\\/\\/7\\.carpoly\\.com\\/ekp\\/sys\\/ui\\/js\\/criteria\\/criterion_input_selected\\.js.*"
      ],
      "local": "criterion_input_selected.js",
      "time": 1524551760311
    },
    {
      "type": "js",
      "remote": [
        "https:\\/\\/7\\.carpoly\\.com\\/ekp\\/sys\\/ui\\/js\\/criteria\\/base\\.js.*"
      ],
      "local": "carpolybase.js",
      "time": 1524551864039
    },
    {
      "type": "js",
      "remote": [
        "https:\\/\\/7\\.carpoly\\.com\\/ekp\\/resource\\/js\\/base64\\.js.*"
      ],
      "local": "base64.js",
      "time": 1524551894680
    },
    {
      "type": "js",
      "remote": [
        "https:\\/\\/7\\.carpoly\\.com\\/ekp\\/sys\\/ui\\/js\\/criteria\\/criteria_selected\\.js.*"
      ],
      "local": "criteria_selected.js",
      "time": 1524551914601
    },
    {
      "type": "js",
      "remote": [
        "https:\\/\\/7\\.carpoly\\.com\\/ekp\\/sys\\/zone\\/import\\/js\\/tag\\.js.*"
      ],
      "local": "tag.js",
      "time": 1524551934606
    },
    {
      "type": "js",
      "remote": [
        "https:\\/\\/7\\.carpoly\\.com\\/ekp\\/sys\\/ui\\/js\\/overlay\\.js.*"
      ],
      "local": "overlay.js",
      "time": 1524552058145
    },
    {
      "type": "js",
      "remote": [
        "https:\\/\\/7\\.carpoly\\.com\\/ekp\\/sys\\/ui\\/js\\/toolbar\\.js.*"
      ],
      "local": "uitoolbar.js",
      "time": 1524552111329
    },
    {
      "type": "js",
      "remote": [
        "https:\\/\\/7\\.carpoly\\.com\\/ekp\\/sys\\/portal\\/header\\/menu\\.js.*"
      ],
      "local": "portalmenu.js",
      "time": 1524552195146
    },
    {
      "type": "js",
      "remote": [
        "https:\\/\\/7\\.carpoly\\.com\\/ekp\\/sys\\/ui\\/js\\/criteria\\/criterion\\.js.*"
      ],
      "local": "criterion.js",
      "time": 1524552214770
    },
    {
      "type": "js",
      "remote": [
        "https:\\/\\/7\\.carpoly\\.com\\/ekp\\/sys\\/ui\\/extend\\/panel\\/accordionpanel\\.js.*"
      ],
      "local": "acd.js",
      "time": 1524552270100
    },
    {
      "type": "js",
      "remote": [
        "https:\\/\\/7\\.carpoly\\.com\\/ekp\\/sys\\/ui\\/js\\/listview\\/paging\\.js.*"
      ],
      "local": "paging.js",
      "time": 1524552292148
    },
    {
      "type": "css",
      "remote": [
        "https:\\/\\/7\\.carpoly\\.com\\/ekp\\/sys\\/ui\\/extend\\/theme\\/default\\/style\\/popup\\.css.*"
      ],
      "local": "popup.css",
      "time": 1524552313789
    },
    {
      "type": "js",
      "remote": [
        "https:\\/\\/7\\.carpoly\\.com\\/ekp\\/sys\\/ui\\/js\\/view\\/Template\\.js.*"
      ],
      "local": "Template.js",
      "time": 1524552342293
    },
    {
      "type": "css",
      "remote": [
        "https:\\/\\/7\\.carpoly\\.com\\/ekp\\/sys\\/ui\\/extend\\/theme\\/default\\/style\\/dialog\\.css.*"
      ],
      "local": "dialog.css",
      "time": 1524552408115
    },
    {
      "type": "js",
      "remote": [
        "https:\\/\\/7\\.carpoly\\.com\\/ekp\\/sys\\/ui\\/js\\/util\\/str\\.js.*"
      ],
      "local": "str.js",
      "time": 1524552713115
    },
    {
      "type": "js",
      "remote": [
        "https:\\/\\/7\\.carpoly\\.com\\/ekp\\/sys\\/ui\\/js\\/topic\\.js.*"
      ],
      "local": "topic.js",
      "time": 1524552792087
    },
    {
      "type": "js",
      "remote": [
        "https:\\/\\/7\\.carpoly\\.com\\/ekp\\/sys\\/ui\\/js\\/Evented\\.js.*"
      ],
      "local": "Evented.js",
      "time": 1524552819247
    },
    {
      "type": "js",
      "remote": [
        "https:\\/\\/7\\.carpoly\\.com\\/ekp\\/sys\\/ui\\/extend\\/template\\/module\\/list\\.js.*"
      ],
      "local": "list.js",
      "time": 1524552852577
    },
    {
      "type": "js",
      "remote": [
        "https:\\/\\/7\\.carpoly\\.com\\/ekp\\/sys\\/ui\\/js\\/util\\/env\\.js.*"
      ],
      "local": "env.js",
      "time": 1524552875628
    },
    {
      "type": "js",
      "remote": [
        "https:\\/\\/7\\.carpoly\\.com\\/ekp\\/sys\\/ui\\/js\\/util\\/loader\\.js.*"
      ],
      "local": "loader.js",
      "time": 1524552900871
    },
    {
      "type": "js",
      "remote": [
        "https:\\/\\/7\\.carpoly\\.com\\/ekp\\/sys\\/ui\\/js\\/listview\\/columntable\\.js.*"
      ],
      "local": "columntable.js",
      "time": 1524552923316
    },
    {
      "type": "js",
      "remote": [
        "https:\\/\\/7\\.carpoly\\.com\\/ekp\\/sys\\/ui\\/js\\/Class\\.js.*"
      ],
      "local": "Class.js",
      "time": 1524552946404
    },
    {
      "type": "css",
      "remote": [
        "https:\\/\\/7\\.carpoly\\.com\\/ekp\\/sys\\/tag\\/resource\\/css\\/tag\\.css.*"
      ],
      "local": "tag.css",
      "time": 1524552975493
    },
    {
      "type": "css",
      "remote": [
        "https:\\/\\/7\\.carpoly\\.com\\/ekp\\/ui-ext\\/carpoly_dealer\\/style\\/dataview_\\.css.*"
      ],
      "local": "dataview_.css",
      "time": 1524552998891
    },
    {
      "type": "js",
      "remote": [
        "https:\\/\\/7\\.carpoly\\.com\\/ekp\\/sys\\/ui\\/js\\/dialog\\/actor\\.js.*"
      ],
      "local": "actor.js",
      "time": 1524553018677
    },
    {
      "type": "js",
      "remote": [
        "https:\\/\\/7\\.carpoly\\.com\\/ekp\\/sys\\/ui\\/js\\/element\\.js.*"
      ],
      "local": "element.js",
      "time": 1524553051047
    },
    {
      "type": "js",
      "remote": [
        "https:\\/\\/7\\.carpoly\\.com\\/ekp\\/resource\\/js\\/plugin-theme\\.js.*"
      ],
      "local": "plugin-theme.js",
      "time": 1524553084154
    },
    {
      "type": "js",
      "remote": [
        "https:\\/\\/7\\.carpoly\\.com\\/ekp\\/sys\\/portal\\/designer\\/js\\/ticketcode\\.js.*"
      ],
      "local": "ticketcode.js",
      "time": 1524553114121
    },
    {
      "type": "js",
      "remote": [
        "https:\\/\\/7\\.carpoly\\.com\\/ekp\\/sys\\/ui\\/js\\/dialog\\/content\\.js.*"
      ],
      "local": "content.js",
      "time": 1524553135225
    },
    {
      "type": "css",
      "remote": [
        "https:\\/\\/7\\.carpoly\\.com\\/ekp\\/sys\\/ui\\/extend\\/theme\\/default\\/style\\/paging\\.css.*"
      ],
      "local": "paging.css",
      "time": 1524553157894
    },
    {
      "type": "js",
      "remote": [
        "https:\\/\\/7\\.carpoly\\.com\\/ekp\\/sys\\/ui\\/js\\/view\\/layout\\.js.*"
      ],
      "local": "layout.js",
      "time": 1524553182110
    },
    {
      "type": "js",
      "remote": [
        "https:\\/\\/7\\.carpoly\\.com\\/ekp\\/sys\\/ui\\/js\\/dialog\\/trigger\\.js.*"
      ],
      "local": "trigger.js",
      "time": 1524553227988
    },
    {
      "type": "js",
      "remote": [
        "https:\\/\\/7\\.carpoly\\.com\\/ekp\\/sys\\/ui\\/js\\/dragdrop\\.js.*"
      ],
      "local": "dragdrop.js",
      "time": 1524553249972
    },
    {
      "type": "js",
      "remote": [
        "https:\\/\\/7\\.carpoly\\.com\\/ekp\\/resource\\/js\\/plugin-lang\\.js.*"
      ],
      "local": "plugin-lang.js",
      "time": 1524553272355
    },
    {
      "type": "js",
      "remote": [
        "https:\\/\\/7\\.carpoly\\.com\\/engine\\/2\\.5\\.3\\/xcloud2json\\/renovate\\/local\\/fonts\\/ratchicons\\.woff"
      ],
      "local": "fontoverride.js",
      "time": 1524553821849
    },
    {
      "type": "js",
      "remote": [
        "https:\\/\\/7\\.carpoly\\.com\\/engine\\/2\\.5\\.3\\/xcloud2json\\/renovate\\/local\\/fonts\\/ratchicons\\.ttf"
      ],
      "local": "fontoverride.js",
      "time": 1524553866033
    },
    {
      "type": "png",
      "remote": [
        "https:\\/\\/7\\.carpoly\\.com\\/ekp\\/sys\\/ui\\/extend\\/theme\\/default\\/images\\/go_top\\.png"
      ],
      "local": "go_top.png",
      "time": 1524554125288
    },
    {
      "type": "png",
      "remote": [
        "https:\\/\\/7\\.carpoly\\.com\\/ekp\\/ui-ext\\/carpoly_dealer\\/images\\/skin\\/icon_02\\.png"
      ],
      "local": "icon_02.png",
      "time": 1524554188763
    },
    {
      "type": "png",
      "remote": [
        "https:\\/\\/7\\.carpoly\\.com\\/ekp\\/ui-ext\\/carpoly_dealer\\/images\\/skin\\/skin_def\\.png"
      ],
      "local": "skin_def.png",
      "time": 1524554341970
    },
    {
      "type": "gif",
      "remote": [
        "https:\\/\\/7\\.carpoly\\.com\\/ekp\\/ui-ext\\/carpoly_dealer\\/images\\/portal\\/toggle1\\.gif"
      ],
      "local": "toggle1.gif",
      "time": 1524554380432
    },
    {
      "type": "png",
      "remote": [
        "https:\\/\\/7\\.carpoly\\.com\\/ekp\\/sys\\/ui\\/extend\\/theme\\/default\\/icon\\/s\\/home\\.png"
      ],
      "local": "home.png",
      "time": 1524554432138
    },
    {
      "type": "png",
      "remote": [
        "https:\\/\\/7\\.carpoly\\.com\\/ekp\\/sys\\/ui\\/extend\\/theme\\/default\\/icon\\/s\\/filter\\.png"
      ],
      "local": "filter.png",
      "time": 1524554460041
    },
    {
      "type": "png",
      "remote": [
        "https:\\/\\/7\\.carpoly\\.com\\/ekp\\/sys\\/ui\\/extend\\/theme\\/default\\/images\\/portal\\/nav_arrow_blue_left\\.png"
      ],
      "local": "nav_arrow_blue_left.png",
      "time": 1524554667268
    },
    {
      "type": "png",
      "remote": [
        "https:\\/\\/7\\.carpoly\\.com\\/ekp\\/sys\\/ui\\/extend\\/theme\\/default\\/images\\/portal\\/line\\.png"
      ],
      "local": "line.png",
      "time": 1524554746923
    },
    {
      "type": "png",
      "remote": [
        "https:\\/\\/7\\.carpoly\\.com\\/ekp\\/sys\\/ui\\/extend\\/theme\\/default\\/images\\/portal\\/nav_arrow_blue_right\\.png"
      ],
      "local": "nav_arrow_blue_right.png",
      "time": 1524554777003
    },
    {
      "type": "png",
      "remote": [
        "https:\\/\\/7\\.carpoly\\.com\\/ekp\\/sys\\/ui\\/extend\\/theme\\/default\\/images\\/criteria\\/multi-option\\.png"
      ],
      "local": "multi-option.png",
      "time": 1524554801145
    },
    {
      "type": "png",
      "remote": [
        "https:\\/\\/7\\.carpoly\\.com\\/ekp\\/sys\\/ui\\/extend\\/theme\\/default\\/images\\/criteria\\/search_cancel\\.png"
      ],
      "local": "search_cancel.png",
      "time": 1524554825178
    },
    {
      "type": "png",
      "remote": [
        "https:\\/\\/7\\.carpoly\\.com\\/ekp\\/sys\\/ui\\/extend\\/theme\\/default\\/images\\/criteria\\/search_btn\\.png"
      ],
      "local": "search_btn.png",
      "time": 1524554857971
    },
    {
      "type": "js",
      "remote": [
        "https:\\/\\/7\\.carpoly\\.com\\/ekp\\/resource\\/js\\/docutil\\.js.*"
      ],
      "local": "docutil.js",
      "time": 1524558405142
    },
    {
      "type": "js",
      "remote": [
        "https:\\/\\/7\\.carpoly\\.com\\/ekp\\/resource\\/js\\/validation\\.js.*"
      ],
      "local": "validation.js",
      "time": 1524558426622
    },
    {
      "type": "js",
      "remote": [
        "https:\\/\\/7\\.carpoly\\.com\\/ekp\\/resource\\/js\\/plugin\\.js.*"
      ],
      "local": "plugin.js",
      "time": 1524558451737
    },
    {
      "type": "js",
      "remote": [
        "https:\\/\\/7\\.carpoly\\.com\\/ekp\\/resource\\/js\\/eventbus\\.js.*"
      ],
      "local": "eventbus.js",
      "time": 1524558472180
    },
    {
      "type": "js",
      "remote": [
        "https:\\/\\/7\\.carpoly\\.com\\/ekp\\/resource\\/js\\/xform\\.js.*"
      ],
      "local": "xform.js",
      "time": 1524558495006
    },
    {
      "type": "css",
      "remote": [
        "https:\\/\\/7\\.carpoly\\.com\\/ekp\\/sys\\/ui\\/extend\\/theme\\/default\\/style\\/form\\.css.*"
      ],
      "local": "form.css",
      "time": 1524558527916
    },
    {
      "type": "css",
      "remote": [
        "https:\\/\\/7\\.carpoly\\.com\\/ekp\\/sys\\/lbpmservice\\/resource\\/jNotify\\.jquery\\.css.*"
      ],
      "local": "jNotify.jquery.css",
      "time": 1524558551396
    },
    {
      "type": "js",
      "remote": [
        "https:\\/\\/7\\.carpoly\\.com\\/ekp\\/sys\\/lbpmservice\\/resource\\/jNotify\\.jquery\\.js.*"
      ],
      "local": "jNotify.jquery.js",
      "time": 1524558583151
    },
    {
      "type": "js",
      "remote": [
        "https:\\/\\/7\\.carpoly\\.com\\/ekp\\/sys\\/lbpm\\/flowchart\\/js\\/workflow\\.js.*"
      ],
      "local": "workflow.js",
      "time": 1524558607737
    },
    {
      "type": "js",
      "remote": [
        "https:\\/\\/7\\.carpoly\\.com\\/ekp\\/sys\\/lbpmservice\\/include\\/syslbpmprocess\\.js.*"
      ],
      "local": "syslbpmprocess.js",
      "time": 1524558627549
    },
    {
      "type": "js",
      "remote": [
        "https:\\/\\/7\\.carpoly\\.com\\/ekp\\/sys\\/lbpmservice\\/resource\\/address_builder\\.js.*"
      ],
      "local": "address_builder.js",
      "time": 1524558646886
    },
    {
      "type": "css",
      "remote": [
        "https:\\/\\/7\\.carpoly\\.com\\/ekp\\/sys\\/lbpmservice\\/resource\\/review\\.css.*"
      ],
      "local": "review.css",
      "time": 1524558667978
    },
    {
      "type": "js",
      "remote": [
        "https:\\/\\/7\\.carpoly\\.com\\/ekp\\/cm\\/js\\/CmCommon\\.js"
      ],
      "local": "CmCommon.js",
      "time": 1524558686444
    },
    {
      "type": "js",
      "remote": [
        "https:\\/\\/7\\.carpoly\\.com\\/ekp\\/cm\\/js\\/PageControlService\\.js"
      ],
      "local": "PageControlService.js",
      "time": 1524558714592
    },
    {
      "type": "js",
      "remote": [
        "https:\\/\\/7\\.carpoly\\.com\\/ekp\\/resource\\/js\\/calendar\\.js.*"
      ],
      "local": "calendar.js",
      "time": 1524558741300
    },
    {
      "type": "js",
      "remote": [
        "https:\\/\\/7\\.carpoly\\.com\\/ekp\\/sys\\/ui\\/js\\/base\\.js.*"
      ],
      "local": "uibase.js",
      "time": 1524558786350
    },
    {
      "type": "js",
      "remote": [
        "https:\\/\\/7\\.carpoly\\.com\\/ekp\\/resource\\/js\\/data\\.js.*"
      ],
      "local": "data.js",
      "time": 1524558819538
    },
    {
      "type": "js",
      "remote": [
        "https:\\/\\/7\\.carpoly\\.com\\/ekp\\/resource\\/js\\/jquery-ui\\/jquery\\.ui-zh-CN\\.js.*"
      ],
      "local": "jquery.ui-zh-CN.js",
      "time": 1524558841281
    },
    {
      "type": "js",
      "remote": [
        "https:\\/\\/7\\.carpoly\\.com\\/ekp\\/resource\\/js\\/xml\\.js.*"
      ],
      "local": "xml.js",
      "time": 1524558868414
    },
    {
      "type": "png",
      "remote": [
        "https:\\/\\/7\\.carpoly\\.com\\/ekp\\/sys\\/ui\\/extend\\/theme\\/default\\/images\\/form\\/datetime\\.png"
      ],
      "local": "datetime.png",
      "time": 1524558953383
    },
    {
      "type": "js",
      "remote": [
        "https:\\/\\/7\\.carpoly\\.com\\/ekp\\/resource\\/js\\/json2\\.js.*"
      ],
      "local": "json2.js",
      "time": 1524559001933
    },
    {
      "type": "js",
      "remote": [
        "https:\\/\\/7\\.carpoly\\.com\\/ekp\\/resource\\/js\\/optbar\\.js.*"
      ],
      "local": "optbar.js",
      "time": 1524559028221
    },
    {
      "type": "css",
      "remote": [
        "https:\\/\\/7\\.carpoly\\.com\\/ekp\\/resource\\/style\\/default\\/optbar\\/optbar\\.css.*"
      ],
      "local": "optbar.css",
      "time": 1524559051419
    },
    {
      "type": "js",
      "remote": [
        "https:\\/\\/7\\.carpoly\\.com\\/ekp\\/sys\\/lbpmservice\\/node\\/manualbranchnode\\/node_desc\\.js.*"
      ],
      "local": "node_desc.js",
      "time": 1524559081265
    },
    {
      "type": "js",
      "remote": [
        "https:\\/\\/7\\.carpoly\\.com\\/ekp\\/resource\\/js\\/formula\\.js.*"
      ],
      "local": "formula.js",
      "time": 1524559105994
    },
    {
      "type": "js",
      "remote": [
        "https:\\/\\/7\\.carpoly\\.com\\/ekp\\/sys\\/lbpmservice\\/include\\/syslbpmprocess_event\\.js.*"
      ],
      "local": "syslbpmprocess_event.js",
      "time": 1524559147523
    },
    {
      "type": "js",
      "remote": [
        "https:\\/\\/7\\.carpoly\\.com\\/ekp\\/sys\\/lbpmservice\\/include\\/syslbpmprocess_submit\\.js.*"
      ],
      "local": "syslbpmprocess_submit.js",
      "time": 1524559167014
    },
    {
      "type": "js",
      "remote": [
        "https:\\/\\/7\\.carpoly\\.com\\/ekp\\/sys\\/lbpmservice\\/include\\/syslbpmprocess_nodes_filter\\.js.*"
      ],
      "local": "syslbpmprocess_nodes_filter.js",
      "time": 1524559186728
    },
    {
      "type": "js",
      "remote": [
        "https:\\/\\/7\\.carpoly\\.com\\/ekp\\/sys\\/lbpmservice\\/include\\/syslbpmbuildnextnodehandler\\.js.*"
      ],
      "local": "syslbpmbuildnextnodehandler.js",
      "time": 1524559207267
    },
    {
      "type": "gif",
      "remote": [
        "https:\\/\\/7\\.carpoly\\.com\\/ekp\\/resource\\/style\\/common\\/images\\/loading\\.gif"
      ],
      "local": "loading.gif",
      "time": 1524559236147
    },
    {
      "type": "js",
      "remote": [
        "https:\\/\\/7\\.carpoly\\.com\\/ekp\\/resource\\/js\\/treeview\\.js.*"
      ],
      "local": "treeview.js",
      "time": 1524559273838
    },
    {
      "type": "js",
      "remote": [
        "https:\\/\\/7\\.carpoly\\.com\\/ekp\\/resource\\/js\\/rightmenu\\.js.*"
      ],
      "local": "rightmenu.js",
      "time": 1524559309203
    },
    {
      "type": "js",
      "remote": [
        "https:\\/\\/7\\.carpoly\\.com\\/ekp\\/resource\\/js\\/popwin\\.js.*"
      ],
      "local": "popwin.js",
      "time": 1524559330592
    },
    {
      "type": "js",
      "remote": [
        "https:\\/\\/7\\.carpoly\\.com\\/ekp\\/sys\\/lbpmservice\\/node\\/node_common_review\\.js.*"
      ],
      "local": "node_common_review.js",
      "time": 1524559361452
    },
    {
      "type": "js",
      "remote": [
        "https:\\/\\/7\\.carpoly\\.com\\/ekp\\/sys\\/lbpmservice\\/workitem\\/workitem_common_modifyflow\\.js.*"
      ],
      "local": "workitem_common_modifyflow.js",
      "time": 1524559381893
    },
    {
      "type": "js",
      "remote": [
        "https:\\/\\/7\\.carpoly\\.com\\/ekp\\/sys\\/lbpmservice\\/workitem\\/workitem_common\\.js.*"
      ],
      "local": "workitem_common.js",
      "time": 1524559406513
    },
    {
      "type": "js",
      "remote": [
        "https:\\/\\/7\\.carpoly\\.com\\/ekp\\/sys\\/lbpmservice\\/workitem\\/workitem_common_loadworkitemparam\\.js.*"
      ],
      "local": "workitem_common_loadworkitemparam.js",
      "time": 1524559426816
    },
    {
      "type": "js",
      "remote": [
        "https:\\/\\/7\\.carpoly\\.com\\/ekp\\/sys\\/lbpmservice\\/workitem\\/workitem_common_usage\\.js.*"
      ],
      "local": "workitem_common_usage.js",
      "time": 1524559451037
    },
    {
      "type": "js",
      "remote": [
        "https:\\/\\/7\\.carpoly\\.com\\/ekp\\/sys\\/lbpmservice\\/workitem\\/workitem_common_generatenextroute\\.js.*"
      ],
      "local": "workitem_common_generatenextroute.js",
      "time": 1524559483474
    },
    {
      "type": "js",
      "remote": [
        "https:\\/\\/7\\.carpoly\\.com\\/ekp\\/sys\\/lbpmservice\\/operation\\/operation_common_passtype\\.js.*"
      ],
      "local": "operation_common_passtype.js",
      "time": 1524559513225
    },
    {
      "type": "js",
      "remote": [
        "https:\\/\\/7\\.carpoly\\.com\\/ekp\\/resource\\/js\\/doclist\\.js.*"
      ],
      "local": "doclist.js",
      "time": 1524559535309
    },
    {
      "type": "js",
      "remote": [
        "https:\\/\\/7\\.carpoly\\.com\\/ekp\\/resource\\/js\\/doclistdnd\\.js.*"
      ],
      "local": "doclistdnd.js",
      "time": 1524559557648
    },
    {
      "type": "gif",
      "remote": [
        "https:\\/\\/7\\.carpoly\\.com\\/ekp\\/resource\\/style\\/default\\/doc\\/graylabbg1\\.gif"
      ],
      "local": "graylabbg1.gif",
      "time": 1524559639670
    },
    {
      "type": "gif",
      "remote": [
        "https:\\/\\/7\\.carpoly\\.com\\/ekp\\/resource\\/style\\/default\\/doc\\/graylabbg3\\.gif"
      ],
      "local": "graylabbg3.gif",
      "time": 1524559665510
    },
    {
      "type": "gif",
      "remote": [
        "https:\\/\\/7\\.carpoly\\.com\\/ekp\\/resource\\/style\\/default\\/doc\\/curlabbg1\\.gif"
      ],
      "local": "curlabbg1.gif",
      "time": 1524559692359
    },
    {
      "type": "gif",
      "remote": [
        "https:\\/\\/7\\.carpoly\\.com\\/ekp\\/resource\\/style\\/default\\/doc\\/curlabbg3\\.gif"
      ],
      "local": "curlabbg3.gif",
      "time": 1524559716181
    }
  ]
}