{
  "version": "0.1",
  "id": "jtgxSPL",
  "targetURL": "http://218.203.103.203:8082/ngmarket/custmgt/qryHandler.action?operatorInfoVO.region=951&operatorInfoVO.businessid=grpInfoLevelApprove&date=Fri%20Oct%2012%202018%2014:45:53%20GMT+0800%20(%26%23228%3B%26%23184%3B-%26%23229%3B%26%23155%3B%26%23189%3B%26%23230%3B%26%23160%3B%26%23135%3B%26%23229%3B%26%23135%3B%26%23134%3B%26%23230%3B%26%23151%3B%26%23182%3B%A8%A6%26%23151%3B%A1%E4)&ngcrm_reserved1=1",
  "jsFile": "index.js",
  "chineseName": "集团关系审批人",
  "description": "",
  "controls": {
    "control441_AqxGD7": {
      "location": {
        "data": {
          "tagName": "TD"
        },
        "locators": [
          {
            "id": "@id/word",
            "prob": 2,
            "value": "descendant::FORM[@id=\"operatorForm\"]/TABLE[1]/TBODY[1]/TR[1]/TD[1]"
          },
          {
            "id": "@class/word",
            "prob": 1,
            "ordinal": [
              0,
              2
            ],
            "value": "BODY.ballistic_bg TABLE.basicinfo_bg TD.title_boldtext"
          },
          {
            "id": "path/ordinal",
            "prob": 1,
            "value": "/HTML[1]/BODY[1]/FORM[1]/TABLE[1]/TBODY[1]/TR[1]/TD[1]"
          },
          {
            "id": "elderLevel",
            "value": {
              "level": 0
            }
          }
        ]
      },
      "events": {
        "onGetData": "getData_control441_AqxGD7"
      },
      "intendedRole": "custom",
      "roles": "element,custom",
      "monitored": false,
      "frameXPath": "",
      "componentType": "custom"
    },
    "control442_bgW7K6": {
      "location": {
        "data": {
          "tagName": "FORM"
        },
        "locators": [
          {
            "id": "@id/word",
            "prob": 3,
            "value": "descendant::FORM[@id=\"operatorForm\"]"
          },
          {
            "id": "@class/word",
            "prob": 1,
            "value": "BODY.ballistic_bg FORM"
          },
          {
            "id": "path/ordinal",
            "prob": 1,
            "value": "/HTML[1]/BODY[1]/FORM[1]"
          }
        ]
      },
      "events": {
        "onGetData": "getData_control442_bgW7K6"
      },
      "intendedRole": "custom",
      "roles": "element,custom",
      "monitored": false,
      "frameXPath": "",
      "componentType": "custom"
    }
  },
  "contexts": {
    "context53_7DdWHx": {
      "controls": [
        "control441_AqxGD7",
        "control442_bgW7K6"
      ],
      "anchors": [],
      "urlAnchor": []
    }
  },
  "flows": {
    "flow286_oMEbRQ": {
      "toContexts": [
        {
          "toContextId": "context53_7DdWHx"
        }
      ]
    },
    "flow287_m3UIl4": {
      "fromContextId": "context53_7DdWHx",
      "fromAction": "doAction",
      "fromControlId": "control441_AqxGD7",
      "toContexts": [
        {
          "toContextId": "context53_7DdWHx"
        }
      ]
    },
    "flow288_KEOpVi": {
      "fromContextId": "context53_7DdWHx",
      "fromAction": "doAction",
      "fromControlId": "control442_bgW7K6",
      "toContexts": [
        {
          "toContextId": "context53_7DdWHx"
        }
      ]
    }
  },
  "pages": {
    "page53_CwIiZK": {
      "contextId": "context53_7DdWHx",
      "layout": [
        {
          "id": "uiControl468_aTmhDX",
          "controlId": "control441_AqxGD7",
          "display": {
            "adapterId": "custom",
            "type": "custom",
            "adapter": {
              "templateType": "react",
              "events": {
                "onDoAction": "doAction_uiControl468_aTmhDX",
                "onGetTemplate": "getTemplate_uiControl468_aTmhDX"
              }
            }
          }
        },
        {
          "id": "uiControl470_nJXJZE",
          "display": {
            "type": "card",
            "adapterId": "card",
            "adapter": {
              "templateType": ""
            }
          },
          "layout": [
            {
              "id": "uiControl470_nJXJZEheader",
              "display": {
                "type": "cardHeader",
                "text": "",
                "adapterId": "cardHeader",
                "adapter": {
                  "templateType": ""
                }
              },
              "layout": []
            },
            {
              "id": "uiControl470_nJXJZEbody",
              "display": {
                "type": "cardBody",
                "adapterId": "cardBody",
                "adapter": {
                  "templateType": ""
                }
              },
              "layout": [
                {
                  "id": "uiControl469_BfxNX7",
                  "controlId": "control442_bgW7K6",
                  "display": {
                    "adapterId": "custom",
                    "type": "custom",
                    "adapter": {
                      "templateType": "react",
                      "events": {
                        "onDoAction": "doAction_uiControl469_BfxNX7",
                        "onGetTemplate": "getTemplate_uiControl469_BfxNX7"
                      }
                    }
                  }
                }
              ]
            },
            {
              "id": "uiControl470_nJXJZEfooter",
              "display": {
                "type": "cardFooter",
                "adapterId": "cardFooter",
                "adapter": {
                  "templateType": ""
                }
              },
              "layout": []
            }
          ]
        }
      ]
    }
  },
  "matchers": {
    "page/title": {
      "contexts": {
        "context53_7DdWHx": [
          "查询审批人"
        ]
      }
    },
    "page/urls": {
      "contexts": {
        "context53_7DdWHx": [
          "218.203.103.203:8082/ngmarket/custmgt/qryHandler.action?operatorInfoVO.region=951&operatorInfoVO.businessid=grpInfoLevelApprove&date=Fri%20Oct%2012%202018%2014:45:53%20GMT+0800%20(%26%23228%3B%26%23184%3B-%26%23229%3B%26%23155%3B%26%23189%3B%26%23230%3B%26%23160%3B%26%23135%3B%26%23229%3B%26%23135%3B%26%23134%3B%26%23230%3B%26%23151%3B%26%23182%3B%A8%A6%26%23151%3B%A1%E4)&ngcrm_reserved1=1",
          "218.203.103.203:8082/ngmarket/custmgt/qryHandler.action?operatorInfoVO.region=951&operatorInfoVO.businessid=grpInfoLevelApprove&date=Fri%20Oct%2012%202018%2014:47:39%20GMT+0800%20(%26%23228%3B%26%23184%3B-%26%23229%3B%26%23155%3B%26%23189%3B%26%23230%3B%26%23160%3B%26%23135%3B%26%23229%3B%26%23135%3B%26%23134%3B%26%23230%3B%26%23151%3B%26%23182%3B%A8%A6%26%23151%3B%A1%E4)&ngcrm_reserved1=1"
        ]
      }
    },
    "page/ids": {
      "contexts": {
        "context53_7DdWHx": [
          [
            "Util_js",
            "columnDiv",
            "columnIcon",
            "currentoper",
            "metaweb_arch_css",
            "metaweb_css",
            "mw_",
            "mwajax_js",
            "mwutils_js",
            "operIdStr",
            "operNameStr",
            "operatorForm",
            "queryResultTable",
            "queryResultTablediv",
            "table_operations_js"
          ]
        ]
      }
    },
    "page/classes": {
      "contexts": {
        "context53_7DdWHx": [
          [
            "basic_arrow",
            "basicinfo_bg",
            "button_px",
            "list_title",
            "list_tr_bgcolor",
            "list_tr_bgcolor,list_tr_bgcolor",
            "mw_div",
            "mw_field_button",
            "mw_field_text",
            "mw_label",
            "mw_radiobutton",
            "mw_table",
            "table_list",
            "table_listoutline",
            "tint_td_text",
            "title_boldtext"
          ]
        ]
      }
    },
    "page/tagTriplets": {
      "contexts": {
        "context53_7DdWHx": [
          [
            "-/-/DIV",
            "-/-/FORM",
            "-/-/SCRIPT",
            "-/DIV/IFRAME",
            "-/FORM/DIV",
            "-/FORM/INPUT-hidden",
            "-/FORM/LINK",
            "-/FORM/TABLE",
            "DIV/DIV/TABLE",
            "DIV/TABLE/TBODY",
            "DIV/TABLE/TFOOT",
            "DIV/TABLE/THEAD",
            "FORM/DIV/DIV",
            "FORM/DIV/SCRIPT",
            "FORM/DIV/TABLE",
            "FORM/TABLE/TBODY",
            "TABLE/TBODY/TR",
            "TABLE/TFOOT/TR",
            "TABLE/THEAD/TR",
            "TBODY/TR/TD",
            "TD/SPAN/IMG",
            "TD/SPAN/INPUT-text",
            "TFOOT/TR/TD",
            "THEAD/TR/TD",
            "TR/TD/IMG",
            "TR/TD/INPUT-button",
            "TR/TD/INPUT-radio",
            "TR/TD/INPUT-text",
            "TR/TD/LABEL",
            "TR/TD/SCRIPT",
            "TR/TD/SPAN"
          ]
        ]
      }
    }
  }
}