{
  "version": "0.1",
  "id": "lks_Message",
  "targetURL": "http://oa.sec.com.cn/lks/sys/lks_usercenter.nsf/FM_SmsReviewOnPc?openform",
  "jsFile": "index.js",
  "chineseName": "短信验证",
  "description": "",
  "controls": {
    "control8_AkC1hA": {
      "location": {
        "data": {
          "tagName": "TD"
        },
        "userData": {
          "data": [],
          "force": false
        },
        "locators": [
          {
            "id": "@id/word",
            "prob": 2,
            "value": [
              "descendant::TABLE[@id=\"PersonTab\"]/TBODY[1]/TR[1]/TD[1]",
              "descendant::TABLE[@id=\"PersonTab\"]//TD"
            ]
          },
          {
            "id": "@class/word",
            "prob": 1,
            "ordinal": [
              0,
              8
            ],
            "value": "TABLE.tbdoc TBODY TR TD"
          },
          {
            "id": "path/ordinal",
            "prob": 1,
            "value": "/HTML[1]/BODY[1]/FORM[1]/TABLE[2]/TBODY[1]/TR[1]/TD[1]"
          }
        ]
      },
      "events": {
        "onGetData": "getData_control8_AkC1hA"
      },
      "intendedRole": "custom",
      "roles": "element,custom",
      "monitored": true,
      "frameXPath": "",
      "componentType": "custom"
    },
    "control9_mfoX9D": {
      "location": {
        "data": {
          "tagName": "TD"
        },
        "userData": {
          "data": [],
          "force": false
        },
        "locators": [
          {
            "id": "@id/word",
            "prob": 2,
            "value": [
              "descendant::TABLE[@id=\"PersonTab\"]/TBODY[1]/TR[1]/TD[1]",
              "descendant::TABLE[@id=\"PersonTab\"]//TD"
            ]
          },
          {
            "id": "@class/word",
            "prob": 1,
            "ordinal": [
              0,
              8
            ],
            "value": "TABLE.tbdoc TBODY TR TD"
          },
          {
            "id": "path/ordinal",
            "prob": 1,
            "value": "/HTML[1]/BODY[1]/FORM[1]/TABLE[2]/TBODY[1]/TR[1]/TD[1]"
          }
        ]
      },
      "intendedRole": "fragment",
      "roles": "element,fragment",
      "monitored": true,
      "frameXPath": "",
      "componentType": "fragment"
    },
    "control11_n9fGLR": {
      "location": {
        "data": {
          "tagName": "INPUT"
        },
        "userData": {
          "data": [],
          "force": false
        },
        "locators": [
          {
            "id": "input/button/@value",
            "prob": 3,
            "value": {
              "text": [
                "提交"
              ]
            }
          },
          {
            "id": "@id/word",
            "prob": 2,
            "value": [
              "descendant::TABLE[@id=\"PersonTab\"]/TBODY[1]/TR[5]/TD[1]/DIV[1]/INPUT[1]",
              "descendant::TABLE[@id=\"PersonTab\"]//INPUT"
            ]
          },
          {
            "id": "@class/word",
            "prob": 1,
            "ordinal": [
              1,
              3
            ],
            "value": "TABLE.tbdoc INPUT.btndoc"
          },
          {
            "id": "path/ordinal",
            "prob": 1,
            "value": "/HTML[1]/BODY[1]/FORM[1]/TABLE[2]/TBODY[1]/TR[5]/TD[1]/DIV[1]/INPUT[1]"
          },
          {
            "id": "input/type",
            "verifyEnabled": true,
            "value": "button"
          }
        ]
      },
      "events": {
        "onGetData": "getData_control11_n9fGLR"
      },
      "intendedRole": "custom",
      "roles": "element,button,custom",
      "monitored": true,
      "frameXPath": "",
      "componentType": "custom"
    },
    "control124_PmwuEp": {
      "location": {
        "data": {
          "tagName": "TABLE"
        },
        "userData": {
          "data": [],
          "force": false
        },
        "locators": [
          {
            "id": "@id/word",
            "prob": 3,
            "value": "descendant::TABLE[@id=\"PersonTab\"]"
          },
          {
            "id": "@class/word",
            "prob": 1,
            "value": "TABLE.tbdoc"
          },
          {
            "id": "path/ordinal",
            "prob": 1,
            "value": "/HTML[1]/BODY[1]/FORM[1]/TABLE[2]"
          }
        ]
      },
      "events": {
        "onGetData": "getData_control124_PmwuEp"
      },
      "intendedRole": "custom",
      "roles": "element,custom",
      "monitored": true,
      "frameXPath": "",
      "componentType": "custom"
    }
  },
  "contexts": {
    "context6_rtAaL8": {
      "controls": [
        "control8_AkC1hA",
        "control9_mfoX9D",
        "control11_n9fGLR",
        "control124_PmwuEp"
      ],
      "anchors": [],
      "urlAnchor": []
    }
  },
  "flows": {
    "flow9_gO7CsB": {
      "toContexts": [
        {
          "toContextId": "context6_rtAaL8"
        }
      ]
    },
    "flow11_c0D2ld": {
      "fromContextId": "context6_rtAaL8",
      "fromAction": "click",
      "fromControlId": "control9_mfoX9D",
      "toContexts": [
        {
          "toContextId": "context6_rtAaL8"
        }
      ]
    },
    "flow13_GT2MaB": {
      "fromContextId": "context6_rtAaL8",
      "fromAction": "doAction",
      "fromControlId": "control11_n9fGLR",
      "toContexts": [
        {
          "toContextId": "context6_rtAaL8"
        }
      ]
    },
    "flow83_tuaJlz": {
      "fromContextId": "context6_rtAaL8",
      "fromAction": "doAction",
      "fromControlId": "control124_PmwuEp",
      "toContexts": [
        {
          "toContextId": "context6_rtAaL8"
        }
      ]
    }
  },
  "pages": {
    "page6_Aovnxy": {
      "contextId": "context6_rtAaL8",
      "layout": [
        {
          "id": "uiControl8_0w1q71",
          "controlId": "control8_AkC1hA",
          "display": {
            "adapterId": "custom",
            "type": "custom",
            "adapter": {
              "templateType": "react",
              "events": {
                "onDoAction": "doAction_uiControl8_0w1q71",
                "onGetTemplate": "getTemplate_uiControl8_0w1q71"
              }
            }
          }
        },
        {
          "id": "uiControl9_sTncCW",
          "controlId": "control9_mfoX9D",
          "display": {
            "adapterId": "fragment",
            "type": "fragment",
            "class": "ui_Message_Introduce",
            "adapter": {
              "templateType": ""
            }
          }
        },
        {
          "id": "uiControl135_TNBSRi",
          "controlId": "control124_PmwuEp",
          "display": {
            "adapterId": "custom",
            "type": "custom",
            "adapter": {
              "templateType": "react",
              "events": {
                "onDoAction": "doAction_uiControl135_TNBSRi",
                "onGetTemplate": "getTemplate_uiControl135_TNBSRi"
              }
            }
          }
        },
        {
          "id": "uiControl138_gUmBtc",
          "display": {
            "type": "sticky",
            "adapterId": "sticky",
            "class": "ui-footer-button",
            "adapter": {
              "templateType": ""
            }
          },
          "layout": [
            {
              "id": "uiControl138_gUmBtcbody",
              "display": {
                "type": "stickyBody",
                "adapterId": "stickyBody",
                "adapter": {
                  "templateType": ""
                }
              },
              "layout": [
                {
                  "id": "uiControl11_D5PDrb",
                  "controlId": "control11_n9fGLR",
                  "display": {
                    "adapterId": "custom",
                    "type": "custom",
                    "adapter": {
                      "templateType": "react",
                      "events": {
                        "onDoAction": "doAction_uiControl11_D5PDrb",
                        "onGetTemplate": "getTemplate_uiControl11_D5PDrb"
                      }
                    }
                  }
                }
              ]
            }
          ]
        }
      ]
    }
  },
  "matchers": {
    "page/title": {
      "contexts": {
        "context6_rtAaL8": [
          "深圳能源集团OA系统_通过短信审批流程"
        ]
      }
    },
    "page/urls": {
      "contexts": {
        "context6_rtAaL8": [
          "oa.sec.com.cn/lks/sys/lks_usercenter.nsf/FM_SmsReviewOnPc?openform",
          "oa.sec.com.cn/lks/sys/lks_usercenter.nsf/FM_SmsReviewOnPcnew?openform"
        ]
      }
    },
    "page/ids": {
      "contexts": {
        "context6_rtAaL8": [
          [
            "PersonTab"
          ],
          [
            "Btn_Sendsms",
            "PersonTab",
            "SmsStatus"
          ]
        ]
      }
    },
    "page/classes": {
      "contexts": {
        "context6_rtAaL8": [
          [
            "TextDocDown",
            "btndoc",
            "tbdoc",
            "textdocnone"
          ]
        ]
      }
    },
    "page/tagTriplets": {
      "contexts": {
        "context6_rtAaL8": [
          [
            "-/-/FORM",
            "-/-/SCRIPT",
            "-/FORM/INPUT-hidden",
            "-/FORM/TABLE",
            "FORM/TABLE/TBODY",
            "P/FONT/INPUT-null",
            "TABLE/TBODY/TR",
            "TBODY/TR/TD",
            "TD/DIV/B",
            "TD/DIV/INPUT-button",
            "TD/FONT/INPUT-null",
            "TD/P/BR",
            "TD/P/FONT",
            "TD/P/INPUT-null",
            "TR/TD/B",
            "TR/TD/BR",
            "TR/TD/DIV",
            "TR/TD/FONT",
            "TR/TD/INPUT-button",
            "TR/TD/INPUT-null",
            "TR/TD/P",
            "TR/TD/SCRIPT"
          ],
          [
            "-/-/FORM",
            "-/-/SCRIPT",
            "-/FORM/INPUT-hidden",
            "-/FORM/TABLE",
            "FORM/TABLE/TBODY",
            "P/FONT/INPUT-null",
            "TABLE/TBODY/TR",
            "TBODY/TR/TD",
            "TD/DIV/B",
            "TD/DIV/INPUT-button",
            "TD/FONT/INPUT-null",
            "TD/P/BR",
            "TD/P/FONT",
            "TD/P/INPUT-button",
            "TD/P/INPUT-null",
            "TR/TD/B",
            "TR/TD/BR",
            "TR/TD/DIV",
            "TR/TD/FONT",
            "TR/TD/INPUT-null",
            "TR/TD/P",
            "TR/TD/SCRIPT",
            "TR/TD/SPAN"
          ]
        ]
      }
    }
  }
}