{"version":"0.1","id":"errorMsg","targetURL":"https://7.carpoly.com/ekp/cm/sale/cm_sale_order_materiel/cmSaleOrderMateriel.do?method=save&s_css=default&s_seq=1","jsFile":"index.js","chineseName":"errorMsg","description":"","controls":{"control3_lP9UVc":{"location":{"data":{"tagName":"DIV"},"userData":{"data":[],"force":false},"locators":[{"id":"@class/word","prob":1,"value":"SPAN.prompt_title SPAN.prompt_message DIV.errortitle"},{"id":"path/ordinal","prob":1,"value":"/HTML[1]/BODY[1]/DIV[1]/DIV[2]/DIV[1]/DIV[1]/DIV[1]/DIV[1]/DIV[2]/DIV[1]/SPAN[1]/SPAN[1]/DIV[1]"},{"id":"style/color","value":[62,158,206]},{"id":"elderLevel","value":{"level":0}}]},"events":{"onGetData":"getData_control3_lP9UVc"},"intendedRole":"custom","roles":"element,custom","monitored":true,"frameXPath":""},"control36_FOEpeR":{"location":{"data":{"tagName":"SPAN"},"userData":{"data":[],"force":false},"locators":[{"id":"text","prob":3,"value":{"text":["您的请求已提交，系统返回如下信息： 操作失败！"],"visText":["您的请求已提交，系统返回如下信息： 操作失败！"]}},{"id":"@class/word","prob":1,"value":"DIV.prompt_content_right DIV.prompt_content_inside.clearfloat SPAN.prompt_title"},{"id":"path/ordinal","prob":1,"value":"/HTML[1]/BODY[1]/DIV[1]/DIV[2]/DIV[1]/DIV[1]/DIV[1]/DIV[1]/DIV[2]/DIV[1]/SPAN[1]"}]},"roles":"element","content":true,"monitored":true,"frameXPath":""}},"contexts":{"context5_0IcqTN":{"controls":["control3_lP9UVc","control36_FOEpeR"],"anchors":[],"urlAnchor":[]}},"flows":{"flow5_GPK3cM":{"toContexts":[{"toContextId":"context5_0IcqTN"}]}},"pages":{"page5_J8zmUp":{"contextId":"context5_0IcqTN","layout":[{"id":"uiControl3_tF5hMd","controlId":"control3_lP9UVc","display":{"adapterId":"custom","type":"custom","adapter":{"templateType":"react","events":{"onDoAction":"doAction_uiControl3_tF5hMd","onGetTemplate":"getTemplate_uiControl3_tF5hMd"}}}},{"id":"uiControl15_9P6B1R","controlId":"control36_FOEpeR","display":{"adapterId":"content","type":"content","class":"text-center","adapter":{"templateType":""}}}]}},"matchers":{"page/title":{"contexts":{"context5_0IcqTN":["系统提示"]}},"page/urls":{"contexts":{"context5_0IcqTN":["7.carpoly.com/ekp/cm/sale/cm_sale_order_materiel/cmSaleOrderMateriel.do?method=save&s_css=default&s_seq=1","7.carpoly.com/ekp/cm/store/cm_storefront_acceptance/cmStorefrontAcceptance.do?method=add&s_css=default"]}},"page/ids":{"contexts":{"context5_0IcqTN":[["highlighter_","highlighter__clipboard","moreErrInfo"]]}},"page/classes":{"contexts":{"context5_0IcqTN":[["alt","bar","clearfloat","content","copyToClipboard","errorlist","errortitle","functions","item","line","lines","number","plain","printSource","prompt_buttons","prompt_centerC","prompt_centerL","prompt_centerR","prompt_container","prompt_content_error","prompt_content_inside","prompt_content_right","prompt_frame","prompt_message","prompt_title","promt_footerC","promt_footerL","promt_footerR","promt_headerC","promt_headerL","promt_headerR","showMoreError_plus","spaces","string","syntaxhighlighter","toolbar","viewSource"],["alt","bar","btnmsg","btnmsg_l","btnmsg_r","clearfloat","comments","content","copyToClipboard","errorlist","errortitle","functions","item","line","lines","number","plain","printSource","prompt_buttons","prompt_centerC","prompt_centerL","prompt_centerR","prompt_container","prompt_content_error","prompt_content_inside","prompt_content_right","prompt_frame","prompt_message","prompt_title","promt_footerC","promt_footerL","promt_footerR","promt_headerC","promt_headerL","promt_headerR","showMoreError_plus","spaces","string","syntaxhighlighter","toolbar","viewSource"]]}},"page/tagTriplets":{"contexts":{"context5_0IcqTN":[["-/-/DIV","-/-/SCRIPT","-/DIV/DIV","DIV/DIV/A","DIV/DIV/DIV","DIV/DIV/EMBED","DIV/DIV/SPAN","DIV/DIV/TABLE","DIV/SPAN/BR","DIV/SPAN/DIV","DIV/SPAN/SPAN","DIV/TABLE/TBODY","SPAN/DIV/DIV","SPAN/SPAN/DIV","TABLE/TBODY/TR","TBODY/TR/TD","TR/TD/CODE"],["-/-/DIV","-/-/SCRIPT","-/DIV/DIV","DIV/DIV/A","DIV/DIV/DIV","DIV/DIV/EMBED","DIV/DIV/INPUT-button","DIV/DIV/SPAN","DIV/DIV/TABLE","DIV/SPAN/BR","DIV/SPAN/DIV","DIV/SPAN/SPAN","DIV/TABLE/TBODY","SPAN/DIV/DIV","SPAN/SPAN/DIV","TABLE/TBODY/TR","TBODY/TR/TD","TR/TD/CODE"]]}}}}