{
  "version": "0.1",
  "id": "lks_bargaincollection",
  "targetURL": "http://oa.sec.com.cn/lks/koa/lks_bargaincollection.nsf/vd_mycreated/96f1c668ce077ca34825830d002ef80f?opendocument",
  "jsFile": "index.js",
  "requires": {
    "lks_tasks": "../lks_tasks/index.json",
    "lks_financeflowreview": "file://C:/Users/lyq/Documents/enterplorer/enterprises/593505b34bdb5e50fdd25b3c/apps_0005/secOA/plan/lks_financeflowreview/index.json",
    "lks_hrreview": "file://C:/Users/lyq/Documents/enterplorer/enterprises/593505b34bdb5e50fdd25b3c/apps_0005/secOA/plan/lks_hrreview/index.json",
    "lks_plflowreview": "file://C:/Users/lyq/Documents/enterplorer/enterprises/593505b34bdb5e50fdd25b3c/apps_0005/secOA/plan/lks_plflowreview/index.json",
    "lks_rules": "file://C:/Users/lyq/Documents/enterplorer/enterprises/593505b34bdb5e50fdd25b3c/apps_0005/secOA/plan/lks_rules/index.json",
    "lks_archivemngnewex": "file://C:/Users/lyq/Documents/enterplorer/enterprises/593505b34bdb5e50fdd25b3c/apps_0005/secOA/plan/lks_archivemngnewex/index.json",
    "lks_review": "file://C:/Users/lyq/Documents/enterplorer/enterprises/593505b34bdb5e50fdd25b3c/apps_0005/secOA/plan/lks_review/index.json",
    "lks-filemng": "file://C:/Users/lyq/Documents/enterplorer/enterprises/593505b34bdb5e50fdd25b3c/apps_0005/secOA/plan/lks-filemng/index.json",
    "lks_zhaotoubiao": "file://C:/Users/lyq/Documents/enterplorer/enterprises/593505b34bdb5e50fdd25b3c/apps_0005/secOA/plan/lks_zhaotoubiao/index.json"
  },
  "chineseName": "合同信息采集",
  "description": "",
  "firstPaintEnable": false,
  "controls": {
    "control112_UHpN19": {
      "location": {
        "data": {
          "tagName": "DIV"
        },
        "userData": {
          "data": [],
          "force": false
        },
        "locators": [
          {
            "id": "path/ordinal",
            "prob": 1,
            "value": "/HTML[1]/BODY[1]/FORM[1]/DIV[1]"
          }
        ]
      },
      "events": {
        "onGetData": "getData_control112_UHpN19"
      },
      "intendedRole": "custom",
      "roles": "element,custom",
      "monitored": true,
      "frameXPath": "",
      "componentType": "custom"
    },
    "control123_CyJBnz": {
      "location": {
        "data": {
          "tagName": "TABLE"
        },
        "userData": {
          "data": [],
          "force": false
        },
        "locators": [
          {
            "id": "@id/word",
            "prob": 3,
            "value": "descendant::TABLE[@id=\"labelTable\"]"
          },
          {
            "id": "@class/word",
            "prob": 1,
            "value": "TABLE.labeltb"
          },
          {
            "id": "path/ordinal",
            "prob": 1,
            "value": "/HTML[1]/BODY[1]/FORM[1]/CENTER[1]/TABLE[1]"
          }
        ]
      },
      "events": {
        "onGetData": "getData_control123_CyJBnz"
      },
      "intendedRole": "custom",
      "roles": "element,custom",
      "monitored": true,
      "frameXPath": "",
      "componentType": "custom"
    },
    "control236_2Xg3GR": {
      "location": {
        "data": {
          "tagName": "TABLE"
        },
        "userData": {
          "data": [],
          "force": false
        },
        "locators": [
          {
            "id": "@id/word",
            "prob": 3,
            "value": "descendant::TABLE[@id=\"labelTable\"]"
          },
          {
            "id": "@class/word",
            "prob": 1,
            "value": "TABLE.labeltb"
          },
          {
            "id": "path/ordinal",
            "prob": 1,
            "value": "/HTML[1]/BODY[1]/FORM[1]/CENTER[1]/TABLE[1]"
          }
        ]
      },
      "events": {
        "onGetData": "getData_control236_2Xg3GR"
      },
      "intendedRole": "custom",
      "roles": "element,custom",
      "monitored": true,
      "frameXPath": "",
      "componentType": "custom"
    },
    "control237_c25Wkv": {
      "location": {
        "data": {
          "tagName": "TD"
        },
        "userData": {
          "data": [],
          "force": false
        },
        "locators": [
          {
            "id": "@id/word",
            "prob": 2,
            "value": "descendant::TABLE[@id=\"labelTable\"]/TBODY[1]/TR[1]/TD[1]"
          },
          {
            "id": "@class/word",
            "prob": 1,
            "value": "TABLE.labeltb TR.tbbg TD.tbbg"
          },
          {
            "id": "path/ordinal",
            "prob": 1,
            "value": "/HTML[1]/BODY[1]/FORM[1]/CENTER[1]/TABLE[1]/TBODY[1]/TR[1]/TD[1]"
          }
        ]
      },
      "events": {
        "onGetData": "getData_control237_c25Wkv"
      },
      "intendedRole": "custom",
      "roles": "element,custom",
      "monitored": true,
      "frameXPath": "",
      "componentType": "custom"
    },
    "control238_cJwTn9": {
      "location": {
        "data": {
          "tagName": "TABLE"
        },
        "userData": {
          "data": [],
          "force": false
        },
        "locators": [
          {
            "id": "@id/word",
            "prob": 3,
            "value": "descendant::TABLE[@id=\"labelTable\"]"
          },
          {
            "id": "@class/word",
            "prob": 1,
            "value": "TABLE.labeltb"
          },
          {
            "id": "path/ordinal",
            "prob": 1,
            "value": "/HTML[1]/BODY[1]/FORM[1]/CENTER[1]/TABLE[1]"
          }
        ]
      },
      "events": {
        "onGetData": "getData_control238_cJwTn9"
      },
      "intendedRole": "custom",
      "roles": "element,custom",
      "monitored": true,
      "frameXPath": "",
      "componentType": "custom"
    },
    "control239_Kwi4Tm": {
      "location": {
        "data": {
          "tagName": "TABLE"
        },
        "userData": {
          "data": [],
          "force": false
        },
        "locators": [
          {
            "id": "@id/word",
            "prob": 3,
            "value": "descendant::TABLE[@id=\"labelTable\"]"
          },
          {
            "id": "@class/word",
            "prob": 1,
            "value": "TABLE.labeltb"
          },
          {
            "id": "path/ordinal",
            "prob": 1,
            "value": "/HTML[1]/BODY[1]/FORM[1]/CENTER[1]/TABLE[1]"
          }
        ]
      },
      "events": {
        "onGetData": "getData_control239_Kwi4Tm"
      },
      "intendedRole": "custom",
      "roles": "element,custom",
      "monitored": true,
      "frameXPath": "",
      "componentType": "custom"
    },
    "control240_I696rA": {
      "location": {
        "data": {
          "tagName": "TABLE"
        },
        "userData": {
          "data": [],
          "force": false
        },
        "locators": [
          {
            "id": "@id/word",
            "prob": 3,
            "value": "descendant::TABLE[@id=\"labelTable\"]"
          },
          {
            "id": "@class/word",
            "prob": 1,
            "value": "TABLE.labeltb"
          },
          {
            "id": "path/ordinal",
            "prob": 1,
            "value": "/HTML[1]/BODY[1]/FORM[1]/CENTER[1]/TABLE[1]"
          }
        ]
      },
      "events": {
        "onGetData": "getData_control240_I696rA"
      },
      "intendedRole": "custom",
      "roles": "element,custom",
      "monitored": true,
      "frameXPath": "",
      "componentType": "custom"
    },
    "control241_iSFJVk": {
      "location": {
        "data": {
          "tagName": "TABLE"
        },
        "userData": {
          "data": [],
          "force": false
        },
        "locators": [
          {
            "id": "@id/word",
            "prob": 3,
            "value": "descendant::TABLE[@id=\"labelTable\"]"
          },
          {
            "id": "@class/word",
            "prob": 1,
            "value": "TABLE.labeltb"
          },
          {
            "id": "path/ordinal",
            "prob": 1,
            "value": "/HTML[1]/BODY[1]/FORM[1]/CENTER[1]/TABLE[1]"
          }
        ]
      },
      "events": {
        "onGetData": "getData_control241_iSFJVk"
      },
      "intendedRole": "custom",
      "roles": "element,custom",
      "monitored": true,
      "frameXPath": "",
      "componentType": "custom"
    },
    "control242_1tKmyk": {
      "location": {
        "data": {
          "tagName": "TD"
        },
        "userData": {
          "data": [],
          "force": false
        },
        "locators": [
          {
            "id": "@class/word",
            "prob": 1,
            "value": "TD.tbmenudoc"
          },
          {
            "id": "path/ordinal",
            "prob": 1,
            "value": "/HTML[1]/BODY[1]/FORM[1]/TABLE[3]/TBODY[1]/TR[1]/TD[1]"
          }
        ]
      },
      "events": {
        "onGetData": "getData_control242_1tKmyk"
      },
      "intendedRole": "custom",
      "roles": "element,custom",
      "monitored": true,
      "frameXPath": "",
      "componentType": "custom"
    },
    "control252_lT29d1": {
      "location": {
        "data": {
          "tagName": "TABLE"
        },
        "userData": {
          "data": [],
          "force": false
        },
        "locators": [
          {
            "id": "@id/word",
            "prob": 3,
            "value": "descendant::TABLE[@id=\"labelTable\"]"
          },
          {
            "id": "@class/word",
            "prob": 1,
            "value": "TABLE.labeltb"
          },
          {
            "id": "path/ordinal",
            "prob": 1,
            "value": "/HTML[1]/BODY[1]/FORM[1]/CENTER[1]/TABLE[1]"
          }
        ]
      },
      "events": {
        "onGetData": "getData_control252_lT29d1"
      },
      "intendedRole": "custom",
      "roles": "element,custom",
      "monitored": true,
      "frameXPath": "",
      "componentType": "custom"
    },
    "control253_Omi8pO": {
      "location": {
        "data": {
          "tagName": "TABLE"
        },
        "userData": {
          "data": [],
          "force": false
        },
        "locators": [
          {
            "id": "@id/word",
            "prob": 3,
            "value": "descendant::TABLE[@id=\"labelTable\"]"
          },
          {
            "id": "@class/word",
            "prob": 1,
            "value": "TABLE.labeltb"
          },
          {
            "id": "path/ordinal",
            "prob": 1,
            "value": "/HTML[1]/BODY[1]/FORM[1]/CENTER[1]/TABLE[1]"
          }
        ]
      },
      "events": {
        "onGetData": "getData_control253_Omi8pO"
      },
      "intendedRole": "custom",
      "roles": "element,custom",
      "monitored": true,
      "frameXPath": "",
      "componentType": "custom"
    }
  },
  "contexts": {
    "context33_J5eXTh": {
      "controls": [
        "control112_UHpN19",
        "control123_CyJBnz",
        "control236_2Xg3GR",
        "control237_c25Wkv",
        "control238_cJwTn9",
        "control239_Kwi4Tm",
        "control240_I696rA",
        "control241_iSFJVk",
        "control242_1tKmyk",
        "control252_lT29d1",
        "control253_Omi8pO"
      ],
      "anchors": [],
      "urlAnchor": [
        ".*\\/lks_bargaincollection.nsf\\/[^(FM_)].*\\/.*"
      ]
    }
  },
  "flows": {
    "flow163_4kG2Re": {
      "toContexts": [
        {
          "toContextId": "context33_J5eXTh"
        }
      ]
    },
    "flow164_aJM1P8": {
      "fromContextId": "context33_J5eXTh",
      "fromAction": "doAction",
      "fromControlId": "control237_c25Wkv",
      "toContexts": [
        {
          "toContextId": "context33_J5eXTh"
        }
      ]
    },
    "flow165_meNMuU": {
      "fromContextId": "context33_J5eXTh",
      "fromAction": "doAction",
      "fromControlId": "control238_cJwTn9",
      "toContexts": [
        {
          "toContextId": "context33_J5eXTh"
        }
      ]
    },
    "flow166_8MNq8z": {
      "fromContextId": "context33_J5eXTh",
      "fromAction": "doAction",
      "fromControlId": "control241_iSFJVk",
      "toContexts": [
        {
          "toContextId": "context33_J5eXTh"
        }
      ]
    },
    "flow167_FILmkd": {
      "fromContextId": "context33_J5eXTh",
      "fromAction": "doAction",
      "fromControlId": "control242_1tKmyk",
      "toContexts": [
        {
          "toContextId": "context33_J5eXTh"
        }
      ]
    },
    "flow170_XzCO0V": {
      "fromContextId": "context33_J5eXTh",
      "fromAction": "doAction",
      "fromControlId": "control240_I696rA",
      "toContexts": [
        {
          "toContextId": "context33_J5eXTh"
        },
        {
          "toContextId": "context1_uBcbtH",
          "toModelId": "lks_tasks"
        }
      ]
    },
    "flow173_atEs3B": {
      "fromContextId": "context33_J5eXTh",
      "fromAction": "click",
      "fromControlId": "control240_I696rA",
      "toContexts": [
        {
          "toContextId": "context33_J5eXTh",
          "toModelId": "lks_bargaincollection"
        },
        {
          "toContextId": "context11_DdpfNi",
          "toModelId": "lks_financeflowreview"
        },
        {
          "toContextId": "context15_HgJeLK",
          "toModelId": "lks_hrreview"
        },
        {
          "toContextId": "context13_k04Crz",
          "toModelId": "lks_plflowreview"
        },
        {
          "toContextId": "context4_nBTnvD",
          "toModelId": "lks_rules"
        },
        {
          "toContextId": "context5_3qQbFO",
          "toModelId": "lks_archivemngnewex"
        },
        {
          "toContextId": "context0_2puPsG",
          "toModelId": "lks_review"
        },
        {
          "toContextId": "context14_TiC1dV",
          "toModelId": "lks-filemng"
        },
        {
          "toModelId": "lks_zhaotoubiao",
          "toContextId": "context34_I9qaXK"
        }
      ]
    }
  },
  "pages": {
    "page33_Un4C8T": {
      "contextId": "context33_J5eXTh",
      "layout": [
        {
          "id": "uiControl252_mUTVuQ",
          "controlId": "control112_UHpN19",
          "display": {
            "adapterId": "custom",
            "type": "custom",
            "adapter": {
              "templateType": "react",
              "events": {
                "onDoAction": "doAction_uiControl252_mUTVuQ",
                "onGetTemplate": "getTemplate_uiControl252_mUTVuQ"
              }
            }
          }
        },
        {
          "id": "uiControl256_VvaFkE",
          "controlId": "control237_c25Wkv",
          "display": {
            "adapterId": "custom",
            "type": "custom",
            "adapter": {
              "templateType": "react",
              "events": {
                "onDoAction": "doAction_uiControl256_VvaFkE",
                "onGetTemplate": "getTemplate_uiControl256_VvaFkE"
              }
            }
          }
        },
        {
          "id": "uiControl253_R9QqPs",
          "controlId": "control123_CyJBnz",
          "display": {
            "adapterId": "custom",
            "type": "custom",
            "adapter": {
              "templateType": "react",
              "events": {
                "onDoAction": "doAction_uiControl253_R9QqPs",
                "onGetTemplate": "getTemplate_uiControl253_R9QqPs"
              }
            }
          }
        },
        {
          "id": "uiControl274_awlQWZ",
          "controlId": "control253_Omi8pO",
          "display": {
            "adapterId": "custom",
            "type": "custom",
            "adapter": {
              "templateType": "react",
              "events": {
                "onDoAction": "doAction_uiControl274_awlQWZ",
                "onGetTemplate": "getTemplate_uiControl274_awlQWZ"
              }
            }
          }
        },
        {
          "id": "uiControl254_1EAeoC",
          "controlId": "control236_2Xg3GR",
          "display": {
            "adapterId": "custom",
            "type": "custom",
            "adapter": {
              "templateType": "react",
              "events": {
                "onDoAction": "doAction_uiControl254_1EAeoC",
                "onGetTemplate": "getTemplate_uiControl254_1EAeoC"
              }
            }
          }
        },
        {
          "id": "uiControl257_xIp8BT",
          "controlId": "control238_cJwTn9",
          "display": {
            "adapterId": "custom",
            "type": "custom",
            "adapter": {
              "templateType": "react",
              "events": {
                "onDoAction": "doAction_uiControl257_xIp8BT",
                "onGetTemplate": "getTemplate_uiControl257_xIp8BT"
              }
            }
          }
        },
        {
          "id": "uiControl258_zRwzKc",
          "controlId": "control239_Kwi4Tm",
          "display": {
            "adapterId": "custom",
            "type": "custom",
            "adapter": {
              "templateType": "react",
              "events": {
                "onDoAction": "doAction_uiControl258_zRwzKc",
                "onGetTemplate": "getTemplate_uiControl258_zRwzKc"
              }
            }
          }
        },
        {
          "id": "uiControl273_5zuKCu",
          "controlId": "control252_lT29d1",
          "display": {
            "adapterId": "custom",
            "type": "custom",
            "adapter": {
              "templateType": "react",
              "events": {
                "onDoAction": "doAction_uiControl273_5zuKCu",
                "onGetTemplate": "getTemplate_uiControl273_5zuKCu"
              }
            }
          }
        },
        {
          "id": "uiControl259_wdKLgh",
          "controlId": "control240_I696rA",
          "display": {
            "adapterId": "custom",
            "type": "custom",
            "adapter": {
              "templateType": "react",
              "events": {
                "onDoAction": "doAction_uiControl259_wdKLgh",
                "onGetTemplate": "getTemplate_uiControl259_wdKLgh"
              }
            }
          }
        },
        {
          "id": "uiControl260_JeVLrs",
          "controlId": "control241_iSFJVk",
          "display": {
            "adapterId": "custom",
            "type": "custom",
            "adapter": {
              "templateType": "react",
              "events": {
                "onDoAction": "doAction_uiControl260_JeVLrs",
                "onGetTemplate": "getTemplate_uiControl260_JeVLrs"
              }
            }
          }
        },
        {
          "id": "uiControl262_Blm3Tg",
          "display": {
            "type": "sticky",
            "adapterId": "sticky",
            "adapter": {
              "templateType": ""
            }
          },
          "layout": [
            {
              "id": "uiControl262_Blm3Tgbody",
              "display": {
                "type": "stickyBody",
                "adapterId": "stickyBody",
                "adapter": {
                  "templateType": ""
                }
              },
              "layout": [
                {
                  "id": "uiControl261_7tfHBk",
                  "controlId": "control242_1tKmyk",
                  "display": {
                    "adapterId": "custom",
                    "type": "custom",
                    "adapter": {
                      "templateType": "react",
                      "events": {
                        "onDoAction": "doAction_uiControl261_7tfHBk",
                        "onGetTemplate": "getTemplate_uiControl261_7tfHBk"
                      }
                    }
                  }
                }
              ]
            }
          ]
        }
      ]
    }
  },
  "matchers": {
    "page/title": {
      "contexts": {
        "context33_J5eXTh": [
          "深圳能源集团OA系统_合同基本信息采集_合同基本信息采集关联其他类流程"
        ]
      }
    },
    "page/urls": {
      "contexts": {
        "context33_J5eXTh": [
          "oa.sec.com.cn/lks/koa/lks_bargaincollection.nsf/vd_mycreated/96f1c668ce077ca34825830d002ef80f?opendocument",
          "oa.sec.com.cn/lks/koa/lks_bargaincollection.nsf/vd_mycreated/96f1c668ce077ca34825830d002ef80f?opendocument&m_seq=0.676163666608641",
          "oa.sec.com.cn/lks/koa/lks_bargaincollection.nsf/0/96F1C668CE077CA34825830D002EF80F?opendocument&Highlight=%E6%B5%8B%E8%AF%95"
        ]
      }
    },
    "page/ids": {
      "contexts": {
        "context33_J5eXTh": [
          [
            "AttachmentDiv",
            "AttachmentOCX",
            "F_KADocsPath",
            "F_KADocsTitle",
            "FlowLog_MainTable",
            "S_TablePayLog",
            "Sys_EsaField",
            "VWVERSIONVWROW_",
            "VW_VERSION",
            "VW_VWVERSION",
            "buLabel",
            "dLinks",
            "dealType",
            "dealType_",
            "hasBiangen",
            "hasShiqian",
            "hasZhaotoubiao",
            "labelTable",
            "moreImg",
            "timeStrFull_"
          ],
          [
            "AttachmentDiv",
            "AttachmentOCX",
            "F_KADocsPath",
            "F_KADocsTitle",
            "FlowLog_MainTable",
            "S_TablePayLog",
            "Sys_EsaField",
            "VWVERSIONVWROW_",
            "VW_VERSION",
            "VW_VWVERSION",
            "buLabel",
            "dLinks",
            "dealType",
            "dealType_",
            "hasBiangen",
            "hasShiqian",
            "hasZhaotoubiao",
            "labelTable",
            "lks_bargaincollection",
            "moreImg",
            "timeStrFull_"
          ]
        ]
      }
    },
    "page/classes": {
      "contexts": {
        "context33_J5eXTh": [
          [
            "ADoc",
            "TbView",
            "TrViewFirst",
            "btnmenudoc",
            "doctoptb",
            "labelbg",
            "labeltb",
            "tbbg",
            "tbmenudoc",
            "tdbg",
            "trbg"
          ]
        ]
      }
    },
    "page/tagTriplets": {
      "contexts": {
        "context33_J5eXTh": [
          [
            "-/-/FORM",
            "-/-/SCRIPT",
            "-/FORM/BR",
            "-/FORM/CENTER",
            "-/FORM/DIV",
            "-/FORM/IFRAME",
            "-/FORM/SCRIPT",
            "-/FORM/TABLE",
            "A/B/IMG",
            "CENTER/TABLE/TBODY",
            "DIV/B/FONT",
            "DIV/TABLE/TBODY",
            "FORM/CENTER/TABLE",
            "FORM/DIV/B",
            "FORM/TABLE/TBODY",
            "P/OBJECT/PARAM",
            "P/TABLE/TBODY",
            "TABLE/TBODY/TR",
            "TBODY/TR/TD",
            "TD/A/B",
            "TD/DIV/B",
            "TD/DIV/FONT",
            "TD/DIV/INPUT-button",
            "TD/DIV/SPAN",
            "TD/DIV/TABLE",
            "TD/FONT/A",
            "TD/FONT/BR",
            "TD/P/BR",
            "TD/P/FONT",
            "TD/P/INPUT-button",
            "TD/P/OBJECT",
            "TD/P/SCRIPT",
            "TD/P/TABLE",
            "TD/SPAN/B",
            "TD/SPAN/TEXTAREA",
            "TD/TABLE/TBODY",
            "TR/TD/A",
            "TR/TD/B",
            "TR/TD/BR",
            "TR/TD/DIV",
            "TR/TD/FONT",
            "TR/TD/IMG",
            "TR/TD/INPUT-button",
            "TR/TD/INPUT-null",
            "TR/TD/P",
            "TR/TD/SCRIPT",
            "TR/TD/SPAN",
            "TR/TD/STYLE",
            "TR/TD/TABLE",
            "TR/TD/TEXTAREA",
            "TR/TD/UL"
          ],
          [
            "-/-/FORM",
            "-/-/SCRIPT",
            "-/FORM/BR",
            "-/FORM/CENTER",
            "-/FORM/DIV",
            "-/FORM/IFRAME",
            "-/FORM/SCRIPT",
            "-/FORM/TABLE",
            "A/B/IMG",
            "CENTER/TABLE/TBODY",
            "DIV/B/FONT",
            "DIV/TABLE/TBODY",
            "FORM/CENTER/DIV",
            "FORM/CENTER/TABLE",
            "FORM/DIV/B",
            "FORM/TABLE/TBODY",
            "P/OBJECT/PARAM",
            "P/TABLE/TBODY",
            "TABLE/TBODY/TR",
            "TBODY/TR/TD",
            "TD/A/B",
            "TD/DIV/B",
            "TD/DIV/FONT",
            "TD/DIV/INPUT-button",
            "TD/DIV/SPAN",
            "TD/DIV/TABLE",
            "TD/FONT/A",
            "TD/FONT/BR",
            "TD/P/BR",
            "TD/P/FONT",
            "TD/P/INPUT-button",
            "TD/P/OBJECT",
            "TD/P/SCRIPT",
            "TD/P/TABLE",
            "TD/SPAN/B",
            "TD/SPAN/TEXTAREA",
            "TD/TABLE/TBODY",
            "TR/TD/A",
            "TR/TD/B",
            "TR/TD/BR",
            "TR/TD/DIV",
            "TR/TD/FONT",
            "TR/TD/IMG",
            "TR/TD/INPUT-button",
            "TR/TD/INPUT-null",
            "TR/TD/P",
            "TR/TD/SCRIPT",
            "TR/TD/SPAN",
            "TR/TD/STYLE",
            "TR/TD/TABLE",
            "TR/TD/TEXTAREA",
            "TR/TD/UL"
          ],
          [
            "-/-/FORM",
            "-/-/SCRIPT",
            "-/FORM/BR",
            "-/FORM/CENTER",
            "-/FORM/DIV",
            "-/FORM/IFRAME",
            "-/FORM/SCRIPT",
            "-/FORM/TABLE",
            "A/B/IMG",
            "CENTER/TABLE/TBODY",
            "DIV/B/FONT",
            "DIV/TABLE/TBODY",
            "FONT/FONT/B",
            "FORM/CENTER/DIV",
            "FORM/CENTER/TABLE",
            "FORM/DIV/B",
            "FORM/TABLE/TBODY",
            "P/OBJECT/PARAM",
            "P/TABLE/TBODY",
            "TABLE/TBODY/TR",
            "TBODY/TR/TD",
            "TD/A/B",
            "TD/DIV/B",
            "TD/DIV/FONT",
            "TD/DIV/INPUT-button",
            "TD/DIV/SPAN",
            "TD/DIV/TABLE",
            "TD/FONT/A",
            "TD/FONT/B",
            "TD/FONT/BR",
            "TD/FONT/FONT",
            "TD/P/BR",
            "TD/P/FONT",
            "TD/P/INPUT-button",
            "TD/P/OBJECT",
            "TD/P/SCRIPT",
            "TD/P/TABLE",
            "TD/SPAN/B",
            "TD/SPAN/TEXTAREA",
            "TD/TABLE/TBODY",
            "TR/TD/A",
            "TR/TD/B",
            "TR/TD/BR",
            "TR/TD/DIV",
            "TR/TD/FONT",
            "TR/TD/IMG",
            "TR/TD/INPUT-button",
            "TR/TD/INPUT-null",
            "TR/TD/P",
            "TR/TD/SCRIPT",
            "TR/TD/SPAN",
            "TR/TD/STYLE",
            "TR/TD/TABLE",
            "TR/TD/TEXTAREA",
            "TR/TD/UL"
          ]
        ]
      }
    }
  }
}