{
  "version": "0.1",
  "id": "lks_Association_Search",
  "targetURL": "http://oa.sec.com.cn/lks/koa/lks_muldbsearch.nsf/searchforka?openframeset",
  "jsFile": "index.js",
  "requires": {
    "lks_tasks": "../lks_tasks/index.json",
    "lks_Association_Search": "../lks_Association_Search/index.json"
  },
  "chineseName": "关联机制搜索",
  "description": "关联机制搜索",
  "controls": {
    "control24_u0pvtV": {
      "location": {
        "data": {
          "tagName": "IMG"
        },
        "userData": {
          "data": [],
          "force": false
        },
        "locators": [
          {
            "id": "img/@src",
            "prob": 2,
            "ordinal": [
              0,
              2
            ],
            "value": {
              "pathname": "/lks/koa/lks_muldbsearch.nsf/search.gif"
            }
          },
          {
            "id": "path/ordinal",
            "prob": 1,
            "value": "/HTML[1]/BODY[1]/FORM[1]/CENTER[1]/DIV[1]/DIV[1]/DIV[1]/TABLE[1]/TBODY[1]/TR[1]/TD[2]/DIV[1]/A[1]/IMG[1]"
          }
        ]
      },
      "events": {
        "onGetData": "getData_control24_u0pvtV"
      },
      "intendedRole": "custom",
      "roles": "element,image,button,custom",
      "monitored": true,
      "frameXPath": "//frame[contains(@name,'frame')]<<IFRAME>>",
      "componentType": "custom"
    },
    "control34_qSvVt7": {
      "location": {
        "data": {
          "tagName": "TR"
        },
        "userData": {
          "data": [],
          "force": false
        },
        "locators": [
          {
            "id": "@class/word",
            "prob": 1,
            "ordinal": [
              0,
              3
            ],
            "value": "DIV.frame_size DIV.top_stick TABLE TBODY TR"
          },
          {
            "id": "path/ordinal",
            "prob": 1,
            "value": "/HTML[1]/BODY[1]/FORM[1]/CENTER[1]/DIV[1]/DIV[1]/DIV[1]/TABLE[1]/TBODY[1]/TR[1]"
          }
        ]
      },
      "events": {
        "onGetData": "getData_control34_qSvVt7"
      },
      "intendedRole": "custom",
      "roles": "element,custom",
      "monitored": true,
      "frameXPath": "//frame[contains(@name,'frame')]<<IFRAME>>",
      "componentType": "custom"
    },
    "control36_Ld9OuA": {
      "location": {
        "data": {
          "tagName": "DIV"
        },
        "userData": {
          "data": [],
          "force": false
        },
        "locators": [
          {
            "id": "@id/word",
            "prob": 3,
            "value": [
              "descendant::DIV[@id=\"showResult\"]//DIV[@id=\"searchResult\"]",
              "descendant::DIV[@id=\"searchResult\"]"
            ]
          },
          {
            "id": "path/ordinal",
            "prob": 1,
            "value": "/HTML[1]/BODY[1]/FORM[1]/DIV[3]/TABLE[1]/TBODY[1]/TR[1]/TD[2]/DIV[1]"
          }
        ]
      },
      "events": {
        "onGetData": "getData_control36_Ld9OuA"
      },
      "intendedRole": "custom",
      "roles": "element,custom",
      "monitored": true,
      "frameXPath": "//frame[contains(@name,'frame')]<<IFRAME>>",
      "componentType": "custom"
    },
    "control22_iJPtTx": {
      "location": {
        "data": {
          "tagName": "TBODY"
        },
        "userData": {
          "data": [],
          "force": false
        },
        "locators": [
          {
            "id": "@class/word",
            "prob": 1,
            "ordinal": [
              0,
              3
            ],
            "value": "DIV.mt20 DIV.pages.page_fl TABLE TBODY"
          },
          {
            "id": "path/ordinal",
            "prob": 1,
            "value": "/HTML[1]/BODY[1]/FORM[1]/DIV[5]/DIV[1]/TABLE[1]/TBODY[1]"
          }
        ]
      },
      "events": {
        "onGetData": "getData_control22_iJPtTx"
      },
      "intendedRole": "custom",
      "roles": "element,custom",
      "monitored": true,
      "frameXPath": "//frame[contains(@name,'frame')]<<IFRAME>>",
      "componentType": "custom"
    },
    "control33_160R7C": {
      "location": {
        "data": {
          "tagName": "TD"
        },
        "userData": {
          "data": [],
          "force": false
        },
        "locators": [
          {
            "id": "@class/word",
            "prob": 1,
            "ordinal": [
              2,
              12
            ],
            "value": "DIV.bt TABLE TBODY TR TD"
          },
          {
            "id": "path/ordinal",
            "prob": 1,
            "value": "/HTML[1]/BODY[1]/FORM[1]/DIV[2]/TABLE[1]/TBODY[1]/TR[1]/TD[3]"
          }
        ]
      },
      "events": {
        "onGetData": "getData_control33_160R7C"
      },
      "intendedRole": "custom",
      "roles": "element,custom",
      "monitored": false,
      "frameXPath": "//frame[contains(@name,'frame')]<<IFRAME>>",
      "componentType": "custom"
    },
    "control220_d2J1lE": {
      "location": {
        "data": {
          "tagName": "INPUT"
        },
        "userData": {
          "data": [],
          "force": false
        },
        "locators": [
          {
            "id": "elem/@name",
            "prob": 2,
            "value": [
              "descendant::form[@name=\"_MulDbSearchFormKa\"]//INPUT[@name=\"SearchString\"]",
              "descendant::INPUT[@name=\"SearchString\"]"
            ]
          },
          {
            "id": "@id/nonWord",
            "prob": 1,
            "disabled": true,
            "fact": "q5",
            "value": "descendant::INPUT[@id=\"q5\"]"
          },
          {
            "id": "@class/word",
            "prob": 1,
            "ordinal": [
              0,
              3
            ],
            "value": "DIV.frame_size DIV.top_stick INPUT.searchInput.inputsgl"
          },
          {
            "id": "path/ordinal",
            "prob": 1,
            "value": "/HTML[1]/BODY[1]/FORM[1]/CENTER[1]/DIV[1]/DIV[1]/DIV[1]/TABLE[1]/TBODY[1]/TR[1]/TD[1]/INPUT[2]"
          },
          {
            "id": "input/type",
            "verifyEnabled": true,
            "value": "text"
          }
        ]
      },
      "roles": "element,textbox",
      "text": "",
      "frameXPath": "//frame[contains(@name,'frame')]<<IFRAME>>"
    }
  },
  "contexts": {
    "context9_qwD8oo": {
      "controls": [
        "control24_u0pvtV",
        "control34_qSvVt7",
        "control36_Ld9OuA",
        "control22_iJPtTx",
        "control33_160R7C"
      ],
      "anchors": [
        "control220_d2J1lE"
      ],
      "urlAnchor": []
    }
  },
  "flows": {
    "flow29_yny3AM": {
      "toContexts": [
        {
          "toContextId": "context9_qwD8oo"
        }
      ]
    },
    "flow30_9irh0d": {
      "fromContextId": "context9_qwD8oo",
      "fromAction": "doAction",
      "fromControlId": "control34_qSvVt7",
      "toContexts": [
        {
          "toContextId": "context9_qwD8oo"
        }
      ]
    },
    "flow31_KtsQkn": {
      "fromContextId": "context9_qwD8oo",
      "fromAction": "doAction",
      "fromControlId": "control36_Ld9OuA",
      "toContexts": [
        {
          "toContextId": "context9_qwD8oo"
        }
      ]
    },
    "flow32_Ox8lH7": {
      "fromContextId": "context9_qwD8oo",
      "fromAction": "doAction",
      "fromControlId": "control22_iJPtTx",
      "toContexts": [
        {
          "toContextId": "context9_qwD8oo"
        }
      ]
    },
    "flow33_3qeWUJ": {
      "fromContextId": "context9_qwD8oo",
      "fromAction": "doAction",
      "fromControlId": "control33_160R7C",
      "toContexts": [
        {
          "toContextId": "context9_qwD8oo"
        },
        {
          "toContextId": "context9_qwD8oo",
          "toModelId": "lks_Association_Search"
        }
      ]
    }
  },
  "pages": {
    "page9_RtvRRE": {
      "contextId": "context9_qwD8oo",
      "layout": [
        {
          "id": "uiControl40_19odgq",
          "controlId": "control24_u0pvtV",
          "display": {
            "adapterId": "custom",
            "type": "custom",
            "adapter": {
              "templateType": "react",
              "events": {
                "onDoAction": "doAction_uiControl40_19odgq",
                "onGetTemplate": "getTemplate_uiControl40_19odgq"
              }
            }
          }
        },
        {
          "id": "uiControl42_Wv21AQ",
          "controlId": "control34_qSvVt7",
          "display": {
            "adapterId": "custom",
            "type": "custom",
            "adapter": {
              "templateType": "react",
              "events": {
                "onDoAction": "doAction_uiControl42_Wv21AQ",
                "onGetTemplate": "getTemplate_uiControl42_Wv21AQ"
              }
            }
          }
        },
        {
          "id": "uiControl44_mPERX2",
          "controlId": "control36_Ld9OuA",
          "display": {
            "adapterId": "custom",
            "type": "custom",
            "adapter": {
              "templateType": "react",
              "events": {
                "onDoAction": "doAction_uiControl44_mPERX2",
                "onGetTemplate": "getTemplate_uiControl44_mPERX2"
              }
            }
          }
        },
        {
          "id": "uiControl28_eoryKi",
          "controlId": "control22_iJPtTx",
          "display": {
            "adapterId": "custom",
            "type": "custom",
            "adapter": {
              "templateType": "react",
              "events": {
                "onDoAction": "doAction_uiControl28_eoryKi",
                "onGetTemplate": "getTemplate_uiControl28_eoryKi"
              }
            }
          }
        },
        {
          "id": "uiControl25_AiKAaR",
          "display": {
            "type": "sticky",
            "adapterId": "sticky",
            "class": "ui-footer-button",
            "adapter": {
              "templateType": ""
            }
          },
          "layout": [
            {
              "id": "uiControl25_AiKAaRbody",
              "display": {
                "type": "stickyBody",
                "adapterId": "stickyBody",
                "adapter": {
                  "templateType": ""
                }
              },
              "layout": [
                {
                  "id": "uiControl30_S2sE3A",
                  "controlId": "control33_160R7C",
                  "display": {
                    "adapterId": "custom",
                    "type": "custom",
                    "adapter": {
                      "templateType": "react",
                      "events": {
                        "onDoAction": "doAction_uiControl30_S2sE3A",
                        "onGetTemplate": "getTemplate_uiControl30_S2sE3A"
                      }
                    }
                  }
                }
              ]
            }
          ]
        }
      ]
    }
  },
  "matchers": {
    "page/title": {
      "contexts": {
        "context9_qwD8oo": [
          "知识关联搜索",
          "深圳能源集团OA系统_流程管理(HR流程)_新建审批流程"
        ]
      }
    },
    "page/urls": {
      "contexts": {
        "context9_qwD8oo": [
          "oa.sec.com.cn/lks/koa/lks_muldbsearch.nsf/searchforka?openframeset",
          "oac2.sec.com.cn/lks/koa.hbgs/lks_muldbsearch.nsf/searchforka?openframeset",
          "oa.sec.com.cn/lks/koa/lks_hrreview.nsf/FM_CommonReview?openForm&type=%u8003%u52E4/%u8BF7%u4F11%u5047%u7533%u8BF7"
        ]
      }
    },
    "page/ids": {
      "contexts": {
        "context9_qwD8oo": [
          [],
          [
            "AttachmentDiv",
            "AttachmentOCX",
            "Calendar_SWFObjectName",
            "DisCompForJS",
            "F_BodyDiv",
            "FlashPopWin",
            "FlashTemplate",
            "ImageAlign",
            "ImageTemplate",
            "Sys_EsaField",
            "TD_ReviewNo",
            "buLabel",
            "cLinks",
            "dLinks",
            "flashupload",
            "ifFlow",
            "if_subform",
            "imageupload",
            "isSF_Public",
            "labelTable",
            "lks_hrreview_FM_CommonReview",
            "quickdelete",
            "selectNewClass",
            "setImportanceDay",
            "tb_",
            "trID"
          ]
        ]
      }
    },
    "page/classes": {
      "contexts": {
        "context9_qwD8oo": [
          [],
          [
            "btndoc",
            "btnmenudoc",
            "labelbg",
            "labeltb",
            "selectmenu",
            "tadoc",
            "tbbg",
            "tdbg",
            "textdocdown",
            "textdocnone",
            "trbg",
            "upload"
          ]
        ]
      }
    },
    "page/tagTriplets": {
      "contexts": {
        "context9_qwD8oo": [
          [
            "-/-/FRAME"
          ],
          [
            "-/-/DIV",
            "-/-/FORM",
            "-/-/IFRAME",
            "-/-/OBJECT",
            "-/-/SCRIPT",
            "-/-/STYLE",
            "-/FORM/BR",
            "-/FORM/CENTER",
            "-/FORM/DIV",
            "-/FORM/IFRAME",
            "-/FORM/INPUT-button",
            "-/FORM/INPUT-hidden",
            "-/FORM/SCRIPT",
            "-/FORM/TABLE",
            "-/OBJECT/PARAM",
            "CENTER/B/FONT",
            "DIV/FONT/BR",
            "DIV/TABLE/TBODY",
            "DIV/UL/FONT",
            "FORM/CENTER/B",
            "FORM/TABLE/TBODY",
            "TABLE/TBODY/TR",
            "TBODY/TR/TD",
            "TD/A/B",
            "TD/B/FONT",
            "TD/DIV/B",
            "TD/DIV/FONT",
            "TD/DIV/INPUT-button",
            "TD/DIV/TABLE",
            "TD/DIV/UL",
            "TD/FONT/INPUT-null",
            "TD/FONT/SPAN",
            "TD/FONT/TEXTAREA",
            "TD/SELECT/OPTION",
            "TD/SPAN/BR",
            "TD/SPAN/INPUT-button",
            "TD/SPAN/INPUT-checkbox",
            "TD/SPAN/INPUT-hidden",
            "TD/SPAN/INPUT-null",
            "TD/SPAN/TEXTAREA",
            "TD/TABLE/TBODY",
            "TD/UL/BR",
            "TD/UL/FONT",
            "TD/UL/INPUT-null",
            "TD/UL/OBJECT",
            "TD/UL/P",
            "TD/UL/SCRIPT",
            "TD/UL/SPAN",
            "TD/UL/TABLE",
            "TR/TD/A",
            "TR/TD/B",
            "TR/TD/BR",
            "TR/TD/DIV",
            "TR/TD/FONT",
            "TR/TD/HR",
            "TR/TD/IFRAME",
            "TR/TD/IMG",
            "TR/TD/INPUT-button",
            "TR/TD/INPUT-checkbox",
            "TR/TD/INPUT-file",
            "TR/TD/INPUT-hidden",
            "TR/TD/INPUT-null",
            "TR/TD/INPUT-radio",
            "TR/TD/SCRIPT",
            "TR/TD/SELECT",
            "TR/TD/SPAN",
            "TR/TD/TABLE",
            "TR/TD/TEXTAREA",
            "TR/TD/UL",
            "UL/OBJECT/PARAM",
            "UL/TABLE/TBODY"
          ]
        ]
      }
    }
  }
}