{
  "version": "0.1",
  "id": "businessCharge",
  "targetURL": "http://218.203.103.203:8082/oc/bes/sm/login/phone.html?type=1",
  "jsFile": "index.js",
  "chineseName": "收费(iCRM)",
  "description": "",
  "firstPaintEnable": false,
  "controls": {
    "control15_GOX7aI": {
      "location": {
        "data": {
          "tagName": "LI"
        },
        "userData": {
          "data": [],
          "force": false
        },
        "locators": [
          {
            "id": "@title",
            "prob": 2,
            "value": {
              "text": [
                "收费(iCRM)"
              ]
            }
          },
          {
            "id": "@class/word",
            "prob": 1,
            "value": "DIV.tab UL.floatCon.toLeft LI.selected"
          },
          {
            "id": "style/color",
            "value": [
              42,
              142,
              231
            ]
          }
        ]
      },
      "events": {
        "onGetData": "getData_control15_GOX7aI"
      },
      "intendedRole": "custom",
      "roles": "element,custom",
      "ignoreVisibility": true,
      "monitored": true,
      "frameXPath": "",
      "componentType": "custom"
    },
    "control17_hSTy7M": {
      "location": {
        "data": {
          "tagName": "LI"
        },
        "userData": {
          "data": [],
          "force": false
        },
        "locators": [
          {
            "id": "text",
            "prob": 3,
            "value": {
              "text": [
                "收费(iCRM)"
              ],
              "visText": [
                "收费(iCRM)"
              ]
            }
          },
          {
            "id": "@title",
            "prob": 2,
            "value": {
              "text": [
                "收费(iCRM)"
              ]
            }
          },
          {
            "id": "@class/word",
            "prob": 1,
            "value": "DIV.tab UL.floatCon.toLeft LI.selected"
          },
          {
            "id": "style/color",
            "value": [
              42,
              142,
              231
            ]
          }
        ]
      },
      "roles": "element",
      "text": "\t\t                                                        \t\t                        收费(iCRM)\t                          ",
      "frameXPath": "",
      "customJS": "if($(elem).hasClass('selected')&&$(elem).find('.tab-title').text() == \"收费（iCRM）\"){\nreturn true\n}else{\nreturn false\n}"
    },
    "control18_3NWOcR": {
      "location": {
        "data": {
          "tagName": "BODY"
        },
        "userData": {
          "data": [],
          "force": false
        },
        "locators": [
          {
            "id": "path/ordinal",
            "prob": 1,
            "value": "/HTML[1]/BODY[1]"
          }
        ]
      },
      "events": {
        "onGetData": "getData_control18_3NWOcR"
      },
      "intendedRole": "custom",
      "roles": "element,custom",
      "monitored": true,
      "frameXPath": "",
      "componentType": "custom"
    },
    "control21_RrSxQe": {
      "location": {
        "data": {
          "tagName": "IMG"
        },
        "userData": {
          "data": [],
          "force": false
        },
        "locators": [
          {
            "id": "img/@src",
            "prob": 1,
            "value": {
              "pathname": "/charge/theme/ngcrm/images/success_3.png"
            }
          },
          {
            "id": "@id/word",
            "prob": 1,
            "value": [
              "descendant::BODY[@id=\"body\"]//DIV[@id=\"commonSuccessViewDiv\"]/DIV[16]/DIV[1]/DIV[1]/IMG[1]",
              "descendant::BODY[@id=\"body\"]//DIV[@id=\"commonSuccessViewDiv\"]//IMG",
              "descendant::DIV[@id=\"commonSuccessViewDiv\"]//IMG"
            ]
          },
          {
            "id": "@class/word",
            "prob": 1,
            "value": "DIV.bc_cell.infoLeft.clearfix DIV.bc_cell.infoRight.clearfix IMG.bc_img.infoRight_left.bc"
          },
          {
            "id": "path/ordinal",
            "prob": 1,
            "value": "/HTML[1]/BODY[1]/DIV[1]/DIV[16]/DIV[1]/DIV[1]/IMG[1]"
          }
        ]
      },
      "roles": "element,image,button",
      "monitored": true,
      "frameXPath": "//iframe[contains(@id,'AFID_')]<<IFRAME>>",
      "componentType": "image"
    },
    "control22_PpVdVh": {
      "location": {
        "data": {
          "tagName": "DIV"
        },
        "userData": {
          "data": [],
          "force": false
        },
        "locators": [
          {
            "id": "@id/word",
            "prob": 4,
            "value": [
              "descendant::BODY[@id=\"body\"]//DIV[@id=\"commonSuccessViewDiv\"]//DIV[@id=\"cs_subsShoppingItemDatagrid\"]",
              "descendant::DIV[@id=\"commonSuccessViewDiv\"]//DIV[@id=\"cs_subsShoppingItemDatagrid\"]",
              "descendant::DIV[@id=\"cs_subsShoppingItemDatagrid\"]"
            ]
          },
          {
            "id": "@class/word",
            "prob": 1,
            "value": "DIV.page.bc_view.bc DIV.bc_cell.cellDiv DIV.bc_grid.paddin15.bc"
          },
          {
            "id": "path/ordinal",
            "prob": 1,
            "value": "/HTML[1]/BODY[1]/DIV[1]/DIV[16]/DIV[5]"
          }
        ]
      },
      "events": {
        "onGetData": "getData_control22_PpVdVh"
      },
      "intendedRole": "custom",
      "roles": "element,link,custom",
      "monitored": true,
      "frameXPath": "//iframe[contains(@id,'AFID_')]<<IFRAME>>",
      "componentType": "custom"
    },
    "control23_cbhC8c": {
      "location": {
        "data": {
          "tagName": "DIV"
        },
        "userData": {
          "data": [],
          "force": false
        },
        "locators": [
          {
            "id": "@class/word",
            "prob": 1,
            "ordinal": [
              0,
              4
            ],
            "value": "DIV.bc_cell.cellDiv DIV.bc_cell.buttCss.clearfix DIV.bc_cell.success_btn"
          },
          {
            "id": "path/ordinal",
            "prob": 1,
            "value": "/HTML[1]/BODY[1]/DIV[1]/DIV[16]/DIV[2]/TABLE[1]/TBODY[1]/TR[1]/TD[1]/DIV[1]"
          }
        ]
      },
      "intendedRole": "button",
      "roles": "element,button",
      "monitored": false,
      "frameXPath": "//iframe[contains(@id,'AFID_')]<<IFRAME>>",
      "componentType": "button"
    }
  },
  "contexts": {
    "context4_7bXXdv": {
      "controls": [
        "control15_GOX7aI",
        "control18_3NWOcR",
        "control21_RrSxQe",
        "control22_PpVdVh",
        "control23_cbhC8c"
      ],
      "anchors": [
        "control17_hSTy7M"
      ],
      "urlAnchor": []
    }
  },
  "flows": {
    "flow12_00GrxR": {
      "toContexts": [
        {
          "toContextId": "context4_7bXXdv"
        }
      ]
    },
    "flow13_idqAfk": {
      "fromContextId": "context4_7bXXdv",
      "fromAction": "doAction",
      "fromControlId": "control15_GOX7aI",
      "toContexts": [
        {
          "toContextId": "context4_7bXXdv"
        }
      ]
    },
    "flow14_slnx1S": {
      "fromContextId": "context4_7bXXdv",
      "fromAction": "doAction",
      "fromControlId": "control18_3NWOcR",
      "toContexts": [
        {
          "toContextId": "context4_7bXXdv"
        }
      ]
    }
  },
  "pages": {
    "page4_ZozLxk": {
      "contextId": "context4_7bXXdv",
      "layout": [
        {
          "id": "uiControl9_N9Bn5F",
          "controlId": "control15_GOX7aI",
          "display": {
            "adapterId": "custom",
            "type": "custom",
            "adapter": {
              "templateType": "react",
              "events": {
                "onDoAction": "doAction_uiControl9_N9Bn5F",
                "onGetTemplate": "getTemplate_uiControl9_N9Bn5F"
              }
            }
          }
        },
        {
          "id": "uiControl11_N7URbO",
          "controlId": "control18_3NWOcR",
          "display": {
            "adapterId": "custom",
            "type": "custom",
            "adapter": {
              "templateType": "react",
              "events": {
                "onDoAction": "doAction_uiControl11_N7URbO",
                "onGetTemplate": "getTemplate_uiControl11_N7URbO"
              }
            }
          }
        },
        {
          "id": "uiControl14_If9dMu",
          "controlId": "control21_RrSxQe",
          "display": {
            "adapterId": "image_link",
            "type": "image",
            "adapter": {
              "templateType": ""
            }
          }
        },
        {
          "id": "uiControl15_BRwuaX",
          "controlId": "control22_PpVdVh",
          "display": {
            "adapterId": "custom",
            "type": "custom",
            "adapter": {
              "templateType": "react",
              "events": {
                "onDoAction": "doAction_uiControl15_BRwuaX",
                "onGetTemplate": "getTemplate_uiControl15_BRwuaX"
              }
            }
          }
        },
        {
          "id": "uiControl16_crxEfm",
          "controlId": "control23_cbhC8c",
          "display": {
            "adapterId": "clickable",
            "type": "button",
            "amSize": "sm",
            "amStyle": "primary",
            "adapter": {
              "templateType": ""
            }
          }
        }
      ]
    }
  },
  "matchers": {
    "page/title": {
      "contexts": {
        "context4_7bXXdv": [
          "中国移动宁夏公司第三代CRM系统"
        ]
      }
    },
    "page/urls": {
      "contexts": {
        "context4_7bXXdv": [
          "218.203.103.203:8082/oc/bes/sm/login/phone.html?type=1"
        ]
      }
    },
    "page/ids": {
      "contexts": {
        "context4_7bXXdv": [
          [
            "AFID_",
            "attachChildsOperCancel",
            "datetimepicker_div",
            "day",
            "emailchoice",
            "iconclass",
            "ins_checkbox",
            "ins_mpuiconsendsms",
            "lockPageDiv",
            "lockpage_pwd",
            "middleFrame",
            "oclogin",
            "orderScrollbar",
            "popBox",
            "popNote",
            "popNoteBox",
            "rightheadermenu",
            "shoppingCartModify",
            "shoppingcartNumber",
            "shoppingcartPlat",
            "shoppingcartcheckout",
            "staticshoppingcar_close",
            "staticshoppingcar_open",
            "tab-scrollbar",
            "tip_footdiv",
            "top_gadget",
            "uee-",
            "uee-_bmeDSTImg",
            "uee-_input_img",
            "uee-_ueeDTMShowFmt",
            "uee-_value",
            "unlockpage_btn",
            "workPlace"
          ],
          [
            "AFID_",
            "datetimepicker_div",
            "emailchoice",
            "ins_mpuiconsendsms",
            "lockPageDiv",
            "lockpage_pwd",
            "middleFrame",
            "oclogin",
            "orderScrollbar",
            "popBox",
            "popNote",
            "popNoteBox",
            "rightheadermenu",
            "shoppingcartNumber",
            "shoppingcartPlat",
            "shoppingcartcheckout",
            "staticshoppingcar_close",
            "staticshoppingcar_open",
            "tab-scrollbar",
            "tip_footdiv",
            "top_gadget",
            "uee-",
            "uee-_bmeDSTImg",
            "uee-_input_img",
            "uee-_ueeDTMShowFmt",
            "uee-_value",
            "unlockpage_btn",
            "workPlace"
          ]
        ]
      }
    },
    "page/classes": {
      "contexts": {
        "context4_7bXXdv": [
          [
            "LeftScrollBar",
            "LeftxScrollBar",
            "ScrollbarArrow",
            "ScrollbarHandle",
            "ScrollbarHandleC",
            "ScrollbarHandleR",
            "ScrollbarTrack",
            "bes-ad-staticshoppingcar",
            "bes-common-pagecontext",
            "bes-oc-base-sectionright",
            "bes-oc-base-shoppingcart",
            "bf_tips",
            "bf_tips_container",
            "bf_tips_content",
            "btn_positive",
            "caiDanLianJie",
            "cart_num",
            "checkbox",
            "checked",
            "cn_bg",
            "cn_center",
            "cn_impl",
            "cn_left",
            "cn_right",
            "currentOrder",
            "currentOrderEmpty",
            "datetime_input",
            "datetimepicker_DST",
            "datetimepicker_div_trigger",
            "ele_normal",
            "fl",
            "floatCon",
            "font_left",
            "font_right",
            "foot",
            "form_control",
            "fr",
            "hasDatepicker",
            "hasSubItem",
            "head",
            "header_menu_child",
            "header_menu_grandchild",
            "icon",
            "icon_subscribe",
            "icon_unsubscribe",
            "label",
            "left",
            "lock",
            "lock_input",
            "main-right",
            "mb_",
            "menu_btn",
            "mid",
            "middle",
            "ml_",
            "mt_",
            "navigatorBar",
            "ng-binding",
            "ng-hide",
            "ng-scope",
            "normal_img",
            "ocshoppingcart",
            "orderList",
            "orderPkg",
            "order_content",
            "order_footer",
            "order_monthFree",
            "order_name",
            "order_opt",
            "order_time",
            "order_time_arrow",
            "order_title",
            "orderwrapper",
            "p",
            "panel",
            "panel_login",
            "pgHeader",
            "pl_content",
            "pl_title",
            "r_contnet",
            "right",
            "scrollbar_container",
            "scrollbar_container_inner",
            "scrollbar_container_outer",
            "selected",
            "selector",
            "shoppingCar",
            "shopping_Number",
            "shopping_close",
            "sub_ul",
            "tab",
            "tab-close",
            "tab-menu",
            "tab-popup",
            "tab-title",
            "tabCon",
            "tabcontainer",
            "toLeft",
            "uIcon",
            "u_name",
            "u_no",
            "uee",
            "uee-border",
            "uee-datetime",
            "uee-datetime-container",
            "uee-gadget",
            "uee-input",
            "uee-input-normal",
            "uee-inputele-view",
            "uee-ipt-ele",
            "w_right",
            "win_cover",
            "win_lock",
            "win_lock_bg",
            "windowBoxwrap",
            "wrap"
          ],
          [
            "LeftScrollBar",
            "LeftxScrollBar",
            "ScrollbarArrow",
            "ScrollbarHandle",
            "ScrollbarHandleC",
            "ScrollbarHandleR",
            "ScrollbarTrack",
            "bes-ad-staticshoppingcar",
            "bes-common-pagecontext",
            "bes-oc-base-sectionright",
            "bes-oc-base-shoppingcart",
            "bf_tips",
            "bf_tips_container",
            "bf_tips_content",
            "btn_negative",
            "caiDanLianJie",
            "cart_num",
            "checkbox",
            "checked",
            "cn_bg",
            "cn_center",
            "cn_impl",
            "cn_left",
            "cn_right",
            "currentOrder",
            "currentOrderEmpty",
            "datetime_input",
            "datetimepicker_DST",
            "datetimepicker_div_trigger",
            "disable",
            "ele_normal",
            "fl",
            "floatCon",
            "font_left",
            "font_right",
            "foot",
            "fr",
            "hasDatepicker",
            "head",
            "header_menu_child",
            "header_menu_grandchild",
            "hide",
            "icon",
            "label",
            "left",
            "lock",
            "lock_input",
            "main-right",
            "mb_",
            "menu_btn",
            "mid",
            "middle",
            "ml_",
            "mt_",
            "navigatorBar",
            "ng-binding",
            "ng-hide",
            "ng-scope",
            "normal_img",
            "ocshoppingcart",
            "order_content",
            "order_footer",
            "order_opt",
            "order_title",
            "p",
            "panel",
            "panel_login",
            "pgHeader",
            "pl_content",
            "pl_title",
            "r_contnet",
            "right",
            "scrollbar_container",
            "scrollbar_container_inner",
            "scrollbar_container_outer",
            "selected",
            "selector",
            "shoppingCar",
            "shopping_Number",
            "shopping_close",
            "tab",
            "tab-close",
            "tab-menu",
            "tab-popup",
            "tab-title",
            "tabCon",
            "tabcontainer",
            "toLeft",
            "uIcon",
            "u_name",
            "u_no",
            "uee",
            "uee-border",
            "uee-datetime",
            "uee-datetime-container",
            "uee-gadget",
            "uee-input",
            "uee-input-normal",
            "uee-inputele-view",
            "uee-ipt-ele",
            "w_right",
            "win_cover",
            "win_lock",
            "win_lock_bg",
            "windowBoxwrap",
            "wrap"
          ]
        ]
      }
    },
    "page/tagTriplets": {
      "contexts": {
        "context4_7bXXdv": [
          [
            "-/-/DIV",
            "-/-/SCRIPT",
            "-/-/UEE:INCLUDE",
            "-/DIV/DIV",
            "-/UEE:INCLUDE/DIV",
            "-/UEE:INCLUDE/LINK",
            "-/UEE:INCLUDE/META",
            "-/UEE:INCLUDE/STYLE",
            "-/UEE:INCLUDE/UEE:FIRE",
            "A/SPAN/UEE:FIRE",
            "DIV/A/SPAN",
            "DIV/DIV/A",
            "DIV/DIV/DIV",
            "DIV/DIV/H3",
            "DIV/DIV/IFRAME",
            "DIV/DIV/IMG",
            "DIV/DIV/INPUT-null",
            "DIV/DIV/INPUT-password",
            "DIV/DIV/LABEL",
            "DIV/DIV/P",
            "DIV/DIV/SPAN",
            "DIV/DIV/UEE:FIRE",
            "DIV/DIV/UEE:INCLUDE",
            "DIV/DIV/UL",
            "DIV/LABEL/INS",
            "DIV/LABEL/SPAN",
            "DIV/NG:SWITCH/DIV",
            "DIV/NG:SWITCH/INPUT-hidden",
            "DIV/SPAN/DIV",
            "DIV/SPAN/EM",
            "DIV/SPAN/SPAN",
            "DIV/SPAN/UEE:FIRE",
            "DIV/UEE:INCLUDE/DIV",
            "DIV/UEE:INCLUDE/UEE:FIRE",
            "DIV/UL/LI",
            "LABEL/INS/UEE:FIRE",
            "LABEL/SPAN/UEE:FIRE",
            "LI/DIV/DIV",
            "LI/DIV/SPAN",
            "LI/UL/LI",
            "NG:SWITCH/DIV/DIV",
            "SPAN/DIV/DIV",
            "SPAN/DIV/NG:SWITCH",
            "UEE:INCLUDE/DIV/A",
            "UEE:INCLUDE/DIV/BR",
            "UEE:INCLUDE/DIV/DIV",
            "UEE:INCLUDE/DIV/IFRAME",
            "UEE:INCLUDE/DIV/LINK",
            "UEE:INCLUDE/DIV/SPAN",
            "UEE:INCLUDE/DIV/UEE:FIRE",
            "UL/LI/DIV",
            "UL/LI/UL"
          ],
          [
            "-/-/DIV",
            "-/-/SCRIPT",
            "-/-/UEE:INCLUDE",
            "-/DIV/DIV",
            "-/UEE:INCLUDE/DIV",
            "-/UEE:INCLUDE/LINK",
            "-/UEE:INCLUDE/META",
            "-/UEE:INCLUDE/STYLE",
            "-/UEE:INCLUDE/UEE:FIRE",
            "A/SPAN/UEE:FIRE",
            "DIV/A/SPAN",
            "DIV/DIV/A",
            "DIV/DIV/DIV",
            "DIV/DIV/H3",
            "DIV/DIV/IFRAME",
            "DIV/DIV/IMG",
            "DIV/DIV/INPUT-null",
            "DIV/DIV/INPUT-password",
            "DIV/DIV/LABEL",
            "DIV/DIV/P",
            "DIV/DIV/SPAN",
            "DIV/DIV/UEE:FIRE",
            "DIV/DIV/UEE:INCLUDE",
            "DIV/DIV/UL",
            "DIV/LABEL/INS",
            "DIV/LABEL/SPAN",
            "DIV/NG:SWITCH/DIV",
            "DIV/NG:SWITCH/INPUT-hidden",
            "DIV/SPAN/DIV",
            "DIV/SPAN/EM",
            "DIV/SPAN/SPAN",
            "DIV/SPAN/UEE:FIRE",
            "DIV/UEE:INCLUDE/DIV",
            "DIV/UEE:INCLUDE/UEE:FIRE",
            "DIV/UL/LI",
            "LABEL/INS/UEE:FIRE",
            "LABEL/SPAN/UEE:FIRE",
            "LI/DIV/SPAN",
            "NG:SWITCH/DIV/DIV",
            "SPAN/DIV/DIV",
            "SPAN/DIV/NG:SWITCH",
            "UEE:INCLUDE/DIV/A",
            "UEE:INCLUDE/DIV/BR",
            "UEE:INCLUDE/DIV/DIV",
            "UEE:INCLUDE/DIV/IFRAME",
            "UEE:INCLUDE/DIV/LINK",
            "UEE:INCLUDE/DIV/SPAN",
            "UEE:INCLUDE/DIV/UEE:FIRE",
            "UL/LI/DIV"
          ]
        ]
      }
    }
  }
}