{
  "version": "0.1",
  "id": "lks_publish",
  "targetURL": "http://oa.sec.com.cn/lks/koa/lks_publish.nsf/0/B54963A3C235652B482582C60044586F?opendocument&userAd=lc_gp4",
  "jsFile": "index.js",
  "requires": {
    "returnMsg": "../returnMsg/index.json"
  },
  "chineseName": "发布通知",
  "description": "",
  "firstPaintEnable": false,
  "controls": {
    "control186_SXUMT0": {
      "location": {
        "data": {
          "tagName": "FONT"
        },
        "userData": {
          "data": [],
          "force": false
        },
        "locators": [
          {
            "id": "path/ordinal",
            "prob": 1,
            "value": "/HTML[1]/BODY[1]/FORM[1]/DIV[1]/B[1]/FONT[1]"
          },
          {
            "id": "elderLevel",
            "value": {
              "level": 0
            }
          }
        ]
      },
      "events": {
        "onGetData": "getData_control186_SXUMT0"
      },
      "intendedRole": "custom",
      "roles": "element,custom",
      "monitored": true,
      "frameXPath": "",
      "componentType": "custom"
    },
    "control187_pOCeIr": {
      "location": {
        "data": {
          "tagName": "TD"
        },
        "userData": {
          "data": [],
          "force": false
        },
        "locators": [
          {
            "id": "@id/word",
            "prob": 2,
            "value": "descendant::TABLE[@id=\"labelTable\"]/TBODY[1]/TR[1]/TD[1]"
          },
          {
            "id": "@class/word",
            "prob": 1,
            "value": "TABLE.labeltb TR.tbbg TD.tbbg"
          },
          {
            "id": "path/ordinal",
            "prob": 1,
            "value": "/HTML[1]/BODY[1]/FORM[1]/CENTER[1]/TABLE[1]/TBODY[1]/TR[1]/TD[1]"
          }
        ]
      },
      "events": {
        "onGetData": "getData_control187_pOCeIr"
      },
      "intendedRole": "custom",
      "roles": "element,custom",
      "monitored": true,
      "frameXPath": "",
      "componentType": "custom"
    },
    "control189_Rf4UyS": {
      "location": {
        "data": {
          "tagName": "TABLE"
        },
        "userData": {
          "data": [],
          "force": false
        },
        "locators": [
          {
            "id": "@id/word",
            "prob": 3,
            "value": "descendant::TABLE[@id=\"labelTable\"]"
          },
          {
            "id": "@class/word",
            "prob": 1,
            "value": "TABLE.labeltb"
          },
          {
            "id": "path/ordinal",
            "prob": 1,
            "value": "/HTML[1]/BODY[1]/FORM[1]/CENTER[1]/TABLE[1]"
          }
        ]
      },
      "events": {
        "onGetData": "getData_control189_Rf4UyS"
      },
      "intendedRole": "custom",
      "roles": "element,custom",
      "monitored": true,
      "frameXPath": "",
      "componentType": "custom"
    },
    "control190_gJ7k3Z": {
      "location": {
        "data": {
          "tagName": "TABLE"
        },
        "userData": {
          "data": [],
          "force": false
        },
        "locators": [
          {
            "id": "@id/word",
            "prob": 3,
            "value": [
              "descendant::SPAN[@id=\"spanHTMLTable\"]//TABLE[@id=\"Maintable\"]",
              "descendant::TABLE[@id=\"Maintable\"]"
            ]
          },
          {
            "id": "path/ordinal",
            "prob": 1,
            "value": "/HTML[1]/BODY[1]/FORM[1]/SPAN[1]/TABLE[2]"
          }
        ]
      },
      "events": {
        "onGetData": "getData_control190_gJ7k3Z"
      },
      "intendedRole": "custom",
      "roles": "element,custom",
      "monitored": true,
      "frameXPath": "//iframe[@id='if_subform']<<IFRAME>>",
      "componentType": "custom"
    },
    "control191_DbcoZB": {
      "location": {
        "data": {
          "tagName": "TABLE"
        },
        "userData": {
          "data": [],
          "force": false
        },
        "locators": [
          {
            "id": "@id/word",
            "prob": 3,
            "value": "descendant::TABLE[@id=\"labelTable\"]"
          },
          {
            "id": "@class/word",
            "prob": 1,
            "value": "TABLE.labeltb"
          },
          {
            "id": "path/ordinal",
            "prob": 1,
            "value": "/HTML[1]/BODY[1]/FORM[1]/CENTER[1]/TABLE[1]"
          }
        ]
      },
      "events": {
        "onGetData": "getData_control191_DbcoZB"
      },
      "intendedRole": "custom",
      "roles": "element,custom",
      "monitored": true,
      "frameXPath": "",
      "componentType": "custom"
    },
    "control192_42HZ9Z": {
      "location": {
        "data": {
          "tagName": "TD"
        },
        "userData": {
          "data": [],
          "force": false
        },
        "locators": [
          {
            "id": "@class/word",
            "prob": 1,
            "value": "TD.tbmenudoc"
          },
          {
            "id": "path/ordinal",
            "prob": 1,
            "value": "/HTML[1]/BODY[1]/FORM[1]/TABLE[2]/TBODY[1]/TR[1]/TD[1]"
          }
        ]
      },
      "events": {
        "onGetData": "getData_control192_42HZ9Z"
      },
      "intendedRole": "custom",
      "roles": "element,custom",
      "monitored": true,
      "frameXPath": "",
      "componentType": "custom"
    },
    "control193_KS6oRT": {
      "location": {
        "data": {
          "tagName": "TABLE"
        },
        "userData": {
          "data": [],
          "force": false
        },
        "locators": [
          {
            "id": "@id/word",
            "prob": 3,
            "value": "descendant::TABLE[@id=\"labelTable\"]"
          },
          {
            "id": "@class/word",
            "prob": 1,
            "value": "TABLE.labeltb"
          },
          {
            "id": "path/ordinal",
            "prob": 1,
            "value": "/HTML[1]/BODY[1]/FORM[1]/CENTER[1]/TABLE[1]"
          }
        ]
      },
      "events": {
        "onGetData": "getData_control193_KS6oRT"
      },
      "intendedRole": "custom",
      "roles": "element,custom",
      "monitored": true,
      "frameXPath": "",
      "componentType": "custom"
    }
  },
  "contexts": {
    "context3_gAmRmv": {
      "controls": [
        "control186_SXUMT0",
        "control187_pOCeIr",
        "control189_Rf4UyS",
        "control190_gJ7k3Z",
        "control191_DbcoZB",
        "control192_42HZ9Z",
        "control193_KS6oRT"
      ],
      "anchors": [],
      "urlAnchor": [
        ".*\\/lks_publish.nsf\\/[^(FM_)].*\\/.*"
      ]
    }
  },
  "flows": {
    "flow119_f7vNXl": {
      "toContexts": [
        {
          "toContextId": "context3_gAmRmv"
        }
      ]
    },
    "flow120_4FdBXR": {
      "fromContextId": "context3_gAmRmv",
      "fromAction": "doAction",
      "fromControlId": "control187_pOCeIr",
      "toContexts": [
        {
          "toContextId": "context3_gAmRmv"
        }
      ]
    },
    "flow121_2zP7IO": {
      "fromContextId": "context3_gAmRmv",
      "fromAction": "doAction",
      "fromControlId": "control192_42HZ9Z",
      "toContexts": [
        {
          "toContextId": "context3_gAmRmv"
        },
        {
          "toContextId": "context7_adlfZy",
          "toModelId": "returnMsg"
        }
      ]
    }
  },
  "pages": {
    "page3_VFfGSH": {
      "contextId": "context3_gAmRmv",
      "layout": [
        {
          "id": "uiControl201_eumyIa",
          "controlId": "control186_SXUMT0",
          "display": {
            "adapterId": "custom",
            "type": "custom",
            "adapter": {
              "templateType": "react",
              "events": {
                "onDoAction": "doAction_uiControl201_eumyIa",
                "onGetTemplate": "getTemplate_uiControl201_eumyIa"
              }
            }
          }
        },
        {
          "id": "uiControl202_90EhTn",
          "controlId": "control187_pOCeIr",
          "display": {
            "adapterId": "custom",
            "type": "custom",
            "adapter": {
              "templateType": "react",
              "events": {
                "onDoAction": "doAction_uiControl202_90EhTn",
                "onGetTemplate": "getTemplate_uiControl202_90EhTn"
              }
            }
          }
        },
        {
          "id": "uiControl206_smvOTT",
          "controlId": "control191_DbcoZB",
          "display": {
            "adapterId": "custom",
            "type": "custom",
            "adapter": {
              "templateType": "react",
              "events": {
                "onDoAction": "doAction_uiControl206_smvOTT",
                "onGetTemplate": "getTemplate_uiControl206_smvOTT"
              }
            }
          }
        },
        {
          "id": "uiControl205_ZHt58s",
          "controlId": "control190_gJ7k3Z",
          "display": {
            "adapterId": "custom",
            "type": "custom",
            "adapter": {
              "templateType": "react",
              "events": {
                "onDoAction": "doAction_uiControl205_ZHt58s",
                "onGetTemplate": "getTemplate_uiControl205_ZHt58s"
              }
            }
          }
        },
        {
          "id": "uiControl209_ZCOgvE",
          "controlId": "control193_KS6oRT",
          "display": {
            "adapterId": "custom",
            "type": "custom",
            "adapter": {
              "templateType": "react",
              "events": {
                "onDoAction": "doAction_uiControl209_ZCOgvE",
                "onGetTemplate": "getTemplate_uiControl209_ZCOgvE"
              }
            }
          }
        },
        {
          "id": "uiControl207_Qm2I6f",
          "display": {
            "type": "sticky",
            "adapterId": "sticky",
            "position": "bottom",
            "adapter": {
              "templateType": ""
            }
          },
          "layout": [
            {
              "id": "uiControl207_Qm2I6fbody",
              "display": {
                "type": "stickyBody",
                "adapterId": "stickyBody",
                "adapter": {
                  "templateType": ""
                }
              },
              "layout": [
                {
                  "id": "uiControl208_HaJnTq",
                  "controlId": "control192_42HZ9Z",
                  "display": {
                    "adapterId": "custom",
                    "type": "custom",
                    "adapter": {
                      "templateType": "react",
                      "events": {
                        "onDoAction": "doAction_uiControl208_HaJnTq",
                        "onGetTemplate": "getTemplate_uiControl208_HaJnTq"
                      }
                    }
                  }
                }
              ]
            }
          ]
        },
        {
          "id": "uiControl204_69H9PT",
          "controlId": "control189_Rf4UyS",
          "display": {
            "adapterId": "custom",
            "type": "custom",
            "adapter": {
              "templateType": "react",
              "events": {
                "onDoAction": "doAction_uiControl204_69H9PT",
                "onGetTemplate": "getTemplate_uiControl204_69H9PT"
              }
            }
          }
        }
      ]
    }
  },
  "matchers": {
    "page/title": {
      "contexts": {
        "context3_gAmRmv": [
          "深圳能源集团OA系统_资讯管理_产权法律部总经理章红星代职通知",
          "深圳能源集团OA系统_资讯管理_集团领导_总裁王平洋代职通知",
          "深圳能源集团OA系统_资讯管理_能源创新研究院院长王荣代职通知"
        ]
      }
    },
    "page/urls": {
      "contexts": {
        "context3_gAmRmv": [
          "oa.sec.com.cn/lks/koa/lks_publish.nsf/0/B54963A3C235652B482582C60044586F?opendocument&userAd=lc_gp4",
          "oa.sec.com.cn/lks/koa/lks_publish.nsf/0/B54963A3C235652B482582C60044586F?opendocument",
          "oa.sec.com.cn/lks/koa/lks_publish.nsf/0/06B224BDEF476D1A4825830B003236E2?opendocument&userAd=lc_gp4",
          "oa.sec.com.cn/lks/koa/lks_publish.nsf/0/89BAC6030FFA8F32482582FF0024B89A?opendocument&m_Seq=0.1013961156457428"
        ]
      }
    },
    "page/ids": {
      "contexts": {
        "context3_gAmRmv": [
          [
            "AttachmentDiv",
            "AttachmentOCX",
            "F_AboHistoryDiv",
            "F_BodyDiv",
            "F_BodyView",
            "F_HitsDiv",
            "F_KADocsPath",
            "F_KADocsTitle",
            "F_RecHistoryDiv",
            "F_VisitorDiv",
            "FlowLog_MainTable",
            "ReviewRec",
            "ReviewSpan",
            "ReviewSpanH",
            "Sys_EsaField",
            "VWVERSIONVWROW_",
            "VW_VERSION",
            "VW_VWVERSION",
            "buLabel",
            "dLinks",
            "dealType",
            "dealType_",
            "if_subform",
            "isSF_Public",
            "labelTable",
            "moreImg",
            "readRec",
            "readSpan",
            "readSpanH",
            "readTimes",
            "reclog",
            "reclogSpan",
            "reclogSpanH",
            "reviewDiv",
            "tb_",
            "timeStrFull_"
          ]
        ]
      }
    },
    "page/classes": {
      "contexts": {
        "context3_gAmRmv": [
          [
            "TbView",
            "TrViewFirst",
            "btnmenudoc",
            "labelbg",
            "labeltb",
            "tbbg",
            "tbmenudoc",
            "tdbg",
            "trbg"
          ]
        ]
      }
    },
    "page/tagTriplets": {
      "contexts": {
        "context3_gAmRmv": [
          [
            "-/-/FORM",
            "-/-/SCRIPT",
            "-/FORM/BR",
            "-/FORM/CENTER",
            "-/FORM/DIV",
            "-/FORM/SCRIPT",
            "-/FORM/TABLE",
            "A/B/IMG",
            "CENTER/TABLE/TBODY",
            "DIV/B/FONT",
            "DIV/TABLE/TBODY",
            "FORM/CENTER/TABLE",
            "FORM/DIV/B",
            "FORM/TABLE/TBODY",
            "P/OBJECT/PARAM",
            "P/TABLE/TBODY",
            "TABLE/TBODY/TR",
            "TBODY/TR/TD",
            "TD/A/B",
            "TD/DIV/B",
            "TD/DIV/FONT",
            "TD/DIV/INPUT-button",
            "TD/DIV/TABLE",
            "TD/FONT/A",
            "TD/P/BR",
            "TD/P/FONT",
            "TD/P/INPUT-button",
            "TD/P/OBJECT",
            "TD/P/SCRIPT",
            "TD/P/SPAN",
            "TD/P/TABLE",
            "TD/SPAN/B",
            "TD/SPAN/IMG",
            "TD/SPAN/TEXTAREA",
            "TD/TABLE/TBODY",
            "TR/TD/A",
            "TR/TD/B",
            "TR/TD/BR",
            "TR/TD/DIV",
            "TR/TD/FONT",
            "TR/TD/IFRAME",
            "TR/TD/IMG",
            "TR/TD/INPUT-button",
            "TR/TD/INPUT-null",
            "TR/TD/P",
            "TR/TD/SCRIPT",
            "TR/TD/SPAN",
            "TR/TD/STYLE",
            "TR/TD/TABLE",
            "TR/TD/TEXTAREA",
            "TR/TD/UL"
          ]
        ]
      }
    }
  }
}