{"version":"0.1","id":"ad_expense_add","targetURL":"https://7.carpoly.com/ekp/cm/fee/cm_fee_ad_expense/cmFeeAdExpense.do?method=add&s_css=default","jsFile":"index.js","requires":{"lbpm_usage":"../lbpm_usage/index.json","add_apply_info":"../add_apply_info/index.json","success":"../success/index.json"},"chineseName":"广告报销新建","description":"","controls":{"control7_CC13Fx":{"location":{"data":{"tagName":"IFRAME"},"userData":{"data":[],"force":false},"locators":[{"id":"@id/word","prob":2,"value":["descendant::DIV[@id=\"dialog_iframe\"]/DIV[1]/DIV[1]/IFRAME[1]","descendant::DIV[@id=\"dialog_iframe\"]//IFRAME"]},{"id":"@class/word","prob":1,"value":"DIV.lui_dialog_container.clearfloat DIV.lui-component DIV.lui_dialog_content IFRAME"},{"id":"path/ordinal","prob":1,"value":"/HTML[1]/BODY[1]/DIV[1]/DIV[1]/DIV[2]/DIV[1]/DIV[1]/DIV[1]/DIV[1]/DIV[1]/DIV[1]/IFRAME[1]"},{"id":"elderLevel","value":{"level":0}}]},"intendedRole":"dialog","roles":"element,dialog","monitored":false,"frameXPath":""},"control8_skXTA5":{"location":{"data":{"tagName":"DIV"},"userData":{"data":[],"force":false},"locators":[{"id":"@class/word","prob":1,"value":"DIV.lui_dialog_headL DIV.lui_dialog_headR DIV.lui_dialog_head"},{"id":"path/ordinal","prob":1,"ordinal":[0,2],"value":"/HTML[1]/BODY[1]/DIV[1]/DIV[1]/DIV[1]/DIV[1]/DIV[1]"}]},"events":{"onGetData":"getData_control8_skXTA5"},"intendedRole":"custom","roles":"element,custom","monitored":true,"frameXPath":""},"control11_7FBm8d":{"location":{"data":{"tagName":"IFRAME"},"userData":{"data":[],"force":false},"locators":[{"id":"@id/word","prob":2,"value":["descendant::DIV[@id=\"dialog_iframe\"]/DIV[1]/DIV[1]/IFRAME[1]","descendant::DIV[@id=\"dialog_iframe\"]//IFRAME"]},{"id":"@class/word","prob":1,"value":"DIV.lui_dialog_container.clearfloat DIV.lui-component DIV.lui_dialog_content IFRAME"},{"id":"path/ordinal","prob":1,"value":"/HTML[1]/BODY[1]/DIV[1]/DIV[1]/DIV[2]/DIV[1]/DIV[1]/DIV[1]/DIV[1]/DIV[1]/DIV[1]/IFRAME[1]"},{"id":"elderLevel","value":{"level":0}}]},"events":{"onGetData":"getData_control11_7FBm8d"},"intendedRole":"custom","roles":"element,custom","monitored":true,"frameXPath":""},"control12_Ex4tFT":{"location":{"data":{"tagName":"P"},"userData":{"data":[],"force":false},"locators":[{"id":"@class/word","prob":1,"value":"DIV.lui_form_content_frame P.txttitle"},{"id":"path/ordinal","prob":1,"value":"/HTML[1]/BODY[1]/FORM[1]/DIV[1]/DIV[1]/P[1]"},{"id":"style/color","value":[62,158,206]},{"id":"elderLevel","value":{"level":0}}]},"events":{"onGetData":"getData_control12_Ex4tFT"},"intendedRole":"custom","roles":"element,custom","monitored":true,"frameXPath":""},"control13_5HtI7R":{"location":{"data":{"tagName":"TABLE"},"userData":{"data":[],"force":false},"locators":[{"id":"@class/word","prob":1,"value":"DIV.lui_form_content_frame TABLE.tb_normal"},{"id":"path/ordinal","prob":1,"value":"/HTML[1]/BODY[1]/FORM[1]/DIV[1]/TABLE[1]"}]},"events":{"onGetData":"getData_control13_5HtI7R"},"intendedRole":"custom","roles":"element,link,custom","monitored":true,"frameXPath":""},"control15_klTfr4":{"location":{"data":{"tagName":"TABLE"},"userData":{"data":[],"force":false},"locators":[{"id":"@class/word","prob":1,"value":"DIV.lui_form_content_frame TABLE.tb_normal"},{"id":"path/ordinal","prob":1,"value":"/HTML[1]/BODY[1]/FORM[1]/DIV[1]/TABLE[1]"}]},"events":{"onGetData":"getData_control15_klTfr4"},"intendedRole":"custom","roles":"element,link,custom","monitored":true,"frameXPath":""},"control16_3ZxiGd":{"location":{"data":{"tagName":"TABLE"},"userData":{"data":[],"force":false},"locators":[{"id":"@id/word","prob":2,"value":["descendant::DIV[@id=\"process_review_tabcontent\"]/TABLE[1]","descendant::DIV[@id=\"process_review_tabcontent\"]//TABLE"]},{"id":"@class/word","prob":1,"value":"DIV.lui_panel_content_inside DIV.lui-component TABLE.tb_normal.process_review_panel"},{"id":"path/ordinal","prob":1,"value":"/HTML[1]/BODY[1]/FORM[1]/DIV[2]/DIV[1]/DIV[1]/DIV[1]/DIV[2]/DIV[1]/DIV[1]/DIV[1]/DIV[1]/DIV[1]/TABLE[1]"}]},"events":{"onGetData":"getData_control16_3ZxiGd"},"intendedRole":"custom","roles":"element,custom","monitored":true,"frameXPath":""},"control17_idT00t":{"location":{"data":{"tagName":"TABLE"},"userData":{"data":[],"force":false},"locators":[{"id":"@class/word","prob":1,"ordinal":[0,8],"value":"TABLE.tb_noborder"},{"id":"path/ordinal","prob":1,"value":"/HTML[1]/BODY[1]/DIV[1]/DIV[1]/TABLE[1]"}]},"events":{"onGetData":"getData_control17_idT00t"},"intendedRole":"custom","roles":"element,custom","monitored":true,"frameXPath":"//iframe[1]<<IFRAME>>"},"control18_aDRW9E":{"location":{"data":{"tagName":"TABLE"},"userData":{"data":[],"force":false},"locators":[{"id":"@class/word","prob":1,"value":"DIV.lui_toolbar_left DIV.lui_toolbar_right DIV.lui_toolbar_content TABLE"},{"id":"path/ordinal","prob":1,"value":"/HTML[1]/BODY[1]/DIV[1]/DIV[1]/DIV[1]/DIV[1]/DIV[1]/DIV[1]/TABLE[1]"}]},"events":{"onGetData":"getData_control18_aDRW9E"},"intendedRole":"custom","roles":"element,custom","monitored":true,"frameXPath":""},"control19_HMXKax":{"location":{"data":{"tagName":"DIV"},"userData":{"data":[],"force":false},"locators":[{"id":"@class/word","prob":1,"value":"DIV.lui_dialog_container.clearfloat DIV.lui-component DIV.lui_dialog_common_content_right"},{"id":"path/ordinal","prob":1,"value":"/HTML[1]/BODY[1]/DIV[1]/DIV[1]/DIV[2]/DIV[1]/DIV[1]/DIV[1]/DIV[1]/DIV[2]"}]},"intendedRole":"dialog","roles":"element,dialog","monitored":false,"frameXPath":""},"control20_4OgTCC":{"location":{"data":{"tagName":"DIV"},"userData":{"data":[],"force":false},"locators":[{"id":"text","prob":3,"value":{"text":["当前页面处于编辑状态，你的数据可能未保存，是否仍要关闭窗口？"],"visText":["当前页面处于编辑状态，你的数据可能未保存，是否仍要关闭窗口？"]}},{"id":"@class/word","prob":1,"value":"DIV.lui-component DIV.lui_dialog_common_content_right DIV.lui_dialog_common_content_inside"},{"id":"path/ordinal","prob":1,"value":"/HTML[1]/BODY[1]/DIV[1]/DIV[1]/DIV[2]/DIV[1]/DIV[1]/DIV[1]/DIV[1]/DIV[2]/DIV[1]"},{"id":"elderLevel","value":{"level":0}}]},"roles":"element","content":true,"monitored":true,"frameXPath":""},"control22_UGb2yl":{"location":{"data":{"tagName":"DIV"},"userData":{"data":[],"force":false},"locators":[{"id":"@class/word","prob":1,"value":"DIV.lui_dialog_common_content_right DIV.lui_dialog_common_buttons.clearfloat DIV.lui_dialog_buttons_container"},{"id":"path/ordinal","prob":1,"value":"/HTML[1]/BODY[1]/DIV[1]/DIV[1]/DIV[2]/DIV[1]/DIV[1]/DIV[1]/DIV[1]/DIV[2]/DIV[2]/DIV[1]"}]},"events":{"onGetData":"getData_control22_UGb2yl"},"intendedRole":"custom","roles":"element,custom","monitored":true,"frameXPath":""},"control32_BQdAcL":{"location":{"data":{"tagName":"DIV"},"userData":{"data":[],"force":false},"locators":[{"id":"text","prob":3,"value":{"text":["很抱歉，未找到相应的记录！"],"visText":["很抱歉，未找到相应的记录！"]}},{"id":"@id/partialWord","prob":1,"disabled":true,"value":{"elemId":"lui-id-3","tagName":"DIV","prefix":"DIV[@id=\"listview\"]//","suffix":"/DIV[4]/DIV[1]/DIV[1]/DIV[1]/DIV[1]/DIV[1]/DIV[1]/DIV[2]/DIV[1]/DIV[1]","ratio":0.23}},{"id":"@class/word","prob":1,"ordinal":[0,8],"value":"DIV.prompt_content_right DIV.prompt_content_inside DIV.msgtitle"},{"id":"path/ordinal","prob":1,"value":"/HTML[1]/BODY[1]/DIV[1]/DIV[1]/DIV[1]/DIV[1]/DIV[4]/DIV[1]/DIV[1]/DIV[1]/DIV[1]/DIV[1]/DIV[1]/DIV[2]/DIV[1]/DIV[1]"},{"id":"style/color","value":[62,158,206]},{"id":"elderLevel","value":{"level":0}}]},"roles":"element","content":true,"monitored":true,"frameXPath":"//iframe[1]<<IFRAME>>"}},"contexts":{"context2_mX3z0R":{"controls":["control7_CC13Fx","control8_skXTA5","control11_7FBm8d","control12_Ex4tFT","control13_5HtI7R","control15_klTfr4","control16_3ZxiGd","control17_idT00t","control18_aDRW9E","control19_HMXKax","control20_4OgTCC","control22_UGb2yl","control32_BQdAcL"],"anchors":[],"urlAnchor":[]}},"flows":{"flow8_0ZSQEd":{"toContexts":[{"toContextId":"context2_mX3z0R"}]},"flow11_F2Gs31":{"fromContextId":"context2_mX3z0R","fromAction":"doAction","fromControlId":"control11_7FBm8d","toContexts":[{"toContextId":"context2_mX3z0R"}]},"flow12_bNJymL":{"fromContextId":"context2_mX3z0R","fromAction":"doAction","fromControlId":"control16_3ZxiGd","toContexts":[{"toContextId":"context2_mX3z0R"},{"toContextId":"context3_fbHeAS","toModelId":"lbpm_usage"}]},"flow13_ubBcQP":{"fromContextId":"context2_mX3z0R","fromAction":"doAction","fromControlId":"control13_5HtI7R","toContexts":[{"toContextId":"context2_mX3z0R"},{"toContextId":"context2_FrQKIQ","toModelId":"add_apply_info"}]},"flow14_b5IvZd":{"fromContextId":"context2_mX3z0R","fromAction":"doAction","fromControlId":"control8_skXTA5","toContexts":[{"toContextId":"context2_mX3z0R"}]},"flow17_un6Jer":{"fromContextId":"context2_mX3z0R","fromAction":"doAction","fromControlId":"control17_idT00t","toContexts":[{"toContextId":"context2_mX3z0R"}]},"flow18_qHqAIR":{"fromContextId":"context2_mX3z0R","fromAction":"doAction","fromControlId":"control15_klTfr4","toContexts":[{"toContextId":"context2_mX3z0R"}]},"flow19_NUD05r":{"fromContextId":"context2_mX3z0R","fromAction":"click","fromControlId":"control7_CC13Fx","toContexts":[{"toContextId":"context2_mX3z0R"}]},"flow20_bJulg8":{"fromContextId":"context2_mX3z0R","fromAction":"doAction","fromControlId":"control18_aDRW9E","toContexts":[{"toContextId":"context2_mX3z0R"},{"toContextId":"context6_89mKlb","toModelId":"success"}]},"flow21_CHg3S9":{"fromContextId":"context2_mX3z0R","fromAction":"doAction","fromControlId":"control22_UGb2yl","toContexts":[{"toContextId":"context2_mX3z0R"}]}},"pages":{"page2_MMwhwe":{"contextId":"context2_mX3z0R","layout":[{"id":"uiControl14_dz1FcJ","controlId":"control12_Ex4tFT","display":{"adapterId":"custom","type":"custom","adapter":{"templateType":"react","events":{"onDoAction":"doAction_uiControl14_dz1FcJ","onGetTemplate":"getTemplate_uiControl14_dz1FcJ"}}}},{"id":"uiControl8_gbyLpJ","controlId":"control7_CC13Fx","display":{"adapterId":"dialog","type":"dialog","class":"ui-dialog","adapter":{"templateType":""}},"layout":[{"id":"uiControl8_gbyLpJbody","display":{"type":"dialogBody","adapterId":"dialogBody","adapter":{"templateType":""}},"layout":[{"id":"uiControl12_WvraoH","controlId":"control8_skXTA5","display":{"adapterId":"custom","type":"custom","adapter":{"templateType":"react","events":{"onDoAction":"doAction_uiControl12_WvraoH","onGetTemplate":"getTemplate_uiControl12_WvraoH"}}}}]},{"id":"uiControl8_gbyLpJfooter","display":{"type":"dialogFooter","adapterId":"dialogFooter","adapter":{"templateType":""}},"layout":[{"id":"uiControl37_pDIgzU","controlId":"control32_BQdAcL","display":{"adapterId":"content","type":"content","class":"data-empty","adapter":{"templateType":""}}},{"id":"uiControl13_zfF7UM","controlId":"control11_7FBm8d","display":{"adapterId":"custom","type":"custom","adapter":{"templateType":"react","events":{"onDoAction":"doAction_uiControl13_zfF7UM","onGetTemplate":"getTemplate_uiControl13_zfF7UM"}}}},{"id":"uiControl21_vhfGNf","controlId":"control17_idT00t","display":{"adapterId":"custom","type":"custom","adapter":{"templateType":"react","events":{"onDoAction":"doAction_uiControl21_vhfGNf","onGetTemplate":"getTemplate_uiControl21_vhfGNf"}}}}]}]},{"id":"uiControl16_M0TtFn","controlId":"control13_5HtI7R","display":{"adapterId":"custom","type":"custom","adapter":{"templateType":"react","events":{"onDoAction":"doAction_uiControl16_M0TtFn","onGetTemplate":"getTemplate_uiControl16_M0TtFn"}}}},{"id":"uiControl19_9Dsh2J","controlId":"control15_klTfr4","display":{"adapterId":"custom","type":"custom","adapter":{"templateType":"react","events":{"onDoAction":"doAction_uiControl19_9Dsh2J","onGetTemplate":"getTemplate_uiControl19_9Dsh2J"}}}},{"id":"uiControl24_ncZOGT","controlId":"control19_HMXKax","display":{"adapterId":"dialog","type":"dialog","adapter":{"templateType":""}},"layout":[{"id":"uiControl24_ncZOGTbody","display":{"type":"dialogBody","adapterId":"dialogBody","adapter":{"templateType":""}},"layout":[{"id":"uiControl25_53VyV0","controlId":"control20_4OgTCC","display":{"adapterId":"content","type":"content","adapter":{"templateType":""}}}]},{"id":"uiControl24_ncZOGTfooter","display":{"type":"dialogFooter","adapterId":"dialogFooter","adapter":{"templateType":""}},"layout":[{"id":"uiControl26_U0VGcQ","controlId":"control22_UGb2yl","display":{"adapterId":"custom","type":"custom","adapter":{"templateType":"react","events":{"onDoAction":"doAction_uiControl26_U0VGcQ","onGetTemplate":"getTemplate_uiControl26_U0VGcQ"}}}}]}]},{"id":"uiControl20_Or4rTp","controlId":"control16_3ZxiGd","display":{"adapterId":"custom","type":"custom","adapter":{"templateType":"react","events":{"onDoAction":"doAction_uiControl20_Or4rTp","onGetTemplate":"getTemplate_uiControl20_Or4rTp"}}}},{"id":"uiControl22_1x8sZi","display":{"type":"sticky","adapterId":"sticky","adapter":{"templateType":""}},"layout":[{"id":"uiControl22_1x8sZibody","display":{"type":"stickyBody","adapterId":"stickyBody","adapter":{"templateType":""}},"layout":[{"id":"uiControl23_tL7r1b","controlId":"control18_aDRW9E","display":{"adapterId":"custom","type":"custom","adapter":{"templateType":"react","events":{"onDoAction":"doAction_uiControl23_tL7r1b","onGetTemplate":"getTemplate_uiControl23_tL7r1b"}}}}]}]}]}},"matchers":{"page/title":{"contexts":{"context2_mX3z0R":["新建 - 费用支持管理"],"context0_AVhQV2":["登陆营销云平台","自定义审批语"]}},"page/urls":{"contexts":{"context2_mX3z0R":["7.carpoly.com/ekp/cm/fee/cm_fee_ad_expense/cmFeeAdExpense.do?method=add&s_css=default","7.carpoly.com/ekp/cm/fee/cm_fee_ad_expense/cmFeeAdExpense.do?method=add&cmBaseDeptId=1542c110badd9e9603cb3f44e60bd484","7.carpoly.com/ekp/cm/fee/cm_fee_ad_expense/cmFeeAdExpense.do?method=add&cmBaseDeptId=15615df39bfb129024358eb4359a0302"],"context0_AVhQV2":["7.carpoly.com/ekp/login.jsp","7.carpoly.com/ekp/sys/lbpmservice/support/lbpm_usage/lbpmUsage_mainframe.jsp"],"context2_FrQKIQ":["7.carpoly.com/ekp/cm/fee/cm_fee_ad_apply/cmFeeAdApply.do?method=view&fdId=15c395892fee305379bdcde4c5f9a841","7.carpoly.com/ekp/cm/fee/cm_fee_ad_apply/cmFeeAdApply.do?method=edit&fdId=15c395892fee305379bdcde4c5f9a841&s_css=default","7.carpoly.com/ekp/cm/fee/cm_fee_ad_apply/cmFeeAdApply.do?method=view&fdId=160fea7445f1cf82df9e7cb4bd6aad5e","7.carpoly.com/ekp/cm/fee/cm_fee_ad_apply/cmFeeAdApply.do?method=view&fdId=160feb3ce8c72d5ef620c4d46108091e","7.carpoly.com/ekp/cm/fee/cm_fee_ad_apply/cmFeeAdApply.do?method=view&fdId=1614b11bc094d93df44c0994793b99c3"],"context6_89mKlb":["7.carpoly.com/ekp/cm/store/cm_storefront_acceptance/cmStorefrontAcceptance.do?method=update&fdId=161278339635371d3e3cff04acdba249&s_css=default&s_seq=1","7.carpoly.com/ekp/cm/store/cm_storefront_acceptance/cmStorefrontAcceptance.do?method=save&cmBaseDeptId=15615df39bfb129024358eb4359a0302&s_seq=1","7.carpoly.com/ekp/cm/store/cm_storefront_runstore/cmStorefrontRunstore.do?method=update&fdId=161452ab725662eea2f71154de8bccb6&s_css=default&s_seq=1","7.carpoly.com/ekp/cm/store/cm_storefront_runstore/cmStorefrontRunstore.do?method=save&cmBaseDeptId=15615df39bfb129024358eb4359a0302&s_seq=1","7.carpoly.com/ekp/cm/store/cm_storefront_upgrade/cmStorefrontUpgrade.do?method=update&fdId=16126cc77063735c1e1b0ca486aa20f9&s_css=default&s_seq=1","7.carpoly.com/ekp/cm/store/cm_storefront_revoke/cmStorefrontRevoke.do?method=update&fdId=161275a9cbf8778ac3394d94c8492213&s_css=default&s_seq=1","7.carpoly.com/ekp/cm/store/cm_storefront_revoke/cmStorefrontRevoke.do?method=save&cmBaseDeptId=15615df39bfb129024358eb4359a0302&s_seq=1","7.carpoly.com/ekp/cm/store/cm_storefront_replenish/cmStorefrontReplenish.do?method=update&fdId=16127096fca8ec843e50f4e4168a6e1e&s_css=default&s_seq=1","7.carpoly.com/ekp/cm/store/cm_storefront_replenish/cmStorefrontReplenish.do?method=save&s_css=default&s_seq=1","7.carpoly.com/ekp/cm/fee/cm_fee_ad_apply/cmFeeAdApply.do?method=save&cmBaseDeptId=15615df39bfb129024358eb4359a0302&s_seq=1","7.carpoly.com/ekp/cm/fee/cm_fee_ad_expense/cmFeeAdExpense.do?method=save&cmBaseDeptId=15615df39bfb129024358eb4359a0302&s_seq=1"]}},"page/ids":{"contexts":{"context2_mX3z0R":[["Label_Tabel_Workflow_Info","Label_Tabel_Workflow_Info_Label_Btn_","Label_Tabel_Workflow_Info_Label_Img__","SWFUpload_","WF_IFrame","WF_TableIFrame","_List_cmFeeAdExpenseAttach_Attachment_Table","__notify_type_cbbcdbf_sysWfBusinessForm.fdSystemNotifyType","att_xtable_cmFeeAdExpenseAttach","attachmentObject_cmFeeAdExpenseAttach_content_div","changeProcessorDIV","checkChangeFlowTR","cmBaseCustomerInfoCode_id","cmFeeAdApplyNumber_div","currentNodeDescription","dayOfNotifyDrafter","descriptionRow","dialog_iframe","div_fdExpenseData","fdApplyNote","fdFlowDescription","fdInvoiceMoneyTip","flowGraphic","flowGraphicShowCheckbox","flowLogTableTD","handlerIdentityRow","handlerShowNames[]","hourOfNotifyDrafter","lbpm_highLevelTab","lui-id-","manualBranchNodeRow","manualNodeSelectTD","minuteOfNotifyDrafter","modifyFlowDIV","nextNodeName[]","nextNodeTD","nodeCanViewCurNodeTR","notifyDraftOnFinish","notifyLevelRow","notifyLevelTD","notifyTypeRow","operationMethodsGroup","operationMethodsRow","optionButtons","otherCanViewCurNodeTR","process_review_tabcontent","showDetails","sysWfBusinessForm.canStartProcess","sysWfBusinessForm.fdAdditionsParameterJson","sysWfBusinessForm.fdAuditNoteFdId","sysWfBusinessForm.fdCurHanderId","sysWfBusinessForm.fdCurNodeSavedXML","sysWfBusinessForm.fdCurNodeXML","sysWfBusinessForm.fdDraftorId","sysWfBusinessForm.fdDraftorName","sysWfBusinessForm.fdFlowContent","sysWfBusinessForm.fdHandlerRoleInfoIds","sysWfBusinessForm.fdHandlerRoleInfoNames","sysWfBusinessForm.fdIdentityId","sysWfBusinessForm.fdIsModify","sysWfBusinessForm.fdKey","sysWfBusinessForm.fdModelId","sysWfBusinessForm.fdModelName","sysWfBusinessForm.fdParameterJson","sysWfBusinessForm.fdProcessId","sysWfBusinessForm.fdProcessStatus","sysWfBusinessForm.fdTemplateKey","sysWfBusinessForm.fdTemplateModelName","sysWfBusinessForm.fdTranProcessXML","systemNotifyTypeTD","toolbar","top","workflowInfoTD","workflowTableTD"],["Label_Tabel_Workflow_Info","Label_Tabel_Workflow_Info_Label_Btn_","Label_Tabel_Workflow_Info_Label_Img__","SWFUpload_","WF_IFrame","WF_TableIFrame","_List_cmFeeAdExpenseAttach_Attachment_Table","__notify_type_ceaeffabe_sysWfBusinessForm.fdSystemNotifyType","att_xtable_cmFeeAdExpenseAttach","attachmentObject_cmFeeAdExpenseAttach_content_div","changeProcessorDIV","checkChangeFlowTR","cmBaseCustomerInfoCode_id","cmFeeAdApplyNumber_div","currentNodeDescription","dayOfNotifyDrafter","descriptionRow","div_fdExpenseData","fdApplyNote","fdFlowDescription","fdInvoiceMoneyTip","flowGraphic","flowGraphicShowCheckbox","flowLogTableTD","handlerIdentityRow","handlerShowNames[]","hourOfNotifyDrafter","lbpm_highLevelTab","lui-id-","manualBranchNodeRow","manualNodeSelectTD","minuteOfNotifyDrafter","modifyFlowDIV","nextNodeName[]","nextNodeTD","nodeCanViewCurNodeTR","notifyDraftOnFinish","notifyLevelRow","notifyLevelTD","notifyTypeRow","operationMethodsGroup","operationMethodsRow","optionButtons","otherCanViewCurNodeTR","process_review_tabcontent","showDetails","sysWfBusinessForm.canStartProcess","sysWfBusinessForm.fdAdditionsParameterJson","sysWfBusinessForm.fdAuditNoteFdId","sysWfBusinessForm.fdCurHanderId","sysWfBusinessForm.fdCurNodeSavedXML","sysWfBusinessForm.fdCurNodeXML","sysWfBusinessForm.fdDraftorId","sysWfBusinessForm.fdDraftorName","sysWfBusinessForm.fdFlowContent","sysWfBusinessForm.fdHandlerRoleInfoIds","sysWfBusinessForm.fdHandlerRoleInfoNames","sysWfBusinessForm.fdIdentityId","sysWfBusinessForm.fdIsModify","sysWfBusinessForm.fdKey","sysWfBusinessForm.fdModelId","sysWfBusinessForm.fdModelName","sysWfBusinessForm.fdParameterJson","sysWfBusinessForm.fdProcessId","sysWfBusinessForm.fdProcessStatus","sysWfBusinessForm.fdTemplateKey","sysWfBusinessForm.fdTemplateModelName","sysWfBusinessForm.fdTranProcessXML","systemNotifyTypeTD","toolbar","top","workflowInfoTD","workflowTableTD"],["Label_Tabel_Workflow_Info","Label_Tabel_Workflow_Info_Label_Btn_","Label_Tabel_Workflow_Info_Label_Img__","SWFUpload_","WF_IFrame","WF_TableIFrame","_List_cmFeeAdExpenseAttach_Attachment_Table","__notify_type_ceaeffabe_sysWfBusinessForm.fdSystemNotifyType","att_xtable_cmFeeAdExpenseAttach","attachmentObject_cmFeeAdExpenseAttach_content_div","changeProcessorDIV","checkChangeFlowTR","cmBaseCustomerInfoCode_id","cmFeeAdApplyNumber_div","currentNodeDescription","dayOfNotifyDrafter","descriptionRow","dialog_iframe","div_fdExpenseData","fdApplyNote","fdFlowDescription","fdInvoiceMoneyTip","flowGraphic","flowGraphicShowCheckbox","flowLogTableTD","handlerIdentityRow","handlerShowNames[]","hourOfNotifyDrafter","lbpm_highLevelTab","lui-id-","manualBranchNodeRow","manualNodeSelectTD","minuteOfNotifyDrafter","modifyFlowDIV","nextNodeName[]","nextNodeTD","nodeCanViewCurNodeTR","notifyDraftOnFinish","notifyLevelRow","notifyLevelTD","notifyTypeRow","operationMethodsGroup","operationMethodsRow","optionButtons","otherCanViewCurNodeTR","process_review_tabcontent","showDetails","sysWfBusinessForm.canStartProcess","sysWfBusinessForm.fdAdditionsParameterJson","sysWfBusinessForm.fdAuditNoteFdId","sysWfBusinessForm.fdCurHanderId","sysWfBusinessForm.fdCurNodeSavedXML","sysWfBusinessForm.fdCurNodeXML","sysWfBusinessForm.fdDraftorId","sysWfBusinessForm.fdDraftorName","sysWfBusinessForm.fdFlowContent","sysWfBusinessForm.fdHandlerRoleInfoIds","sysWfBusinessForm.fdHandlerRoleInfoNames","sysWfBusinessForm.fdIdentityId","sysWfBusinessForm.fdIsModify","sysWfBusinessForm.fdKey","sysWfBusinessForm.fdModelId","sysWfBusinessForm.fdModelName","sysWfBusinessForm.fdParameterJson","sysWfBusinessForm.fdProcessId","sysWfBusinessForm.fdProcessStatus","sysWfBusinessForm.fdTemplateKey","sysWfBusinessForm.fdTemplateModelName","sysWfBusinessForm.fdTranProcessXML","systemNotifyTypeTD","toolbar","top","workflowInfoTD","workflowTableTD"],["Label_Tabel_Workflow_Info","Label_Tabel_Workflow_Info_Label_Btn_","Label_Tabel_Workflow_Info_Label_Img__","SWFUpload_","WF_IFrame","WF_TableIFrame","_List_cmFeeAdExpenseAttach_Attachment_Table","__notify_type_fcceddaacfcabb_sysWfBusinessForm.fdSystemNotifyType","advice-_validate_","att_xtable_cmFeeAdExpenseAttach","attachmentObject_cmFeeAdExpenseAttach_content_div","changeProcessorDIV","checkChangeFlowTR","cmBaseCustomerInfoCode_id","cmFeeAdApplyNumber_div","currentNodeDescription","dayOfNotifyDrafter","descriptionRow","div_fdExpenseData","fdApplyNote","fdFlowDescription","fdInvoiceMoneyTip","flowGraphic","flowGraphicShowCheckbox","flowLogTableTD","handlerIdentityRow","handlerShowNames[]","hourOfNotifyDrafter","lbpm_highLevelTab","lui-id-","manualBranchNodeRow","manualNodeSelectTD","minuteOfNotifyDrafter","modifyFlowDIV","nextNodeName[]","nextNodeTD","nodeCanViewCurNodeTR","notifyDraftOnFinish","notifyLevelRow","notifyLevelTD","notifyTypeRow","operationMethodsGroup","operationMethodsRow","optionButtons","otherCanViewCurNodeTR","process_review_tabcontent","showDetails","sysWfBusinessForm.canStartProcess","sysWfBusinessForm.fdAdditionsParameterJson","sysWfBusinessForm.fdAuditNoteFdId","sysWfBusinessForm.fdCurHanderId","sysWfBusinessForm.fdCurNodeSavedXML","sysWfBusinessForm.fdCurNodeXML","sysWfBusinessForm.fdDraftorId","sysWfBusinessForm.fdDraftorName","sysWfBusinessForm.fdFlowContent","sysWfBusinessForm.fdHandlerRoleInfoIds","sysWfBusinessForm.fdHandlerRoleInfoNames","sysWfBusinessForm.fdIdentityId","sysWfBusinessForm.fdIsModify","sysWfBusinessForm.fdKey","sysWfBusinessForm.fdModelId","sysWfBusinessForm.fdModelName","sysWfBusinessForm.fdParameterJson","sysWfBusinessForm.fdProcessId","sysWfBusinessForm.fdProcessStatus","sysWfBusinessForm.fdTemplateKey","sysWfBusinessForm.fdTemplateModelName","sysWfBusinessForm.fdTranProcessXML","systemNotifyTypeTD","toolbar","top","workflowInfoTD","workflowTableTD"],["Label_Tabel_Workflow_Info","Label_Tabel_Workflow_Info_Label_Btn_","Label_Tabel_Workflow_Info_Label_Img__","SWFUpload_","WF_IFrame","WF_TableIFrame","_List_cmFeeAdExpenseAttach_Attachment_Table","__notify_type_beecfbdbc_sysWfBusinessForm.fdSystemNotifyType","att_xtable_cmFeeAdExpenseAttach","attachmentObject_cmFeeAdExpenseAttach_content_div","changeProcessorDIV","checkChangeFlowTR","cmBaseCustomerInfoCode_id","cmFeeAdApplyNumber_div","currentNodeDescription","dayOfNotifyDrafter","descriptionRow","dialog_iframe","div_fdExpenseData","fdApplyNote","fdFlowDescription","fdInvoiceMoneyTip","flowGraphic","flowGraphicShowCheckbox","flowLogTableTD","handlerIdentityRow","handlerShowNames[]","hourOfNotifyDrafter","lbpm_highLevelTab","lui-id-","manualBranchNodeRow","manualNodeSelectTD","minuteOfNotifyDrafter","modifyFlowDIV","nextNodeName[]","nextNodeTD","nodeCanViewCurNodeTR","notifyDraftOnFinish","notifyLevelRow","notifyLevelTD","notifyTypeRow","operationMethodsGroup","operationMethodsRow","optionButtons","otherCanViewCurNodeTR","process_review_tabcontent","showDetails","sysWfBusinessForm.canStartProcess","sysWfBusinessForm.fdAdditionsParameterJson","sysWfBusinessForm.fdAuditNoteFdId","sysWfBusinessForm.fdCurHanderId","sysWfBusinessForm.fdCurNodeSavedXML","sysWfBusinessForm.fdCurNodeXML","sysWfBusinessForm.fdDraftorId","sysWfBusinessForm.fdDraftorName","sysWfBusinessForm.fdFlowContent","sysWfBusinessForm.fdHandlerRoleInfoIds","sysWfBusinessForm.fdHandlerRoleInfoNames","sysWfBusinessForm.fdIdentityId","sysWfBusinessForm.fdIsModify","sysWfBusinessForm.fdKey","sysWfBusinessForm.fdModelId","sysWfBusinessForm.fdModelName","sysWfBusinessForm.fdParameterJson","sysWfBusinessForm.fdProcessId","sysWfBusinessForm.fdProcessStatus","sysWfBusinessForm.fdTemplateKey","sysWfBusinessForm.fdTemplateModelName","sysWfBusinessForm.fdTranProcessXML","systemNotifyTypeTD","toolbar","top","workflowInfoTD","workflowTableTD"]],"context0_AVhQV2":[["floatPanel"],["topFrame"]],"context2_FrQKIQ":[["Label_Tabel_Workflow_Info","Label_Tabel_Workflow_Info_Label_Btn_","Label_Tabel_Workflow_Info_Label_Img__","SWFUpload_","WF_IFrame","WF_TableIFrame","_List_ddbcdaaccaad_Attachment_Table","__notify_type_ddbfbfcdbadcbb_sysWfBusinessForm.fdSystemNotifyType","assignmentRow","att_xtable_cmFeeAdApplyInfo","att_xtable_ddbcdaaccaad","attachmentObject_cmFeeAdApplyInfo_content_div","attachmentObject_ddbcdaaccaad_content_div","authorityOptButton","changeProcessorDIV","checkChangeFlowTR","cmBaseCustomerInfoAddr_id","cmBaseCustomerInfoCode_id","currentHandlersLabel","currentHandlersRow","currentNodeDescription","descriptionRow","docStatus","drafterOptButton","drafterRefuseAbandonOptButton","extendRoleOptRow","fdFlowDescription","fdProjectNoVaildate","fileShowDiv","fileShowSwitch","flowGraphic","flowGraphicShowCheckbox","flowLogTableTD","handlerShowNames[]","historyHandlersLabel","historyHandlersRow","historyInfoTableIframe","historyInfoTableTD","historyTableTR","historyhandlerOpt","lbpm_highLevelTab","lui-id-","manualBranchNodeRow","manualNodeSelectTD","modifyFlowDIV","nextNodeName[]","nextNodeTD","nodeCanViewCurNodeTR","notifyLevelRow","notifyLevelTD","notifyOnFinish","notifyOptionTR","notifyTypeRow","operationItemsRow","operationMethodsGroup","operationMethodsRow","operationsRow","operationsRow_Scope","operationsTDContent","operationsTDContent_Scope","operationsTDTitle","operationsTDTitle_Scope","optionButtons","otherCanViewCurNodeTR","processStatusLabel","processStatusRow","process_review_button","process_review_tabcontent","showDetails","sysWfBusinessForm.canStartProcess","sysWfBusinessForm.fdAdditionsParameterJson","sysWfBusinessForm.fdAuditNoteFdId","sysWfBusinessForm.fdCurHanderId","sysWfBusinessForm.fdCurNodeSavedXML","sysWfBusinessForm.fdCurNodeXML","sysWfBusinessForm.fdDraftorId","sysWfBusinessForm.fdDraftorName","sysWfBusinessForm.fdFlowContent","sysWfBusinessForm.fdHandlerRoleInfoIds","sysWfBusinessForm.fdHandlerRoleInfoNames","sysWfBusinessForm.fdIdentityId","sysWfBusinessForm.fdIsModify","sysWfBusinessForm.fdKey","sysWfBusinessForm.fdModelId","sysWfBusinessForm.fdModelName","sysWfBusinessForm.fdParameterJson","sysWfBusinessForm.fdProcessId","sysWfBusinessForm.fdProcessStatus","sysWfBusinessForm.fdTemplateKey","sysWfBusinessForm.fdTemplateModelName","sysWfBusinessForm.fdTranProcessXML","systemNotifyTypeTD","toolbar","workflowInfoTD","workflowTableTD"],["Label_Tabel_Workflow_Info","Label_Tabel_Workflow_Info_Label_Btn_","Label_Tabel_Workflow_Info_Label_Img__","SWFUpload_","WF_IFrame","WF_TableIFrame","_List_deeaccbecbaba_Attachment_Table","__notify_type_defeecacfd_sysWfBusinessForm.fdSystemNotifyType","assignmentRow","att_xtable_cmFeeAdApplyInfo","att_xtable_deeaccbecbaba","attachmentObject_cmFeeAdApplyInfo_content_div","attachmentObject_deeaccbecbaba_content_div","authorityOptButton","changeProcessorDIV","checkChangeFlowTR","cmBaseCustomerInfoAddr_id","cmBaseCustomerInfoCode_id","currentHandlersLabel","currentHandlersRow","currentNodeDescription","descriptionRow","docStatus","drafterOptButton","drafterRefuseAbandonOptButton","extendRoleOptRow","fdFlowDescription","fdProjectNoVaildate","fileShowDiv","fileShowSwitch","flowGraphic","flowGraphicShowCheckbox","flowLogTableTD","handlerShowNames[]","historyHandlersLabel","historyHandlersRow","historyInfoTableIframe","historyInfoTableTD","historyTableTR","historyhandlerOpt","lbpm_highLevelTab","lui-id-","manualBranchNodeRow","manualNodeSelectTD","modifyFlowDIV","nextNodeName[]","nextNodeTD","nodeCanViewCurNodeTR","notifyLevelRow","notifyLevelTD","notifyOnFinish","notifyOptionTR","notifyTypeRow","operationItemsRow","operationMethodsGroup","operationMethodsRow","operationsRow","operationsRow_Scope","operationsTDContent","operationsTDContent_Scope","operationsTDTitle","operationsTDTitle_Scope","optionButtons","otherCanViewCurNodeTR","processStatusLabel","processStatusRow","process_review_button","process_review_tabcontent","showDetails","sysWfBusinessForm.canStartProcess","sysWfBusinessForm.fdAdditionsParameterJson","sysWfBusinessForm.fdAuditNoteFdId","sysWfBusinessForm.fdCurHanderId","sysWfBusinessForm.fdCurNodeSavedXML","sysWfBusinessForm.fdCurNodeXML","sysWfBusinessForm.fdDraftorId","sysWfBusinessForm.fdDraftorName","sysWfBusinessForm.fdFlowContent","sysWfBusinessForm.fdHandlerRoleInfoIds","sysWfBusinessForm.fdHandlerRoleInfoNames","sysWfBusinessForm.fdIdentityId","sysWfBusinessForm.fdIsModify","sysWfBusinessForm.fdKey","sysWfBusinessForm.fdModelId","sysWfBusinessForm.fdModelName","sysWfBusinessForm.fdParameterJson","sysWfBusinessForm.fdProcessId","sysWfBusinessForm.fdProcessStatus","sysWfBusinessForm.fdTemplateKey","sysWfBusinessForm.fdTemplateModelName","sysWfBusinessForm.fdTranProcessXML","systemNotifyTypeTD","toolbar","workflowInfoTD","workflowTableTD"],["Label_Tabel_Workflow_Info","Label_Tabel_Workflow_Info_Label_Btn_","Label_Tabel_Workflow_Info_Label_Img__","SWFUpload_","TABLE_Materiel","WF_IFrame","WF_TableIFrame","_List_cmFeeAdApplyInfo_Attachment_Table","__notify_type_dedfdadacbefacd_sysWfBusinessForm.fdSystemNotifyType","att_xtable_cmFeeAdApplyInfo","attachmentObject_cmFeeAdApplyInfo_content_div","calAllTotal","changeProcessorDIV","checkChangeFlowTR","cmBaseCompanyName_id","cmBaseCustomerInfoCode_div","currentNodeDescription","dayOfNotifyDrafter","descriptionRow","fdFlowDescription","fdReceiptAddr_div","fdReceiptTel_div","flowGraphic","flowGraphicShowCheckbox","flowLogTableTD","handlerIdentityRow","handlerShowNames[]","historyInfoTableTD","historyTableTR","hourOfNotifyDrafter","lbpm_highLevelTab","lui-id-","manualBranchNodeRow","manualNodeSelectTD","minuteOfNotifyDrafter","modifyFlowDIV","nextNodeName[]","nextNodeTD","nodeCanViewCurNodeTR","notifyDraftOnFinish","notifyLevelRow","notifyLevelTD","notifyTypeRow","operationMethodsGroup","operationMethodsRow","otherCanViewCurNodeTR","process_review_tabcontent","showDetails","sysWfBusinessForm.canStartProcess","sysWfBusinessForm.fdAdditionsParameterJson","sysWfBusinessForm.fdAuditNoteFdId","sysWfBusinessForm.fdCurHanderId","sysWfBusinessForm.fdCurNodeSavedXML","sysWfBusinessForm.fdCurNodeXML","sysWfBusinessForm.fdDraftorId","sysWfBusinessForm.fdDraftorName","sysWfBusinessForm.fdFlowContent","sysWfBusinessForm.fdHandlerRoleInfoIds","sysWfBusinessForm.fdHandlerRoleInfoNames","sysWfBusinessForm.fdIdentityId","sysWfBusinessForm.fdIsModify","sysWfBusinessForm.fdKey","sysWfBusinessForm.fdModelId","sysWfBusinessForm.fdModelName","sysWfBusinessForm.fdParameterJson","sysWfBusinessForm.fdProcessId","sysWfBusinessForm.fdProcessStatus","sysWfBusinessForm.fdTemplateKey","sysWfBusinessForm.fdTemplateModelName","sysWfBusinessForm.fdTranProcessXML","systemNotifyTypeTD","toolbar","top","workflowInfoTD","workflowTableTD"],["Label_Tabel_Workflow_Info","Label_Tabel_Workflow_Info_Label_Btn_","Label_Tabel_Workflow_Info_Label_Img__","SWFUpload_","TABLE_Materiel","WF_IFrame","WF_TableIFrame","_List_cmFeeAdApplyInfo_Attachment_Table","__notify_type_ecfbeaca_sysWfBusinessForm.fdSystemNotifyType","att_xtable_cmFeeAdApplyInfo","attachmentObject_cmFeeAdApplyInfo_content_div","calAllTotal","changeProcessorDIV","checkChangeFlowTR","cmBaseCompanyName_id","cmBaseCustomerInfoCode_div","currentNodeDescription","dayOfNotifyDrafter","descriptionRow","dialog_iframe","fdFlowDescription","fdReceiptAddr_div","fdReceiptTel_div","flowGraphic","flowGraphicShowCheckbox","flowLogTableTD","handlerIdentityRow","handlerShowNames[]","historyInfoTableTD","historyTableTR","hourOfNotifyDrafter","lbpm_highLevelTab","lui-id-","manualBranchNodeRow","manualNodeSelectTD","minuteOfNotifyDrafter","modifyFlowDIV","nextNodeName[]","nextNodeTD","nodeCanViewCurNodeTR","notifyDraftOnFinish","notifyLevelRow","notifyLevelTD","notifyTypeRow","operationMethodsGroup","operationMethodsRow","otherCanViewCurNodeTR","process_review_tabcontent","showDetails","sysWfBusinessForm.canStartProcess","sysWfBusinessForm.fdAdditionsParameterJson","sysWfBusinessForm.fdAuditNoteFdId","sysWfBusinessForm.fdCurHanderId","sysWfBusinessForm.fdCurNodeSavedXML","sysWfBusinessForm.fdCurNodeXML","sysWfBusinessForm.fdDraftorId","sysWfBusinessForm.fdDraftorName","sysWfBusinessForm.fdFlowContent","sysWfBusinessForm.fdHandlerRoleInfoIds","sysWfBusinessForm.fdHandlerRoleInfoNames","sysWfBusinessForm.fdIdentityId","sysWfBusinessForm.fdIsModify","sysWfBusinessForm.fdKey","sysWfBusinessForm.fdModelId","sysWfBusinessForm.fdModelName","sysWfBusinessForm.fdParameterJson","sysWfBusinessForm.fdProcessId","sysWfBusinessForm.fdProcessStatus","sysWfBusinessForm.fdTemplateKey","sysWfBusinessForm.fdTemplateModelName","sysWfBusinessForm.fdTranProcessXML","systemNotifyTypeTD","toolbar","top","workflowInfoTD","workflowTableTD"],["Label_Tabel_Workflow_Info","Label_Tabel_Workflow_Info_Label_Btn_","Label_Tabel_Workflow_Info_Label_Img__","SWFUpload_","WF_IFrame","WF_TableIFrame","_List_dcbbbdb_Attachment_Table","__notify_type_dfdbadffac_sysWfBusinessForm.fdSystemNotifyType","assignmentRow","att_xtable_cmFeeAdApplyInfo","att_xtable_dcbbbdb","attachmentObject_cmFeeAdApplyInfo_content_div","attachmentObject_dcbbbdb_content_div","authorityOptButton","changeProcessorDIV","checkChangeFlowTR","cmBaseCustomerInfoAddr_id","cmBaseCustomerInfoCode_id","currentHandlersLabel","currentHandlersRow","currentNodeDescription","descriptionRow","docStatus","drafterOptButton","drafterRefuseAbandonOptButton","extendRoleOptRow","fdFlowDescription","fdProjectNoVaildate","fileShowDiv","fileShowSwitch","flowGraphic","flowGraphicShowCheckbox","flowLogTableTD","handlerShowNames[]","historyHandlersLabel","historyHandlersRow","historyInfoTableIframe","historyInfoTableTD","historyTableTR","historyhandlerOpt","lbpm_highLevelTab","lui-id-","manualBranchNodeRow","manualNodeSelectTD","modifyFlowDIV","nextNodeName[]","nextNodeTD","nodeCanViewCurNodeTR","notifyLevelRow","notifyLevelTD","notifyOnFinish","notifyOptionTR","notifyTypeRow","operationItemsRow","operationMethodsGroup","operationMethodsRow","operationsRow","operationsRow_Scope","operationsTDContent","operationsTDContent_Scope","operationsTDTitle","operationsTDTitle_Scope","optionButtons","otherCanViewCurNodeTR","processStatusLabel","processStatusRow","process_review_button","process_review_tabcontent","showDetails","sysWfBusinessForm.canStartProcess","sysWfBusinessForm.fdAdditionsParameterJson","sysWfBusinessForm.fdAuditNoteFdId","sysWfBusinessForm.fdCurHanderId","sysWfBusinessForm.fdCurNodeSavedXML","sysWfBusinessForm.fdCurNodeXML","sysWfBusinessForm.fdDraftorId","sysWfBusinessForm.fdDraftorName","sysWfBusinessForm.fdFlowContent","sysWfBusinessForm.fdHandlerRoleInfoIds","sysWfBusinessForm.fdHandlerRoleInfoNames","sysWfBusinessForm.fdIdentityId","sysWfBusinessForm.fdIsModify","sysWfBusinessForm.fdKey","sysWfBusinessForm.fdModelId","sysWfBusinessForm.fdModelName","sysWfBusinessForm.fdParameterJson","sysWfBusinessForm.fdProcessId","sysWfBusinessForm.fdProcessStatus","sysWfBusinessForm.fdTemplateKey","sysWfBusinessForm.fdTemplateModelName","sysWfBusinessForm.fdTranProcessXML","systemNotifyTypeTD","toolbar","top","workflowInfoTD","workflowTableTD"],["Label_Tabel_Workflow_Info","Label_Tabel_Workflow_Info_Label_Btn_","Label_Tabel_Workflow_Info_Label_Img__","SWFUpload_","TABLE_Materiel","WF_IFrame","WF_TableIFrame","_List_cdfbcacdbbbce_Attachment_Table","_List_cmFeeAdApplyInfo_Attachment_Table","__notify_type_cfeafaceeeefe_sysWfBusinessForm.fdSystemNotifyType","assignmentRow","att_xtable_cdfbcacdbbbce","att_xtable_cmFeeAdApplyInfo","attachmentObject_cdfbcacdbbbce_content_div","attachmentObject_cmFeeAdApplyInfo_content_div","calAllTotal","changeProcessorDIV","checkChangeFlowTR","cmBaseCompanyName_id","cmBaseCustomerInfoCode_div","currentNodeDescription","dayOfNotifyDrafter","descriptionRow","fdFlowDescription","fdReceiptAddr_div","fdReceiptTel_div","flowGraphic","flowGraphicShowCheckbox","flowLogTableTD","handlerIdentityRow","handlerShowNames[]","historyInfoTableTD","historyTableTR","hourOfNotifyDrafter","lbpm_highLevelTab","lui-id-","manualBranchNodeRow","manualNodeSelectTD","minuteOfNotifyDrafter","modifyFlowDIV","nextNodeName[]","nextNodeTD","nodeCanViewCurNodeTR","notifyDraftOnFinish","notifyLevelRow","notifyLevelTD","notifyTypeRow","operationMethodsGroup","operationMethodsRow","optionButtons","otherCanViewCurNodeTR","process_review_tabcontent","showDetails","sysWfBusinessForm.canStartProcess","sysWfBusinessForm.fdAdditionsParameterJson","sysWfBusinessForm.fdAuditNoteFdId","sysWfBusinessForm.fdCurHanderId","sysWfBusinessForm.fdCurNodeSavedXML","sysWfBusinessForm.fdCurNodeXML","sysWfBusinessForm.fdDraftorId","sysWfBusinessForm.fdDraftorName","sysWfBusinessForm.fdFlowContent","sysWfBusinessForm.fdHandlerRoleInfoIds","sysWfBusinessForm.fdHandlerRoleInfoNames","sysWfBusinessForm.fdIdentityId","sysWfBusinessForm.fdIsModify","sysWfBusinessForm.fdKey","sysWfBusinessForm.fdModelId","sysWfBusinessForm.fdModelName","sysWfBusinessForm.fdParameterJson","sysWfBusinessForm.fdProcessId","sysWfBusinessForm.fdProcessStatus","sysWfBusinessForm.fdTemplateKey","sysWfBusinessForm.fdTemplateModelName","sysWfBusinessForm.fdTranProcessXML","systemNotifyTypeTD","toolbar","top","workflowInfoTD","workflowTableTD"],["Label_Tabel_Workflow_Info","Label_Tabel_Workflow_Info_Label_Btn_","Label_Tabel_Workflow_Info_Label_Img__","SWFUpload_","WF_IFrame","WF_TableIFrame","_List_dbbbedfaeae_Attachment_Table","__notify_type_dbbcbfdbbddf_sysWfBusinessForm.fdSystemNotifyType","assignmentRow","att_xtable_cmFeeAdApplyInfo","att_xtable_dbbbedfaeae","attachmentObject_cmFeeAdApplyInfo_content_div","attachmentObject_dbbbedfaeae_content_div","authorityOptButton","changeProcessorDIV","checkChangeFlowTR","cmBaseCustomerInfoAddr_id","cmBaseCustomerInfoCode_id","currentHandlersLabel","currentHandlersRow","currentNodeDescription","descriptionRow","docStatus","drafterOptButton","drafterRefuseAbandonOptButton","extendRoleOptRow","fdFlowDescription","fdProjectNoVaildate","fileShowDiv","fileShowSwitch","flowGraphic","flowGraphicShowCheckbox","flowLogTableTD","handlerShowNames[]","historyHandlersLabel","historyHandlersRow","historyInfoTableIframe","historyInfoTableTD","historyTableTR","historyhandlerOpt","lbpm_highLevelTab","lui-id-","manualBranchNodeRow","manualNodeSelectTD","modifyFlowDIV","nextNodeName[]","nextNodeTD","nodeCanViewCurNodeTR","notifyLevelRow","notifyLevelTD","notifyOnFinish","notifyOptionTR","notifyTypeRow","operationItemsRow","operationMethodsGroup","operationMethodsRow","operationsRow","operationsRow_Scope","operationsTDContent","operationsTDContent_Scope","operationsTDTitle","operationsTDTitle_Scope","optionButtons","otherCanViewCurNodeTR","processStatusLabel","processStatusRow","process_review_button","process_review_tabcontent","showDetails","sysWfBusinessForm.canStartProcess","sysWfBusinessForm.fdAdditionsParameterJson","sysWfBusinessForm.fdAuditNoteFdId","sysWfBusinessForm.fdCurHanderId","sysWfBusinessForm.fdCurNodeSavedXML","sysWfBusinessForm.fdCurNodeXML","sysWfBusinessForm.fdDraftorId","sysWfBusinessForm.fdDraftorName","sysWfBusinessForm.fdFlowContent","sysWfBusinessForm.fdHandlerRoleInfoIds","sysWfBusinessForm.fdHandlerRoleInfoNames","sysWfBusinessForm.fdIdentityId","sysWfBusinessForm.fdIsModify","sysWfBusinessForm.fdKey","sysWfBusinessForm.fdModelId","sysWfBusinessForm.fdModelName","sysWfBusinessForm.fdParameterJson","sysWfBusinessForm.fdProcessId","sysWfBusinessForm.fdProcessStatus","sysWfBusinessForm.fdTemplateKey","sysWfBusinessForm.fdTemplateModelName","sysWfBusinessForm.fdTranProcessXML","systemNotifyTypeTD","toolbar","top","workflowInfoTD","workflowTableTD"],["Label_Tabel_Workflow_Info","Label_Tabel_Workflow_Info_Label_Btn_","Label_Tabel_Workflow_Info_Label_Img__","SWFUpload_","WF_IFrame","WF_TableIFrame","_List_efacbccdbad_Attachment_Table","__notify_type_efbadbcbcddebbaeae_sysWfBusinessForm.fdSystemNotifyType","assignmentRow","att_xtable_cmFeeAdApplyInfo","att_xtable_efacbccdbad","attachmentObject_cmFeeAdApplyInfo_content_div","attachmentObject_efacbccdbad_content_div","authorityOptButton","changeProcessorDIV","checkChangeFlowTR","cmBaseCustomerInfoAddr_id","cmBaseCustomerInfoCode_id","currentHandlersLabel","currentHandlersRow","currentNodeDescription","descriptionRow","dialog_iframe","docStatus","drafterOptButton","extendRoleOptRow","fdBindNoteContent","fdFlowDescription","fdProjectNoVaildate","fileShowDiv","fileShowSwitch","flowGraphic","flowGraphicShowCheckbox","flowLogTableTD","historyHandlersLabel","historyHandlersRow","historyInfoTableIframe","historyInfoTableTD","historyTableTR","historyhandlerOpt","lbpm_highLevelTab","lui-id-","modifyFlowDIV","nodeCanViewCurNodeTR","notifyLevelRow","notifyLevelTD","notifyOnFinish","notifyOptionTR","notifyTypeRow","operationItemsRow","operationMethodsGroup","operationMethodsRow","operationsRow","operationsRow_Scope","operationsTDContent","operationsTDContent_Scope","operationsTDTitle","operationsTDTitle_Scope","optionButtons","otherCanViewCurNodeTR","processStatusLabel","processStatusRow","process_review_button","process_review_tabcontent","saveDraftButton","showDetails","sysWfBusinessForm.canStartProcess","sysWfBusinessForm.fdAdditionsParameterJson","sysWfBusinessForm.fdAuditNoteFdId","sysWfBusinessForm.fdCurHanderId","sysWfBusinessForm.fdCurNodeSavedXML","sysWfBusinessForm.fdCurNodeXML","sysWfBusinessForm.fdDraftorId","sysWfBusinessForm.fdDraftorName","sysWfBusinessForm.fdFlowContent","sysWfBusinessForm.fdHandlerRoleInfoIds","sysWfBusinessForm.fdHandlerRoleInfoNames","sysWfBusinessForm.fdIdentityId","sysWfBusinessForm.fdIsModify","sysWfBusinessForm.fdKey","sysWfBusinessForm.fdModelId","sysWfBusinessForm.fdModelName","sysWfBusinessForm.fdParameterJson","sysWfBusinessForm.fdProcessId","sysWfBusinessForm.fdProcessStatus","sysWfBusinessForm.fdTemplateKey","sysWfBusinessForm.fdTemplateModelName","sysWfBusinessForm.fdTranProcessXML","systemNotifyTypeTD","toOtherHandlerIds","toOtherHandlerNames","toolbar","top","workflowInfoTD","workflowTableTD"],["Label_Tabel_Workflow_Info","Label_Tabel_Workflow_Info_Label_Btn_","Label_Tabel_Workflow_Info_Label_Img__","SWFUpload_","WF_IFrame","WF_TableIFrame","_List_dacdbdaadb_Attachment_Table","__notify_type_ddcbdedbac_sysWfBusinessForm.fdSystemNotifyType","assignmentRow","att_xtable_cmFeeAdApplyInfo","att_xtable_dacdbdaadb","attachmentObject_cmFeeAdApplyInfo_content_div","attachmentObject_dacdbdaadb_content_div","authorityOptButton","changeProcessorDIV","checkChangeFlowTR","cmBaseCustomerInfoAddr_id","cmBaseCustomerInfoCode_id","currentHandlersLabel","currentHandlersRow","currentNodeDescription","descriptionRow","dialog_iframe","docStatus","drafterOptButton","extendRoleOptRow","fdBindNoteContent","fdFlowDescription","fdProjectNoVaildate","fileShowDiv","fileShowSwitch","flowGraphic","flowGraphicShowCheckbox","flowLogTableTD","historyHandlersLabel","historyHandlersRow","historyInfoTableIframe","historyInfoTableTD","historyTableTR","historyhandlerOpt","lbpm_highLevelTab","lui-id-","modifyFlowDIV","nodeCanViewCurNodeTR","notifyLevelRow","notifyLevelTD","notifyOnFinish","notifyOptionTR","notifyTypeRow","operationItemsRow","operationMethodsGroup","operationMethodsRow","operationsRow","operationsRow_Scope","operationsTDContent","operationsTDContent_Scope","operationsTDTitle","operationsTDTitle_Scope","optionButtons","otherCanViewCurNodeTR","processStatusLabel","processStatusRow","process_review_button","process_review_tabcontent","saveDraftButton","showDetails","sysWfBusinessForm.canStartProcess","sysWfBusinessForm.fdAdditionsParameterJson","sysWfBusinessForm.fdAuditNoteFdId","sysWfBusinessForm.fdCurHanderId","sysWfBusinessForm.fdCurNodeSavedXML","sysWfBusinessForm.fdCurNodeXML","sysWfBusinessForm.fdDraftorId","sysWfBusinessForm.fdDraftorName","sysWfBusinessForm.fdFlowContent","sysWfBusinessForm.fdHandlerRoleInfoIds","sysWfBusinessForm.fdHandlerRoleInfoNames","sysWfBusinessForm.fdIdentityId","sysWfBusinessForm.fdIsModify","sysWfBusinessForm.fdKey","sysWfBusinessForm.fdModelId","sysWfBusinessForm.fdModelName","sysWfBusinessForm.fdParameterJson","sysWfBusinessForm.fdProcessId","sysWfBusinessForm.fdProcessStatus","sysWfBusinessForm.fdTemplateKey","sysWfBusinessForm.fdTemplateModelName","sysWfBusinessForm.fdTranProcessXML","systemNotifyTypeTD","toOtherHandlerIds","toOtherHandlerNames","toolbar","top","workflowInfoTD","workflowTableTD"],["Label_Tabel_Workflow_Info","Label_Tabel_Workflow_Info_Label_Btn_","Label_Tabel_Workflow_Info_Label_Img__","SWFUpload_","WF_IFrame","WF_TableIFrame","_List_cdeaacbbbbd_Attachment_Table","__notify_type_cffcbdaffd_sysWfBusinessForm.fdSystemNotifyType","assignmentRow","att_xtable_cdeaacbbbbd","att_xtable_cmFeeAdApplyInfo","attachmentObject_cdeaacbbbbd_content_div","attachmentObject_cmFeeAdApplyInfo_content_div","authorityOptButton","changeProcessorDIV","checkChangeFlowTR","cmBaseCustomerInfoAddr_id","cmBaseCustomerInfoCode_id","currentHandlersLabel","currentHandlersRow","currentNodeDescription","descriptionRow","dialog_iframe","docStatus","drafterOptButton","extendRoleOptRow","fdBindNoteContent","fdFlowDescription","fdProjectNoVaildate","fileShowDiv","fileShowSwitch","flowGraphic","flowGraphicShowCheckbox","flowLogTableTD","historyHandlersLabel","historyHandlersRow","historyInfoTableIframe","historyInfoTableTD","historyTableTR","historyhandlerOpt","lbpm_highLevelTab","lui-id-","modifyFlowDIV","nodeCanViewCurNodeTR","notifyLevelRow","notifyLevelTD","notifyOnFinish","notifyOptionTR","notifyTypeRow","operationItemsRow","operationMethodsGroup","operationMethodsRow","operationsRow","operationsRow_Scope","operationsTDContent","operationsTDContent_Scope","operationsTDTitle","operationsTDTitle_Scope","optionButtons","otherCanViewCurNodeTR","processStatusLabel","processStatusRow","process_review_button","process_review_tabcontent","saveDraftButton","showDetails","sysWfBusinessForm.canStartProcess","sysWfBusinessForm.fdAdditionsParameterJson","sysWfBusinessForm.fdAuditNoteFdId","sysWfBusinessForm.fdCurHanderId","sysWfBusinessForm.fdCurNodeSavedXML","sysWfBusinessForm.fdCurNodeXML","sysWfBusinessForm.fdDraftorId","sysWfBusinessForm.fdDraftorName","sysWfBusinessForm.fdFlowContent","sysWfBusinessForm.fdHandlerRoleInfoIds","sysWfBusinessForm.fdHandlerRoleInfoNames","sysWfBusinessForm.fdIdentityId","sysWfBusinessForm.fdIsModify","sysWfBusinessForm.fdKey","sysWfBusinessForm.fdModelId","sysWfBusinessForm.fdModelName","sysWfBusinessForm.fdParameterJson","sysWfBusinessForm.fdProcessId","sysWfBusinessForm.fdProcessStatus","sysWfBusinessForm.fdTemplateKey","sysWfBusinessForm.fdTemplateModelName","sysWfBusinessForm.fdTranProcessXML","systemNotifyTypeTD","toOtherHandlerIds","toOtherHandlerNames","toolbar","top","workflowInfoTD","workflowTableTD"],["Label_Tabel_Workflow_Info","Label_Tabel_Workflow_Info_Label_Btn_","Label_Tabel_Workflow_Info_Label_Img__","SWFUpload_","WF_IFrame","WF_TableIFrame","_List_eeeaceb_Attachment_Table","__notify_type_efeeadced_sysWfBusinessForm.fdSystemNotifyType","assignmentRow","att_xtable_cmFeeAdApplyInfo","att_xtable_eeeaceb","attachmentObject_cmFeeAdApplyInfo_content_div","attachmentObject_eeeaceb_content_div","authorityOptButton","changeProcessorDIV","checkChangeFlowTR","cmBaseCustomerInfoAddr_id","cmBaseCustomerInfoCode_id","currentHandlersLabel","currentHandlersRow","currentNodeDescription","descriptionRow","dialog_iframe","docStatus","drafterOptButton","extendRoleOptRow","fdBindNoteContent","fdFlowDescription","fdProjectNoVaildate","fileShowDiv","fileShowSwitch","flowGraphic","flowGraphicShowCheckbox","flowLogTableTD","historyHandlersLabel","historyHandlersRow","historyInfoTableIframe","historyInfoTableTD","historyTableTR","historyhandlerOpt","lbpm_highLevelTab","lui-id-","modifyFlowDIV","nodeCanViewCurNodeTR","notifyLevelRow","notifyLevelTD","notifyOnFinish","notifyOptionTR","notifyTypeRow","operationItemsRow","operationMethodsGroup","operationMethodsRow","operationsRow","operationsRow_Scope","operationsTDContent","operationsTDContent_Scope","operationsTDTitle","operationsTDTitle_Scope","optionButtons","otherCanViewCurNodeTR","processStatusLabel","processStatusRow","process_review_button","process_review_tabcontent","saveDraftButton","showDetails","sysWfBusinessForm.canStartProcess","sysWfBusinessForm.fdAdditionsParameterJson","sysWfBusinessForm.fdAuditNoteFdId","sysWfBusinessForm.fdCurHanderId","sysWfBusinessForm.fdCurNodeSavedXML","sysWfBusinessForm.fdCurNodeXML","sysWfBusinessForm.fdDraftorId","sysWfBusinessForm.fdDraftorName","sysWfBusinessForm.fdFlowContent","sysWfBusinessForm.fdHandlerRoleInfoIds","sysWfBusinessForm.fdHandlerRoleInfoNames","sysWfBusinessForm.fdIdentityId","sysWfBusinessForm.fdIsModify","sysWfBusinessForm.fdKey","sysWfBusinessForm.fdModelId","sysWfBusinessForm.fdModelName","sysWfBusinessForm.fdParameterJson","sysWfBusinessForm.fdProcessId","sysWfBusinessForm.fdProcessStatus","sysWfBusinessForm.fdTemplateKey","sysWfBusinessForm.fdTemplateModelName","sysWfBusinessForm.fdTranProcessXML","systemNotifyTypeTD","toOtherHandlerIds","toOtherHandlerNames","toolbar","top","workflowInfoTD","workflowTableTD"],["Label_Tabel_Workflow_Info","Label_Tabel_Workflow_Info_Label_Btn_","Label_Tabel_Workflow_Info_Label_Img__","SWFUpload_","WF_IFrame","WF_TableIFrame","_List_ccef_Attachment_Table","__notify_type_cfccfadfba_sysWfBusinessForm.fdSystemNotifyType","assignmentRow","att_xtable_ccef","att_xtable_cmFeeAdApplyInfo","attachmentObject_ccef_content_div","attachmentObject_cmFeeAdApplyInfo_content_div","authorityOptButton","changeProcessorDIV","checkChangeFlowTR","cmBaseCustomerInfoAddr_id","cmBaseCustomerInfoCode_id","currentHandlersLabel","currentHandlersRow","currentNodeDescription","descriptionRow","docStatus","drafterOptButton","extendRoleOptRow","fdBindNoteContent","fdFlowDescription","fdProjectNoVaildate","fileShowDiv","fileShowSwitch","flowGraphic","flowGraphicShowCheckbox","flowLogTableTD","handlerShowNames[]","historyHandlersLabel","historyHandlersRow","historyInfoTableIframe","historyInfoTableTD","historyTableTR","historyhandlerOpt","lbpm_highLevelTab","lui-id-","modifyFlowDIV","nextNodeName[]","nodeCanViewCurNodeTR","notifyLevelRow","notifyLevelTD","notifyOnFinish","notifyOptionTR","notifyTypeRow","operationItemsRow","operationMethodsGroup","operationMethodsRow","operationsRow","operationsRow_Scope","operationsTDContent","operationsTDContent_Scope","operationsTDTitle","operationsTDTitle_Scope","optionButtons","otherCanViewCurNodeTR","processStatusLabel","processStatusRow","process_review_button","process_review_tabcontent","saveDraftButton","showDetails","sysWfBusinessForm.canStartProcess","sysWfBusinessForm.fdAdditionsParameterJson","sysWfBusinessForm.fdAuditNoteFdId","sysWfBusinessForm.fdCurHanderId","sysWfBusinessForm.fdCurNodeSavedXML","sysWfBusinessForm.fdCurNodeXML","sysWfBusinessForm.fdDraftorId","sysWfBusinessForm.fdDraftorName","sysWfBusinessForm.fdFlowContent","sysWfBusinessForm.fdHandlerRoleInfoIds","sysWfBusinessForm.fdHandlerRoleInfoNames","sysWfBusinessForm.fdIdentityId","sysWfBusinessForm.fdIsModify","sysWfBusinessForm.fdKey","sysWfBusinessForm.fdModelId","sysWfBusinessForm.fdModelName","sysWfBusinessForm.fdParameterJson","sysWfBusinessForm.fdProcessId","sysWfBusinessForm.fdProcessStatus","sysWfBusinessForm.fdTemplateKey","sysWfBusinessForm.fdTemplateModelName","sysWfBusinessForm.fdTranProcessXML","systemNotifyTypeTD","toolbar","top","workflowInfoTD","workflowTableTD"],["Label_Tabel_Workflow_Info","Label_Tabel_Workflow_Info_Label_Btn_","Label_Tabel_Workflow_Info_Label_Img__","WF_IFrame","WF_TableIFrame","att_xtable_cmFeeAdApplyInfo","attachmentObject_cmFeeAdApplyInfo_content_div","cmBaseCustomerInfoAddr_id","cmBaseCustomerInfoCode_id","docStatus","fdFlowDescription","fdProjectNoVaildate","febaefafcaccccbdb","fileShowDiv","fileShowSwitch","flowGraphic","flowGraphicShowCheckbox","flowLogTableTD","historyInfoTableIframe","historyInfoTableTD","historyTableTR","lui-id-","process_review_tabcontent","showDetails","sysWfBusinessForm.canStartProcess","sysWfBusinessForm.fdAdditionsParameterJson","sysWfBusinessForm.fdAuditNoteFdId","sysWfBusinessForm.fdCurHanderId","sysWfBusinessForm.fdCurNodeSavedXML","sysWfBusinessForm.fdCurNodeXML","sysWfBusinessForm.fdDraftorId","sysWfBusinessForm.fdDraftorName","sysWfBusinessForm.fdFlowContent","sysWfBusinessForm.fdHandlerRoleInfoIds","sysWfBusinessForm.fdHandlerRoleInfoNames","sysWfBusinessForm.fdIdentityId","sysWfBusinessForm.fdIsModify","sysWfBusinessForm.fdKey","sysWfBusinessForm.fdModelId","sysWfBusinessForm.fdModelName","sysWfBusinessForm.fdParameterJson","sysWfBusinessForm.fdProcessId","sysWfBusinessForm.fdProcessStatus","sysWfBusinessForm.fdTemplateKey","sysWfBusinessForm.fdTemplateModelName","sysWfBusinessForm.fdTranProcessXML","toolbar","top","workflowInfoTD","workflowTableTD"],["Label_Tabel_Workflow_Info","Label_Tabel_Workflow_Info_Label_Btn_","Label_Tabel_Workflow_Info_Label_Img__","WF_IFrame","WF_TableIFrame","att_xtable_cmFeeAdApplyInfo","attachmentObject_cmFeeAdApplyInfo_content_div","bbabbabc","cmBaseCustomerInfoAddr_id","cmBaseCustomerInfoCode_id","docStatus","fdFlowDescription","fdProjectNoVaildate","fileShowDiv","fileShowSwitch","flowGraphic","flowGraphicShowCheckbox","flowLogTableTD","historyInfoTableIframe","historyInfoTableTD","historyTableTR","lui-id-","process_review_tabcontent","showDetails","sysWfBusinessForm.canStartProcess","sysWfBusinessForm.fdAdditionsParameterJson","sysWfBusinessForm.fdAuditNoteFdId","sysWfBusinessForm.fdCurHanderId","sysWfBusinessForm.fdCurNodeSavedXML","sysWfBusinessForm.fdCurNodeXML","sysWfBusinessForm.fdDraftorId","sysWfBusinessForm.fdDraftorName","sysWfBusinessForm.fdFlowContent","sysWfBusinessForm.fdHandlerRoleInfoIds","sysWfBusinessForm.fdHandlerRoleInfoNames","sysWfBusinessForm.fdIdentityId","sysWfBusinessForm.fdIsModify","sysWfBusinessForm.fdKey","sysWfBusinessForm.fdModelId","sysWfBusinessForm.fdModelName","sysWfBusinessForm.fdParameterJson","sysWfBusinessForm.fdProcessId","sysWfBusinessForm.fdProcessStatus","sysWfBusinessForm.fdTemplateKey","sysWfBusinessForm.fdTemplateModelName","sysWfBusinessForm.fdTranProcessXML","toolbar","top","workflowInfoTD","workflowTableTD"]]}},"page/classes":{"contexts":{"context2_mX3z0R":[["adCompanyContent","btnlabel","clearfloat","clr","com_btn_link","com_goto","com_gototop","com_help","fdApplyMoneyDiv","fdInvoiceMoneyDiv","fdProjectFeeDiv","handlerNamesLabel","input","inputMul","inputSgl","inputdatetime","inputselectsgl","inputsgl","lbpmNextRouteInfoRow","lui-component","lui_dialog_bottomC","lui_dialog_bottomL","lui_dialog_bottomR","lui_dialog_buttons","lui_dialog_centerC","lui_dialog_centerL","lui_dialog_centerR","lui_dialog_container","lui_dialog_content","lui_dialog_frame","lui_dialog_head","lui_dialog_headL","lui_dialog_headR","lui_dialog_head_left","lui_dialog_head_right","lui_form_content_frame","lui_panel_content_inside","lui_portlet_operations","lui_tabpage_float_content","lui_tabpage_float_content_c","lui_tabpage_float_content_l","lui_tabpage_float_content_r","lui_tabpage_float_contents","lui_tabpage_float_footer_c","lui_tabpage_float_footer_l","lui_tabpage_float_footer_r","lui_tabpage_float_header_c","lui_tabpage_float_header_close","lui_tabpage_float_header_l","lui_tabpage_float_header_r","lui_tabpage_float_header_text","lui_tabpage_float_header_title","lui_tabpage_float_nav_item","lui_tabpage_float_nav_item_c","lui_tabpage_float_nav_item_l","lui_tabpage_float_nav_item_r","lui_tabpage_float_navs","lui_tabpage_float_navs_c","lui_tabpage_float_navs_l","lui_tabpage_float_navs_mark","lui_tabpage_float_navs_r","lui_tabpage_frame","lui_toolbar_btn","lui_toolbar_btn_c","lui_toolbar_btn_l","lui_toolbar_btn_r","lui_toolbar_content","lui_toolbar_frame_float","lui_toolbar_frame_float_mark","lui_toolbar_left","lui_toolbar_right","lui_widget_btn","lui_widget_btn_txt","nodeinfo_box","otherClass","otherExpenseData","process_review_panel","selectArea","selected","selectitem","swfupload","swfuploadbutton","swfuploadtext","tb_label","tb_noborder","tb_normal","td_label","td_normal_title","tr_normal_title","txtstrong","txttitle","uploadinfotext"],["adCompanyContent","btnlabel","clearfloat","com_btn_link","com_goto","com_gototop","com_help","fdApplyMoneyDiv","fdInvoiceMoneyDiv","fdProjectFeeDiv","handlerNamesLabel","input","inputMul","inputSgl","inputdatetime","inputselectsgl","inputsgl","lbpmNextRouteInfoRow","lui-component","lui_form_content_frame","lui_panel_content_inside","lui_portlet_operations","lui_tabpage_float_content","lui_tabpage_float_content_c","lui_tabpage_float_content_l","lui_tabpage_float_content_r","lui_tabpage_float_contents","lui_tabpage_float_footer_c","lui_tabpage_float_footer_l","lui_tabpage_float_footer_r","lui_tabpage_float_header_c","lui_tabpage_float_header_close","lui_tabpage_float_header_l","lui_tabpage_float_header_r","lui_tabpage_float_header_text","lui_tabpage_float_header_title","lui_tabpage_float_nav_item","lui_tabpage_float_nav_item_c","lui_tabpage_float_nav_item_l","lui_tabpage_float_nav_item_r","lui_tabpage_float_navs","lui_tabpage_float_navs_c","lui_tabpage_float_navs_l","lui_tabpage_float_navs_mark","lui_tabpage_float_navs_r","lui_tabpage_frame","lui_toolbar_btn","lui_toolbar_btn_c","lui_toolbar_btn_l","lui_toolbar_btn_r","lui_toolbar_content","lui_toolbar_frame_float","lui_toolbar_frame_float_mark","lui_toolbar_left","lui_toolbar_right","lui_widget_btn","lui_widget_btn_txt","nodeinfo_box","otherClass","otherExpenseData","process_review_panel","selectArea","selected","selectitem","swfupload","swfuploadbutton","swfuploadtext","tb_label","tb_noborder","tb_normal","td_label","td_normal_title","tr_normal_title","txtstrong","txttitle","uploadinfotext"],["adCompanyContent","btnlabel","clearfloat","com_btn_link","com_goto","com_gototop","com_help","fdApplyMoneyDiv","fdInvoiceMoneyDiv","fdProjectFeeDiv","handlerNamesLabel","input","inputMul","inputSgl","inputdatetime","inputselectsgl","inputsgl","lbpmNextRouteInfoRow","lui-component","lui_form_content_frame","lui_icon_s","lui_icon_s_icon_validator","lui_panel_content_inside","lui_portlet_operations","lui_tabpage_float_content","lui_tabpage_float_content_c","lui_tabpage_float_content_l","lui_tabpage_float_content_r","lui_tabpage_float_contents","lui_tabpage_float_footer_c","lui_tabpage_float_footer_l","lui_tabpage_float_footer_r","lui_tabpage_float_header_c","lui_tabpage_float_header_close","lui_tabpage_float_header_l","lui_tabpage_float_header_r","lui_tabpage_float_header_text","lui_tabpage_float_header_title","lui_tabpage_float_nav_item","lui_tabpage_float_nav_item_c","lui_tabpage_float_nav_item_l","lui_tabpage_float_nav_item_r","lui_tabpage_float_navs","lui_tabpage_float_navs_c","lui_tabpage_float_navs_l","lui_tabpage_float_navs_mark","lui_tabpage_float_navs_r","lui_tabpage_frame","lui_toolbar_btn","lui_toolbar_btn_c","lui_toolbar_btn_l","lui_toolbar_btn_r","lui_toolbar_content","lui_toolbar_frame_float","lui_toolbar_frame_float_mark","lui_toolbar_left","lui_toolbar_right","lui_widget_btn","lui_widget_btn_txt","nodeinfo_box","otherClass","otherExpenseData","process_review_panel","selectArea","selected","selectitem","swfupload","swfuploadbutton","swfuploadtext","tb_label","tb_noborder","tb_normal","td_label","td_normal_title","tr_normal_title","txtstrong","txttitle","uploadinfotext","validation-advice","validation-advice-msg","validation-advice-title","validation-table"],["adCompanyContent","btnlabel","clearfloat","clr","com_btn_link","com_goto","com_gototop","com_help","fdApplyMoneyDiv","fdInvoiceMoneyDiv","fdProjectFeeDiv","handlerNamesLabel","input","inputMul","inputSgl","inputdatetime","inputselectsgl","inputsgl","lbpmNextRouteInfoRow","lui-component","lui_dialog_bottomC","lui_dialog_bottomL","lui_dialog_bottomR","lui_dialog_buttons_container","lui_dialog_centerC","lui_dialog_centerL","lui_dialog_centerR","lui_dialog_common_buttons","lui_dialog_common_content_inside","lui_dialog_common_content_right","lui_dialog_container","lui_dialog_content_question","lui_dialog_frame","lui_dialog_head","lui_dialog_headL","lui_dialog_headR","lui_dialog_head_left","lui_dialog_head_right","lui_form_content_frame","lui_icon_s","lui_icon_s_icon_validator","lui_panel_content_inside","lui_portlet_operations","lui_tabpage_float_content","lui_tabpage_float_content_c","lui_tabpage_float_content_l","lui_tabpage_float_content_r","lui_tabpage_float_contents","lui_tabpage_float_footer_c","lui_tabpage_float_footer_l","lui_tabpage_float_footer_r","lui_tabpage_float_header_c","lui_tabpage_float_header_close","lui_tabpage_float_header_l","lui_tabpage_float_header_r","lui_tabpage_float_header_text","lui_tabpage_float_header_title","lui_tabpage_float_nav_item","lui_tabpage_float_nav_item_c","lui_tabpage_float_nav_item_l","lui_tabpage_float_nav_item_r","lui_tabpage_float_navs","lui_tabpage_float_navs_c","lui_tabpage_float_navs_l","lui_tabpage_float_navs_mark","lui_tabpage_float_navs_r","lui_tabpage_frame","lui_toolbar_btn","lui_toolbar_btn_c","lui_toolbar_btn_def","lui_toolbar_btn_gray","lui_toolbar_btn_l","lui_toolbar_btn_r","lui_toolbar_content","lui_toolbar_frame_float","lui_toolbar_frame_float_mark","lui_toolbar_left","lui_toolbar_right","lui_widget_btn","lui_widget_btn_txt","nodeinfo_box","otherClass","otherExpenseData","process_review_panel","selectArea","selected","selectitem","swfupload","swfuploadbutton","swfuploadtext","tb_label","tb_noborder","tb_normal","td_label","td_normal_title","tr_normal_title","txtstrong","txttitle","uploadinfotext","validation-advice","validation-advice-msg","validation-advice-title","validation-table"]],"context0_AVhQV2":[["arrow","arrowPanel","backstretch","con","ctrolPanel","deleteable","footer","form-control","kh","login","login_con","logo","lui_login_button_div_c","lui_login_button_div_l","lui_login_button_div_r","lui_login_button_td","lui_login_form_table","lui_login_input_div","lui_login_input_password","lui_login_input_td","lui_login_input_title","lui_login_input_username","lui_login_message_div","lui_login_message_td","popPanel","popPanel-inner","qrcodePanel","wechatQrcode","wraper"],["arrow","arrowPanel","backstretch","con","ctrolPanel","footer","form-control","kh","login","login_con","logo","lui_login_button_div_c","lui_login_button_div_l","lui_login_button_div_r","lui_login_button_td","lui_login_form_table","lui_login_input_div","lui_login_input_password","lui_login_input_td","lui_login_input_title","lui_login_input_username","lui_login_message_div","lui_login_message_td","popPanel","popPanel-inner","qrcodePanel","wechatQrcode","wraper"],[]]}},"page/tagTriplets":{"contexts":{"context2_mX3z0R":[["-/-/DIV","-/-/FORM","-/-/SCRIPT","-/DIV/DIV","-/DIV/IFRAME","-/FORM/DIV","-/FORM/INPUT-hidden","-/FORM/STYLE","DIV/DIV/DIV","DIV/DIV/IFRAME","DIV/DIV/INPUT-hidden","DIV/DIV/INPUT-text","DIV/DIV/LINK","DIV/DIV/OBJECT","DIV/DIV/P","DIV/DIV/SCRIPT","DIV/DIV/TABLE","DIV/LABEL/B","DIV/LABEL/INPUT-checkbox","DIV/NOBR/LABEL","DIV/OBJECT/PARAM","DIV/TABLE/TBODY","FORM/DIV/DIV","FORM/DIV/TABLE","NOBR/LABEL/INPUT-radio","TABLE/TBODY/SCRIPT","TABLE/TBODY/TR","TBODY/TR/TD","TD/DIV/A","TD/DIV/DIV","TD/DIV/INPUT-hidden","TD/DIV/INPUT-text","TD/DIV/LABEL","TD/DIV/NOBR","TD/DIV/SPAN","TD/DIV/TABLE","TD/LABEL/A","TD/LABEL/INPUT-checkbox","TD/LABEL/INPUT-radio","TD/LABEL/SPAN","TD/NOBR/IMG","TD/NOBR/INPUT-button","TD/NOBR/LABEL","TD/SELECT/OPTION","TD/TABLE/TBODY","TR/TD/A","TR/TD/BR","TR/TD/DIV","TR/TD/IFRAME","TR/TD/INPUT-hidden","TR/TD/INPUT-text","TR/TD/LABEL","TR/TD/LINK","TR/TD/NOBR","TR/TD/SCRIPT","TR/TD/SELECT","TR/TD/SPAN","TR/TD/TABLE","TR/TD/TEXTAREA"],["-/-/DIV","-/-/FORM","-/-/SCRIPT","-/DIV/DIV","-/FORM/DIV","-/FORM/INPUT-hidden","-/FORM/STYLE","DIV/DIV/DIV","DIV/DIV/IFRAME","DIV/DIV/INPUT-hidden","DIV/DIV/INPUT-text","DIV/DIV/LINK","DIV/DIV/OBJECT","DIV/DIV/P","DIV/DIV/SCRIPT","DIV/DIV/TABLE","DIV/LABEL/B","DIV/LABEL/INPUT-checkbox","DIV/NOBR/LABEL","DIV/OBJECT/PARAM","DIV/TABLE/TBODY","FORM/DIV/DIV","FORM/DIV/TABLE","NOBR/LABEL/INPUT-radio","TABLE/TBODY/SCRIPT","TABLE/TBODY/TR","TBODY/TR/TD","TD/DIV/A","TD/DIV/DIV","TD/DIV/INPUT-hidden","TD/DIV/INPUT-text","TD/DIV/LABEL","TD/DIV/NOBR","TD/DIV/SPAN","TD/DIV/TABLE","TD/LABEL/A","TD/LABEL/INPUT-checkbox","TD/LABEL/INPUT-radio","TD/LABEL/SPAN","TD/NOBR/IMG","TD/NOBR/INPUT-button","TD/NOBR/LABEL","TD/SELECT/OPTION","TD/TABLE/TBODY","TR/TD/A","TR/TD/BR","TR/TD/DIV","TR/TD/IFRAME","TR/TD/INPUT-hidden","TR/TD/INPUT-text","TR/TD/LABEL","TR/TD/LINK","TR/TD/NOBR","TR/TD/SCRIPT","TR/TD/SELECT","TR/TD/SPAN","TR/TD/TABLE","TR/TD/TEXTAREA"]],"context0_AVhQV2":[["-/-/DIV","-/-/SCRIPT","-/-/STYLE","-/DIV/DIV","-/DIV/IMG","DIV/A/SPAN","DIV/DIV/A","DIV/DIV/BR","DIV/DIV/DIV","DIV/DIV/FORM","DIV/DIV/IMG","DIV/DIV/P","DIV/DIV/SCRIPT","DIV/FORM/INPUT-hidden","DIV/FORM/INPUT-submit","DIV/FORM/TABLE","FORM/TABLE/TBODY","TABLE/TBODY/TR","TBODY/TR/TD","TD/DIV/DIV","TD/DIV/INPUT-password","TD/DIV/INPUT-text","TR/TD/DIV"],["-/-/FRAME"]]}}}}