{"version":"0.1","id":"cm_fee_conference_apply","targetURL":"https://7.carpoly.com/ekp/cm/fee/cm_fee_conference_apply/cmFeeConferenceApply.do?method=view&fdId=","jsFile":"index.js","chineseName":"","description":"","controls":{"control42_7CJdTT":{"location":{"data":{"tagName":"DIV"},"locators":[{"id":"@class/word","prob":1,"value":"SPAN.prompt_title SPAN.prompt_message DIV.errortitle"},{"id":"path/ordinal","prob":1,"value":"/HTML[1]/BODY[1]/DIV[1]/DIV[2]/DIV[1]/DIV[1]/DIV[1]/DIV[1]/DIV[2]/DIV[1]/SPAN[1]/SPAN[1]/DIV[1]"},{"id":"style/color","value":[62,158,206]},{"id":"elderLevel","value":{"level":0}}]},"events":{"onGetData":"getData_control42_7CJdTT"},"intendedRole":"custom","roles":"element,custom","monitored":true,"frameXPath":""},"control43_RV3n6K":{"location":{"data":{"tagName":"SPAN"},"locators":[{"id":"text","prob":3,"value":{"text":["无效的请求"],"visText":["无效的请求"]}},{"id":"@class/word","prob":1,"value":"DIV.prompt_content_inside.clearfloat SPAN.prompt_message SPAN.errorlist"},{"id":"path/ordinal","prob":1,"value":"/HTML[1]/BODY[1]/DIV[1]/DIV[2]/DIV[1]/DIV[1]/DIV[1]/DIV[1]/DIV[2]/DIV[1]/SPAN[2]/SPAN[2]"},{"id":"elderLevel","value":{"level":0}}]},"roles":"element","content":true,"monitored":true,"frameXPath":""}},"contexts":{"context6_e2ZwqP":{"controls":["control42_7CJdTT","control43_RV3n6K"],"anchors":[],"urlAnchor":[]}},"flows":{"flow33_Bq3Twk":{"toContexts":[{"toContextId":"context6_e2ZwqP"}]}},"pages":{"page6_fg5i5q":{"contextId":"context6_e2ZwqP","layout":[{"id":"uiControl43_J79aBS","controlId":"control42_7CJdTT","display":{"adapterId":"custom","type":"custom","adapter":{"templateType":"react","events":{"onDoAction":"doAction_uiControl43_J79aBS","onGetTemplate":"getTemplate_uiControl43_J79aBS"}}}},{"id":"uiControl44_lhVXDp","controlId":"control43_RV3n6K","display":{"adapterId":"content","type":"content","class":"text-center","adapter":{"templateType":""}}}]}},"matchers":{"page/title":{"contexts":{"context6_e2ZwqP":["系统提示"]}},"page/urls":{"contexts":{"context6_e2ZwqP":["7.carpoly.com/ekp/cm/fee/cm_fee_conference_apply/cmFeeConferenceApply.do?method=view&fdId="]}},"page/ids":{"contexts":{"context6_e2ZwqP":[["highlighter_","highlighter__clipboard","moreErrInfo"]]}},"page/classes":{"contexts":{"context6_e2ZwqP":[["alt","bar","clearfloat","content","copyToClipboard","errorlist","errortitle","item","line","lines","number","plain","printSource","prompt_buttons","prompt_centerC","prompt_centerL","prompt_centerR","prompt_container","prompt_content_error","prompt_content_inside","prompt_content_right","prompt_frame","prompt_message","prompt_title","promt_footerC","promt_footerL","promt_footerR","promt_headerC","promt_headerL","promt_headerR","showMoreError_plus","spaces","syntaxhighlighter","toolbar","viewSource"]]}},"page/tagTriplets":{"contexts":{"context6_e2ZwqP":[["-/-/DIV","-/-/SCRIPT","-/DIV/DIV","DIV/DIV/A","DIV/DIV/DIV","DIV/DIV/EMBED","DIV/DIV/SPAN","DIV/DIV/TABLE","DIV/SPAN/BR","DIV/SPAN/DIV","DIV/SPAN/SPAN","DIV/TABLE/TBODY","SPAN/DIV/DIV","SPAN/SPAN/DIV","TABLE/TBODY/TR","TBODY/TR/TD","TR/TD/CODE"]]}}}}