{
  "version": "0.1",
  "id": "lks_usercenter_list",
  "targetURL": "http://uc.sec.com.cn/lks/hub.index/lks_hublc_gp4.nsf?opendatabase",
  "jsFile": "index.js",
  "requires": {
    "lks_financeflowreview": "../lks_financeflowreview/index.json",
    "lks_plflowreview": "../lks_plflowreview/index.json",
    "lks_review": "../lks_review/index.json",
    "lks_rules": "../lks_rules/index.json",
    "lks_tasks": "../lks_tasks/index.json",
    "feedbackQuestionnaire": "../feedbackQuestionnaire/index.json",
    "lks_archivemngnewex": "../lks_archivemngnewex/index.json",
    "lks_publish": "../lks_publish/index.json",
    "lks_hrreview": "../lks_hrreview/index.json",
    "returnMsg": "../returnMsg/index.json"
  },
  "chineseName": "用户中心列表",
  "description": "",
  "firstPaintEnable": false,
  "controls": {
    "control206_vM6J50": {
      "location": {
        "data": {
          "tagName": "TR"
        },
        "userData": {
          "data": [
            {
              "method": "customJS",
              "value": "retrun true"
            }
          ],
          "force": false
        },
        "locators": [
          {
            "id": "@id/word",
            "prob": 2,
            "value": [
              "descendant::DIV[@id=\"VW_TABLE\"]//TABLE[@id=\"VW_VW\"]/TBODY[1]/TR[1]",
              "descendant::TABLE[@id=\"VW_VW\"]/TBODY[1]/TR[1]"
            ]
          },
          {
            "id": "@class/word",
            "prob": 1,
            "value": "TABLE.TbView TR.TrViewFirst"
          },
          {
            "id": "path/ordinal",
            "prob": 1,
            "value": "/HTML[1]/BODY[1]/FORM[1]/TABLE[4]/TBODY[1]/TR[1]/TD[1]/DIV[2]/TABLE[1]/TBODY[1]/TR[1]"
          }
        ]
      },
      "events": {
        "onGetData": "getData_control206_vM6J50"
      },
      "intendedRole": "custom",
      "roles": "element,custom",
      "monitored": true,
      "frameXPath": "",
      "componentType": "custom"
    },
    "control210_KSWi4n": {
      "location": {
        "data": {
          "tagName": "DIV"
        },
        "userData": {
          "data": [],
          "force": false
        },
        "locators": [
          {
            "id": "@id/word",
            "prob": 3,
            "value": "descendant::DIV[@id=\"VW_TABLE\"]"
          },
          {
            "id": "path/ordinal",
            "prob": 1,
            "value": "/HTML[1]/BODY[1]/FORM[1]/TABLE[4]/TBODY[1]/TR[1]/TD[1]/DIV[2]"
          }
        ]
      },
      "events": {
        "onGetData": "getData_control210_KSWi4n"
      },
      "intendedRole": "custom",
      "roles": "element,custom",
      "monitored": true,
      "frameXPath": "",
      "componentType": "custom"
    },
    "control212_qJ38Ng": {
      "location": {
        "data": {
          "tagName": "DIV"
        },
        "userData": {
          "data": [],
          "force": false
        },
        "locators": [
          {
            "id": "@id/word",
            "prob": 3,
            "value": "descendant::DIV[@id=\"VW_NAVBOTTOM\"]"
          },
          {
            "id": "path/ordinal",
            "prob": 1,
            "value": "/HTML[1]/BODY[1]/FORM[1]/TABLE[4]/TBODY[1]/TR[1]/TD[1]/DIV[3]"
          }
        ]
      },
      "events": {
        "onGetData": "getData_control212_qJ38Ng"
      },
      "intendedRole": "custom",
      "roles": "element,custom",
      "monitored": true,
      "frameXPath": "",
      "componentType": "custom"
    },
    "control222_sclAtf": {
      "location": {
        "data": {
          "tagName": "DIV"
        },
        "userData": {
          "data": [],
          "force": false
        },
        "locators": [
          {
            "id": "@id/word",
            "prob": 3,
            "value": "descendant::DIV[@id=\"VW_TABLE\"]"
          },
          {
            "id": "path/ordinal",
            "prob": 1,
            "value": "/HTML[1]/BODY[1]/FORM[1]/TABLE[4]/TBODY[1]/TR[1]/TD[1]/DIV[3]"
          }
        ]
      },
      "events": {
        "onGetData": "getData_control222_sclAtf"
      },
      "intendedRole": "custom",
      "roles": "element,custom",
      "monitored": true,
      "frameXPath": "",
      "componentType": "custom"
    }
  },
  "contexts": {
    "context29_g4Fqq8": {
      "controls": [
        "control206_vM6J50",
        "control210_KSWi4n",
        "control212_qJ38Ng",
        "control222_sclAtf"
      ],
      "anchors": [],
      "urlAnchor": [
        ".*hub\\.index\\/lks_hub.*\\.nsf\\/.*[Vv]iew[Tt]emplate.*"
      ]
    }
  },
  "flows": {
    "flow128_qlA2np": {
      "toContexts": [
        {
          "toContextId": "context29_g4Fqq8"
        }
      ]
    },
    "flow138_TpZibJ": {
      "fromContextId": "context29_g4Fqq8",
      "fromAction": "doAction",
      "fromControlId": "control206_vM6J50",
      "toContexts": [
        {
          "toContextId": "context29_g4Fqq8"
        }
      ]
    },
    "flow132_iR5owb": {
      "fromContextId": "context29_g4Fqq8",
      "fromAction": "doAction",
      "fromControlId": "control210_KSWi4n",
      "toContexts": [
        {
          "toContextId": "context29_g4Fqq8"
        },
        {
          "toContextId": "context11_DdpfNi",
          "toModelId": "lks_financeflowreview"
        },
        {
          "toContextId": "context13_k04Crz",
          "toModelId": "lks_plflowreview"
        },
        {
          "toContextId": "context0_2puPsG",
          "toModelId": "lks_review"
        },
        {
          "toContextId": "context4_nBTnvD",
          "toModelId": "lks_rules"
        },
        {
          "toContextId": "context1_uBcbtH",
          "toModelId": "lks_tasks"
        },
        {
          "toContextId": "context31_kqnCnJ",
          "toModelId": "feedbackQuestionnaire"
        },
        {
          "toContextId": "context5_3qQbFO",
          "toModelId": "lks_archivemngnewex"
        },
        {
          "toContextId": "context3_gAmRmv",
          "toModelId": "lks_publish"
        },
        {
          "toContextId": "context15_HgJeLK",
          "toModelId": "lks_hrreview"
        },
        {
          "toContextId": "context7_adlfZy",
          "toModelId": "returnMsg"
        }
      ]
    },
    "flow140_zgEasn": {
      "fromContextId": "context29_g4Fqq8",
      "fromAction": "doAction",
      "fromControlId": "control212_qJ38Ng",
      "toContexts": [
        {
          "toContextId": "context29_g4Fqq8"
        }
      ]
    }
  },
  "pages": {
    "page29_KIvs9s": {
      "contextId": "context29_g4Fqq8",
      "layout": [
        {
          "id": "uiControl223_DT1rrZ",
          "controlId": "control206_vM6J50",
          "display": {
            "adapterId": "custom",
            "type": "custom",
            "adapter": {
              "templateType": "react",
              "events": {
                "onDoAction": "doAction_uiControl223_DT1rrZ",
                "onGetTemplate": "getTemplate_uiControl223_DT1rrZ"
              }
            }
          }
        },
        {
          "id": "uiControl236_d1KJdS",
          "controlId": "control222_sclAtf",
          "display": {
            "adapterId": "custom",
            "type": "custom",
            "adapter": {
              "templateType": "react",
              "events": {
                "onDoAction": "doAction_uiControl236_d1KJdS",
                "onGetTemplate": "getTemplate_uiControl236_d1KJdS"
              }
            }
          }
        },
        {
          "id": "uiControl227_2THHDB",
          "controlId": "control210_KSWi4n",
          "display": {
            "adapterId": "custom",
            "type": "custom",
            "adapter": {
              "templateType": "react",
              "events": {
                "onDoAction": "doAction_uiControl227_2THHDB",
                "onGetTemplate": "getTemplate_uiControl227_2THHDB"
              }
            }
          }
        },
        {
          "id": "uiControl229_ai6D33",
          "controlId": "control212_qJ38Ng",
          "display": {
            "adapterId": "custom",
            "type": "custom",
            "adapter": {
              "templateType": "react",
              "events": {
                "onDoAction": "doAction_uiControl229_ai6D33",
                "onGetTemplate": "getTemplate_uiControl229_ai6D33"
              }
            }
          }
        }
      ]
    }
  },
  "matchers": {
    "page/title": {
      "contexts": {
        "context29_g4Fqq8": [
          ""
        ]
      }
    },
    "page/urls": {
      "contexts": {
        "context29_g4Fqq8": [
          "",
          "uc.sec.com.cn/lks/hub.index/lks_hublc_gp4.nsf/$$ViewTemplate%20For%20VD_AllByReviewerEDAD?OpenForm",
          "uc.sec.com.cn/lks/hub.index/lks_hublc_gp4.nsf/$$ViewTemplate%20For%20VD_AllByCreator?OpenForm",
          "uc.sec.com.cn/lks/hub.index/lks_hublc_gp4.nsf/$$ViewTemplate%20For%20VD_AllByMyAccredit?OpenForm",
          "uc.sec.com.cn/lks/hub.index/lks_hublc_gp4.nsf/$$ViewTemplate+For+VD_AllhasRead?OpenForm",
          "uc.sec.com.cn/lks/hub.index/lks_hublc_gp4.nsf/$$ViewTemplate%20For%20VD_AllhasRead?OpenForm&css=workplace/simple",
          "uc.sec.com.cn/lks/hub.index/lks_hublc_gp4.nsf/$$viewtemplate+for+vd_allhasread?openform",
          "uc.sec.com.cn/lks/hub.index/lks_hublc_gp5.nsf/$$viewtemplate+for+vd_allhasread?openform",
          "uc.sec.com.cn/lks/hub.index/lks_hublc_gp4.nsf/$$ViewTemplate%20For%20VD_AllByMyAccredit?OpenForm&css=workplace/simple&Path=%E6%88%91%E6%8E%88%E6%9D%83%E4%BB%96%E4%BA%BA%E5%A4%84%E7%90%86%E7%9A%84%E6%96%87%E6%A1%A3"
        ]
      }
    },
    "page/ids": {
      "contexts": {
        "context29_g4Fqq8": [
          [
            "DIV_SearchBar",
            "EndCurPage",
            "EndHead",
            "EndLast",
            "EndNext",
            "EndPrev",
            "EndRefresh",
            "EndTotalPage",
            "Endcount",
            "TopCurPage",
            "TopHead",
            "TopLast",
            "TopNext",
            "TopPrev",
            "TopRefresh",
            "TopTotalPage",
            "Topcount",
            "VWVWROW_",
            "VW_NAVBOTTOM",
            "VW_NAVTOP",
            "VW_TABLE",
            "VW_VW",
            "btnGoBottom",
            "btnGoTop",
            "buttonDiv"
          ],
          [
            "DIV_SearchBar",
            "EndCurPage",
            "EndHead",
            "EndLast",
            "EndNext",
            "EndPrev",
            "EndRefresh",
            "EndTotalPage",
            "Endcount",
            "S_OperationBar",
            "TopCurPage",
            "TopHead",
            "TopLast",
            "TopNext",
            "TopPrev",
            "TopRefresh",
            "TopTotalPage",
            "Topcount",
            "VWVWROW_",
            "VW_NAVBOTTOM",
            "VW_NAVTOP",
            "VW_TABLE",
            "VW_VW",
            "btnGoBottom",
            "btnGoTop",
            "buttonDiv"
          ],
          [
            " hub_index",
            "DIV_SearchBar",
            "S_OperationBar",
            "VW_NAVBOTTOM",
            "VW_NAVTOP",
            "VW_TABLE",
            "buttonDiv"
          ],
          [
            " hub_index",
            "DIV_SearchBar",
            "EndCurPage",
            "EndHead",
            "EndLast",
            "EndNext",
            "EndPrev",
            "EndRefresh",
            "EndTotalPage",
            "Endcount",
            "S_OperationBar",
            "TopCurPage",
            "TopHead",
            "TopLast",
            "TopNext",
            "TopPrev",
            "TopRefresh",
            "TopTotalPage",
            "Topcount",
            "VWVWROW_",
            "VW_NAVBOTTOM",
            "VW_NAVTOP",
            "VW_TABLE",
            "VW_VW",
            "btnGoBottom",
            "btnGoTop",
            "buttonDiv"
          ]
        ]
      }
    },
    "page/classes": {
      "contexts": {
        "context29_g4Fqq8": [
          [
            "InputView",
            "TbView",
            "TrViewFirst",
            "btnmenuview",
            "curpath",
            "doclistbottom",
            "selectmenu",
            "tbsearchbar",
            "textdocnone"
          ],
          [
            "btnmenuview",
            "curpath",
            "doclistbottom",
            "selectmenu",
            "tbsearchbar"
          ]
        ]
      }
    },
    "page/tagTriplets": {
      "contexts": {
        "context29_g4Fqq8": [
          [
            "-/-/DIV",
            "-/-/INPUT-hidden",
            "-/-/TABLE",
            "-/DIV/TABLE",
            "-/TABLE/TBODY",
            "DIV/TABLE/TBODY",
            "FONT/SELECT/OPTION",
            "P/FONT/INPUT-null",
            "TABLE/TBODY/TR",
            "TBODY/TR/TD",
            "TD/A/FONT",
            "TD/A/IMG",
            "TD/DIV/INPUT-button",
            "TD/DIV/TABLE",
            "TD/FONT/INPUT-checkbox",
            "TD/FONT/INPUT-hidden",
            "TD/FONT/INPUT-null",
            "TD/FONT/SELECT",
            "TD/P/BR",
            "TD/P/FONT",
            "TD/P/INPUT-button",
            "TD/P/INPUT-null",
            "TD/TABLE/TBODY",
            "TR/TD/A",
            "TR/TD/BR",
            "TR/TD/DIV",
            "TR/TD/FONT",
            "TR/TD/IMG",
            "TR/TD/INPUT-button",
            "TR/TD/INPUT-checkbox",
            "TR/TD/INPUT-null",
            "TR/TD/INPUT-text",
            "TR/TD/P",
            "TR/TD/SCRIPT",
            "TR/TD/TABLE"
          ],
          [
            "-/-/DIV",
            "-/-/FORM",
            "-/-/SCRIPT",
            "-/DIV/TABLE",
            "-/FORM/DIV",
            "-/FORM/INPUT-hidden",
            "-/FORM/TABLE",
            "DIV/TABLE/TBODY",
            "FONT/SELECT/OPTION",
            "FORM/DIV/TABLE",
            "FORM/TABLE/TBODY",
            "P/FONT/INPUT-null",
            "TABLE/TBODY/TR",
            "TBODY/TR/TD",
            "TD/A/FONT",
            "TD/A/IMG",
            "TD/A/NOBR",
            "TD/DIV/INPUT-button",
            "TD/DIV/TABLE",
            "TD/FONT/INPUT-checkbox",
            "TD/FONT/INPUT-hidden",
            "TD/FONT/INPUT-null",
            "TD/FONT/SELECT",
            "TD/P/BR",
            "TD/P/FONT",
            "TD/P/INPUT-button",
            "TD/P/INPUT-null",
            "TD/TABLE/TBODY",
            "TR/TD/A",
            "TR/TD/BR",
            "TR/TD/DIV",
            "TR/TD/FONT",
            "TR/TD/IMG",
            "TR/TD/INPUT-button",
            "TR/TD/INPUT-checkbox",
            "TR/TD/INPUT-null",
            "TR/TD/INPUT-text",
            "TR/TD/P",
            "TR/TD/SCRIPT",
            "TR/TD/TABLE"
          ],
          [
            "-/-/DIV",
            "-/-/FORM",
            "-/-/SCRIPT",
            "-/DIV/TABLE",
            "-/FORM/DIV",
            "-/FORM/INPUT-hidden",
            "-/FORM/TABLE",
            "DIV/CENTER/IFRAME",
            "DIV/TABLE/TBODY",
            "FONT/SELECT/OPTION",
            "FORM/DIV/TABLE",
            "FORM/TABLE/TBODY",
            "P/FONT/INPUT-null",
            "TABLE/TBODY/TR",
            "TBODY/TR/TD",
            "TD/A/IMG",
            "TD/A/NOBR",
            "TD/DIV/CENTER",
            "TD/DIV/INPUT-button",
            "TD/FONT/INPUT-hidden",
            "TD/FONT/INPUT-null",
            "TD/FONT/SELECT",
            "TD/P/BR",
            "TD/P/FONT",
            "TD/P/INPUT-button",
            "TD/P/INPUT-null",
            "TD/TABLE/TBODY",
            "TR/TD/A",
            "TR/TD/BR",
            "TR/TD/DIV",
            "TR/TD/FONT",
            "TR/TD/INPUT-button",
            "TR/TD/INPUT-null",
            "TR/TD/P",
            "TR/TD/SCRIPT",
            "TR/TD/TABLE"
          ]
        ]
      }
    }
  }
}