{
  "version": "0.1",
  "id": "UnitMembers",
  "targetURL": "http://218.203.103.203:8082/oc/bes/sm/login/operator_ctz.html?type=2",
  "jsFile": "index.js",
  "chineseName": "集团单位成员信息",
  "description": "",
  "controls": {
    "control96_Kxi5rV": {
      "location": {
        "data": {
          "tagName": "UL"
        },
        "userData": {
          "data": [],
          "force": false
        },
        "locators": [
          {
            "id": "@class/word",
            "prob": 1,
            "value": "DIV.tabCon DIV.tab UL.floatCon.toLeft"
          }
        ]
      },
      "events": {
        "onGetData": "getData_control96_Kxi5rV"
      },
      "intendedRole": "custom",
      "roles": "element,custom",
      "monitored": true,
      "frameXPath": "",
      "componentType": "custom"
    },
    "control98_BZz94k": {
      "location": {
        "data": {
          "tagName": "TD"
        },
        "userData": {
          "data": [],
          "force": false
        },
        "locators": [
          {
            "id": "text",
            "prob": 3,
            "value": {
              "text": [
                "集团单位信息维护"
              ],
              "visText": [
                "集团单位信息维护"
              ]
            }
          },
          {
            "id": "path/ordinal",
            "prob": 1,
            "value": "/HTML[1]/BODY[1]/FORM[1]/DIV[1]/TABLE[1]/TBODY[1]/TR[1]/TD[1]"
          }
        ]
      },
      "roles": "element",
      "content": true,
      "monitored": true,
      "frameXPath": "//iframe[1]<<IFRAME>>//iframe[@name='rightFrame'][@id='rightFrame']<<IFRAME>>",
      "componentType": "content"
    },
    "control99_cWxeCb": {
      "location": {
        "data": {
          "tagName": "TABLE"
        },
        "userData": {
          "data": [],
          "force": false
        },
        "locators": [
          {
            "id": "@id/word",
            "prob": 2,
            "value": [
              "descendant::FORM[@id=\"addServLogForm\"]/DIV[1]/TABLE[1]",
              "descendant::FORM[@id=\"addServLogForm\"]//TABLE"
            ]
          },
          {
            "id": "path/ordinal",
            "prob": 1,
            "ordinal": [
              0,
              2
            ],
            "value": "/HTML[1]/BODY[1]/FORM[1]/DIV[1]/TABLE[1]"
          }
        ]
      },
      "events": {
        "onGetData": "getData_control99_cWxeCb"
      },
      "intendedRole": "custom",
      "roles": "element,custom",
      "monitored": true,
      "frameXPath": "//iframe[1]<<IFRAME>>//iframe[@name='rightFrame'][@id='rightFrame']<<IFRAME>>//iframe[@name='OrgaFrame'][@id='OrgaFrame']<<IFRAME>>",
      "componentType": "custom"
    },
    "control101_F9Hc6a": {
      "location": {
        "data": {
          "tagName": "TD"
        },
        "userData": {
          "data": [],
          "force": false
        },
        "locators": [
          {
            "id": "text",
            "prob": 3,
            "value": {
              "text": [
                "集团成员信息维护"
              ],
              "visText": [
                "集团成员信息维护"
              ]
            }
          },
          {
            "id": "path/ordinal",
            "prob": 1,
            "value": "/HTML[1]/BODY[1]/FORM[1]/DIV[2]/TABLE[1]/TBODY[1]/TR[1]/TD[1]"
          }
        ]
      },
      "roles": "element",
      "content": true,
      "monitored": true,
      "frameXPath": "//iframe[1]<<IFRAME>>//iframe[@name='rightFrame'][@id='rightFrame']<<IFRAME>>",
      "componentType": "content"
    },
    "control111_7Kvybt": {
      "location": {
        "data": {
          "tagName": "TD"
        },
        "userData": {
          "data": [],
          "force": false
        },
        "locators": [
          {
            "id": "@id/word",
            "prob": 2,
            "value": "descendant::FORM[@id=\"groupLinkmanForm\"]/TABLE[1]/TBODY[1]/TR[4]/TD[1]"
          },
          {
            "id": "path/ordinal",
            "prob": 1,
            "value": "/HTML[1]/BODY[1]/FORM[1]/TABLE[1]/TBODY[1]/TR[4]/TD[1]"
          }
        ]
      },
      "events": {
        "onGetData": "getData_control111_7Kvybt"
      },
      "intendedRole": "custom",
      "roles": "element,custom",
      "monitored": true,
      "frameXPath": "//iframe[1]<<IFRAME>>//iframe[@name='rightFrame'][@id='rightFrame']<<IFRAME>>//iframe[@name='OrgaFrame'][@id='OrgaFrame']<<IFRAME>>",
      "componentType": "custom"
    },
    "control153_sLTNgF": {
      "location": {
        "data": {
          "tagName": "TABLE"
        },
        "userData": {
          "data": [],
          "force": false
        },
        "locators": [
          {
            "id": "@id/word",
            "prob": 4,
            "value": [
              "descendant::FORM[@id=\"groupLinkmanForm\"]//DIV[@id=\"queryResultCommonManInfodiv\"]//TABLE[@id=\"queryResultCommonManInfo\"]",
              "descendant::DIV[@id=\"queryResultCommonManInfodiv\"]//TABLE[@id=\"queryResultCommonManInfo\"]",
              "descendant::TABLE[@id=\"queryResultCommonManInfo\"]"
            ]
          },
          {
            "id": "path/ordinal",
            "prob": 1,
            "ordinal": [
              1,
              2
            ],
            "value": "/HTML[1]/BODY[1]/FORM[1]/DIV[1]/TABLE[1]"
          }
        ]
      },
      "events": {
        "onGetData": "getData_control153_sLTNgF"
      },
      "intendedRole": "custom",
      "roles": "element,custom",
      "monitored": true,
      "frameXPath": "//iframe[1]<<IFRAME>>//iframe[@name='rightFrame'][@id='rightFrame']<<IFRAME>>//iframe[@name='OrgaFrame'][@id='OrgaFrame']<<IFRAME>>",
      "componentType": "custom"
    },
    "control157_xh9mn0": {
      "location": {
        "data": {
          "tagName": "TD"
        },
        "userData": {
          "data": [],
          "force": false
        },
        "locators": [
          {
            "id": "@id/word",
            "prob": 2,
            "value": "descendant::FORM[@id=\"groupLinkmanForm\"]/TABLE[2]/TBODY[1]/TR[1]/TD[1]"
          },
          {
            "id": "path/ordinal",
            "prob": 1,
            "value": "/HTML[1]/BODY[1]/FORM[1]/TABLE[2]/TBODY[1]/TR[1]/TD[1]"
          }
        ]
      },
      "events": {
        "onGetData": "getData_control157_xh9mn0"
      },
      "intendedRole": "custom",
      "roles": "element,custom",
      "monitored": true,
      "frameXPath": "//iframe[1]<<IFRAME>>//iframe[@name='rightFrame'][@id='rightFrame']<<IFRAME>>//iframe[@name='OrgaFrame'][@id='OrgaFrame']<<IFRAME>>",
      "componentType": "custom"
    },
    "control167_CcTvXb": {
      "location": {
        "data": {
          "tagName": "LI"
        },
        "userData": {
          "data": [],
          "force": false
        },
        "locators": [
          {
            "id": "text",
            "prob": 3,
            "value": {
              "text": [
                "集团单位成员信息"
              ],
              "visText": [
                "集团单位成员信息"
              ]
            }
          },
          {
            "id": "@title",
            "prob": 2,
            "value": {
              "text": [
                "集团单位成员信息"
              ]
            }
          },
          {
            "id": "@class/word",
            "prob": 1,
            "value": "DIV.tab UL.floatCon.toLeft LI.selected"
          },
          {
            "id": "style/color",
            "value": [
              42,
              142,
              231
            ]
          }
        ]
      },
      "roles": "element",
      "text": "\t\t                                                        \t\t                        集团单位成员信息\t                          ",
      "frameXPath": ""
    },
    "control170_aF7cTf": {
      "location": {
        "data": {
          "tagName": "TABLE"
        },
        "userData": {
          "data": [],
          "force": false
        },
        "locators": [
          {
            "id": "@id/word",
            "prob": 2,
            "value": [
              "descendant::FORM[@id=\"toAddLinkmanForm\"]/TABLE[1]",
              "descendant::FORM[@id=\"toAddLinkmanForm\"]//TABLE"
            ]
          },
          {
            "id": "path/ordinal",
            "prob": 1,
            "value": "/HTML[1]/BODY[1]/FORM[1]/TABLE[1]"
          }
        ]
      },
      "events": {
        "onGetData": "getData_control170_aF7cTf"
      },
      "intendedRole": "custom",
      "roles": "element,custom",
      "monitored": true,
      "frameXPath": "//iframe[1]<<IFRAME>>//iframe[@name='rightFrame'][@id='rightFrame']<<IFRAME>>//iframe[@name='OrgaFrame'][@id='OrgaFrame']<<IFRAME>>",
      "componentType": "custom"
    },
    "control203_3bdZ8n": {
      "location": {
        "data": {
          "tagName": "TD"
        },
        "userData": {
          "data": [],
          "force": false
        },
        "locators": [
          {
            "id": "@id/word",
            "prob": 2,
            "value": "descendant::FORM[@id=\"groupLinkmanForm\"]/TABLE[3]/TFOOT[1]/TR[1]/TD[1]"
          },
          {
            "id": "path/ordinal",
            "prob": 1,
            "value": "/HTML[1]/BODY[1]/FORM[1]/TABLE[3]/TFOOT[1]/TR[1]/TD[1]"
          }
        ]
      },
      "events": {
        "onGetData": "getData_control203_3bdZ8n"
      },
      "intendedRole": "custom",
      "roles": "element,custom",
      "monitored": true,
      "frameXPath": "//iframe[1]<<IFRAME>>//iframe[@name='rightFrame'][@id='rightFrame']<<IFRAME>>//iframe[@name='OrgaFrame'][@id='OrgaFrame']<<IFRAME>>",
      "componentType": "custom"
    },
    "control220_tGox6L": {
      "location": {
        "data": {
          "tagName": "TABLE"
        },
        "userData": {
          "data": [],
          "force": false
        },
        "locators": [
          {
            "id": "path/ordinal",
            "prob": 1,
            "value": "/HTML[1]/BODY[1]/DIV[1]/TABLE[1]"
          }
        ]
      },
      "events": {
        "onGetData": "getData_control220_tGox6L"
      },
      "intendedRole": "custom",
      "roles": "element,custom",
      "monitored": true,
      "frameXPath": "//iframe[1]<<IFRAME>>//iframe[@name='leftFrame'][@id='leftFrame']<<IFRAME>>",
      "componentType": "custom"
    },
    "control221_UfKTh7": {
      "location": {
        "data": {
          "tagName": "FORM"
        },
        "userData": {
          "data": [],
          "force": false
        },
        "locators": [
          {
            "id": "@id/word",
            "prob": 3,
            "value": "descendant::FORM[@id=\"addServLogForm\"]"
          },
          {
            "id": "path/ordinal",
            "prob": 1,
            "ordinal": [
              0,
              2
            ],
            "value": "/HTML[1]/BODY[1]/FORM[1]"
          }
        ]
      },
      "events": {
        "onGetData": "getData_control221_UfKTh7"
      },
      "intendedRole": "custom",
      "roles": "element,custom",
      "monitored": true,
      "frameXPath": "//iframe[1]<<IFRAME>>//iframe[@name='rightFrame'][@id='rightFrame']<<IFRAME>>//iframe[@name='OrgaFrame'][@id='OrgaFrame']<<IFRAME>>",
      "componentType": "custom"
    },
    "control327_7v4xG9": {
      "location": {
        "data": {
          "tagName": "IMG"
        },
        "userData": {
          "data": [],
          "force": false
        },
        "locators": [
          {
            "id": "@title",
            "prob": 2,
            "value": {
              "text": [
                "业务办理成功"
              ]
            }
          },
          {
            "id": "img/@src",
            "prob": 1,
            "value": {
              "pathname": "/ngmarket/skins/ng35/images/crm/resultmsg/operate_success_top01.gif"
            }
          },
          {
            "id": "path/ordinal",
            "prob": 1,
            "value": "/HTML[1]/BODY[1]/DIV[1]/TABLE[1]/TBODY[1]/TR[1]/TD[1]/TABLE[1]/TBODY[1]/TR[1]/TD[1]/IMG[1]"
          }
        ]
      },
      "roles": "element,image,button",
      "monitored": true,
      "frameXPath": "//iframe[1]<<IFRAME>>//iframe[@name='rightFrame'][@id='rightFrame']<<IFRAME>>//iframe[@name='OrgaFrame'][@id='OrgaFrame']<<IFRAME>>",
      "componentType": "image"
    },
    "control328_SOMTow": {
      "location": {
        "data": {
          "tagName": "TD"
        },
        "userData": {
          "data": [],
          "force": false
        },
        "locators": [
          {
            "id": "text",
            "prob": 3,
            "value": {
              "text": [
                "成功提示: 业务办理成功！"
              ],
              "visText": [
                "成功提示: 业务办理成功！"
              ]
            }
          },
          {
            "id": "path/ordinal",
            "prob": 1,
            "value": "/HTML[1]/BODY[1]/DIV[1]/TABLE[1]/TBODY[1]/TR[1]/TD[1]/TABLE[1]/TBODY[1]/TR[2]/TD[1]"
          }
        ]
      },
      "roles": "element",
      "monitored": false,
      "frameXPath": "//iframe[1]<<IFRAME>>//iframe[@name='rightFrame'][@id='rightFrame']<<IFRAME>>//iframe[@name='OrgaFrame'][@id='OrgaFrame']<<IFRAME>>",
      "componentType": "image"
    },
    "control329_hJGtA1": {
      "location": {
        "data": {
          "tagName": "TD"
        },
        "userData": {
          "data": [],
          "force": false
        },
        "locators": [
          {
            "id": "text",
            "prob": 3,
            "value": {
              "text": [
                "成功提示: 业务办理成功！"
              ],
              "visText": [
                "成功提示: 业务办理成功！"
              ]
            }
          },
          {
            "id": "path/ordinal",
            "prob": 1,
            "value": "/HTML[1]/BODY[1]/DIV[1]/TABLE[1]/TBODY[1]/TR[1]/TD[1]/TABLE[1]/TBODY[1]/TR[2]/TD[1]"
          }
        ]
      },
      "roles": "element",
      "content": true,
      "monitored": true,
      "frameXPath": "//iframe[1]<<IFRAME>>//iframe[@name='rightFrame'][@id='rightFrame']<<IFRAME>>//iframe[@name='OrgaFrame'][@id='OrgaFrame']<<IFRAME>>",
      "componentType": "content"
    },
    "control330_J9O5W4": {
      "location": {
        "data": {
          "tagName": "TD"
        },
        "userData": {
          "data": [],
          "force": false
        },
        "locators": [
          {
            "id": "path/ordinal",
            "prob": 1,
            "value": "/HTML[1]/BODY[1]/DIV[1]/TABLE[1]/TBODY[1]/TR[1]/TD[1]/TABLE[1]/TBODY[1]/TR[4]/TD[1]"
          }
        ]
      },
      "events": {
        "onGetData": "getData_control330_J9O5W4"
      },
      "intendedRole": "custom",
      "roles": "element,custom",
      "monitored": true,
      "frameXPath": "//iframe[1]<<IFRAME>>//iframe[@name='rightFrame'][@id='rightFrame']<<IFRAME>>//iframe[@name='OrgaFrame'][@id='OrgaFrame']<<IFRAME>>",
      "componentType": "custom"
    }
  },
  "contexts": {
    "context26_Zc7UAm": {
      "controls": [
        "control96_Kxi5rV",
        "control98_BZz94k",
        "control99_cWxeCb",
        "control101_F9Hc6a",
        "control111_7Kvybt",
        "control153_sLTNgF",
        "control157_xh9mn0",
        "control170_aF7cTf",
        "control203_3bdZ8n",
        "control220_tGox6L",
        "control221_UfKTh7",
        "control327_7v4xG9",
        "control328_SOMTow",
        "control329_hJGtA1",
        "control330_J9O5W4"
      ],
      "anchors": [
        "control167_CcTvXb"
      ],
      "urlAnchor": []
    }
  },
  "flows": {
    "flow69_kFl81v": {
      "toContexts": [
        {
          "toContextId": "context26_Zc7UAm"
        }
      ]
    },
    "flow70_xcXRmJ": {
      "fromContextId": "context26_Zc7UAm",
      "fromAction": "doAction",
      "fromControlId": "control99_cWxeCb",
      "toContexts": [
        {
          "toContextId": "context26_Zc7UAm"
        }
      ]
    },
    "flow93_T0o7hG": {
      "fromContextId": "context26_Zc7UAm",
      "fromAction": "doAction",
      "fromControlId": "control157_xh9mn0",
      "toContexts": [
        {
          "toContextId": "context26_Zc7UAm"
        }
      ]
    },
    "flow95_cvta0h": {
      "fromContextId": "context26_Zc7UAm",
      "fromAction": "doAction",
      "fromControlId": "control96_Kxi5rV",
      "toContexts": [
        {
          "toContextId": "context26_Zc7UAm"
        }
      ]
    },
    "flow99_awkkJG": {
      "fromContextId": "context26_Zc7UAm",
      "fromAction": "doAction",
      "fromControlId": "control170_aF7cTf",
      "toContexts": [
        {
          "toContextId": "context26_Zc7UAm"
        }
      ]
    },
    "flow106_lZ9J7U": {
      "fromContextId": "context26_Zc7UAm",
      "fromAction": "doAction",
      "fromControlId": "control111_7Kvybt",
      "toContexts": [
        {
          "toContextId": "context26_Zc7UAm"
        }
      ]
    },
    "flow121_trDxHB": {
      "fromContextId": "context26_Zc7UAm",
      "fromAction": "doAction",
      "fromControlId": "control153_sLTNgF",
      "toContexts": [
        {
          "toContextId": "context26_Zc7UAm"
        }
      ]
    },
    "flow140_2Z9AmG": {
      "fromContextId": "context26_Zc7UAm",
      "fromAction": "doAction",
      "fromControlId": "control220_tGox6L",
      "toContexts": [
        {
          "toContextId": "context26_Zc7UAm"
        }
      ]
    }
  },
  "pages": {
    "page26_anOs1F": {
      "contextId": "context26_Zc7UAm",
      "layout": [
        {
          "id": "uiControl102_FCyCIm",
          "controlId": "control96_Kxi5rV",
          "display": {
            "adapterId": "custom",
            "type": "custom",
            "adapter": {
              "templateType": "react",
              "events": {
                "onDoAction": "doAction_uiControl102_FCyCIm",
                "onGetTemplate": "getTemplate_uiControl102_FCyCIm"
              }
            }
          }
        },
        {
          "id": "uiControl237_slORFM",
          "controlId": "control220_tGox6L",
          "display": {
            "adapterId": "custom",
            "type": "custom",
            "adapter": {
              "templateType": "react",
              "events": {
                "onDoAction": "doAction_uiControl237_slORFM",
                "onGetTemplate": "getTemplate_uiControl237_slORFM"
              }
            }
          }
        },
        {
          "id": "uiControl103_MLNToH",
          "display": {
            "type": "card",
            "adapterId": "card",
            "adapter": {
              "templateType": ""
            }
          },
          "layout": [
            {
              "id": "uiControl103_MLNToHheader",
              "display": {
                "type": "cardHeader",
                "text": "",
                "adapterId": "cardHeader",
                "adapter": {
                  "templateType": ""
                }
              },
              "layout": []
            },
            {
              "id": "uiControl103_MLNToHbody",
              "display": {
                "type": "cardBody",
                "adapterId": "cardBody",
                "adapter": {
                  "templateType": ""
                }
              },
              "layout": [
                {
                  "id": "uiControl105_RUFA0b",
                  "controlId": "control98_BZz94k",
                  "display": {
                    "adapterId": "content",
                    "type": "content",
                    "class": "w-tit",
                    "adapter": {
                      "templateType": ""
                    }
                  }
                },
                {
                  "id": "uiControl238_pfrKX9",
                  "controlId": "control221_UfKTh7",
                  "display": {
                    "adapterId": "custom",
                    "type": "custom",
                    "adapter": {
                      "templateType": "react",
                      "events": {
                        "onDoAction": "doAction_uiControl238_pfrKX9",
                        "onGetTemplate": "getTemplate_uiControl238_pfrKX9"
                      }
                    }
                  }
                },
                {
                  "id": "uiControl106_GwxMTi",
                  "controlId": "control99_cWxeCb",
                  "display": {
                    "adapterId": "custom",
                    "type": "custom",
                    "adapter": {
                      "templateType": "react",
                      "events": {
                        "onDoAction": "doAction_uiControl106_GwxMTi",
                        "onGetTemplate": "getTemplate_uiControl106_GwxMTi"
                      }
                    }
                  }
                }
              ]
            },
            {
              "id": "uiControl103_MLNToHfooter",
              "display": {
                "type": "cardFooter",
                "adapterId": "cardFooter",
                "adapter": {
                  "templateType": ""
                }
              },
              "layout": []
            }
          ]
        },
        {
          "id": "uiControl114_F6JAeM",
          "display": {
            "type": "card",
            "adapterId": "card",
            "showFooter": true,
            "adapter": {
              "templateType": ""
            }
          },
          "layout": [
            {
              "id": "uiControl114_F6JAeMheader",
              "display": {
                "type": "cardHeader",
                "text": "",
                "adapterId": "cardHeader",
                "adapter": {
                  "templateType": ""
                }
              },
              "layout": []
            },
            {
              "id": "uiControl114_F6JAeMbody",
              "display": {
                "type": "cardBody",
                "adapterId": "cardBody",
                "adapter": {
                  "templateType": ""
                }
              },
              "layout": [
                {
                  "id": "uiControl116_SWtOnZ",
                  "controlId": "control101_F9Hc6a",
                  "display": {
                    "adapterId": "content",
                    "type": "content",
                    "class": "w-tit",
                    "adapter": {
                      "templateType": ""
                    }
                  }
                },
                {
                  "id": "uiControl177_ARMMPi",
                  "controlId": "control170_aF7cTf",
                  "display": {
                    "adapterId": "custom",
                    "type": "custom",
                    "adapter": {
                      "templateType": "react",
                      "events": {
                        "onDoAction": "doAction_uiControl177_ARMMPi",
                        "onGetTemplate": "getTemplate_uiControl177_ARMMPi"
                      }
                    }
                  }
                },
                {
                  "id": "uiControl163_OJ4pDl",
                  "controlId": "control111_7Kvybt",
                  "display": {
                    "adapterId": "custom",
                    "type": "custom",
                    "adapter": {
                      "templateType": "react",
                      "events": {
                        "onDoAction": "doAction_uiControl163_OJ4pDl",
                        "onGetTemplate": "getTemplate_uiControl163_OJ4pDl"
                      }
                    }
                  }
                },
                {
                  "id": "uiControl172_wZmfue",
                  "controlId": "control153_sLTNgF",
                  "display": {
                    "adapterId": "custom",
                    "type": "custom",
                    "adapter": {
                      "templateType": "react",
                      "events": {
                        "onDoAction": "doAction_uiControl172_wZmfue",
                        "onGetTemplate": "getTemplate_uiControl172_wZmfue"
                      }
                    }
                  }
                },
                {
                  "id": "uiControl173_2UXrZe",
                  "controlId": "control157_xh9mn0",
                  "display": {
                    "adapterId": "custom",
                    "type": "custom",
                    "adapter": {
                      "templateType": "react",
                      "events": {
                        "onDoAction": "doAction_uiControl173_2UXrZe",
                        "onGetTemplate": "getTemplate_uiControl173_2UXrZe"
                      }
                    }
                  }
                }
              ]
            },
            {
              "id": "uiControl114_F6JAeMfooter",
              "display": {
                "type": "cardFooter",
                "adapterId": "cardFooter",
                "adapter": {
                  "templateType": ""
                }
              },
              "layout": [
                {
                  "id": "uiControl214_phXqBU",
                  "controlId": "control203_3bdZ8n",
                  "display": {
                    "adapterId": "custom",
                    "type": "custom",
                    "adapter": {
                      "templateType": "react",
                      "events": {
                        "onDoAction": "doAction_uiControl214_phXqBU",
                        "onGetTemplate": "getTemplate_uiControl214_phXqBU"
                      }
                    }
                  }
                }
              ]
            }
          ]
        },
        {
          "id": "uiControl347_mERGH9",
          "display": {
            "type": "card",
            "adapterId": "card",
            "adapter": {
              "templateType": ""
            }
          },
          "layout": [
            {
              "id": "uiControl347_mERGH9header",
              "display": {
                "type": "cardHeader",
                "text": "",
                "adapterId": "cardHeader",
                "adapter": {
                  "templateType": ""
                }
              },
              "layout": []
            },
            {
              "id": "uiControl347_mERGH9body",
              "display": {
                "type": "cardBody",
                "adapterId": "cardBody",
                "adapter": {
                  "templateType": ""
                }
              },
              "layout": [
                {
                  "id": "uiControl348_8aTC98",
                  "controlId": "control327_7v4xG9",
                  "display": {
                    "adapterId": "image_link",
                    "type": "image",
                    "class": "imgs",
                    "adapter": {
                      "templateType": ""
                    }
                  }
                },
                {
                  "id": "uiControl349_597WMv",
                  "controlId": "control329_hJGtA1",
                  "display": {
                    "adapterId": "content",
                    "type": "content",
                    "class": "w-cen",
                    "adapter": {
                      "templateType": ""
                    }
                  }
                },
                {
                  "id": "uiControl350_xbgskN",
                  "controlId": "control330_J9O5W4",
                  "display": {
                    "adapterId": "custom",
                    "type": "custom",
                    "adapter": {
                      "templateType": "react",
                      "events": {
                        "onDoAction": "doAction_uiControl350_xbgskN",
                        "onGetTemplate": "getTemplate_uiControl350_xbgskN"
                      }
                    }
                  }
                }
              ]
            },
            {
              "id": "uiControl347_mERGH9footer",
              "display": {
                "type": "cardFooter",
                "adapterId": "cardFooter",
                "adapter": {
                  "templateType": ""
                }
              },
              "layout": []
            }
          ]
        }
      ]
    }
  },
  "matchers": {
    "page/title": {
      "contexts": {
        "context26_Zc7UAm": [
          "中国移动宁夏公司第三代CRM系统",
          "中国移动宁夏公司第三代CRM系统 页面"
        ]
      }
    },
    "page/urls": {
      "contexts": {
        "context26_Zc7UAm": [
          "218.203.103.203:8082/oc/bes/sm/login/operator_ctz.html?type=2"
        ]
      }
    },
    "page/ids": {
      "contexts": {
        "context26_Zc7UAm": [
          [
            "attachName",
            "bes_sm_portal_email_div",
            "bes_sm_portal_email_input",
            "bes_sm_portal_email_span",
            "bes_sm_portal_exit_pic",
            "bes_sm_portal_lock_pic",
            "bes_sm_portal_phone_div",
            "bes_sm_portal_phone_input",
            "bes_sm_portal_phone_span",
            "bes_sm_portal_updatePwd_pic",
            "bes_sm_portal_userName_div",
            "bes_sm_portal_userName_input",
            "bes_sm_portal_userName_span",
            "bes_sm_portal_welcom_div",
            "bes_sm_portal_welcome_input",
            "bes_sm_portal_welcome_span",
            "beslogo",
            "besprintiframe",
            "crt-be",
            "datetimepicker_div",
            "downloadExportExcel",
            "drag",
            "emailchoice",
            "frame_calculator",
            "frame_search_employee",
            "headerMenu",
            "helpClose",
            "helpMax",
            "helpMin",
            "helpRestore",
            "helpcenter",
            "helper_center_li",
            "helpifr",
            "helpmore",
            "helptitle",
            "helpul",
            "helpwindow",
            "img_",
            "ins_mpuiconsendsms",
            "ipt_lang",
            "ipt_loginid",
            "leftMenu",
            "leftPopBox",
            "lockPageDiv",
            "lockpage_pwd",
            "menuSearch",
            "middleFrame",
            "moreNotice",
            "mymarquee",
            "noteContent",
            "note_",
            "note_pad",
            "noticeleft",
            "noticeli",
            "noticelistdiv",
            "noticetop",
            "orderScrollbar",
            "popBox",
            "popNote",
            "popNoteBox",
            "popupTitle",
            "printdiv",
            "rightheadermenu",
            "searchReset",
            "search_button_info",
            "search_info_text",
            "shoppingcartNumber",
            "shoppingcartPlat",
            "shoppingcartcheckout",
            "showmenudiv",
            "sitemap",
            "staticshoppingcar_close",
            "staticshoppingcar_open",
            "switchberegion",
            "tab-scrollbar",
            "tip_footdiv",
            "top_gadget",
            "uee-",
            "uee-_bmeDSTImg",
            "uee-_input_img",
            "uee-_ueeDTMShowFmt",
            "uee-_value",
            "unlockpage_btn",
            "workPlace"
          ],
          [
            "bes_sm_portal_email_div",
            "bes_sm_portal_email_input",
            "bes_sm_portal_email_span",
            "bes_sm_portal_exit_pic",
            "bes_sm_portal_lock_pic",
            "bes_sm_portal_phone_div",
            "bes_sm_portal_phone_input",
            "bes_sm_portal_phone_span",
            "bes_sm_portal_updatePwd_pic",
            "bes_sm_portal_userName_div",
            "bes_sm_portal_userName_input",
            "bes_sm_portal_userName_span",
            "bes_sm_portal_welcom_div",
            "bes_sm_portal_welcome_input",
            "bes_sm_portal_welcome_span",
            "beslogo",
            "besprintiframe",
            "crt-be",
            "datetimepicker_div",
            "drag",
            "emailchoice",
            "frame_calculator",
            "frame_search_employee",
            "headerMenu",
            "helpClose",
            "helpMax",
            "helpMin",
            "helpRestore",
            "helpcenter",
            "helper_center_li",
            "helpifr",
            "helpmore",
            "helptitle",
            "helpul",
            "helpwindow",
            "ins_mpuiconsendsms",
            "ipt_lang",
            "ipt_loginid",
            "leftMenu",
            "lockPageDiv",
            "lockpage_pwd",
            "menuSearch",
            "middleFrame",
            "mymarquee",
            "note_pad",
            "noticeleft",
            "noticeli",
            "noticelistdiv",
            "noticetop",
            "orderScrollbar",
            "popBox",
            "popNote",
            "popNoteBox",
            "printdiv",
            "rightheadermenu",
            "search_button_info",
            "search_info_text",
            "shoppingcartNumber",
            "shoppingcartPlat",
            "shoppingcartcheckout",
            "showmenudiv",
            "sitemap",
            "staticshoppingcar_close",
            "staticshoppingcar_open",
            "switchberegion",
            "tab-scrollbar",
            "tip_footdiv",
            "top_gadget",
            "uee-",
            "uee-_bmeDSTImg",
            "uee-_input_img",
            "uee-_ueeDTMShowFmt",
            "uee-_value",
            "unlockpage_btn",
            "workPlace"
          ]
        ]
      }
    },
    "page/classes": {
      "contexts": {
        "context26_Zc7UAm": [
          [
            "LeftScrollBar",
            "LeftxScrollBar",
            "ScrollbarArrow",
            "ScrollbarHandle",
            "ScrollbarHandleC",
            "ScrollbarHandleR",
            "ScrollbarTrack",
            "accountOpt",
            "active",
            "ao-droplist",
            "ao-exit",
            "ao-header",
            "ao-lock",
            "ao-popup",
            "ao-updatepwd",
            "beforeEdit",
            "bes-ad-common-smplugin",
            "bes-ad-staticshoppingcar",
            "bes-common-pagecontext",
            "bes-oc-base-login",
            "bes-oc-base-shoppingcart",
            "bes-sm-commontools",
            "bes-sm-ctz-notice",
            "bes-sm-helpcenter",
            "bes-sm-oc-print",
            "bes-sm-sales-workbench",
            "bes-sm-sitemap",
            "bes-sm-switchbe",
            "bes-sm-unioncash",
            "bf_tips",
            "bf_tips_container",
            "bf_tips_content",
            "btn_negative",
            "cart_num",
            "checkbox",
            "checked",
            "clearfix",
            "close",
            "close_box",
            "cn_bg",
            "cn_center",
            "cn_impl",
            "cn_left",
            "cn_right",
            "content",
            "currentOrder",
            "currentOrderEmpty",
            "dateInfo",
            "datetime_input",
            "datetimepicker_DST",
            "datetimepicker_div_trigger",
            "disable",
            "disableEdit",
            "droplist",
            "droplistIcon",
            "editSpan",
            "ele_normal",
            "emailSpan",
            "even",
            "fl",
            "floatCon",
            "fontH",
            "font_blue",
            "font_left",
            "font_right",
            "foot",
            "form_notice",
            "fr",
            "ft-h",
            "hasDatepicker",
            "head",
            "headerMenu",
            "header_menu_child",
            "header_menu_grandchild",
            "helpcenter",
            "helper_center",
            "hide",
            "icon",
            "inlineTitle",
            "label",
            "last",
            "lastLiOpt",
            "left",
            "lock",
            "lock_input",
            "logo",
            "main-right",
            "max",
            "mb_",
            "menu_btn",
            "mid",
            "middle",
            "min",
            "ml_",
            "moreLink",
            "mt_",
            "navigatorBar",
            "ng-binding",
            "ng-hide",
            "ng-scope",
            "normal_img",
            "notice",
            "noticeli",
            "oclogin",
            "ocprint",
            "ocshoppingcart",
            "openwithtab",
            "order_content",
            "order_footer",
            "order_opt",
            "order_title",
            "p",
            "pgHeader",
            "phoneSpan",
            "pophelp-more",
            "pophelp_pa",
            "pre",
            "print_block",
            "print_close",
            "print_content",
            "print_header",
            "r_contnet",
            "resizeB",
            "resizeBR",
            "resizeL",
            "resizeLB",
            "resizeLT",
            "resizeR",
            "resizeT",
            "resizeTR",
            "revert",
            "right",
            "scrollbar_container",
            "scrollbar_container_inner",
            "scrollbar_container_outer",
            "searchBar",
            "searchButton",
            "searchBuyPanel",
            "searchPopup",
            "selected",
            "selector",
            "sh-inputCon",
            "sh-value",
            "shoppingCar",
            "shopping_Number",
            "shopping_close",
            "showMenuDiv",
            "switchbe",
            "tab",
            "tab-close",
            "tab-menu",
            "tab-popup",
            "tab-title",
            "tabCon",
            "tab_nav",
            "tabcontainer",
            "tc-content",
            "tc-mask",
            "tc-popup",
            "tc-tip",
            "tc_content",
            "tc_linkCon",
            "tc_mask",
            "tc_popup",
            "tc_sub_title",
            "tc_title",
            "title",
            "toLeft",
            "tool",
            "toolCon",
            "tool_v",
            "toolbar",
            "uIcon",
            "u_name",
            "u_no",
            "uee",
            "uee-border",
            "uee-datetime",
            "uee-datetime-container",
            "uee-gadget",
            "uee-input",
            "uee-input-normal",
            "uee-inputele-view",
            "uee-ipt-ele",
            "urgentIcon",
            "userNameSpan",
            "wb_title",
            "welcomeSpan",
            "win_box",
            "win_cover",
            "win_lock",
            "win_lock_bg",
            "windowBoxwrap",
            "wrap"
          ],
          [
            "LeftScrollBar",
            "LeftxScrollBar",
            "ScrollbarArrow",
            "ScrollbarHandle",
            "ScrollbarHandleC",
            "ScrollbarHandleR",
            "ScrollbarTrack",
            "accountOpt",
            "active",
            "ao-droplist",
            "ao-exit",
            "ao-header",
            "ao-lock",
            "ao-popup",
            "ao-updatepwd",
            "beforeEdit",
            "bes-ad-common-smplugin",
            "bes-ad-staticshoppingcar",
            "bes-common-pagecontext",
            "bes-oc-base-login",
            "bes-oc-base-shoppingcart",
            "bes-sm-commontools",
            "bes-sm-ctz-notice",
            "bes-sm-helpcenter",
            "bes-sm-oc-print",
            "bes-sm-sales-workbench",
            "bes-sm-sitemap",
            "bes-sm-switchbe",
            "bes-sm-unioncash",
            "bf_tips",
            "bf_tips_container",
            "bf_tips_content",
            "btn_negative",
            "cart_num",
            "checkbox",
            "checked",
            "clearfix",
            "close",
            "close_box",
            "cn_bg",
            "cn_center",
            "cn_impl",
            "cn_left",
            "cn_right",
            "content",
            "currentOrder",
            "currentOrderEmpty",
            "dateInfo",
            "datetime_input",
            "datetimepicker_DST",
            "datetimepicker_div_trigger",
            "disable",
            "disableEdit",
            "droplist",
            "droplistIcon",
            "editSpan",
            "ele_normal",
            "emailSpan",
            "even",
            "fl",
            "floatCon",
            "fontH",
            "font_blue",
            "font_left",
            "font_right",
            "foot",
            "form_notice",
            "fr",
            "ft-h",
            "hasDatepicker",
            "head",
            "headerMenu",
            "header_menu_child",
            "header_menu_grandchild",
            "helpcenter",
            "helper_center",
            "hide",
            "icon",
            "inlineTitle",
            "label",
            "last",
            "lastLiOpt",
            "left",
            "lock",
            "lock_input",
            "logo",
            "main-right",
            "max",
            "mb_",
            "menu_btn",
            "mid",
            "middle",
            "min",
            "ml_",
            "moreLink",
            "mt_",
            "navigatorBar",
            "ng-binding",
            "ng-hide",
            "ng-scope",
            "noneedopenwithtab",
            "normal_img",
            "notice",
            "noticeli",
            "oclogin",
            "ocprint",
            "ocshoppingcart",
            "openwithtab",
            "order_content",
            "order_footer",
            "order_opt",
            "order_title",
            "p",
            "pgHeader",
            "phoneSpan",
            "pophelp-more",
            "pophelp_pa",
            "pre",
            "print_block",
            "print_close",
            "print_content",
            "print_header",
            "r_contnet",
            "resizeB",
            "resizeBR",
            "resizeL",
            "resizeLB",
            "resizeLT",
            "resizeR",
            "resizeT",
            "resizeTR",
            "revert",
            "right",
            "scrollbar_container",
            "scrollbar_container_inner",
            "scrollbar_container_outer",
            "searchBar",
            "searchButton",
            "searchBuyPanel",
            "searchPopup",
            "selected",
            "selector",
            "sh-inputCon",
            "sh-value",
            "shoppingCar",
            "shopping_Number",
            "shopping_close",
            "showMenuDiv",
            "switchbe",
            "tab",
            "tab-close",
            "tab-menu",
            "tab-popup",
            "tab-title",
            "tabCon",
            "tab_nav",
            "tabcontainer",
            "tc-content",
            "tc-mask",
            "tc-popup",
            "tc-tip",
            "tc_content",
            "tc_linkCon",
            "tc_mask",
            "tc_popup",
            "tc_sub_title",
            "tc_title",
            "title",
            "toLeft",
            "tool",
            "toolCon",
            "tool_v",
            "toolbar",
            "uIcon",
            "u_name",
            "u_no",
            "uee",
            "uee-border",
            "uee-datetime",
            "uee-datetime-container",
            "uee-gadget",
            "uee-input",
            "uee-input-normal",
            "uee-inputele-view",
            "uee-ipt-ele",
            "urgentIcon",
            "userNameSpan",
            "wb_title",
            "welcomeSpan",
            "win_box",
            "win_cover",
            "win_lock",
            "win_lock_bg",
            "windowBoxwrap",
            "wrap"
          ],
          [
            "LeftScrollBar",
            "LeftxScrollBar",
            "ScrollbarArrow",
            "ScrollbarHandle",
            "ScrollbarHandleC",
            "ScrollbarHandleR",
            "ScrollbarTrack",
            "accountOpt",
            "active",
            "ao-droplist",
            "ao-exit",
            "ao-header",
            "ao-lock",
            "ao-popup",
            "ao-updatepwd",
            "beforeEdit",
            "bes-ad-common-smplugin",
            "bes-ad-staticshoppingcar",
            "bes-common-pagecontext",
            "bes-oc-base-login",
            "bes-oc-base-shoppingcart",
            "bes-sm-commontools",
            "bes-sm-ctz-notice",
            "bes-sm-helpcenter",
            "bes-sm-oc-print",
            "bes-sm-sales-workbench",
            "bes-sm-sitemap",
            "bes-sm-switchbe",
            "bes-sm-unioncash",
            "bf_tips",
            "bf_tips_container",
            "bf_tips_content",
            "btn_negative",
            "cart_num",
            "checkbox",
            "checked",
            "clearfix",
            "close",
            "close_box",
            "cn_bg",
            "cn_center",
            "cn_impl",
            "cn_left",
            "cn_right",
            "content",
            "currentOrder",
            "currentOrderEmpty",
            "dateInfo",
            "datetime_input",
            "datetimepicker_DST",
            "datetimepicker_div_trigger",
            "disable",
            "disableEdit",
            "droplist",
            "droplistIcon",
            "editSpan",
            "ele_normal",
            "emailSpan",
            "even",
            "fl",
            "floatCon",
            "fontH",
            "font_blue",
            "font_left",
            "font_right",
            "foot",
            "form_notice",
            "fr",
            "ft-h",
            "hasDatepicker",
            "head",
            "headerMenu",
            "header_menu_child",
            "header_menu_grandchild",
            "helpcenter",
            "helper_center",
            "hide",
            "icon",
            "inlineTitle",
            "label",
            "last",
            "lastLiOpt",
            "left",
            "lock",
            "lock_input",
            "logo",
            "main-right",
            "max",
            "mb_",
            "menu_btn",
            "mid",
            "middle",
            "min",
            "ml_",
            "moreLink",
            "mt_",
            "navigatorBar",
            "ng-binding",
            "ng-hide",
            "ng-scope",
            "noneedopenwithtab",
            "normal_img",
            "notice",
            "noticeli",
            "oclogin",
            "ocprint",
            "ocshoppingcart",
            "openwithtab",
            "order_content",
            "order_footer",
            "order_opt",
            "order_title",
            "p",
            "pgHeader",
            "phoneSpan",
            "pophelp-more",
            "pophelp_pa",
            "pre",
            "print_block",
            "print_close",
            "print_content",
            "print_header",
            "r_contnet",
            "resizeB",
            "resizeBR",
            "resizeL",
            "resizeLB",
            "resizeLT",
            "resizeR",
            "resizeT",
            "resizeTR",
            "revert",
            "right",
            "scrollbar_container",
            "scrollbar_container_inner",
            "scrollbar_container_outer",
            "searchBar",
            "searchButton",
            "searchBuyPanel",
            "searchPopup",
            "selected",
            "selector",
            "sh-inputCon",
            "sh-value",
            "shoppingCar",
            "shopping_Number",
            "shopping_close",
            "showMenuDiv",
            "switchbe",
            "tab",
            "tab-close",
            "tab-menu",
            "tab-popup",
            "tab-title",
            "tabCon",
            "tab_nav",
            "tabcontainer",
            "tc-content",
            "tc-mask",
            "tc-popup",
            "tc-tip",
            "tc_content",
            "tc_linkCon",
            "tc_mask",
            "tc_popup",
            "tc_sub_title",
            "tc_title",
            "title",
            "toLeft",
            "tool",
            "toolCon",
            "tool_v",
            "toolbar",
            "uIcon",
            "u_name",
            "u_no",
            "uee",
            "uee-border",
            "uee-datetime",
            "uee-datetime-container",
            "uee-gadget",
            "uee-input",
            "uee-input-normal",
            "uee-inputele-view",
            "uee-ipt-ele",
            "urgentIcon",
            "userNameSpan",
            "valid",
            "wb_title",
            "welcomeSpan",
            "win_box",
            "win_cover",
            "win_lock",
            "win_lock_bg",
            "windowBoxwrap",
            "wrap"
          ],
          [
            "LeftScrollBar",
            "LeftxScrollBar",
            "ScrollbarArrow",
            "ScrollbarHandle",
            "ScrollbarHandleC",
            "ScrollbarHandleR",
            "ScrollbarTrack",
            "accountOpt",
            "active",
            "ao-droplist",
            "ao-exit",
            "ao-header",
            "ao-lock",
            "ao-popup",
            "ao-updatepwd",
            "beforeEdit",
            "bes-ad-common-smplugin",
            "bes-ad-staticshoppingcar",
            "bes-common-pagecontext",
            "bes-oc-base-login",
            "bes-oc-base-shoppingcart",
            "bes-sm-commontools",
            "bes-sm-ctz-notice",
            "bes-sm-helpcenter",
            "bes-sm-oc-print",
            "bes-sm-sales-workbench",
            "bes-sm-sitemap",
            "bes-sm-switchbe",
            "bes-sm-unioncash",
            "bf_tips",
            "bf_tips_container",
            "bf_tips_content",
            "btn_negative",
            "cart_num",
            "checkbox",
            "checked",
            "clearfix",
            "close",
            "cn_bg",
            "cn_center",
            "cn_impl",
            "cn_left",
            "cn_right",
            "content",
            "currentOrder",
            "currentOrderEmpty",
            "datetime_input",
            "datetimepicker_DST",
            "datetimepicker_div_trigger",
            "disable",
            "disableEdit",
            "droplist",
            "droplistIcon",
            "editSpan",
            "ele_normal",
            "emailSpan",
            "even",
            "fl",
            "floatCon",
            "fontH",
            "font_blue",
            "font_left",
            "font_right",
            "foot",
            "fr",
            "ft-h",
            "hasDatepicker",
            "head",
            "headerMenu",
            "header_menu_child",
            "header_menu_grandchild",
            "helpcenter",
            "helper_center",
            "hide",
            "icon",
            "inlineTitle",
            "label",
            "last",
            "lastLiOpt",
            "left",
            "lock",
            "lock_input",
            "logo",
            "main-right",
            "max",
            "mb_",
            "menu_btn",
            "mid",
            "middle",
            "min",
            "ml_",
            "mt_",
            "navigatorBar",
            "ng-binding",
            "ng-hide",
            "ng-scope",
            "noneedopenwithtab",
            "normal_img",
            "notice",
            "noticeli",
            "oclogin",
            "ocprint",
            "ocshoppingcart",
            "openwithtab",
            "order_content",
            "order_footer",
            "order_opt",
            "order_title",
            "p",
            "pgHeader",
            "phoneSpan",
            "pophelp-more",
            "pophelp_pa",
            "pre",
            "print_block",
            "print_close",
            "print_content",
            "print_header",
            "r_contnet",
            "resizeB",
            "resizeBR",
            "resizeL",
            "resizeLB",
            "resizeLT",
            "resizeR",
            "resizeT",
            "resizeTR",
            "revert",
            "right",
            "scrollbar_container",
            "scrollbar_container_inner",
            "scrollbar_container_outer",
            "searchBar",
            "searchButton",
            "searchBuyPanel",
            "searchPopup",
            "selected",
            "selector",
            "sh-inputCon",
            "sh-value",
            "shoppingCar",
            "shopping_Number",
            "shopping_close",
            "showMenuDiv",
            "switchbe",
            "tab",
            "tab-close",
            "tab-menu",
            "tab-popup",
            "tab-title",
            "tabCon",
            "tab_nav",
            "tabcontainer",
            "tc-content",
            "tc-mask",
            "tc-popup",
            "tc-tip",
            "tc_content",
            "tc_linkCon",
            "tc_mask",
            "tc_popup",
            "tc_sub_title",
            "tc_title",
            "title",
            "toLeft",
            "tool",
            "toolCon",
            "tool_v",
            "toolbar",
            "uIcon",
            "u_name",
            "u_no",
            "uee",
            "uee-border",
            "uee-datetime",
            "uee-datetime-container",
            "uee-gadget",
            "uee-input",
            "uee-input-normal",
            "uee-inputele-view",
            "uee-ipt-ele",
            "userNameSpan",
            "welcomeSpan",
            "win_cover",
            "win_lock",
            "win_lock_bg",
            "windowBoxwrap",
            "wrap"
          ]
        ]
      }
    },
    "page/tagTriplets": {
      "contexts": {
        "context26_Zc7UAm": [
          [
            "-/-/DIV",
            "-/-/SCRIPT",
            "-/-/UEE:FIRE",
            "-/-/UEE:INCLUDE",
            "-/DIV/DIV",
            "-/UEE:FIRE/SCRIPT",
            "-/UEE:INCLUDE/DIV",
            "-/UEE:INCLUDE/LINK",
            "-/UEE:INCLUDE/META",
            "-/UEE:INCLUDE/STYLE",
            "-/UEE:INCLUDE/UEE:FIRE",
            "A/SPAN/UEE:FIRE",
            "DIV/A/IMG",
            "DIV/A/SPAN",
            "DIV/A/UEE:FIRE",
            "DIV/DIV/A",
            "DIV/DIV/BR",
            "DIV/DIV/DIV",
            "DIV/DIV/H2",
            "DIV/DIV/H3",
            "DIV/DIV/IFRAME",
            "DIV/DIV/IMG",
            "DIV/DIV/INPUT-null",
            "DIV/DIV/INPUT-password",
            "DIV/DIV/INPUT-text",
            "DIV/DIV/LABEL",
            "DIV/DIV/LINK",
            "DIV/DIV/MARQUEE",
            "DIV/DIV/P",
            "DIV/DIV/SPAN",
            "DIV/DIV/UEE:FIRE",
            "DIV/DIV/UEE:INCLUDE",
            "DIV/DIV/UEE：GADGET",
            "DIV/DIV/UL",
            "DIV/LABEL/INS",
            "DIV/LABEL/SPAN",
            "DIV/LI/A",
            "DIV/LI/DIV",
            "DIV/MARQUEE/SPAN",
            "DIV/NG:SWITCH/DIV",
            "DIV/NG:SWITCH/INPUT-hidden",
            "DIV/P/BR",
            "DIV/P/SPAN",
            "DIV/SPAN/DIV",
            "DIV/SPAN/EM",
            "DIV/SPAN/SPAN",
            "DIV/SPAN/UEE:FIRE",
            "DIV/UEE:INCLUDE/DIV",
            "DIV/UEE:INCLUDE/LINK",
            "DIV/UEE:INCLUDE/UEE:FIRE",
            "DIV/UL/DIV",
            "DIV/UL/LI",
            "LABEL/INS/UEE:FIRE",
            "LABEL/SPAN/UEE:FIRE",
            "LI/DIV/DIV",
            "LI/DIV/INPUT-text",
            "LI/DIV/SPAN",
            "MARQUEE/SPAN/IMG",
            "NG:SWITCH/DIV/DIV",
            "SPAN/DIV/DIV",
            "SPAN/DIV/NG:SWITCH",
            "UEE:INCLUDE/DIV/A",
            "UEE:INCLUDE/DIV/DIV",
            "UEE:INCLUDE/DIV/IFRAME",
            "UEE:INCLUDE/DIV/LINK",
            "UEE:INCLUDE/DIV/SPAN",
            "UEE:INCLUDE/DIV/UEE:FIRE",
            "UEE:INCLUDE/DIV/UL",
            "UL/DIV/LI",
            "UL/DIV/LINK",
            "UL/DIV/UEE:FIRE",
            "UL/LI/DIV",
            "UL/LI/LABEL",
            "UL/LI/SPAN"
          ],
          [
            "-/-/DIV",
            "-/-/SCRIPT",
            "-/-/UEE:FIRE",
            "-/-/UEE:INCLUDE",
            "-/DIV/DIV",
            "-/UEE:FIRE/SCRIPT",
            "-/UEE:INCLUDE/DIV",
            "-/UEE:INCLUDE/LINK",
            "-/UEE:INCLUDE/META",
            "-/UEE:INCLUDE/STYLE",
            "-/UEE:INCLUDE/UEE:FIRE",
            "A/SPAN/UEE:FIRE",
            "DIV/A/IMG",
            "DIV/A/SPAN",
            "DIV/A/UEE:FIRE",
            "DIV/DIV/A",
            "DIV/DIV/BR",
            "DIV/DIV/DIV",
            "DIV/DIV/H2",
            "DIV/DIV/H3",
            "DIV/DIV/IFRAME",
            "DIV/DIV/IMG",
            "DIV/DIV/INPUT-null",
            "DIV/DIV/INPUT-password",
            "DIV/DIV/INPUT-text",
            "DIV/DIV/LABEL",
            "DIV/DIV/LINK",
            "DIV/DIV/MARQUEE",
            "DIV/DIV/P",
            "DIV/DIV/SPAN",
            "DIV/DIV/UEE:FIRE",
            "DIV/DIV/UEE:INCLUDE",
            "DIV/DIV/UEE：GADGET",
            "DIV/DIV/UL",
            "DIV/LABEL/INS",
            "DIV/LABEL/SPAN",
            "DIV/LI/A",
            "DIV/LI/DIV",
            "DIV/MARQUEE/SPAN",
            "DIV/NG:SWITCH/DIV",
            "DIV/NG:SWITCH/INPUT-hidden",
            "DIV/P/BR",
            "DIV/P/SPAN",
            "DIV/SPAN/DIV",
            "DIV/SPAN/EM",
            "DIV/SPAN/SPAN",
            "DIV/SPAN/UEE:FIRE",
            "DIV/UEE:INCLUDE/DIV",
            "DIV/UEE:INCLUDE/LINK",
            "DIV/UEE:INCLUDE/UEE:FIRE",
            "DIV/UL/DIV",
            "DIV/UL/LI",
            "LABEL/INS/UEE:FIRE",
            "LABEL/SPAN/UEE:FIRE",
            "LI/DIV/DIV",
            "LI/DIV/INPUT-text",
            "LI/DIV/SPAN",
            "MARQUEE/SPAN/IMG",
            "NG:SWITCH/DIV/DIV",
            "SPAN/DIV/DIV",
            "SPAN/DIV/NG:SWITCH",
            "UEE:INCLUDE/DIV/A",
            "UEE:INCLUDE/DIV/DIV",
            "UEE:INCLUDE/DIV/IFRAME",
            "UEE:INCLUDE/DIV/LINK",
            "UEE:INCLUDE/DIV/SPAN",
            "UEE:INCLUDE/DIV/UEE:FIRE",
            "UEE:INCLUDE/DIV/UL",
            "UL/DIV/LI",
            "UL/DIV/LINK",
            "UL/DIV/UEE:FIRE",
            "UL/LI/A",
            "UL/LI/DIV",
            "UL/LI/LABEL",
            "UL/LI/SPAN"
          ],
          [
            "-/-/DIV",
            "-/-/SCRIPT",
            "-/-/UEE:FIRE",
            "-/-/UEE:INCLUDE",
            "-/DIV/DIV",
            "-/UEE:FIRE/SCRIPT",
            "-/UEE:INCLUDE/DIV",
            "-/UEE:INCLUDE/LINK",
            "-/UEE:INCLUDE/META",
            "-/UEE:INCLUDE/STYLE",
            "-/UEE:INCLUDE/UEE:FIRE",
            "A/SPAN/UEE:FIRE",
            "DIV/A/IMG",
            "DIV/A/SPAN",
            "DIV/A/UEE:FIRE",
            "DIV/DIV/A",
            "DIV/DIV/DIV",
            "DIV/DIV/H2",
            "DIV/DIV/H3",
            "DIV/DIV/IFRAME",
            "DIV/DIV/IMG",
            "DIV/DIV/INPUT-null",
            "DIV/DIV/INPUT-password",
            "DIV/DIV/INPUT-text",
            "DIV/DIV/LABEL",
            "DIV/DIV/LINK",
            "DIV/DIV/MARQUEE",
            "DIV/DIV/P",
            "DIV/DIV/SPAN",
            "DIV/DIV/UEE:FIRE",
            "DIV/DIV/UEE:INCLUDE",
            "DIV/DIV/UEE：GADGET",
            "DIV/DIV/UL",
            "DIV/LABEL/INS",
            "DIV/LABEL/SPAN",
            "DIV/LI/A",
            "DIV/LI/DIV",
            "DIV/NG:SWITCH/DIV",
            "DIV/NG:SWITCH/INPUT-hidden",
            "DIV/SPAN/DIV",
            "DIV/SPAN/EM",
            "DIV/SPAN/SPAN",
            "DIV/SPAN/UEE:FIRE",
            "DIV/UEE:INCLUDE/DIV",
            "DIV/UEE:INCLUDE/LINK",
            "DIV/UEE:INCLUDE/UEE:FIRE",
            "DIV/UL/DIV",
            "DIV/UL/LI",
            "LABEL/INS/UEE:FIRE",
            "LABEL/SPAN/UEE:FIRE",
            "LI/DIV/DIV",
            "LI/DIV/INPUT-text",
            "LI/DIV/SPAN",
            "NG:SWITCH/DIV/DIV",
            "SPAN/DIV/DIV",
            "SPAN/DIV/NG:SWITCH",
            "UEE:INCLUDE/DIV/A",
            "UEE:INCLUDE/DIV/DIV",
            "UEE:INCLUDE/DIV/IFRAME",
            "UEE:INCLUDE/DIV/LINK",
            "UEE:INCLUDE/DIV/SPAN",
            "UEE:INCLUDE/DIV/UEE:FIRE",
            "UEE:INCLUDE/DIV/UL",
            "UL/DIV/LI",
            "UL/DIV/LINK",
            "UL/DIV/UEE:FIRE",
            "UL/LI/A",
            "UL/LI/DIV",
            "UL/LI/LABEL",
            "UL/LI/SPAN"
          ]
        ]
      }
    }
  }
}