{
  "version": "0.1",
  "id": "login",
  "targetURL": "http://oa.sec.com.cn/lks/sys/lks_interface.nsf/AG_OpenDbUrlByUserAD?openagent&type=tasks1",
  "jsFile": "index.js",
  "requires": {
    "lks_tasks": "../lks_tasks/index.json",
    "lks_news_list": "../lks_news_list/index.json",
    "lks_hub": "../lks_hub/index.json"
  },
  "chineseName": "登录页",
  "description": "",
  "controls": {
    "control2_BiwZpF": {
      "location": {
        "data": {
          "tagName": "INPUT"
        },
        "userData": {
          "data": [],
          "force": false
        },
        "locators": [
          {
            "id": "elem/@name",
            "prob": 2,
            "value": [
              "descendant::form[@name=\"_DominoForm\"]//INPUT[@name=\"Username\"]",
              "descendant::INPUT[@name=\"Username\"]"
            ]
          },
          {
            "id": "@class/word",
            "prob": 1,
            "ordinal": [
              0,
              2
            ],
            "value": "INPUT.field"
          },
          {
            "id": "path/ordinal",
            "prob": 1,
            "value": "/HTML[1]/BODY[1]/FORM[1]/TABLE[3]/TBODY[1]/TR[1]/TD[3]/TABLE[1]/TBODY[1]/TR[3]/TD[1]/TABLE[1]/TBODY[1]/TR[1]/TD[2]/INPUT[1]"
          },
          {
            "id": "input/type",
            "verifyEnabled": true,
            "value": "text"
          }
        ]
      },
      "intendedRole": "textbox",
      "roles": "element,textbox",
      "monitored": true,
      "frameXPath": "",
      "componentType": "textbox"
    },
    "control7_9aiETE": {
      "location": {
        "data": {
          "tagName": "INPUT"
        },
        "userData": {
          "data": [],
          "force": false
        },
        "locators": [
          {
            "id": "elem/@name",
            "prob": 2,
            "value": [
              "descendant::form[@name=\"_DominoForm\"]//INPUT[@name=\"Password\"]",
              "descendant::INPUT[@name=\"Password\"]"
            ]
          },
          {
            "id": "@class/word",
            "prob": 1,
            "ordinal": [
              1,
              2
            ],
            "value": "INPUT.field"
          },
          {
            "id": "path/ordinal",
            "prob": 1,
            "value": "/HTML[1]/BODY[1]/FORM[1]/TABLE[3]/TBODY[1]/TR[1]/TD[3]/TABLE[1]/TBODY[1]/TR[3]/TD[1]/TABLE[1]/TBODY[1]/TR[2]/TD[2]/INPUT[1]"
          },
          {
            "id": "input/type",
            "verifyEnabled": true,
            "value": "password"
          }
        ]
      },
      "intendedRole": "passwordbox",
      "roles": "element,passwordbox,textbox",
      "monitored": true,
      "frameXPath": "",
      "componentType": "textbox"
    },
    "control181_IM3dJ7": {
      "location": {
        "data": {
          "tagName": "IMG"
        },
        "userData": {
          "data": [],
          "force": false
        },
        "locators": [
          {
            "id": "img/@src",
            "prob": 2,
            "value": {
              "pathname": "/lks/sys/images/a.jpg"
            }
          },
          {
            "id": "path/ordinal",
            "prob": 1,
            "value": "/HTML[1]/BODY[1]/FORM[1]/TABLE[3]/TBODY[1]/TR[1]/TD[3]/TABLE[1]/TBODY[1]/TR[3]/TD[1]/TABLE[1]/TBODY[1]/TR[1]/TD[3]/IMG[1]"
          }
        ]
      },
      "intendedRole": "button",
      "roles": "element,image,button",
      "monitored": false,
      "frameXPath": "",
      "componentType": "button"
    },
    "control182_Pgs9xt": {
      "location": {
        "data": {
          "tagName": "INPUT"
        },
        "userData": {
          "data": [],
          "force": false
        },
        "locators": [
          {
            "id": "elem/@name",
            "prob": 2,
            "value": [
              "descendant::form[@name=\"_DominoForm\"]//INPUT[@name=\"Username\"]",
              "descendant::INPUT[@name=\"Username\"]"
            ]
          },
          {
            "id": "@class/word",
            "prob": 1,
            "ordinal": [
              0,
              2
            ],
            "value": "INPUT.field"
          },
          {
            "id": "path/ordinal",
            "prob": 1,
            "value": "/HTML[1]/BODY[1]/FORM[1]/TABLE[3]/TBODY[1]/TR[1]/TD[3]/TABLE[1]/TBODY[1]/TR[3]/TD[1]/TABLE[1]/TBODY[1]/TR[1]/TD[2]/INPUT[1]"
          },
          {
            "id": "input/type",
            "verifyEnabled": true,
            "value": "text"
          }
        ]
      },
      "roles": "element,textbox",
      "text": "",
      "frameXPath": ""
    }
  },
  "contexts": {
    "context2_JxnFnX": {
      "controls": [
        "control2_BiwZpF",
        "control7_9aiETE",
        "control181_IM3dJ7"
      ],
      "anchors": [
        "control182_Pgs9xt"
      ],
      "urlAnchor": []
    }
  },
  "flows": {
    "flow2_rvsBQW": {
      "toContexts": [
        {
          "toContextId": "context2_JxnFnX"
        },
        {
          "toContextId": "context1_uBcbtH",
          "toModelId": "lks_tasks"
        }
      ]
    },
    "flow6_8Xdo00": {
      "fromContextId": "context2_JxnFnX",
      "fromAction": "click",
      "fromControlId": "control2_BiwZpF",
      "toContexts": [
        {
          "toContextId": "context2_JxnFnX"
        }
      ]
    },
    "flow8_sXUpTC": {
      "fromContextId": "context2_JxnFnX",
      "fromAction": "click",
      "fromControlId": "control181_IM3dJ7",
      "toContexts": [
        {
          "toContextId": "context2_JxnFnX"
        },
        {
          "toContextId": "context1_uBcbtH",
          "toModelId": "lks_tasks"
        },
        {
          "toContextId": "context25_VQLbwJ",
          "toModelId": "lks_news_list"
        },
        {
          "toContextId": "context28_tXqVgF",
          "toModelId": "lks_hub"
        }
      ]
    }
  },
  "pages": {
    "page2_4b5PJI": {
      "contextId": "context2_JxnFnX",
      "layout": [
        {
          "id": "uiControl2_bfkoK7",
          "display": {
            "type": "card",
            "adapterId": "card",
            "class": "hide",
            "adapter": {
              "templateType": ""
            }
          },
          "layout": [
            {
              "id": "uiControl2_bfkoK7header",
              "display": {
                "type": "cardHeader",
                "text": "",
                "adapterId": "cardHeader",
                "adapter": {
                  "templateType": ""
                }
              },
              "layout": []
            },
            {
              "id": "uiControl2_bfkoK7body",
              "display": {
                "type": "cardBody",
                "adapterId": "cardBody",
                "adapter": {
                  "templateType": ""
                }
              },
              "layout": [
                {
                  "id": "uiControl7_fT3vcl",
                  "controlId": "control2_BiwZpF",
                  "display": {
                    "adapterId": "textbox",
                    "type": "textbox",
                    "label": "用户名",
                    "adapter": {
                      "templateType": ""
                    }
                  }
                },
                {
                  "id": "uiControl198_fvrVbI",
                  "controlId": "control7_9aiETE",
                  "display": {
                    "adapterId": "passwordbox",
                    "type": "passwordbox",
                    "label": "密码",
                    "adapter": {
                      "templateType": ""
                    }
                  }
                },
                {
                  "id": "uiControl199_BvTuwE",
                  "controlId": "control181_IM3dJ7",
                  "display": {
                    "adapterId": "clickable",
                    "type": "button",
                    "text": "登录",
                    "amStyle": "warning",
                    "adapter": {
                      "templateType": ""
                    }
                  }
                }
              ]
            },
            {
              "id": "uiControl2_bfkoK7footer",
              "display": {
                "type": "cardFooter",
                "adapterId": "cardFooter",
                "adapter": {
                  "templateType": ""
                }
              },
              "layout": []
            }
          ]
        }
      ]
    }
  },
  "matchers": {
    "page/title": {
      "contexts": {
        "context2_JxnFnX": [
          "请登录深圳能源OA系统",
          ""
        ]
      }
    },
    "page/urls": {
      "contexts": {
        "context2_JxnFnX": [
          "oa.sec.com.cn/lks/sys/lks_interface.nsf/AG_OpenDbUrlByUserAD?openagent&type=tasks1",
          "oa.sec.com.cn/lks/sys/lks_tasks.nsf/$$ViewTemplate+For+VD_ByTypeForMobile?OpenForm&Info=%E5%BE%85%E5%8A%9E&Path=%E5%BE%85%E5%8A%9E"
        ]
      }
    },
    "page/ids": {
      "contexts": {
        "context2_JxnFnX": [
          [
            "loaddata_div",
            "mainTable",
            "unauthor",
            "xtts"
          ],
          [
            "DIV_SearchBar",
            "EndCurPage",
            "EndHead",
            "EndNext",
            "EndPrev",
            "EndRefresh",
            "S_OperationBar",
            "TopCurPage",
            "TopHead",
            "TopNext",
            "TopPrev",
            "TopRefresh",
            "VWVWROW_",
            "VW_NAVBOTTOM",
            "VW_NAVTOP",
            "VW_TABLE",
            "VW_VW",
            "btnGoBottom",
            "btnGoTop",
            "buttonDiv",
            "lks_tasks"
          ]
        ]
      }
    },
    "page/classes": {
      "contexts": {
        "context2_JxnFnX": [
          [
            "field"
          ],
          [
            "InputView",
            "TbView",
            "TrViewFirst",
            "btnmenuview",
            "curpath",
            "doclistbottom",
            "selectmenu",
            "tbsearchbar",
            "textdocnone"
          ]
        ]
      }
    },
    "page/tagTriplets": {
      "contexts": {
        "context2_JxnFnX": [
          [
            "-/-/FORM",
            "-/-/SCRIPT",
            "-/FORM/DIV",
            "-/FORM/INPUT-hidden",
            "-/FORM/INPUT-null",
            "-/FORM/SCRIPT",
            "-/FORM/STYLE",
            "-/FORM/TABLE",
            "DIV/FONT/B",
            "FORM/DIV/FONT",
            "FORM/DIV/IMG",
            "FORM/TABLE/TBODY",
            "TABLE/TBODY/TR",
            "TBODY/TR/TD",
            "TD/TABLE/TBODY",
            "TR/TD/BR",
            "TR/TD/IMG",
            "TR/TD/INPUT-checkbox",
            "TR/TD/INPUT-hidden",
            "TR/TD/INPUT-null",
            "TR/TD/INPUT-password",
            "TR/TD/INPUT-submit",
            "TR/TD/SPAN",
            "TR/TD/TABLE"
          ],
          [
            "-/-/DIV",
            "-/-/FORM",
            "-/-/SCRIPT",
            "-/DIV/TABLE",
            "-/FORM/DIV",
            "-/FORM/INPUT-hidden",
            "-/FORM/TABLE",
            "DIV/TABLE/TBODY",
            "FONT/SELECT/OPTION",
            "FORM/DIV/TABLE",
            "FORM/TABLE/TBODY",
            "TABLE/TBODY/TR",
            "TBODY/TR/TD",
            "TD/A/FONT",
            "TD/A/IMG",
            "TD/A/NOBR",
            "TD/B/FONT",
            "TD/DIV/INPUT-button",
            "TD/DIV/TABLE",
            "TD/FONT/CENTER",
            "TD/FONT/INPUT-checkbox",
            "TD/FONT/INPUT-hidden",
            "TD/FONT/INPUT-null",
            "TD/FONT/SELECT",
            "TD/SELECT/OPTION",
            "TD/TABLE/TBODY",
            "TR/TD/A",
            "TR/TD/B",
            "TR/TD/BR",
            "TR/TD/DIV",
            "TR/TD/FONT",
            "TR/TD/IMG",
            "TR/TD/INPUT-button",
            "TR/TD/INPUT-checkbox",
            "TR/TD/INPUT-null",
            "TR/TD/INPUT-text",
            "TR/TD/SELECT",
            "TR/TD/TABLE"
          ]
        ]
      }
    }
  }
}