{
  "version": "0.1",
  "id": "Remainder-setmeal",
  "targetURL": "http://218.203.103.203:8082/oc/bes/sm/login/phone.html?timestamp=1535421643349",
  "jsFile": "index.js",
  "chineseName": "套餐剩余",
  "description": "套餐剩余分钟数查询",
  "controls": {
    "control21_M7P4XT": {
      "location": {
        "data": {
          "tagName": "LI"
        },
        "userData": {
          "data": [],
          "force": false
        },
        "locators": [
          {
            "id": "text",
            "prob": 3,
            "value": {
              "text": [
                "套餐剩余分钟数查询"
              ],
              "visText": [
                "套餐剩余分钟数查询"
              ]
            }
          },
          {
            "id": "@title",
            "prob": 2,
            "value": {
              "text": [
                "套餐剩余分钟数查询"
              ]
            }
          },
          {
            "id": "@class/word",
            "prob": 1,
            "value": "DIV.tab UL.floatCon.toLeft LI.selected"
          },
          {
            "id": "style/color",
            "value": [
              42,
              142,
              231
            ]
          }
        ]
      },
      "roles": "element",
      "text": "\t\t                                                        \t\t                        套餐剩余分钟数查询\t                          ",
      "frameXPath": "",
      "customJS": "if($(elem).hasClass(\"selected\")&&$(elem).find(\".tab-title\").text()==\"套餐剩余分钟数查询\"){\nreturn true\n}else{\nreturn false\n}"
    },
    "control22_MzeUT4": {
      "location": {
        "data": {
          "tagName": "LI"
        },
        "userData": {
          "data": [],
          "force": false
        },
        "locators": [
          {
            "id": "@title",
            "prob": 2,
            "value": {
              "text": [
                "套餐剩余分钟数查询"
              ]
            }
          },
          {
            "id": "@class/word",
            "prob": 1,
            "value": "DIV.tab UL.floatCon.toLeft LI.selected"
          },
          {
            "id": "style/color",
            "value": [
              42,
              142,
              231
            ]
          }
        ]
      },
      "events": {
        "onGetData": "getData_control22_MzeUT4"
      },
      "intendedRole": "custom",
      "roles": "element,custom",
      "ignoreVisibility": true,
      "monitored": true,
      "frameXPath": "",
      "componentType": "custom"
    },
    "control24_TKmMCT": {
      "location": {
        "data": {
          "tagName": "INPUT"
        },
        "userData": {
          "data": [],
          "force": false
        },
        "locators": [
          {
            "id": "input/button/@value",
            "prob": 3,
            "value": {
              "text": [
                "查询"
              ]
            }
          },
          {
            "id": "elem/@name",
            "prob": 2,
            "ordinal": [
              0,
              3
            ],
            "value": "descendant::INPUT[@name=\"btnSubmit\"]"
          },
          {
            "id": "path/ordinal",
            "prob": 1,
            "value": "/HTML[1]/BODY[1]/FORM[1]/TABLE[2]/TBODY[1]/TR[1]/TD[5]/INPUT[1]"
          },
          {
            "id": "input/type",
            "verifyEnabled": true,
            "value": "button"
          }
        ]
      },
      "intendedRole": "button",
      "roles": "element,button",
      "monitored": true,
      "frameXPath": "//iframe[1]<<IFRAME>>",
      "componentType": "button"
    },
    "control25_sH73c8": {
      "location": {
        "data": {
          "tagName": "TD"
        },
        "userData": {
          "data": [],
          "force": false
        },
        "locators": [
          {
            "id": "text",
            "prob": 3,
            "value": {
              "text": [
                "查询结果"
              ],
              "visText": [
                "查询结果"
              ]
            }
          },
          {
            "id": "path/ordinal",
            "prob": 1,
            "value": "/HTML[1]/BODY[1]/FORM[1]/TABLE[4]/TBODY[1]/TR[1]/TD[2]"
          },
          {
            "id": "elderLevel",
            "value": {
              "level": 0
            }
          }
        ]
      },
      "roles": "element",
      "content": true,
      "monitored": true,
      "frameXPath": "//iframe[1]<<IFRAME>>",
      "componentType": "content"
    },
    "control26_xOzNsU": {
      "location": {
        "data": {
          "tagName": "TABLE"
        },
        "userData": {
          "data": [],
          "force": false
        },
        "locators": [
          {
            "id": "path/ordinal",
            "prob": 1,
            "value": "/HTML[1]/BODY[1]/FORM[1]/DIV[1]/TABLE[1]"
          }
        ]
      },
      "events": {
        "onGetData": "getData_control26_xOzNsU"
      },
      "intendedRole": "custom",
      "roles": "element,custom",
      "monitored": true,
      "frameXPath": "//iframe[1]<<IFRAME>>",
      "componentType": "custom"
    },
    "control27_hfExPi": {
      "location": {
        "data": {
          "tagName": "FONT"
        },
        "userData": {
          "data": [],
          "force": false
        },
        "locators": [
          {
            "id": "text",
            "prob": 3,
            "value": {
              "text": [
                "注：红色字体标注的流量不参与流量结转"
              ],
              "visText": [
                "注：红色字体标注的流量不参与流量结转"
              ]
            }
          },
          {
            "id": "@id/partialWord",
            "prob": 1,
            "disabled": true,
            "value": {
              "elemId": "columnDiv1",
              "tagName": "DIV",
              "prefix": "",
              "suffix": "/DIV[1]/B[1]/FONT[1]",
              "ratio": 0.663
            }
          },
          {
            "id": "path/ordinal",
            "prob": 1,
            "value": "/HTML[1]/BODY[1]/FORM[1]/DIV[1]/DIV[1]/B[1]/FONT[1]"
          },
          {
            "id": "style/color",
            "value": [
              255,
              0,
              0
            ]
          },
          {
            "id": "elderLevel",
            "value": {
              "level": 0
            }
          }
        ]
      },
      "roles": "element",
      "content": true,
      "monitored": true,
      "frameXPath": "//iframe[1]<<IFRAME>>",
      "componentType": "content"
    },
    "control210_DZqSXq": {
      "location": {
        "data": {
          "tagName": "A"
        },
        "userData": {
          "data": [],
          "force": false
        },
        "locators": [
          {
            "id": "elem/@name",
            "prob": 1,
            "value": "descendant::A[@name=\"Submit2\"]"
          },
          {
            "id": "a/@href",
            "prob": 1,
            "ordinal": [
              1,
              2
            ],
            "value": {
              "funcName": "void"
            }
          },
          {
            "id": "@id/word",
            "prob": 4,
            "value": [
              "descendant::BODY[@id=\"theBody\"]//TABLE[@id=\"errorMsg\"]//A[@id=\"closeIt\"]",
              "descendant::TABLE[@id=\"errorMsg\"]//A[@id=\"closeIt\"]",
              "descendant::A[@id=\"closeIt\"]"
            ]
          },
          {
            "id": "path/ordinal",
            "prob": 1,
            "value": "/HTML[1]/BODY[1]/DIV[1]/TABLE[1]/TBODY[1]/TR[1]/TD[1]/TABLE[2]/TBODY[1]/TR[1]/TD[1]/A[2]"
          }
        ]
      },
      "intendedRole": "dialog",
      "roles": "element,link,dialog",
      "monitored": true,
      "frameXPath": "//iframe[1]<<IFRAME>>",
      "componentType": "dialog"
    },
    "control211_HyCtXc": {
      "location": {
        "data": {
          "tagName": "FONT"
        },
        "userData": {
          "data": [],
          "force": false
        },
        "locators": [
          {
            "id": "text",
            "prob": 3,
            "value": {
              "text": [
                "未知错误！"
              ],
              "visText": [
                "未知错误！"
              ]
            }
          },
          {
            "id": "path/ordinal",
            "prob": 1,
            "value": "/HTML[1]/BODY[1]/DIV[1]/TABLE[1]/TBODY[1]/TR[1]/TD[1]/TABLE[2]/TBODY[1]/TR[2]/TD[2]/SPAN[1]/FONT[1]"
          },
          {
            "id": "style/color",
            "value": [
              255,
              0,
              0
            ]
          },
          {
            "id": "elderLevel",
            "value": {
              "level": 0
            }
          }
        ]
      },
      "roles": "element",
      "content": true,
      "monitored": true,
      "frameXPath": "//iframe[1]<<IFRAME>>",
      "componentType": "content"
    },
    "control212_A5GXQb": {
      "location": {
        "data": {
          "tagName": "TD"
        },
        "userData": {
          "data": [],
          "force": false
        },
        "locators": [
          {
            "id": "text",
            "prob": 3,
            "value": {
              "text": [
                "请查看错误详情，或通知系统维护人员查看前后台日志解决！"
              ],
              "visText": [
                "请查看错误详情，或通知系统维护人员查看前后台日志解决！"
              ]
            }
          },
          {
            "id": "path/ordinal",
            "prob": 1,
            "value": "/HTML[1]/BODY[1]/DIV[1]/TABLE[1]/TBODY[1]/TR[1]/TD[1]/TABLE[2]/TBODY[1]/TR[3]/TD[2]"
          }
        ]
      },
      "roles": "element",
      "content": true,
      "monitored": true,
      "frameXPath": "//iframe[1]<<IFRAME>>",
      "componentType": "content"
    },
    "control213_AUM9Qu": {
      "location": {
        "data": {
          "tagName": "SPAN"
        },
        "userData": {
          "data": [],
          "force": false
        },
        "locators": [
          {
            "id": "button/text",
            "prob": 3,
            "value": {
              "text": [
                "返 回"
              ],
              "visText": [
                "返 回"
              ]
            }
          },
          {
            "id": "a/@href",
            "prob": 1,
            "ordinal": [
              0,
              2
            ],
            "value": {
              "funcName": "void",
              "redirect": "SPAN[1]"
            }
          },
          {
            "id": "@id/word",
            "prob": 2,
            "value": [
              "descendant::BODY[@id=\"theBody\"]//TABLE[@id=\"errorMsg\"]//A[@id=\"btnReturn\"]/SPAN[1]",
              "descendant::BODY[@id=\"theBody\"]//TABLE[@id=\"errorMsg\"]//A[@id=\"btnReturn\"]//SPAN",
              "descendant::TABLE[@id=\"errorMsg\"]//A[@id=\"btnReturn\"]//SPAN",
              "descendant::A[@id=\"btnReturn\"]//SPAN"
            ]
          },
          {
            "id": "path/ordinal",
            "prob": 1,
            "value": "/HTML[1]/BODY[1]/DIV[1]/TABLE[1]/TBODY[1]/TR[1]/TD[1]/TABLE[2]/TBODY[1]/TR[1]/TD[1]/A[1]/SPAN[1]"
          },
          {
            "id": "elderLevel",
            "value": {
              "level": 0
            }
          }
        ]
      },
      "intendedRole": "button",
      "roles": "element,button",
      "monitored": true,
      "frameXPath": "//iframe[1]<<IFRAME>>",
      "componentType": "button"
    },
    "control214_envthH": {
      "location": {
        "data": {
          "tagName": "INPUT"
        },
        "userData": {
          "data": [],
          "force": false
        },
        "locators": [
          {
            "id": "input/@value",
            "prob": 1,
            "value": {
              "text": [
                "18295206529"
              ]
            }
          },
          {
            "id": "elem/@name",
            "prob": 2,
            "value": "descendant::INPUT[@name=\"servnumber\"]"
          },
          {
            "id": "path/ordinal",
            "prob": 1,
            "value": "/HTML[1]/BODY[1]/FORM[1]/TABLE[2]/TBODY[1]/TR[1]/TD[2]/INPUT[1]"
          },
          {
            "id": "input/type",
            "verifyEnabled": true,
            "value": "text"
          }
        ]
      },
      "intendedRole": "textbox",
      "roles": "element,textbox",
      "monitored": true,
      "frameXPath": "//iframe[1]<<IFRAME>>",
      "componentType": "textbox"
    },
    "control216_U0t43Q": {
      "location": {
        "data": {
          "tagName": "TD"
        },
        "userData": {
          "data": [],
          "force": false
        },
        "locators": [
          {
            "id": "text",
            "prob": 3,
            "value": {
              "text": [
                "计费周期："
              ],
              "visText": [
                "计费周期："
              ]
            }
          },
          {
            "id": "path/ordinal",
            "prob": 1,
            "value": "/HTML[1]/BODY[1]/FORM[1]/TABLE[2]/TBODY[1]/TR[1]/TD[3]"
          },
          {
            "id": "elderLevel",
            "value": {
              "level": 0
            }
          }
        ]
      },
      "roles": "element",
      "content": true,
      "monitored": true,
      "frameXPath": "//iframe[1]<<IFRAME>>",
      "componentType": "content"
    },
    "control215_1oRPhW": {
      "location": {
        "data": {
          "tagName": "FORM"
        },
        "userData": {
          "data": [],
          "force": false
        },
        "locators": [
          {
            "id": "path/ordinal",
            "prob": 1,
            "value": "/HTML[1]/BODY[1]/FORM[1]"
          }
        ]
      },
      "events": {
        "onGetData": "getData_control215_1oRPhW"
      },
      "intendedRole": "custom",
      "roles": "element,custom",
      "ignoreVisibility": true,
      "monitored": true,
      "frameXPath": "//iframe[1]<<IFRAME>>",
      "componentType": "custom"
    }
  },
  "contexts": {
    "context5_5L8QoB": {
      "controls": [
        "control22_MzeUT4",
        "control24_TKmMCT",
        "control25_sH73c8",
        "control26_xOzNsU",
        "control27_hfExPi",
        "control210_DZqSXq",
        "control211_HyCtXc",
        "control212_A5GXQb",
        "control213_AUM9Qu",
        "control214_envthH",
        "control216_U0t43Q",
        "control215_1oRPhW"
      ],
      "anchors": [
        "control21_M7P4XT"
      ],
      "urlAnchor": []
    }
  },
  "flows": {
    "flow17_GdJlUH": {
      "toContexts": [
        {
          "toContextId": "context5_5L8QoB"
        }
      ]
    },
    "flow19_lZpVbb": {
      "fromContextId": "context5_5L8QoB",
      "fromAction": "click",
      "fromControlId": "control24_TKmMCT",
      "toContexts": [
        {
          "toContextId": "context5_5L8QoB"
        }
      ]
    },
    "flow20_6O1I4A": {
      "fromContextId": "context5_5L8QoB",
      "fromAction": "doAction",
      "fromControlId": "control22_MzeUT4",
      "toContexts": [
        {
          "toContextId": "context5_5L8QoB"
        }
      ]
    },
    "flow124_Dw8TzH": {
      "fromContextId": "context5_5L8QoB",
      "fromAction": "click",
      "fromControlId": "control213_AUM9Qu",
      "toContexts": [
        {
          "toContextId": "context5_5L8QoB"
        }
      ]
    },
    "flow123_WzJQlp": {
      "fromContextId": "context5_5L8QoB",
      "fromAction": "click",
      "fromControlId": "control210_DZqSXq",
      "toContexts": [
        {
          "toContextId": "context5_5L8QoB"
        }
      ]
    },
    "flow125_D3AX61": {
      "fromContextId": "context5_5L8QoB",
      "fromAction": "click",
      "fromControlId": "control214_envthH",
      "toContexts": [
        {
          "toContextId": "context5_5L8QoB"
        }
      ]
    },
    "flow131_G8Oev5": {
      "fromContextId": "context5_5L8QoB",
      "fromAction": "click",
      "fromControlId": "control216_U0t43Q",
      "toContexts": [
        {
          "toContextId": "context5_5L8QoB"
        }
      ]
    },
    "flow126_sBISnv": {
      "fromContextId": "context5_5L8QoB",
      "fromAction": "doAction",
      "fromControlId": "control215_1oRPhW",
      "toContexts": [
        {
          "toContextId": "context5_5L8QoB"
        }
      ]
    }
  },
  "pages": {
    "page5_sow0MR": {
      "contextId": "context5_5L8QoB",
      "layout": [
        {
          "id": "uiControl91_ypbsUD",
          "controlId": "control210_DZqSXq",
          "display": {
            "adapterId": "dialog",
            "type": "dialog",
            "adapter": {
              "templateType": ""
            }
          },
          "layout": [
            {
              "id": "uiControl91_ypbsUDbody",
              "display": {
                "type": "dialogBody",
                "adapterId": "dialogBody",
                "adapter": {
                  "templateType": ""
                }
              },
              "layout": [
                {
                  "id": "uiControl210_yzRfJG",
                  "controlId": "control211_HyCtXc",
                  "display": {
                    "adapterId": "content",
                    "type": "content",
                    "adapter": {
                      "templateType": ""
                    }
                  }
                },
                {
                  "id": "uiControl211_WxfoqH",
                  "controlId": "control212_A5GXQb",
                  "display": {
                    "adapterId": "content",
                    "type": "content",
                    "adapter": {
                      "templateType": ""
                    }
                  }
                }
              ]
            },
            {
              "id": "uiControl91_ypbsUDfooter",
              "display": {
                "type": "dialogFooter",
                "adapterId": "dialogFooter",
                "adapter": {
                  "templateType": ""
                }
              },
              "layout": [
                {
                  "id": "uiControl213_hEMUou",
                  "controlId": "control213_AUM9Qu",
                  "display": {
                    "adapterId": "clickable",
                    "type": "button",
                    "amStyle": "primary",
                    "adapter": {
                      "templateType": ""
                    }
                  }
                }
              ]
            }
          ]
        },
        {
          "id": "uiControl14_hTODpI",
          "controlId": "control22_MzeUT4",
          "display": {
            "adapterId": "custom",
            "type": "custom",
            "adapter": {
              "templateType": "react",
              "events": {
                "onDoAction": "doAction_uiControl14_hTODpI",
                "onGetTemplate": "getTemplate_uiControl14_hTODpI"
              }
            }
          }
        },
        {
          "id": "uiControl216_cvGRoR",
          "display": {
            "type": "card",
            "adapterId": "card",
            "class": "plr20",
            "adapter": {
              "templateType": ""
            }
          },
          "layout": [
            {
              "id": "uiControl216_cvGRoRheader",
              "display": {
                "type": "cardHeader",
                "text": "",
                "adapterId": "cardHeader",
                "adapter": {
                  "templateType": ""
                }
              },
              "layout": []
            },
            {
              "id": "uiControl216_cvGRoRbody",
              "display": {
                "type": "cardBody",
                "adapterId": "cardBody",
                "adapter": {
                  "templateType": ""
                }
              },
              "layout": [
                {
                  "id": "uiControl215_LiQKyZ",
                  "controlId": "control214_envthH",
                  "display": {
                    "adapterId": "textbox",
                    "type": "textbox",
                    "label": "手机号码：",
                    "multiline": false,
                    "adapter": {
                      "templateType": ""
                    }
                  }
                },
                {
                  "id": "uiControl218_IXOXyN",
                  "controlId": "control216_U0t43Q",
                  "display": {
                    "adapterId": "content",
                    "type": "content",
                    "adapter": {
                      "templateType": ""
                    }
                  }
                },
                {
                  "id": "uiControl197_7TUeh3",
                  "controlId": "control215_1oRPhW",
                  "display": {
                    "adapterId": "custom",
                    "type": "custom",
                    "adapter": {
                      "templateType": "react",
                      "events": {
                        "onDoAction": "doAction_uiControl197_7TUeh3",
                        "onGetTemplate": "getTemplate_uiControl197_7TUeh3"
                      }
                    }
                  }
                },
                {
                  "id": "uiControl16_OkqBoD",
                  "controlId": "control24_TKmMCT",
                  "display": {
                    "adapterId": "clickable",
                    "type": "button",
                    "hollow": false,
                    "amStyle": "success",
                    "adapter": {
                      "templateType": ""
                    }
                  }
                }
              ]
            },
            {
              "id": "uiControl216_cvGRoRfooter",
              "display": {
                "type": "cardFooter",
                "adapterId": "cardFooter",
                "adapter": {
                  "templateType": ""
                }
              },
              "layout": []
            }
          ]
        },
        {
          "id": "uiControl17_mp3Xm3",
          "controlId": "control25_sH73c8",
          "display": {
            "adapterId": "content",
            "type": "content",
            "class": "w-tit",
            "adapter": {
              "templateType": ""
            }
          }
        },
        {
          "id": "uiControl18_7CDviy",
          "controlId": "control26_xOzNsU",
          "display": {
            "adapterId": "custom",
            "type": "custom",
            "adapter": {
              "templateType": "react",
              "events": {
                "onDoAction": "doAction_uiControl18_7CDviy",
                "onGetTemplate": "getTemplate_uiControl18_7CDviy"
              }
            }
          }
        },
        {
          "id": "uiControl19_XLFItH",
          "controlId": "control27_hfExPi",
          "display": {
            "adapterId": "content",
            "type": "content",
            "class": "wTit",
            "adapter": {
              "templateType": ""
            }
          }
        }
      ]
    }
  },
  "matchers": {
    "page/title": {
      "contexts": {
        "context5_5L8QoB": [
          "中国移动宁夏公司第三代CRM系统"
        ]
      }
    },
    "page/urls": {
      "contexts": {
        "context5_5L8QoB": [
          "218.203.103.203:8082/oc/bes/sm/login/phone.html?timestamp=1535421643349",
          "218.203.103.203:8082/oc/bes/sm/login/phone.html?type=1",
          "218.203.103.203:8082/oc/bes/sm/login/phone.html?timestamp=1541927507135"
        ]
      }
    },
    "page/ids": {
      "contexts": {
        "context5_5L8QoB": [
          [
            "datetimepicker_div",
            "emailchoice",
            "ins_mpuiconsendsms",
            "lockPageDiv",
            "lockpage_pwd",
            "middleFrame",
            "oclogin",
            "orderScrollbar",
            "popBox",
            "popNote",
            "popNoteBox",
            "rightheadermenu",
            "shoppingcartNumber",
            "shoppingcartPlat",
            "shoppingcartcheckout",
            "staticshoppingcar_close",
            "staticshoppingcar_open",
            "tab-scrollbar",
            "tip_footdiv",
            "top_gadget",
            "uee-",
            "uee-_bmeDSTImg",
            "uee-_input_img",
            "uee-_ueeDTMShowFmt",
            "uee-_value",
            "unlockpage_btn",
            "workPlace"
          ]
        ]
      }
    },
    "page/classes": {
      "contexts": {
        "context5_5L8QoB": [
          [
            "LeftScrollBar",
            "LeftxScrollBar",
            "ScrollbarArrow",
            "ScrollbarHandle",
            "ScrollbarHandleC",
            "ScrollbarHandleR",
            "ScrollbarTrack",
            "bes-ad-staticshoppingcar",
            "bes-common-pagecontext",
            "bes-oc-base-sectionright",
            "bes-oc-base-shoppingcart",
            "bf_tips",
            "bf_tips_container",
            "bf_tips_content",
            "btn_negative",
            "caiDanLianJie",
            "cart_num",
            "checkbox",
            "checked",
            "cn_bg",
            "cn_center",
            "cn_impl",
            "cn_left",
            "cn_right",
            "currentOrder",
            "currentOrderEmpty",
            "datetime_input",
            "datetimepicker_DST",
            "datetimepicker_div_trigger",
            "disable",
            "ele_normal",
            "fl",
            "floatCon",
            "font_left",
            "font_right",
            "foot",
            "fr",
            "hasDatepicker",
            "head",
            "header_menu_child",
            "header_menu_grandchild",
            "hide",
            "icon",
            "label",
            "left",
            "lock",
            "lock_input",
            "main-right",
            "mb_",
            "menu_btn",
            "mid",
            "middle",
            "ml_",
            "mt_",
            "navigatorBar",
            "ng-binding",
            "ng-hide",
            "ng-scope",
            "normal_img",
            "ocshoppingcart",
            "order_content",
            "order_footer",
            "order_opt",
            "order_title",
            "p",
            "panel",
            "panel_login",
            "pgHeader",
            "pl_content",
            "pl_title",
            "r_contnet",
            "right",
            "scrollbar_container",
            "scrollbar_container_inner",
            "scrollbar_container_outer",
            "selected",
            "selector",
            "shoppingCar",
            "shopping_Number",
            "shopping_close",
            "tab",
            "tab-close",
            "tab-menu",
            "tab-popup",
            "tab-title",
            "tabCon",
            "tabcontainer",
            "toLeft",
            "uIcon",
            "u_name",
            "u_no",
            "uee",
            "uee-border",
            "uee-datetime",
            "uee-datetime-container",
            "uee-gadget",
            "uee-input",
            "uee-input-normal",
            "uee-inputele-view",
            "uee-ipt-ele",
            "w_right",
            "win_cover",
            "win_lock",
            "win_lock_bg",
            "windowBoxwrap",
            "wrap"
          ]
        ]
      }
    },
    "page/tagTriplets": {
      "contexts": {
        "context5_5L8QoB": [
          [
            "-/-/DIV",
            "-/-/SCRIPT",
            "-/-/UEE:INCLUDE",
            "-/DIV/DIV",
            "-/UEE:INCLUDE/DIV",
            "-/UEE:INCLUDE/LINK",
            "-/UEE:INCLUDE/META",
            "-/UEE:INCLUDE/STYLE",
            "-/UEE:INCLUDE/UEE:FIRE",
            "A/SPAN/UEE:FIRE",
            "DIV/A/SPAN",
            "DIV/DIV/A",
            "DIV/DIV/DIV",
            "DIV/DIV/H3",
            "DIV/DIV/IFRAME",
            "DIV/DIV/IMG",
            "DIV/DIV/INPUT-null",
            "DIV/DIV/INPUT-password",
            "DIV/DIV/LABEL",
            "DIV/DIV/P",
            "DIV/DIV/SPAN",
            "DIV/DIV/UEE:FIRE",
            "DIV/DIV/UEE:INCLUDE",
            "DIV/DIV/UL",
            "DIV/LABEL/INS",
            "DIV/LABEL/SPAN",
            "DIV/NG:SWITCH/DIV",
            "DIV/NG:SWITCH/INPUT-hidden",
            "DIV/SPAN/DIV",
            "DIV/SPAN/EM",
            "DIV/SPAN/SPAN",
            "DIV/SPAN/UEE:FIRE",
            "DIV/UEE:INCLUDE/DIV",
            "DIV/UEE:INCLUDE/UEE:FIRE",
            "DIV/UL/LI",
            "LABEL/INS/UEE:FIRE",
            "LABEL/SPAN/UEE:FIRE",
            "LI/DIV/SPAN",
            "NG:SWITCH/DIV/DIV",
            "SPAN/DIV/DIV",
            "SPAN/DIV/NG:SWITCH",
            "UEE:INCLUDE/DIV/A",
            "UEE:INCLUDE/DIV/BR",
            "UEE:INCLUDE/DIV/DIV",
            "UEE:INCLUDE/DIV/IFRAME",
            "UEE:INCLUDE/DIV/LINK",
            "UEE:INCLUDE/DIV/SPAN",
            "UEE:INCLUDE/DIV/UEE:FIRE",
            "UL/LI/DIV"
          ]
        ]
      }
    }
  }
}