{
  "version": "0.1",
  "id": "errorPage",
  "targetURL": "http://oa.sec.com.cn/lks/koa/lks_archivemngnewex.nsf/0/efae417f85252eb348258291001064b5?EditDocument",
  "jsFile": "index.js",
  "requires": {
    "lks_tasks": "../lks_tasks/index.json"
  },
  "chineseName": "报错提示页",
  "description": "",
  "controls": {
    "control131_7SIpUQ": {
      "location": {
        "data": {
          "tagName": "TABLE"
        },
        "locators": [
          {
            "id": "@id/word",
            "prob": 3,
            "value": "descendant::TABLE[@id=\"unauthor\"]"
          },
          {
            "id": "path/ordinal",
            "prob": 1,
            "value": "/HTML[1]/BODY[1]/FORM[1]/TABLE[2]"
          }
        ]
      },
      "intendedRole": "fragment",
      "roles": "element,fragment",
      "monitored": false,
      "frameXPath": "",
      "componentType": "fragment"
    },
    "control132_UVTN46": {
      "location": {
        "data": {
          "tagName": "TABLE"
        },
        "locators": [
          {
            "id": "@id/word",
            "prob": 3,
            "value": "descendant::TABLE[@id=\"unauthor\"]"
          },
          {
            "id": "path/ordinal",
            "prob": 1,
            "value": "/HTML[1]/BODY[1]/FORM[1]/TABLE[2]"
          }
        ]
      },
      "events": {
        "onGetData": "getData_control132_UVTN46"
      },
      "intendedRole": "custom",
      "roles": "element,custom",
      "monitored": true,
      "frameXPath": "",
      "componentType": "custom"
    }
  },
  "contexts": {
    "context16_2TGa84": {
      "controls": [
        "control131_7SIpUQ",
        "control132_UVTN46"
      ],
      "anchors": [],
      "urlAnchor": []
    }
  },
  "flows": {
    "flow85_DEiKOw": {
      "toContexts": [
        {
          "toContextId": "context16_2TGa84"
        }
      ]
    },
    "flow86_DaGdFu": {
      "fromContextId": "context16_2TGa84",
      "fromAction": "click",
      "fromControlId": "control131_7SIpUQ",
      "toContexts": [
        {
          "toContextId": "context16_2TGa84"
        }
      ]
    }
  },
  "pages": {
    "page16_UtfpI1": {
      "contextId": "context16_2TGa84",
      "layout": [
        {
          "id": "uiControl143_w5VnuK",
          "controlId": "control132_UVTN46",
          "display": {
            "adapterId": "custom",
            "type": "custom",
            "adapter": {
              "templateType": "react",
              "events": {
                "onDoAction": "doAction_uiControl143_w5VnuK",
                "onGetTemplate": "getTemplate_uiControl143_w5VnuK"
              }
            }
          }
        },
        {
          "id": "uiControl144_ZhUHcu",
          "display": {
            "type": "card",
            "adapterId": "card",
            "expandable": false,
            "showHeader": false,
            "adapter": {
              "templateType": ""
            }
          },
          "layout": [
            {
              "id": "uiControl144_ZhUHcuheader",
              "display": {
                "type": "cardHeader",
                "text": "",
                "adapterId": "cardHeader",
                "adapter": {
                  "templateType": ""
                }
              },
              "layout": []
            },
            {
              "id": "uiControl144_ZhUHcubody",
              "display": {
                "type": "cardBody",
                "adapterId": "cardBody",
                "adapter": {
                  "templateType": ""
                }
              },
              "layout": [
                {
                  "id": "uiControl142_u8hW6u",
                  "controlId": "control131_7SIpUQ",
                  "display": {
                    "adapterId": "fragment",
                    "type": "fragment",
                    "adapter": {
                      "templateType": ""
                    }
                  }
                }
              ]
            },
            {
              "id": "uiControl144_ZhUHcufooter",
              "display": {
                "type": "cardFooter",
                "adapterId": "cardFooter",
                "adapter": {
                  "templateType": ""
                }
              },
              "layout": []
            }
          ]
        }
      ]
    }
  },
  "matchers": {
    "page/title": {
      "contexts": {
        "context16_2TGa84": [
          "请登录深圳能源OA系统"
        ]
      }
    },
    "page/urls": {
      "contexts": {
        "context16_2TGa84": [
          "oa.sec.com.cn/lks/koa/lks_archivemngnewex.nsf/0/efae417f85252eb348258291001064b5?EditDocument"
        ]
      }
    },
    "page/ids": {
      "contexts": {
        "context16_2TGa84": [
          [
            "unauthor"
          ]
        ]
      }
    },
    "page/classes": {
      "contexts": {
        "context16_2TGa84": [
          []
        ]
      }
    },
    "page/tagTriplets": {
      "contexts": {
        "context16_2TGa84": [
          [
            "-/-/FORM",
            "-/-/SCRIPT",
            "-/FORM/INPUT-hidden",
            "-/FORM/INPUT-null",
            "-/FORM/SCRIPT",
            "-/FORM/STYLE",
            "-/FORM/TABLE",
            "FORM/TABLE/TBODY",
            "TABLE/TBODY/TR",
            "TBODY/TR/TD",
            "TR/TD/BR",
            "TR/TD/IMG",
            "TR/TD/INPUT-null",
            "TR/TD/INPUT-submit",
            "TR/TD/SPAN"
          ]
        ]
      }
    }
  }
}