{"version":"0.1","id":"resource_dialog","targetURL":"https://7.carpoly.com/ekp/resource/html/dialog.html?mul=1","jsFile":"index.js","chineseName":"","description":"","controls":{"control7_sVkwLy":{"location":{"data":{"tagName":"TABLE"},"userData":{"data":[],"force":false},"locators":[{"id":"path/ordinal","prob":1,"value":"/HTML[1]/BODY[1]/TABLE[2]"}]},"events":{"onGetData":"getData_control7_sVkwLy"},"intendedRole":"custom","roles":"element,custom","monitored":true,"frameXPath":"//frame[@name='optFrame']<<IFRAME>>"},"control22_tCCLFV":{"location":{"data":{"tagName":"TABLE"},"userData":{"data":[],"force":false},"locators":[{"id":"path/ordinal","prob":1,"value":"/HTML[1]/BODY[1]/TABLE[2]"}]},"events":{"onGetData":"getData_control22_tCCLFV"},"intendedRole":"custom","roles":"element,custom","monitored":true,"frameXPath":"//frame[@name='optFrame']<<IFRAME>>"}},"contexts":{"context4_r5yeEB":{"controls":["control7_sVkwLy","control22_tCCLFV"],"anchors":[],"urlAnchor":[]}},"flows":{"flow17_qBFUPH":{"fromContextId":"context4_r5yeEB","fromAction":"doAction","fromControlId":"control7_sVkwLy","toContexts":[{"toContextId":"context4_r5yeEB"}]},"flow18_EMzCo5":{"fromContextId":"context4_r5yeEB","fromAction":"doAction","fromControlId":"control22_tCCLFV","toContexts":[{"toContextId":"context4_r5yeEB"}]}},"pages":{"page4_ZMpPMV":{"contextId":"context4_r5yeEB","layout":[{"id":"uiControl28_w2poI8","display":{"title":"产品线","type":"header","adapterId":"header","adapter":{"templateType":""}},"layout":[{"id":"uiControl28_w2poI8headerLeft","display":{"type":"headerLeft","adapterId":"headerLeft","adapter":{"templateType":""}},"layout":[]},{"id":"uiControl28_w2poI8headerRight","display":{"type":"headerRight","adapterId":"headerRight","adapter":{"templateType":""}},"layout":[]}]},{"id":"uiControl25_fpprWL","controlId":"control7_sVkwLy","display":{"adapterId":"custom","type":"custom","adapter":{"templateType":"react","events":{"onDoAction":"doAction_uiControl25_fpprWL","onGetTemplate":"getTemplate_uiControl25_fpprWL"}}}},{"id":"uiControl27_MKMsBq","display":{"type":"sticky","adapterId":"sticky","adapter":{"templateType":""}},"layout":[{"id":"uiControl27_MKMsBqbody","display":{"type":"stickyBody","adapterId":"stickyBody","adapter":{"templateType":""}},"layout":[{"id":"uiControl26_ifzVWt","controlId":"control22_tCCLFV","display":{"adapterId":"custom","type":"custom","adapter":{"templateType":"react","events":{"onDoAction":"doAction_uiControl26_ifzVWt","onGetTemplate":"getTemplate_uiControl26_ifzVWt"}}}}]}]}]}},"matchers":{"page/title":{"contexts":{"context4_r5yeEB":["产品线选择"]}},"page/urls":{"contexts":{"context4_r5yeEB":["7.carpoly.com/ekp/resource/html/dialog.html?mul=1"]}},"page/ids":{"contexts":{"context4_r5yeEB":[[]]}},"page/classes":{"contexts":{"context4_r5yeEB":[[]]}},"page/tagTriplets":{"contexts":{"context4_r5yeEB":[["-/-/FRAME"]]}}}}