{
  "special_models": [
    {
      "path": "plan/login/index.json"
    }
  ],
  "common_js": [
    {
      "path": "lib/base.js"
    },
    {
      "path": "lib/customTemplate.js"
    },
    {
      "path": "lib/amazeui.touch.min.js",
      "sourceType": "local",
      "target": "face"
    },
    {
      "path": "lib/compatibility.js",
      "sourceType": "local"
    }
  ],
  "common_css": [
    {
      "path": "lib/base.css"
    },
    {
      "path": "lib/amazeui.touch.min.css",
      "sourceType": "local",
      "target": "face"
    }
  ]
}