{
  "version": "0.1",
  "id": "lks_FM_SelCondition",
  "targetURL": "http://oa.sec.com.cn/lks/koa/lks_flow.nsf/FM_SelCondition?readform",
  "jsFile": "index.js",
  "requires": {
    "search": "../search/index.json"
  },
  "chineseName": "流程分支决策",
  "description": "流程分支决策",
  "controls": {
    "control106_4PkbJL": {
      "location": {
        "data": {
          "tagName": "FONT"
        },
        "userData": {
          "data": [],
          "force": false
        },
        "locators": [
          {
            "id": "@id/word",
            "prob": 2,
            "value": [
              "descendant::SPAN[@id=\"spanCondition\"]/FONT[1]",
              "descendant::SPAN[@id=\"spanCondition\"]//FONT"
            ]
          },
          {
            "id": "path/ordinal",
            "prob": 1,
            "value": "/HTML[1]/BODY[1]/FORM[1]/TABLE[2]/TBODY[1]/TR[1]/TD[1]/SPAN[1]/FONT[1]"
          },
          {
            "id": "elderLevel",
            "value": {
              "level": 0
            }
          }
        ]
      },
      "events": {
        "onGetData": "getData_control106_4PkbJL"
      },
      "intendedRole": "custom",
      "roles": "element,custom",
      "monitored": true,
      "frameXPath": "",
      "componentType": "custom"
    },
    "control136_m9EXO0": {
      "location": {
        "data": {
          "tagName": "TABLE"
        },
        "userData": {
          "data": [],
          "force": false
        },
        "locators": [
          {
            "id": "path/ordinal",
            "prob": 1,
            "value": "/HTML[1]/BODY[1]/FORM[1]/TABLE[2]"
          }
        ]
      },
      "events": {
        "onGetData": "getData_control136_m9EXO0"
      },
      "intendedRole": "custom",
      "roles": "element,custom",
      "monitored": true,
      "frameXPath": "",
      "componentType": "custom"
    },
    "control137_kbJwST": {
      "location": {
        "data": {
          "tagName": "TD"
        },
        "userData": {
          "data": [],
          "force": false
        },
        "locators": [
          {
            "id": "path/ordinal",
            "prob": 1,
            "value": "/HTML[1]/BODY[1]/FORM[1]/TABLE[2]/TBODY[1]/TR[2]/TD[1]"
          }
        ]
      },
      "events": {
        "onGetData": "getData_control137_kbJwST"
      },
      "intendedRole": "custom",
      "roles": "element,custom",
      "monitored": false,
      "frameXPath": "",
      "componentType": "custom"
    }
  },
  "contexts": {
    "context17_JyDkLt": {
      "controls": [
        "control106_4PkbJL",
        "control136_m9EXO0",
        "control137_kbJwST"
      ],
      "anchors": [],
      "urlAnchor": []
    }
  },
  "flows": {
    "flow89_r2T06V": {
      "toContexts": [
        {
          "toContextId": "context17_JyDkLt"
        },
        {
          "toContextId": "context32_bcu8sS",
          "toModelId": "search"
        }
      ]
    },
    "flow90_vF34UH": {
      "fromContextId": "context17_JyDkLt",
      "fromAction": "doAction",
      "fromControlId": "control136_m9EXO0",
      "toContexts": [
        {
          "toContextId": "context17_JyDkLt"
        }
      ]
    },
    "flow91_fFfPeT": {
      "fromContextId": "context17_JyDkLt",
      "fromAction": "doAction",
      "fromControlId": "control137_kbJwST",
      "toContexts": [
        {
          "toContextId": "context17_JyDkLt"
        }
      ]
    }
  },
  "pages": {
    "page17_zV6Lg2": {
      "contextId": "context17_JyDkLt",
      "layout": [
        {
          "id": "uiControl126_vAQkpE",
          "controlId": "control106_4PkbJL",
          "display": {
            "adapterId": "custom",
            "type": "custom",
            "adapter": {
              "templateType": "react",
              "events": {
                "onDoAction": "doAction_uiControl126_vAQkpE",
                "onGetTemplate": "getTemplate_uiControl126_vAQkpE"
              }
            }
          }
        },
        {
          "id": "uiControl148_ps7sHT",
          "controlId": "control136_m9EXO0",
          "display": {
            "adapterId": "custom",
            "type": "custom",
            "adapter": {
              "templateType": "react",
              "events": {
                "onDoAction": "doAction_uiControl148_ps7sHT",
                "onGetTemplate": "getTemplate_uiControl148_ps7sHT"
              }
            }
          }
        },
        {
          "id": "uiControl149_Wilosa",
          "display": {
            "type": "sticky",
            "adapterId": "sticky",
            "class": "ui-footer-button",
            "adapter": {
              "templateType": ""
            }
          },
          "layout": [
            {
              "id": "uiControl149_Wilosabody",
              "display": {
                "type": "stickyBody",
                "adapterId": "stickyBody",
                "adapter": {
                  "templateType": ""
                }
              },
              "layout": [
                {
                  "id": "uiControl150_T8aIBb",
                  "controlId": "control137_kbJwST",
                  "display": {
                    "adapterId": "custom",
                    "type": "custom",
                    "adapter": {
                      "templateType": "react",
                      "events": {
                        "onDoAction": "doAction_uiControl150_T8aIBb",
                        "onGetTemplate": "getTemplate_uiControl150_T8aIBb"
                      }
                    }
                  }
                }
              ]
            }
          ]
        }
      ]
    }
  },
  "matchers": {
    "page/title": {
      "contexts": {
        "context17_JyDkLt": [
          "深圳能源集团OA系统_会审提交沟通意见"
        ]
      }
    },
    "page/urls": {
      "contexts": {
        "context17_JyDkLt": [
          "oa.sec.com.cn/lks/koa/lks_flow.nsf/FM_SelCondition?readform"
        ]
      }
    },
    "page/ids": {
      "contexts": {
        "context17_JyDkLt": [
          [
            "Sys_EsaField",
            "spanCondition"
          ]
        ]
      }
    },
    "page/classes": {
      "contexts": {
        "context17_JyDkLt": [
          [
            "btnmenudoc"
          ]
        ]
      }
    },
    "page/tagTriplets": {
      "contexts": {
        "context17_JyDkLt": [
          [
            "-/-/FORM",
            "-/-/SCRIPT",
            "-/FORM/BR",
            "-/FORM/TABLE",
            "FORM/TABLE/TBODY",
            "TABLE/TBODY/TR",
            "TBODY/TR/TD",
            "TD/P/BR",
            "TD/SPAN/BR",
            "TD/SPAN/FONT",
            "TD/SPAN/INPUT-radio",
            "TD/SPAN/TEXTAREA",
            "TR/TD/BR",
            "TR/TD/FONT",
            "TR/TD/INPUT-button",
            "TR/TD/P",
            "TR/TD/SCRIPT",
            "TR/TD/SPAN"
          ]
        ]
      }
    }
  }
}