{"version":"0.1","id":"store_upgrade_info","targetURL":"https://7.carpoly.com/ekp/cm/store/cm_storefront_upgrade/cmStorefrontUpgrade.do?method=view&fdId=15d655d07dca80a59d120c7401982081","jsFile":"index.js","chineseName":"店面升级详情","description":"","controls":{"control19_FCAEvp":{"location":{"data":{"tagName":"DIV"},"userData":{"data":[],"force":false},"locators":[{"id":"@class/word","prob":1,"value":"DIV.lui_form_title_frame DIV.lui_form_subject"},{"id":"path/ordinal","prob":1,"value":"/HTML[1]/BODY[1]/FORM[1]/DIV[1]/DIV[1]"},{"id":"style/color","value":[62,158,206]},{"id":"elderLevel","value":{"level":0}}]},"events":{"onGetData":"getData_control19_FCAEvp"},"intendedRole":"custom","roles":"element,custom","monitored":true,"frameXPath":""},"control20_FHgOXv":{"location":{"data":{"tagName":"TABLE"},"userData":{"data":[],"force":false},"locators":[{"id":"@class/word","prob":1,"ordinal":[0,2],"value":"DIV.lui_form_content_frame TABLE.tb_normal"},{"id":"path/ordinal","prob":1,"value":"/HTML[1]/BODY[1]/FORM[1]/DIV[2]/TABLE[1]"}]},"events":{"onGetData":"getData_control20_FHgOXv"},"intendedRole":"custom","roles":"element,custom","monitored":true,"frameXPath":""},"control22_oWi6X7":{"location":{"data":{"tagName":"TABLE"},"userData":{"data":[],"force":false},"locators":[{"id":"@id/word","prob":2,"value":["descendant::DIV[@id=\"process_review_tabcontent\"]/TABLE[1]","descendant::DIV[@id=\"process_review_tabcontent\"]//TABLE"]},{"id":"@class/word","prob":1,"value":"DIV.lui_panel_content_inside DIV.lui-component TABLE.tb_normal.process_review_panel"},{"id":"path/ordinal","prob":1,"value":"/HTML[1]/BODY[1]/FORM[1]/DIV[3]/DIV[1]/DIV[1]/DIV[1]/DIV[2]/DIV[1]/DIV[1]/DIV[1]/DIV[1]/DIV[1]/TABLE[1]"}]},"events":{"onGetData":"getData_control22_oWi6X7"},"intendedRole":"custom","roles":"element,custom","monitored":true,"frameXPath":""},"control26_0dQGWQ":{"location":{"data":{"tagName":"TABLE"},"userData":{"data":[],"force":false},"locators":[{"id":"@id/word","prob":3,"value":"descendant::TABLE[@id=\"TABLE_Item\"]"},{"id":"@class/word","prob":1,"value":"DIV.lui_form_content_frame TABLE.tb_normal TABLE.tb_normal"},{"id":"path/ordinal","prob":1,"value":"/HTML[1]/BODY[1]/FORM[1]/DIV[2]/TABLE[1]/TBODY[1]/TR[20]/TD[1]/TABLE[1]"}]},"events":{"onGetData":"getData_control26_0dQGWQ"},"intendedRole":"custom","roles":"element,custom","monitored":true,"frameXPath":""},"control27_bJWkDx":{"location":{"data":{"tagName":"TABLE"},"userData":{"data":[],"force":false},"locators":[{"id":"@class/word","prob":1,"ordinal":[0,2],"value":"DIV.lui_form_content_frame TABLE.tb_normal"},{"id":"path/ordinal","prob":1,"value":"/HTML[1]/BODY[1]/FORM[1]/DIV[2]/TABLE[1]"}]},"events":{"onGetData":"getData_control27_bJWkDx"},"intendedRole":"custom","roles":"element,custom","monitored":true,"frameXPath":""},"control28_lm4Lup":{"location":{"data":{"tagName":"TR"},"userData":{"data":[],"force":false},"locators":[{"id":"@id/word","prob":3,"value":["descendant::DIV[@id=\"process_review_tabcontent\"]//TR[@id=\"showDetails\"]","descendant::TR[@id=\"showDetails\"]"]},{"id":"@class/word","prob":1,"ordinal":[23,27],"value":"DIV.lui_panel_content_inside DIV.lui-component TABLE.tb_normal.process_review_panel TBODY TR"},{"id":"path/ordinal","prob":1,"value":"/HTML[1]/BODY[1]/FORM[1]/DIV[3]/DIV[1]/DIV[1]/DIV[1]/DIV[2]/DIV[1]/DIV[1]/DIV[1]/DIV[1]/DIV[1]/TABLE[1]/TBODY[1]/TR[18]"}]},"events":{"onGetData":"getData_control28_lm4Lup"},"intendedRole":"custom","roles":"element,custom","ignoreVisibility":true,"monitored":true,"frameXPath":""},"control29_ly5C2a":{"location":{"data":{"tagName":"IFRAME"},"userData":{"data":[],"force":false},"locators":[{"id":"@id/word","prob":2,"value":["descendant::DIV[@id=\"dialog_iframe\"]/DIV[1]/DIV[1]/IFRAME[1]","descendant::DIV[@id=\"dialog_iframe\"]//IFRAME"]},{"id":"@class/word","prob":1,"value":"DIV.lui_dialog_container.clearfloat DIV.lui-component DIV.lui_dialog_content IFRAME"},{"id":"path/ordinal","prob":1,"value":"/HTML[1]/BODY[1]/DIV[1]/DIV[1]/DIV[2]/DIV[1]/DIV[1]/DIV[1]/DIV[1]/DIV[1]/DIV[1]/IFRAME[1]"},{"id":"elderLevel","value":{"level":0}}]},"intendedRole":"dialog","roles":"element,dialog","monitored":true,"frameXPath":""},"control30_xbHTF9":{"location":{"data":{"tagName":"DIV"},"userData":{"data":[],"force":false},"locators":[{"id":"@class/word","prob":1,"value":"DIV.lui_dialog_headL DIV.lui_dialog_headR DIV.lui_dialog_head"},{"id":"path/ordinal","prob":1,"ordinal":[0,2],"value":"/HTML[1]/BODY[1]/DIV[1]/DIV[1]/DIV[1]/DIV[1]/DIV[1]"}]},"events":{"onGetData":"getData_control30_xbHTF9"},"intendedRole":"custom","roles":"element,custom","monitored":true,"frameXPath":""},"control31_takR2T":{"location":{"data":{"tagName":"UL"},"userData":{"data":[],"force":false},"locators":[{"id":"@class/word","prob":1,"ordinal":[0,9],"value":"DIV.lui_address_tabs DIV.lui-component UL.lui_address_tabs_ul"},{"id":"path/ordinal","prob":1,"value":"/HTML[1]/BODY[1]/DIV[1]/DIV[1]/DIV[1]/DIV[1]/DIV[1]/DIV[1]/DIV[1]/UL[1]"}]},"events":{"onGetData":"getData_control31_takR2T"},"intendedRole":"custom","roles":"element,custom","monitored":true,"frameXPath":"//iframe[1]<<IFRAME>>"},"control32_d5GIto":{"location":{"data":{"tagName":"DIV"},"userData":{"data":[],"force":false},"locators":[{"id":"@class/word","prob":1,"ordinal":[0,9],"value":"DIV.lui-address-selectearea DIV.lui-component DIV.lui_address_select_area"},{"id":"path/ordinal","prob":1,"value":"/HTML[1]/BODY[1]/DIV[1]/DIV[1]/DIV[1]/DIV[1]/DIV[1]/DIV[2]/DIV[1]/DIV[1]"}]},"events":{"onGetData":"getData_control32_d5GIto"},"intendedRole":"custom","roles":"element,custom","monitored":true,"frameXPath":"//iframe[1]<<IFRAME>>"},"control33_4szzCf":{"location":{"data":{"tagName":"UL"},"userData":{"data":[],"force":false},"locators":[{"id":"@class/word","prob":1,"ordinal":[0,9],"value":"DIV.lui-address-selectedbox DIV.lui-component UL.lui-address-selectedbox-ul"},{"id":"path/ordinal","prob":1,"value":"/HTML[1]/BODY[1]/DIV[1]/DIV[1]/DIV[1]/DIV[1]/DIV[1]/DIV[3]/DIV[1]/UL[1]"}]},"events":{"onGetData":"getData_control33_4szzCf"},"intendedRole":"custom","roles":"element,custom","monitored":true,"frameXPath":"//iframe[1]<<IFRAME>>"},"control37_1VOC4Q":{"location":{"data":{"tagName":"DIV"},"userData":{"data":[],"force":false},"locators":[{"id":"button/text","prob":3,"ordinal":[4,5],"value":{"text":["确定(2)"],"visText":["确定(2)"]}},{"id":"@class/word","prob":1,"ordinal":[0,18],"value":"DIV.lui_toolbar_btn_r DIV.lui_toolbar_btn_c DIV.lui-component.lui_widget_btn_txt"},{"id":"path/ordinal","prob":1,"value":"/HTML[1]/BODY[1]/DIV[1]/DIV[1]/DIV[1]/DIV[1]/DIV[1]/DIV[4]/DIV[1]/DIV[1]/DIV[1]/DIV[1]/DIV[1]/DIV[1]/DIV[1]"},{"id":"elderLevel","value":{"level":0}}]},"intendedRole":"button","roles":"element,button","monitored":true,"frameXPath":"//iframe[1]<<IFRAME>>"},"control38_zReqXU":{"location":{"data":{"tagName":"DIV"},"userData":{"data":[],"force":false},"locators":[{"id":"button/text","prob":3,"ordinal":[3,5],"value":{"text":["取消"],"visText":["取消"]}},{"id":"@class/word","prob":1,"ordinal":[1,18],"value":"DIV.lui_toolbar_btn_l DIV.lui_toolbar_btn_r DIV.lui_toolbar_btn_c"},{"id":"path/ordinal","prob":1,"value":"/HTML[1]/BODY[1]/DIV[1]/DIV[1]/DIV[1]/DIV[1]/DIV[1]/DIV[4]/DIV[1]/DIV[1]/DIV[2]/DIV[1]/DIV[1]/DIV[1]"},{"id":"style/color","value":[71,181,230]}]},"intendedRole":"button","roles":"element,button","monitored":true,"frameXPath":"//iframe[1]<<IFRAME>>"},"control39_ZL8T6R":{"location":{"data":{"tagName":"DIV"},"userData":{"data":[],"force":false},"locators":[{"id":"@class/word","prob":1,"ordinal":[0,9],"value":"DIV.lui-component DIV.lui-address-search-panel DIV.lui-address-search-group"},{"id":"path/ordinal","prob":1,"value":"/HTML[1]/BODY[1]/DIV[1]/DIV[1]/DIV[1]/DIV[1]/DIV[1]/DIV[2]/DIV[1]/DIV[1]/DIV[4]/DIV[1]/DIV[1]/DIV[1]"}]},"events":{"onGetData":"getData_control39_ZL8T6R"},"intendedRole":"custom","roles":"element,custom","monitored":true,"frameXPath":"//iframe[1]<<IFRAME>>"}},"contexts":{"context4_8SDlUG":{"controls":["control19_FCAEvp","control20_FHgOXv","control22_oWi6X7","control26_0dQGWQ","control27_bJWkDx","control28_lm4Lup","control29_ly5C2a","control30_xbHTF9","control31_takR2T","control32_d5GIto","control33_4szzCf","control37_1VOC4Q","control38_zReqXU","control39_ZL8T6R"],"anchors":[],"urlAnchor":["^https:\\/\\/7\\.carpoly\\.com\\/ekp\\/cm\\/store\\/cm_storefront_upgrade\\/cmStorefrontUpgrade\\.do\\?method=view&fdId=.*"]}},"flows":{"flow14_yuLmZW":{"toContexts":[{"toContextId":"context4_8SDlUG"}]},"flow17_aTpe75":{"fromContextId":"context4_8SDlUG","fromAction":"doAction","fromControlId":"control20_FHgOXv","toContexts":[{"toContextId":"context4_8SDlUG"}]},"flow18_TLfc6S":{"fromContextId":"context4_8SDlUG","fromAction":"doAction","fromControlId":"control22_oWi6X7","toContexts":[{"toContextId":"context4_8SDlUG"}]},"flow23_g3BmsR":{"fromContextId":"context4_8SDlUG","fromAction":"doAction","fromControlId":"control27_bJWkDx","toContexts":[{"toContextId":"context4_8SDlUG"}]},"flow24_NOzhdH":{"fromContextId":"context4_8SDlUG","fromAction":"doAction","fromControlId":"control28_lm4Lup","toContexts":[{"toContextId":"context4_8SDlUG"}]},"flow25_UTJA6e":{"fromContextId":"context4_8SDlUG","fromAction":"click","fromControlId":"control29_ly5C2a","toContexts":[{"toContextId":"context4_8SDlUG"}]},"flow26_hvKZ5y":{"fromContextId":"context4_8SDlUG","fromAction":"doAction","fromControlId":"control32_d5GIto","toContexts":[{"toContextId":"context4_8SDlUG"}]},"flow27_mftTt7":{"fromContextId":"context4_8SDlUG","fromAction":"doAction","fromControlId":"control31_takR2T","toContexts":[{"toContextId":"context4_8SDlUG"}]},"flow29_EXpr82":{"fromContextId":"context4_8SDlUG","fromAction":"click","fromControlId":"control37_1VOC4Q","toContexts":[{"toContextId":"context4_8SDlUG"}]},"flow30_BHToQt":{"fromContextId":"context4_8SDlUG","fromAction":"doAction","fromControlId":"control39_ZL8T6R","toContexts":[{"toContextId":"context4_8SDlUG"}]}},"pages":{"page4_puo0Ts":{"contextId":"context4_8SDlUG","layout":[{"id":"uiControl22_bg0RC5","controlId":"control19_FCAEvp","display":{"adapterId":"custom","type":"custom","adapter":{"templateType":"react","events":{"onDoAction":"doAction_uiControl22_bg0RC5","onGetTemplate":"getTemplate_uiControl22_bg0RC5"}}}},{"id":"uiControl23_hspZR0","controlId":"control20_FHgOXv","display":{"adapterId":"custom","type":"custom","adapter":{"templateType":"react","events":{"onDoAction":"doAction_uiControl23_hspZR0","onGetTemplate":"getTemplate_uiControl23_hspZR0"}}}},{"id":"uiControl28_KcXZaV","controlId":"control26_0dQGWQ","display":{"adapterId":"custom","type":"custom","adapter":{"templateType":"react","events":{"onDoAction":"doAction_uiControl28_KcXZaV","onGetTemplate":"getTemplate_uiControl28_KcXZaV"}}}},{"id":"uiControl29_UUGzkV","controlId":"control27_bJWkDx","display":{"adapterId":"custom","type":"custom","adapter":{"templateType":"react","events":{"onDoAction":"doAction_uiControl29_UUGzkV","onGetTemplate":"getTemplate_uiControl29_UUGzkV"}}}},{"id":"uiControl31_yLC4HD","controlId":"control29_ly5C2a","display":{"adapterId":"dialog","type":"dialog","class":"ui-dialog","adapter":{"templateType":""}},"layout":[{"id":"uiControl31_yLC4HDbody","display":{"type":"dialogBody","adapterId":"dialogBody","adapter":{"templateType":""}},"layout":[{"id":"uiControl32_Ps2GMK","controlId":"control30_xbHTF9","display":{"adapterId":"custom","type":"custom","adapter":{"templateType":"react","events":{"onDoAction":"doAction_uiControl32_Ps2GMK","onGetTemplate":"getTemplate_uiControl32_Ps2GMK"}}}}]},{"id":"uiControl31_yLC4HDfooter","display":{"type":"dialogFooter","adapterId":"dialogFooter","adapter":{"templateType":""}},"layout":[{"id":"uiControl33_AwTma0","controlId":"control31_takR2T","display":{"adapterId":"custom","type":"custom","adapter":{"templateType":"react","events":{"onDoAction":"doAction_uiControl33_AwTma0","onGetTemplate":"getTemplate_uiControl33_AwTma0"}}}},{"id":"uiControl39_TdsieJ","controlId":"control39_ZL8T6R","display":{"adapterId":"custom","type":"custom","adapter":{"templateType":"react","events":{"onDoAction":"doAction_uiControl39_TdsieJ","onGetTemplate":"getTemplate_uiControl39_TdsieJ"}}}},{"id":"uiControl34_B185Uc","controlId":"control32_d5GIto","display":{"adapterId":"custom","type":"custom","adapter":{"templateType":"react","events":{"onDoAction":"doAction_uiControl34_B185Uc","onGetTemplate":"getTemplate_uiControl34_B185Uc"}}}},{"id":"uiControl35_ThwoME","controlId":"control33_4szzCf","display":{"adapterId":"custom","type":"custom","adapter":{"templateType":"react","events":{"onDoAction":"doAction_uiControl35_ThwoME","onGetTemplate":"getTemplate_uiControl35_ThwoME"}}}},{"id":"uiControl36_18badp","display":{"type":"grid","adapterId":"grid","adapter":{"templateType":""}},"layout":[{"id":"uiControl36_18badprow0","display":{"cols":3,"type":"col","adapterId":"col","adapter":{"templateType":""}},"layout":[{"id":"uiControl37_CG3F60","controlId":"control37_1VOC4Q","display":{"adapterId":"clickable","type":"button","amStyle":"primary","adapter":{"templateType":""}}}]},{"id":"uiControl36_18badprow1","display":{"cols":3,"type":"col","adapterId":"col","adapter":{"templateType":""}},"layout":[{"id":"uiControl38_21X30M","controlId":"control38_zReqXU","display":{"adapterId":"clickable","type":"button","adapter":{"templateType":""}}}]}]}]}]},{"id":"uiControl24_HNUmAO","controlId":"control22_oWi6X7","display":{"adapterId":"custom","type":"custom","adapter":{"templateType":"react","events":{"onDoAction":"doAction_uiControl24_HNUmAO","onGetTemplate":"getTemplate_uiControl24_HNUmAO"}}}},{"id":"uiControl30_zh36kP","controlId":"control28_lm4Lup","display":{"adapterId":"custom","type":"custom","adapter":{"templateType":"react","events":{"onDoAction":"doAction_uiControl30_zh36kP","onGetTemplate":"getTemplate_uiControl30_zh36kP"}}}}]}},"matchers":{"page/title":{"contexts":{"context4_8SDlUG":["广东仓存(提交时自动产生)店面升级申请","数据敏感信息客户(123)店面升级申请","数据敏感信息客户(aa)店面升级申请","数据敏感信息客户(3)店面升级申请"]}},"page/urls":{"contexts":{"context4_8SDlUG":["7.carpoly.com/ekp/cm/store/cm_storefront_upgrade/cmStorefrontUpgrade.do?method=view&fdId=15d655d07dca80a59d120c7401982081","7.carpoly.com/ekp/cm/store/cm_storefront_upgrade/cmStorefrontUpgrade.do?method=view&fdId=1604f332c04c247e321c2294f6996fa0","7.carpoly.com/ekp/cm/store/cm_storefront_upgrade/cmStorefrontUpgrade.do?method=view&fdId=1609d7edc96fffc5b40b73646b3a9f74","7.carpoly.com/ekp/cm/store/cm_storefront_upgrade/cmStorefrontUpgrade.do?method=view&fdId=160de9abd490a3d6d22c45148e29a3ce"]}},"page/ids":{"contexts":{"context4_8SDlUG":[["Label_Tabel_Workflow_Info","Label_Tabel_Workflow_Info_Label_Btn_","Label_Tabel_Workflow_Info_Label_Img__","TABLE_Item","WF_IFrame","WF_TableIFrame","att_xtable_cmStorefrontRunstoreDimensional","att_xtable_cmStorefrontRunstoreJCV","att_xtable_cmStorefrontUpgradeLeaseContract","att_xtable_cmStorefrontUpgradeOther","att_xtable_designRequirementList","att_xtable_storeLayoutPic","attachmentObject_cmStorefrontRunstoreDimensional_content_div","attachmentObject_cmStorefrontRunstoreJCV_content_div","attachmentObject_cmStorefrontUpgradeLeaseContract_content_div","attachmentObject_cmStorefrontUpgradeOther_content_div","attachmentObject_designRequirementList_content_div","attachmentObject_storeLayoutPic_content_div","cmBaseBrands_div","cmBaseCompanyName_id","cmBaseCustomerClass_div","cmBaseCustomerInfoAreaLevel_id","cmBaseCustomerInfoCode_id","cmStorefrontStoreType_div","dddaedd","dddbafaedeb","designRequirementList","dimensionalPic","docStatus","fdAcceptanceTime_div","fdFlowDescription","fdIsAcceptance_div","fdIsSelfManager_div","fdShopkeeperMobile_div","fdShopkeeperName_div","fdShopkeeperTel_div","fdStoreAddress_div","flowGraphic","flowGraphicShowCheckbox","flowLogTableTD","historyInfoTableIframe","historyInfoTableTD","historyTableTR","jcvPic","jdznImg","leaseAgreement","lui-id-","numTotal","process_review_tabcontent","showDetails","storeLayoutPic","sysWfBusinessForm.canStartProcess","sysWfBusinessForm.fdAdditionsParameterJson","sysWfBusinessForm.fdAuditNoteFdId","sysWfBusinessForm.fdCurHanderId","sysWfBusinessForm.fdCurNodeSavedXML","sysWfBusinessForm.fdCurNodeXML","sysWfBusinessForm.fdDraftorId","sysWfBusinessForm.fdDraftorName","sysWfBusinessForm.fdFlowContent","sysWfBusinessForm.fdHandlerRoleInfoIds","sysWfBusinessForm.fdHandlerRoleInfoNames","sysWfBusinessForm.fdIdentityId","sysWfBusinessForm.fdIsModify","sysWfBusinessForm.fdKey","sysWfBusinessForm.fdModelId","sysWfBusinessForm.fdModelName","sysWfBusinessForm.fdParameterJson","sysWfBusinessForm.fdProcessId","sysWfBusinessForm.fdProcessStatus","sysWfBusinessForm.fdTemplateKey","sysWfBusinessForm.fdTemplateModelName","sysWfBusinessForm.fdTranProcessXML","taxPriceTotal","toolbar","workflowInfoTD","workflowTableTD"],["Label_Tabel_Workflow_Info","Label_Tabel_Workflow_Info_Label_Btn_","Label_Tabel_Workflow_Info_Label_Img__","SWFUpload_","TABLE_Item","WF_IFrame","WF_TableIFrame","_List_fffcdefeafd_Attachment_Table","assignmentRow","att_xtable_cmStorefrontRunstoreDimensional","att_xtable_cmStorefrontRunstoreJCV","att_xtable_cmStorefrontUpgradeLeaseContract","att_xtable_cmStorefrontUpgradeOther","att_xtable_designRequirementList","att_xtable_fffcdefeafd","att_xtable_storeLayoutPic","attachmentObject_cmStorefrontRunstoreDimensional_content_div","attachmentObject_cmStorefrontRunstoreJCV_content_div","attachmentObject_cmStorefrontUpgradeLeaseContract_content_div","attachmentObject_cmStorefrontUpgradeOther_content_div","attachmentObject_designRequirementList_content_div","attachmentObject_fffcdefeafd_content_div","attachmentObject_storeLayoutPic_content_div","authorityOptButton","cmBaseBrands_div","cmBaseCompanyName_id","cmBaseCustomerClass_div","cmBaseCustomerInfoAreaLevel_id","cmBaseCustomerInfoCode_id","cmStorefrontStoreType_div","currentHandlersLabel","currentHandlersRow","currentNodeDescription","descriptionRow","designRequirementList","dimensionalPic","docStatus","drafterOptButton","extendRoleOptRow","fcbfddfda","fdAcceptanceTime_div","fdFlowDescription","fdIsAcceptance_div","fdIsSelfManager_div","fdShopkeeperMobile_div","fdShopkeeperName_div","fdShopkeeperTel_div","fdStoreAddress_div","flowGraphic","flowGraphicShowCheckbox","flowLogTableTD","historyHandlersLabel","historyHandlersRow","historyInfoTableIframe","historyInfoTableTD","historyTableTR","historyhandlerOpt","jcvPic","jdznImg","leaseAgreement","lui-id-","notifyLevelRow","notifyLevelTD","numTotal","operationItemsRow","operationMethodsGroup","operationMethodsRow","operationsRow","operationsRow_Scope","operationsTDContent","operationsTDContent_Scope","operationsTDTitle","operationsTDTitle_Scope","optionButtons","processStatusLabel","processStatusRow","process_review_button","process_review_tabcontent","saveDraftButton","showDetails","storeLayoutPic","sysWfBusinessForm.canStartProcess","sysWfBusinessForm.fdAdditionsParameterJson","sysWfBusinessForm.fdAuditNoteFdId","sysWfBusinessForm.fdCurHanderId","sysWfBusinessForm.fdCurNodeSavedXML","sysWfBusinessForm.fdCurNodeXML","sysWfBusinessForm.fdDraftorId","sysWfBusinessForm.fdDraftorName","sysWfBusinessForm.fdFlowContent","sysWfBusinessForm.fdHandlerRoleInfoIds","sysWfBusinessForm.fdHandlerRoleInfoNames","sysWfBusinessForm.fdIdentityId","sysWfBusinessForm.fdIsModify","sysWfBusinessForm.fdKey","sysWfBusinessForm.fdModelId","sysWfBusinessForm.fdModelName","sysWfBusinessForm.fdParameterJson","sysWfBusinessForm.fdProcessId","sysWfBusinessForm.fdProcessStatus","sysWfBusinessForm.fdTemplateKey","sysWfBusinessForm.fdTemplateModelName","sysWfBusinessForm.fdTranProcessXML","taxPriceTotal","toolbar","workflowInfoTD","workflowTableTD"],["Label_Tabel_Workflow_Info","Label_Tabel_Workflow_Info_Label_Btn_","Label_Tabel_Workflow_Info_Label_Img__","SWFUpload_","TABLE_Item","WF_IFrame","WF_TableIFrame","_List_baaffdbaeec_Attachment_Table","__notify_type_baaecfafac_sysWfBusinessForm.fdSystemNotifyType","assignmentRow","att_xtable_baaffdbaeec","att_xtable_cmStorefrontRunstoreDimensional","att_xtable_cmStorefrontRunstoreJCV","att_xtable_cmStorefrontUpgradeLeaseContract","att_xtable_cmStorefrontUpgradeOther","att_xtable_designRequirementList","att_xtable_storeLayoutPic","attachmentObject_baaffdbaeec_content_div","attachmentObject_cmStorefrontRunstoreDimensional_content_div","attachmentObject_cmStorefrontRunstoreJCV_content_div","attachmentObject_cmStorefrontUpgradeLeaseContract_content_div","attachmentObject_cmStorefrontUpgradeOther_content_div","attachmentObject_designRequirementList_content_div","attachmentObject_storeLayoutPic_content_div","authorityOptButton","changeProcessorDIV","checkChangeFlowTR","cmBaseBrands_div","cmBaseCompanyName_id","cmBaseCustomerClass_div","cmBaseCustomerInfoAreaLevel_id","cmBaseCustomerInfoCode_id","cmStorefrontStoreType_div","currentHandlersLabel","currentHandlersRow","currentNodeDescription","dadeeb","descriptionRow","designRequirementList","dialog_iframe","dimensionalPic","docStatus","drafterOptButton","extendRoleOptRow","fdAcceptanceTime_div","fdFlowDescription","fdIsAcceptance_div","fdIsSelfManager_div","fdShopkeeperMobile_div","fdShopkeeperName_div","fdShopkeeperTel_div","fdStoreAddress_div","flowGraphic","flowGraphicShowCheckbox","flowLogTableTD","historyHandlersLabel","historyHandlersRow","historyInfoTableIframe","historyInfoTableTD","historyTableTR","historyhandlerOpt","jcvPic","jdznImg","lbpm_highLevelTab","leaseAgreement","lui-id-","modifyFlowDIV","nodeCanViewCurNodeTR","notifyLevelRow","notifyLevelTD","notifyOnFinish","notifyOptionTR","notifyTypeRow","numTotal","operationItemsRow","operationMethodsGroup","operationMethodsRow","operationsRow","operationsRow_Scope","operationsTDContent","operationsTDContent_Scope","operationsTDTitle","operationsTDTitle_Scope","optionButtons","otherCanViewCurNodeTR","processStatusLabel","processStatusRow","process_review_button","process_review_tabcontent","saveDraftButton","showDetails","storeLayoutPic","sysWfBusinessForm.canStartProcess","sysWfBusinessForm.fdAdditionsParameterJson","sysWfBusinessForm.fdAuditNoteFdId","sysWfBusinessForm.fdCurHanderId","sysWfBusinessForm.fdCurNodeSavedXML","sysWfBusinessForm.fdCurNodeXML","sysWfBusinessForm.fdDraftorId","sysWfBusinessForm.fdDraftorName","sysWfBusinessForm.fdFlowContent","sysWfBusinessForm.fdHandlerRoleInfoIds","sysWfBusinessForm.fdHandlerRoleInfoNames","sysWfBusinessForm.fdIdentityId","sysWfBusinessForm.fdIsModify","sysWfBusinessForm.fdKey","sysWfBusinessForm.fdModelId","sysWfBusinessForm.fdModelName","sysWfBusinessForm.fdParameterJson","sysWfBusinessForm.fdProcessId","sysWfBusinessForm.fdProcessStatus","sysWfBusinessForm.fdTemplateKey","sysWfBusinessForm.fdTemplateModelName","sysWfBusinessForm.fdTranProcessXML","systemNotifyTypeTD","taxPriceTotal","toOtherHandlerIds","toOtherHandlerNames","toolbar","top","workflowInfoTD","workflowTableTD"],["Label_Tabel_Workflow_Info","Label_Tabel_Workflow_Info_Label_Btn_","Label_Tabel_Workflow_Info_Label_Img__","TABLE_Item","WF_IFrame","WF_TableIFrame","att_xtable_cmStorefrontRunstoreDimensional","att_xtable_cmStorefrontRunstoreJCV","att_xtable_cmStorefrontUpgradeLeaseContract","att_xtable_cmStorefrontUpgradeOther","att_xtable_designRequirementList","att_xtable_storeLayoutPic","attachmentObject_cmStorefrontRunstoreDimensional_content_div","attachmentObject_cmStorefrontRunstoreJCV_content_div","attachmentObject_cmStorefrontUpgradeLeaseContract_content_div","attachmentObject_cmStorefrontUpgradeOther_content_div","attachmentObject_designRequirementList_content_div","attachmentObject_storeLayoutPic_content_div","cmBaseBrands_div","cmBaseCompanyName_id","cmBaseCustomerClass_div","cmBaseCustomerInfoAreaLevel_id","cmBaseCustomerInfoCode_id","cmStorefrontStoreType_div","deeeaadafd","deeebdcdc","deeefaaafebdce","deeefdbcaefcbdc","deeefdbdbdfd","deeeffacaf","designRequirementList","dimensionalPic","docStatus","fdAcceptanceTime_div","fdFlowDescription","fdIsAcceptance_div","fdIsSelfManager_div","fdShopkeeperMobile_div","fdShopkeeperName_div","fdShopkeeperTel_div","fdStoreAddress_div","flowGraphic","flowGraphicShowCheckbox","flowLogTableTD","historyInfoTableIframe","historyInfoTableTD","historyTableTR","jcvPic","jdznImg","leaseAgreement","lui-id-","numTotal","process_review_tabcontent","showDetails","storeLayoutPic","sysWfBusinessForm.canStartProcess","sysWfBusinessForm.fdAdditionsParameterJson","sysWfBusinessForm.fdAuditNoteFdId","sysWfBusinessForm.fdCurHanderId","sysWfBusinessForm.fdCurNodeSavedXML","sysWfBusinessForm.fdCurNodeXML","sysWfBusinessForm.fdDraftorId","sysWfBusinessForm.fdDraftorName","sysWfBusinessForm.fdFlowContent","sysWfBusinessForm.fdHandlerRoleInfoIds","sysWfBusinessForm.fdHandlerRoleInfoNames","sysWfBusinessForm.fdIdentityId","sysWfBusinessForm.fdIsModify","sysWfBusinessForm.fdKey","sysWfBusinessForm.fdModelId","sysWfBusinessForm.fdModelName","sysWfBusinessForm.fdParameterJson","sysWfBusinessForm.fdProcessId","sysWfBusinessForm.fdProcessStatus","sysWfBusinessForm.fdTemplateKey","sysWfBusinessForm.fdTemplateModelName","sysWfBusinessForm.fdTranProcessXML","taxPriceTotal","toolbar","top","workflowInfoTD","workflowTableTD"],["Label_Tabel_Workflow_Info","Label_Tabel_Workflow_Info_Label_Btn_","Label_Tabel_Workflow_Info_Label_Img__","TABLE_Item","WF_IFrame","WF_TableIFrame","att_xtable_cmStorefrontRunstoreDimensional","att_xtable_cmStorefrontRunstoreJCV","att_xtable_cmStorefrontUpgradeLeaseContract","att_xtable_cmStorefrontUpgradeOther","att_xtable_designRequirementList","att_xtable_storeLayoutPic","attachmentObject_cmStorefrontRunstoreDimensional_content_div","attachmentObject_cmStorefrontRunstoreJCV_content_div","attachmentObject_cmStorefrontUpgradeLeaseContract_content_div","attachmentObject_cmStorefrontUpgradeOther_content_div","attachmentObject_designRequirementList_content_div","attachmentObject_storeLayoutPic_content_div","cmBaseBrands_div","cmBaseCompanyName_id","cmBaseCustomerClass_div","cmBaseCustomerInfoAreaLevel_id","cmBaseCustomerInfoCode_id","cmStorefrontStoreType_div","dddaedd","dddbafaedeb","designRequirementList","dimensionalPic","docStatus","fdAcceptanceTime_div","fdFlowDescription","fdIsAcceptance_div","fdIsSelfManager_div","fdShopkeeperMobile_div","fdShopkeeperName_div","fdShopkeeperTel_div","fdStoreAddress_div","flowGraphic","flowGraphicShowCheckbox","flowLogTableTD","historyInfoTableIframe","historyInfoTableTD","historyTableTR","jcvPic","jdznImg","leaseAgreement","lui-id-","numTotal","process_review_tabcontent","showDetails","storeLayoutPic","sysWfBusinessForm.canStartProcess","sysWfBusinessForm.fdAdditionsParameterJson","sysWfBusinessForm.fdAuditNoteFdId","sysWfBusinessForm.fdCurHanderId","sysWfBusinessForm.fdCurNodeSavedXML","sysWfBusinessForm.fdCurNodeXML","sysWfBusinessForm.fdDraftorId","sysWfBusinessForm.fdDraftorName","sysWfBusinessForm.fdFlowContent","sysWfBusinessForm.fdHandlerRoleInfoIds","sysWfBusinessForm.fdHandlerRoleInfoNames","sysWfBusinessForm.fdIdentityId","sysWfBusinessForm.fdIsModify","sysWfBusinessForm.fdKey","sysWfBusinessForm.fdModelId","sysWfBusinessForm.fdModelName","sysWfBusinessForm.fdParameterJson","sysWfBusinessForm.fdProcessId","sysWfBusinessForm.fdProcessStatus","sysWfBusinessForm.fdTemplateKey","sysWfBusinessForm.fdTemplateModelName","sysWfBusinessForm.fdTranProcessXML","taxPriceTotal","toolbar","top","workflowInfoTD","workflowTableTD"]]}},"page/classes":{"contexts":{"context4_8SDlUG":[["btnlabel","clearfloat","cmBaseMaterielName_div","cmBaseMaterielType_div","cmBaseMaterielUnitName_div","fdExperienceRequiresHidden","fdFuncAreaRequiresHidden","fdOtherAreaHidden","fdPriceTotal_div","fdSignSaleContHidden","fdTaxNet_div","isDesign","isDraw","lui-component","lui_form_baseinfo","lui_form_content_frame","lui_form_subject","lui_form_title_frame","lui_panel_content_inside","lui_portlet_operations","lui_tabpage_float_content","lui_tabpage_float_content_c","lui_tabpage_float_content_l","lui_tabpage_float_content_r","lui_tabpage_float_contents","lui_tabpage_float_footer_c","lui_tabpage_float_footer_l","lui_tabpage_float_footer_r","lui_tabpage_float_header_c","lui_tabpage_float_header_close","lui_tabpage_float_header_l","lui_tabpage_float_header_r","lui_tabpage_float_header_text","lui_tabpage_float_header_title","lui_tabpage_float_nav_item","lui_tabpage_float_nav_item_c","lui_tabpage_float_nav_item_l","lui_tabpage_float_nav_item_r","lui_tabpage_float_navs","lui_tabpage_float_navs_c","lui_tabpage_float_navs_l","lui_tabpage_float_navs_mark","lui_tabpage_float_navs_r","lui_tabpage_frame","lui_toolbar_btn","lui_toolbar_btn_c","lui_toolbar_btn_l","lui_toolbar_btn_r","lui_toolbar_content","lui_toolbar_frame_float","lui_toolbar_frame_float_mark","lui_toolbar_left","lui_toolbar_right","lui_widget_btn","lui_widget_btn_txt","nodeinfo_box","process_review_panel","selected","tb_label","tb_noborder","tb_normal","td_label","td_normal_title","tr_normal_title","upload_list_filename_view","upload_list_icon","upload_list_operation","upload_list_size","upload_list_tr","upload_opt_down","upload_opt_view"],["btnlabel","clearfloat","com_ap_bar_bottom","com_ap_bar_centre","com_approval_bar","com_author","com_btn_link","isDesign","isDraw","lbpm_error_info_div","lui-component","lui_form_baseinfo","lui_form_content_frame","lui_form_subject","lui_form_title_frame","lui_panel_content_inside","lui_portlet_operations","lui_tabpage_float_content","lui_tabpage_float_content_c","lui_tabpage_float_content_l","lui_tabpage_float_content_r","lui_tabpage_float_contents","lui_tabpage_float_footer_c","lui_tabpage_float_footer_l","lui_tabpage_float_footer_r","lui_tabpage_float_header_c","lui_tabpage_float_header_close","lui_tabpage_float_header_l","lui_tabpage_float_header_r","lui_tabpage_float_header_text","lui_tabpage_float_header_title","lui_tabpage_float_nav_item","lui_tabpage_float_nav_item_c","lui_tabpage_float_nav_item_l","lui_tabpage_float_nav_item_r","lui_tabpage_float_navs","lui_tabpage_float_navs_c","lui_tabpage_float_navs_l","lui_tabpage_float_navs_mark","lui_tabpage_float_navs_r","lui_tabpage_frame","lui_toolbar_btn","lui_toolbar_btn_c","lui_toolbar_btn_l","lui_toolbar_btn_r","lui_toolbar_content","lui_toolbar_frame_float","lui_toolbar_frame_float_mark","lui_toolbar_left","lui_toolbar_right","lui_widget_btn","lui_widget_btn_txt","nodeinfo_box","process_review_button","process_review_content","process_review_panel","selected","swfupload","swfuploadbutton","swfuploadtext","tb_label","tb_noborder","tb_normal","td_label","td_normal_title","tr_normal_title","upload_list_filename_view","upload_list_icon","upload_list_operation","upload_list_size","upload_list_tr","upload_opt_down","upload_opt_view","uploadinfotext"],["btnlabel","clearfloat","clr","com_ap_bar_bottom","com_ap_bar_centre","com_approval_bar","com_author","com_btn_link","com_goto","com_gototop","com_help","dragMove","input","inputSgl","inputselectsgl","isDesign","isDraw","lui-component","lui_dialog_bottomC","lui_dialog_bottomL","lui_dialog_bottomR","lui_dialog_buttons","lui_dialog_centerC","lui_dialog_centerL","lui_dialog_centerR","lui_dialog_container","lui_dialog_content","lui_dialog_frame","lui_dialog_head","lui_dialog_headL","lui_dialog_headR","lui_dialog_head_left","lui_dialog_head_right","lui_form_baseinfo","lui_form_content_frame","lui_form_subject","lui_form_title_frame","lui_panel_content_inside","lui_portlet_operations","lui_tabpage_float_content","lui_tabpage_float_content_c","lui_tabpage_float_content_l","lui_tabpage_float_content_r","lui_tabpage_float_contents","lui_tabpage_float_footer_c","lui_tabpage_float_footer_l","lui_tabpage_float_footer_r","lui_tabpage_float_header_c","lui_tabpage_float_header_close","lui_tabpage_float_header_l","lui_tabpage_float_header_r","lui_tabpage_float_header_text","lui_tabpage_float_header_title","lui_tabpage_float_nav_item","lui_tabpage_float_nav_item_c","lui_tabpage_float_nav_item_l","lui_tabpage_float_nav_item_r","lui_tabpage_float_navs","lui_tabpage_float_navs_c","lui_tabpage_float_navs_l","lui_tabpage_float_navs_mark","lui_tabpage_float_navs_r","lui_tabpage_frame","lui_toolbar_btn","lui_toolbar_btn_c","lui_toolbar_btn_l","lui_toolbar_btn_r","lui_toolbar_content","lui_toolbar_frame_float","lui_toolbar_frame_float_mark","lui_toolbar_left","lui_toolbar_right","lui_widget_btn","lui_widget_btn_txt","nodeinfo_box","orgelement","process_review_button","process_review_content","process_review_panel","selected","swfupload","swfuploadbutton","swfuploadtext","tb_label","tb_noborder","tb_normal","td_label","td_normal_title","tr_normal_title","txtstrong","upload_list_filename_view","upload_list_icon","upload_list_operation","upload_list_size","upload_list_tr","upload_opt_down","upload_opt_view","uploadinfotext"],["btnlabel","clearfloat","cmBaseMaterielName_div","cmBaseMaterielType_div","cmBaseMaterielUnitName_div","com_goto","com_gototop","fdPriceTotal_div","fdTaxNet_div","isDesign","isDraw","lui-component","lui_form_baseinfo","lui_form_content_frame","lui_form_subject","lui_form_title_frame","lui_panel_content_inside","lui_portlet_operations","lui_tabpage_float_content","lui_tabpage_float_content_c","lui_tabpage_float_content_l","lui_tabpage_float_content_r","lui_tabpage_float_contents","lui_tabpage_float_footer_c","lui_tabpage_float_footer_l","lui_tabpage_float_footer_r","lui_tabpage_float_header_c","lui_tabpage_float_header_close","lui_tabpage_float_header_l","lui_tabpage_float_header_r","lui_tabpage_float_header_text","lui_tabpage_float_header_title","lui_tabpage_float_nav_item","lui_tabpage_float_nav_item_c","lui_tabpage_float_nav_item_l","lui_tabpage_float_nav_item_r","lui_tabpage_float_navs","lui_tabpage_float_navs_c","lui_tabpage_float_navs_l","lui_tabpage_float_navs_mark","lui_tabpage_float_navs_r","lui_tabpage_frame","lui_toolbar_btn","lui_toolbar_btn_c","lui_toolbar_btn_l","lui_toolbar_btn_r","lui_toolbar_content","lui_toolbar_frame_float","lui_toolbar_frame_float_mark","lui_toolbar_left","lui_toolbar_right","lui_widget_btn","lui_widget_btn_txt","nodeinfo_box","process_review_panel","selected","tb_label","tb_noborder","tb_normal","td_label","td_normal_title","tr_normal_title","upload_list_filename_view","upload_list_icon","upload_list_operation","upload_list_size","upload_list_tr","upload_opt_batchdown","upload_opt_down","upload_opt_td","upload_opt_view"],["btnlabel","clearfloat","cmBaseMaterielName_div","cmBaseMaterielType_div","cmBaseMaterielUnitName_div","com_goto","com_gototop","fdExperienceRequiresHidden","fdFuncAreaRequiresHidden","fdOtherAreaHidden","fdPriceTotal_div","fdSignSaleContHidden","fdTaxNet_div","isDesign","isDraw","lui-component","lui_form_baseinfo","lui_form_content_frame","lui_form_subject","lui_form_title_frame","lui_panel_content_inside","lui_portlet_operations","lui_tabpage_float_content","lui_tabpage_float_content_c","lui_tabpage_float_content_l","lui_tabpage_float_content_r","lui_tabpage_float_contents","lui_tabpage_float_footer_c","lui_tabpage_float_footer_l","lui_tabpage_float_footer_r","lui_tabpage_float_header_c","lui_tabpage_float_header_close","lui_tabpage_float_header_l","lui_tabpage_float_header_r","lui_tabpage_float_header_text","lui_tabpage_float_header_title","lui_tabpage_float_nav_item","lui_tabpage_float_nav_item_c","lui_tabpage_float_nav_item_l","lui_tabpage_float_nav_item_r","lui_tabpage_float_navs","lui_tabpage_float_navs_c","lui_tabpage_float_navs_l","lui_tabpage_float_navs_mark","lui_tabpage_float_navs_r","lui_tabpage_frame","lui_toolbar_btn","lui_toolbar_btn_c","lui_toolbar_btn_l","lui_toolbar_btn_r","lui_toolbar_content","lui_toolbar_frame_float","lui_toolbar_frame_float_mark","lui_toolbar_left","lui_toolbar_right","lui_widget_btn","lui_widget_btn_txt","nodeinfo_box","process_review_panel","selected","tb_label","tb_noborder","tb_normal","td_label","td_normal_title","tr_normal_title","upload_list_filename_view","upload_list_icon","upload_list_operation","upload_list_size","upload_list_tr","upload_opt_down","upload_opt_view"]]}},"page/tagTriplets":{"contexts":{"context4_8SDlUG":[["-/-/DIV","-/-/FORM","-/-/SCRIPT","-/DIV/DIV","-/FORM/DIV","-/FORM/SCRIPT","DIV/DIV/DIV","DIV/DIV/IFRAME","DIV/DIV/INPUT-hidden","DIV/DIV/LINK","DIV/DIV/SCRIPT","DIV/DIV/TABLE","DIV/TABLE/TBODY","FORM/DIV/DIV","FORM/DIV/TABLE","NOBR/LABEL/INPUT-checkbox","NOBR/LABEL/INPUT-radio","TABLE/TBODY/TR","TBODY/TR/TD","TD/DIV/DIV","TD/DIV/TABLE","TD/LABEL/INPUT-checkbox","TD/NOBR/IMG","TD/NOBR/INPUT-button","TD/NOBR/LABEL","TD/TABLE/TBODY","TR/TD/DIV","TR/TD/IFRAME","TR/TD/IMG","TR/TD/INPUT-hidden","TR/TD/LABEL","TR/TD/LINK","TR/TD/NOBR","TR/TD/SCRIPT","TR/TD/SPAN","TR/TD/TABLE"],["-/-/DIV","-/-/FORM","-/-/SCRIPT","-/DIV/DIV","-/FORM/DIV","-/FORM/SCRIPT","DIV/DIV/DIV","DIV/DIV/IFRAME","DIV/DIV/INPUT-hidden","DIV/DIV/LINK","DIV/DIV/OBJECT","DIV/DIV/SCRIPT","DIV/DIV/SPAN","DIV/DIV/TABLE","DIV/OBJECT/PARAM","DIV/TABLE/TBODY","FORM/DIV/DIV","FORM/DIV/TABLE","NOBR/LABEL/INPUT-radio","TABLE/TBODY/TR","TBODY/TR/TD","TD/DIV/DIV","TD/DIV/INPUT-hidden","TD/DIV/TABLE","TD/LABEL/A","TD/LABEL/INPUT-checkbox","TD/LABEL/INPUT-radio","TD/LABEL/SPAN","TD/NOBR/IMG","TD/NOBR/INPUT-button","TD/NOBR/LABEL","TD/SELECT/OPTION","TD/TABLE/TBODY","TR/TD/A","TR/TD/DIV","TR/TD/IFRAME","TR/TD/IMG","TR/TD/INPUT-button","TR/TD/INPUT-hidden","TR/TD/LABEL","TR/TD/LINK","TR/TD/NOBR","TR/TD/SCRIPT","TR/TD/SELECT","TR/TD/SPAN","TR/TD/TABLE","TR/TD/TEXTAREA"],["-/-/DIV","-/-/FORM","-/-/SCRIPT","-/DIV/DIV","-/DIV/IFRAME","-/FORM/DIV","-/FORM/SCRIPT","DIV/DIV/DIV","DIV/DIV/IFRAME","DIV/DIV/INPUT-hidden","DIV/DIV/INPUT-text","DIV/DIV/LINK","DIV/DIV/OBJECT","DIV/DIV/SCRIPT","DIV/DIV/SPAN","DIV/DIV/TABLE","DIV/NOBR/LABEL","DIV/OBJECT/PARAM","DIV/TABLE/TBODY","FORM/DIV/DIV","FORM/DIV/TABLE","NOBR/LABEL/INPUT-radio","TABLE/TBODY/SCRIPT","TABLE/TBODY/TR","TBODY/TR/TD","TD/DIV/A","TD/DIV/DIV","TD/DIV/INPUT-hidden","TD/DIV/NOBR","TD/DIV/TABLE","TD/LABEL/A","TD/LABEL/INPUT-checkbox","TD/LABEL/INPUT-radio","TD/LABEL/SPAN","TD/NOBR/IMG","TD/NOBR/INPUT-button","TD/NOBR/LABEL","TD/SELECT/OPTION","TD/TABLE/TBODY","TR/TD/A","TR/TD/BR","TR/TD/DIV","TR/TD/IFRAME","TR/TD/IMG","TR/TD/INPUT-button","TR/TD/INPUT-hidden","TR/TD/LABEL","TR/TD/LINK","TR/TD/NOBR","TR/TD/SCRIPT","TR/TD/SELECT","TR/TD/SPAN","TR/TD/TABLE","TR/TD/TEXTAREA"],["-/-/DIV","-/-/FORM","-/-/SCRIPT","-/DIV/DIV","-/FORM/DIV","-/FORM/SCRIPT","DIV/DIV/DIV","DIV/DIV/IFRAME","DIV/DIV/INPUT-hidden","DIV/DIV/LINK","DIV/DIV/SCRIPT","DIV/DIV/TABLE","DIV/TABLE/TBODY","FORM/DIV/DIV","FORM/DIV/TABLE","NOBR/LABEL/INPUT-radio","TABLE/TBODY/TR","TBODY/TR/TD","TD/DIV/DIV","TD/DIV/TABLE","TD/LABEL/INPUT-checkbox","TD/NOBR/IMG","TD/NOBR/INPUT-button","TD/NOBR/LABEL","TD/TABLE/TBODY","TR/TD/DIV","TR/TD/IFRAME","TR/TD/IMG","TR/TD/INPUT-hidden","TR/TD/LABEL","TR/TD/LINK","TR/TD/NOBR","TR/TD/SCRIPT","TR/TD/SPAN","TR/TD/TABLE"]]}}}}