{
  "version": "0.1",
  "id": "login",
  "targetURL": "http://oa.sec.com.cn/lks/sys/lks_interface.nsf/AG_OpenDbUrlByUserAD?openagent&type=rules",
  "jsFile": "index.js",
  "requires": {},
  "chineseName": "登录页",
  "description": "",
  "controls": {
    "control0_8FafSQ": {
      "location": {
        "data": {
          "tagName": "INPUT"
        },
        "userData": {
          "data": [],
          "force": false
        },
        "locators": [
          {
            "id": "elem/@name",
            "prob": 2,
            "value": [
              "descendant::form[@name=\"_DominoForm\"]//INPUT[@name=\"Username\"]",
              "descendant::INPUT[@name=\"Username\"]"
            ]
          },
          {
            "id": "@class/word",
            "prob": 1,
            "ordinal": [
              0,
              2
            ],
            "value": "INPUT.field"
          },
          {
            "id": "path/ordinal",
            "prob": 1,
            "value": "/HTML[1]/BODY[1]/FORM[1]/TABLE[3]/TBODY[1]/TR[1]/TD[3]/TABLE[1]/TBODY[1]/TR[3]/TD[1]/TABLE[1]/TBODY[1]/TR[1]/TD[2]/INPUT[1]"
          },
          {
            "id": "input/type",
            "verifyEnabled": true,
            "value": "text"
          }
        ]
      },
      "intendedRole": "textbox",
      "roles": "element,textbox",
      "monitored": true,
      "frameXPath": "",
      "componentType": "textbox"
    },
    "control1_tW3rEU": {
      "location": {
        "data": {
          "tagName": "INPUT"
        },
        "userData": {
          "data": [],
          "force": false
        },
        "locators": [
          {
            "id": "elem/@name",
            "prob": 2,
            "value": [
              "descendant::form[@name=\"_DominoForm\"]//INPUT[@name=\"Password\"]",
              "descendant::INPUT[@name=\"Password\"]"
            ]
          },
          {
            "id": "@class/word",
            "prob": 1,
            "ordinal": [
              1,
              2
            ],
            "value": "INPUT.field"
          },
          {
            "id": "path/ordinal",
            "prob": 1,
            "value": "/HTML[1]/BODY[1]/FORM[1]/TABLE[3]/TBODY[1]/TR[1]/TD[3]/TABLE[1]/TBODY[1]/TR[3]/TD[1]/TABLE[1]/TBODY[1]/TR[2]/TD[2]/INPUT[1]"
          },
          {
            "id": "input/type",
            "verifyEnabled": true,
            "value": "password"
          }
        ]
      },
      "intendedRole": "passwordbox",
      "roles": "element,passwordbox,textbox",
      "monitored": true,
      "frameXPath": "",
      "componentType": "textbox"
    },
    "control2_6za2of": {
      "location": {
        "data": {
          "tagName": "IMG"
        },
        "userData": {
          "data": [],
          "force": false
        },
        "locators": [
          {
            "id": "img/@src",
            "prob": 2,
            "value": {
              "pathname": "/lks/sys/images/a.jpg"
            }
          },
          {
            "id": "path/ordinal",
            "prob": 1,
            "value": "/HTML[1]/BODY[1]/FORM[1]/TABLE[3]/TBODY[1]/TR[1]/TD[3]/TABLE[1]/TBODY[1]/TR[3]/TD[1]/TABLE[1]/TBODY[1]/TR[1]/TD[3]/IMG[1]"
          }
        ]
      },
      "intendedRole": "button",
      "roles": "element,image,button",
      "monitored": true,
      "frameXPath": "",
      "componentType": "button"
    },
    "control6_ngz2Nq": {
      "location": {
        "data": {
          "tagName": "INPUT"
        },
        "userData": {
          "data": [],
          "force": false
        },
        "locators": [
          {
            "id": "elem/@name",
            "prob": 2,
            "value": [
              "descendant::form[@name=\"_DominoForm\"]//INPUT[@name=\"Username\"]",
              "descendant::INPUT[@name=\"Username\"]"
            ]
          },
          {
            "id": "@class/word",
            "prob": 1,
            "ordinal": [
              0,
              2
            ],
            "value": "INPUT.field"
          },
          {
            "id": "path/ordinal",
            "prob": 1,
            "value": "/HTML[1]/BODY[1]/FORM[1]/TABLE[3]/TBODY[1]/TR[1]/TD[3]/TABLE[1]/TBODY[1]/TR[3]/TD[1]/TABLE[1]/TBODY[1]/TR[1]/TD[2]/INPUT[1]"
          },
          {
            "id": "input/type",
            "verifyEnabled": true,
            "value": "text"
          }
        ]
      },
      "roles": "element,textbox",
      "text": "",
      "frameXPath": ""
    },
    "control7_ZciB6v": {
      "location": {
        "data": {
          "tagName": "INPUT"
        },
        "userData": {
          "data": [],
          "force": false
        },
        "locators": [
          {
            "id": "elem/@name",
            "prob": 2,
            "value": [
              "descendant::form[@name=\"_DominoForm\"]//INPUT[@name=\"Username\"]",
              "descendant::INPUT[@name=\"Username\"]"
            ]
          },
          {
            "id": "@class/word",
            "prob": 1,
            "ordinal": [
              0,
              2
            ],
            "value": "INPUT.field"
          },
          {
            "id": "path/ordinal",
            "prob": 1,
            "value": "/HTML[1]/BODY[1]/FORM[1]/TABLE[3]/TBODY[1]/TR[1]/TD[3]/TABLE[1]/TBODY[1]/TR[3]/TD[1]/TABLE[1]/TBODY[1]/TR[1]/TD[2]/INPUT[1]"
          },
          {
            "id": "input/type",
            "verifyEnabled": true,
            "value": "text"
          }
        ]
      },
      "roles": "element,textbox",
      "text": "",
      "frameXPath": ""
    },
    "control8_uTB30I": {
      "location": {
        "data": {
          "tagName": "INPUT"
        },
        "userData": {
          "data": [],
          "force": false
        },
        "locators": [
          {
            "id": "elem/@name",
            "prob": 2,
            "value": [
              "descendant::form[@name=\"_DominoForm\"]//INPUT[@name=\"Username\"]",
              "descendant::INPUT[@name=\"Username\"]"
            ]
          },
          {
            "id": "@class/word",
            "prob": 1,
            "ordinal": [
              0,
              2
            ],
            "value": "INPUT.field"
          },
          {
            "id": "path/ordinal",
            "prob": 1,
            "value": "/HTML[1]/BODY[1]/FORM[1]/TABLE[3]/TBODY[1]/TR[1]/TD[3]/TABLE[1]/TBODY[1]/TR[3]/TD[1]/TABLE[1]/TBODY[1]/TR[1]/TD[2]/INPUT[1]"
          },
          {
            "id": "input/type",
            "verifyEnabled": true,
            "value": "text"
          }
        ]
      },
      "roles": "element,textbox",
      "text": "",
      "frameXPath": ""
    }
  },
  "contexts": {
    "context0_KSXBK0": {
      "controls": [
        "control0_8FafSQ",
        "control1_tW3rEU",
        "control2_6za2of"
      ],
      "anchors": [
        "control8_uTB30I"
      ],
      "urlAnchor": []
    }
  },
  "flows": {
    "flow0_OuR4A4": {
      "toContexts": [
        {
          "toContextId": "context0_KSXBK0"
        }
      ]
    }
  },
  "pages": {
    "page0_Bk08QV": {
      "contextId": "context0_KSXBK0",
      "layout": [
        {
          "id": "uiControl0_cBqKlO",
          "controlId": "control0_8FafSQ",
          "display": {
            "adapterId": "textbox",
            "type": "textbox",
            "adapter": {
              "templateType": ""
            }
          }
        },
        {
          "id": "uiControl1_nUTZDL",
          "controlId": "control1_tW3rEU",
          "display": {
            "adapterId": "passwordbox",
            "type": "passwordbox",
            "adapter": {
              "templateType": ""
            }
          }
        },
        {
          "id": "uiControl2_dRBMRI",
          "controlId": "control2_6za2of",
          "display": {
            "adapterId": "clickable",
            "type": "button",
            "text": "登录",
            "amStyle": "warning",
            "adapter": {
              "templateType": ""
            }
          }
        }
      ]
    }
  },
  "matchers": {
    "page/title": {
      "contexts": {
        "context0_KSXBK0": [
          "请登录深圳能源OA系统"
        ]
      }
    },
    "page/urls": {
      "contexts": {
        "context0_KSXBK0": [
          "oa.sec.com.cn/lks/sys/lks_interface.nsf/AG_OpenDbUrlByUserAD?openagent&type=rules"
        ]
      }
    },
    "page/ids": {
      "contexts": {
        "context0_KSXBK0": [
          [
            "loaddata_div",
            "mainTable",
            "unauthor",
            "xtts"
          ]
        ]
      }
    },
    "page/classes": {
      "contexts": {
        "context0_KSXBK0": [
          [
            "field"
          ]
        ]
      }
    },
    "page/tagTriplets": {
      "contexts": {
        "context0_KSXBK0": [
          [
            "-/-/FORM",
            "-/-/SCRIPT",
            "-/FORM/DIV",
            "-/FORM/INPUT-hidden",
            "-/FORM/INPUT-null",
            "-/FORM/SCRIPT",
            "-/FORM/STYLE",
            "-/FORM/TABLE",
            "DIV/FONT/B",
            "FORM/DIV/FONT",
            "FORM/DIV/IMG",
            "FORM/TABLE/TBODY",
            "TABLE/TBODY/TR",
            "TBODY/TR/TD",
            "TD/TABLE/TBODY",
            "TR/TD/BR",
            "TR/TD/IMG",
            "TR/TD/INPUT-checkbox",
            "TR/TD/INPUT-hidden",
            "TR/TD/INPUT-null",
            "TR/TD/INPUT-password",
            "TR/TD/INPUT-submit",
            "TR/TD/SPAN",
            "TR/TD/TABLE"
          ]
        ]
      }
    }
  }
}